{
    "cov": 1.8193892240524292,
    "acc": 97.44525909423828,
    "pos_0": 0.0,
    "pos_1": 0.0,
    "neg_0": 2.0301566123962402,
    "neg_1": 1.3840830326080322,
    "abs_0": 97.96984100341797,
    "abs_1": 98.61591339111328,
    "tpr_0": 0.0,
    "tpr_1": 0.0,
    "fnr_0": 0.19090041518211365,
    "fnr_1": 0.1795332133769989,
    "par_0": 99.80909729003906,
    "par_1": 99.82046508789062,
    "fpr_0": 0.0,
    "fpr_1": 0.0,
    "tnr_0": 2.85551118850708,
    "tnr_1": 1.5381083488464355,
    "nar_0": 97.14448547363281,
    "nar_1": 98.4618911743164,
    "l0d1": 0.1968260407447815
}