{
    "cov": 13.014609336853027,
    "acc": 95.0,
    "pos_0": 0.0,
    "pos_1": 0.0,
    "neg_0": 14.447620391845703,
    "neg_1": 10.054956436157227,
    "abs_0": 85.55238342285156,
    "abs_1": 89.9450454711914,
    "tpr_0": 0.0,
    "tpr_1": 0.0,
    "fnr_0": 2.8316893577575684,
    "fnr_1": 1.6157989501953125,
    "par_0": 97.1683120727539,
    "par_1": 98.38420104980469,
    "fpr_0": 0.0,
    "fpr_1": 0.0,
    "tnr_0": 19.660194396972656,
    "tnr_1": 11.13406753540039,
    "nar_0": 80.33980560302734,
    "nar_1": 88.86592864990234,
    "l0d1": 0.18047809600830078
}