{
    "cov": 46.06241989135742,
    "acc": 93.05175018310547,
    "pos_0": 1.3107322454452515,
    "pos_1": 0.28495827317237854,
    "neg_0": 42.86981201171875,
    "neg_1": 49.66415786743164,
    "abs_0": 55.819454193115234,
    "abs_1": 50.05088424682617,
    "tpr_0": 3.8816416263580322,
    "tpr_1": 2.51346492767334,
    "fnr_0": 12.822144508361816,
    "fnr_1": 12.208258628845215,
    "par_0": 83.29621124267578,
    "par_1": 85.27827453613281,
    "fpr_0": 0.1570531129837036,
    "fpr_1": 0.0,
    "tnr_0": 56.353511810302734,
    "tnr_1": 54.45362854003906,
    "nar_0": 43.48943328857422,
    "nar_1": 45.54637145996094,
    "l0d1": 0.1398804932832718
}