{
    "cov": [
        64.52330780029297,
        7.5165019035339355
    ],
    "acc": [
        67.42900085449219,
        1.1576133966445923
    ],
    "pos_0": [
        20.291942596435547,
        6.9968085289001465
    ],
    "pos_1": [
        16.661434173583984,
        3.2214813232421875
    ],
    "neg_0": [
        48.342018127441406,
        7.839327335357666
    ],
    "neg_1": [
        45.85736846923828,
        7.58854866027832
    ],
    "abs_0": [
        31.366046905517578,
        11.443739891052246
    ],
    "abs_1": [
        37.481197357177734,
        9.469222068786621
    ],
    "tpr_0": [
        30.721460342407227,
        8.57371997833252
    ],
    "tpr_1": [
        26.243383407592773,
        4.692680358886719
    ],
    "fnr_0": [
        36.73577117919922,
        6.287944316864014
    ],
    "fnr_1": [
        33.86658477783203,
        6.704007625579834
    ],
    "par_0": [
        32.54276657104492,
        10.953168869018555
    ],
    "par_1": [
        39.890037536621094,
        10.101205825805664
    ],
    "fpr_0": [
        13.016843795776367,
        6.081367492675781
    ],
    "fpr_1": [
        8.08651065826416,
        2.102907657623291
    ],
    "tnr_0": [
        56.36073684692383,
        9.369296073913574
    ],
    "tnr_1": [
        56.55376434326172,
        8.389077186584473
    ],
    "nar_0": [
        30.622421264648438,
        12.099676132202148
    ],
    "nar_1": [
        35.35973358154297,
        9.28679084777832
    ]
}