{
    "cov": [
        28.6200008392334,
        2.263183355331421
    ],
    "acc": [
        88.3825454711914,
        2.4367167949676514
    ],
    "pos_0": [
        0.0,
        0.0
    ],
    "pos_1": [
        0.0,
        0.0
    ],
    "neg_0": [
        29.109960556030273,
        2.3588790893554688
    ],
    "neg_1": [
        27.57695960998535,
        2.0653529167175293
    ],
    "abs_0": [
        70.8900375366211,
        2.358877420425415
    ],
    "abs_1": [
        72.42304992675781,
        2.065350294113159
    ],
    "tpr_0": [
        0.0,
        0.0
    ],
    "tpr_1": [
        0.0,
        0.0
    ],
    "fnr_0": [
        10.481348991394043,
        1.328849196434021
    ],
    "fnr_1": [
        12.721212387084961,
        1.8314656019210815
    ],
    "par_0": [
        89.5186538696289,
        1.3288475275039673
    ],
    "par_1": [
        87.27880096435547,
        1.8314661979675293
    ],
    "fpr_0": [
        0.0,
        0.0
    ],
    "fpr_1": [
        0.0,
        0.0
    ],
    "tnr_0": [
        36.13294219970703,
        3.1476826667785645
    ],
    "tnr_1": [
        36.06168746948242,
        4.1370110511779785
    ],
    "nar_0": [
        63.8670654296875,
        3.1476824283599854
    ],
    "nar_1": [
        63.93832015991211,
        4.137012958526611
    ],
    "l0d1": [
        0.17736001312732697,
        0.005722587462514639
    ]
}