{
    "cov": [
        34.62000274658203,
        5.153347969055176
    ],
    "acc": [
        86.24922180175781,
        1.7928674221038818
    ],
    "pos_0": [
        0.176518052816391,
        0.3173947036266327
    ],
    "pos_1": [
        0.1300899088382721,
        0.1781427562236786
    ],
    "neg_0": [
        34.71436309814453,
        5.311604976654053
    ],
    "neg_1": [
        34.04823684692383,
        4.349328994750977
    ],
    "abs_0": [
        65.10912322998047,
        5.527500629425049
    ],
    "abs_1": [
        65.8216781616211,
        4.394045352935791
    ],
    "tpr_0": [
        0.501298725605011,
        1.1209380626678467
    ],
    "tpr_1": [
        0.4318182170391083,
        0.6034508347511292
    ],
    "fnr_0": [
        15.061003684997559,
        3.3353404998779297
    ],
    "fnr_1": [
        18.751819610595703,
        2.5019190311431885
    ],
    "par_0": [
        84.43770599365234,
        3.8957409858703613
    ],
    "par_1": [
        80.81636810302734,
        2.6493208408355713
    ],
    "fpr_0": [
        0.039603959769010544,
        0.08855714648962021
    ],
    "fpr_1": [
        0.0,
        0.0
    ],
    "tnr_0": [
        42.15666961669922,
        6.693849563598633
    ],
    "tnr_1": [
        42.12745666503906,
        5.672523498535156
    ],
    "nar_0": [
        57.80373001098633,
        6.744462966918945
    ],
    "nar_1": [
        57.8725471496582,
        5.672521591186523
    ],
    "l0d1": [
        0.19261875748634338,
        0.006825370714068413
    ]
}