{
    "cov": [
        0.41920003294944763,
        0.00589067442342639
    ],
    "acc": [
        0.8763422966003418,
        0.006901050452142954
    ],
    "neg_0": [
        0.0005797101766802371,
        0.0012962713371962309
    ],
    "neg_1": [
        0.0006451613153330982,
        0.0014426244888454676
    ],
    "pos_0": [
        0.42785149812698364,
        0.009327448904514313
    ],
    "pos_1": [
        0.40007898211479187,
        0.014725122600793839
    ],
    "abs_0": [
        0.5715687870979309,
        0.00893543940037489
    ],
    "abs_1": [
        0.5992759466171265,
        0.015441259369254112
    ],
    "tnr_0": [
        0.5243720412254333,
        0.015828706324100494
    ],
    "tnr_1": [
        0.5212420225143433,
        0.017222318798303604
    ],
    "fpr_0": [
        0.0,
        0.0
    ],
    "fpr_1": [
        0.0,
        0.0
    ],
    "nar_0": [
        0.4756280481815338,
        0.015828723087906837
    ],
    "nar_1": [
        0.4787580668926239,
        0.01722230389714241
    ],
    "fnr_0": [
        0.17281818389892578,
        0.01157977245748043
    ],
    "fnr_1": [
        0.17663636803627014,
        0.014882560819387436
    ],
    "tpr_0": [
        0.0022857142612338066,
        0.0051110126078128815
    ],
    "tpr_1": [
        0.002500000176951289,
        0.005590170156210661
    ],
    "par_0": [
        0.8248961567878723,
        0.015174198895692825
    ],
    "par_1": [
        0.8208637237548828,
        0.017152762040495872
    ],
    "l0d1": [
        0.18736200034618378,
        0.0033987821079790592
    ]
}