{
    "cov": [
        41.70000076293945,
        3.4321999549865723
    ],
    "acc": [
        85.79473114013672,
        0.8818275928497314
    ],
    "pos_0": [
        0.3532830774784088,
        0.34173715114593506
    ],
    "pos_1": [
        0.3188236653804779,
        0.38530004024505615
    ],
    "neg_0": [
        41.42232894897461,
        3.5146002769470215
    ],
    "neg_1": [
        41.31186294555664,
        2.512998104095459
    ],
    "abs_0": [
        58.22439193725586,
        3.840625524520874
    ],
    "abs_1": [
        58.369319915771484,
        2.767740249633789
    ],
    "tpr_0": [
        0.8996753692626953,
        0.7989655137062073
    ],
    "tpr_1": [
        1.065151572227478,
        1.2984592914581299
    ],
    "fnr_0": [
        19.42795753479004,
        3.5371475219726562
    ],
    "fnr_1": [
        21.276968002319336,
        2.7157034873962402
    ],
    "par_0": [
        79.67237091064453,
        4.274195194244385
    ],
    "par_1": [
        77.65789031982422,
        3.3371055126190186
    ],
    "fpr_0": [
        0.1608564853668213,
        0.2552313208580017
    ],
    "fpr_1": [
        0.0,
        0.0
    ],
    "tnr_0": [
        49.72236251831055,
        3.525275230407715
    ],
    "tnr_1": [
        52.43072509765625,
        3.3458781242370605
    ],
    "nar_0": [
        50.116790771484375,
        3.723115921020508
    ],
    "nar_1": [
        47.569278717041016,
        3.3458781242370605
    ],
    "l0d1": [
        0.19886250793933868,
        0.0037512127310037613
    ]
}