{
    "cov": [
        0.4288000166416168,
        0.018806912004947662
    ],
    "acc": [
        0.8729880452156067,
        0.012600929476320744
    ],
    "neg_0": [
        0.013483002781867981,
        0.004822745453566313
    ],
    "neg_1": [
        0.008804055862128735,
        0.004222805146127939
    ],
    "pos_0": [
        0.4195312559604645,
        0.0206524059176445
    ],
    "pos_1": [
        0.4111946225166321,
        0.019864747300744057
    ],
    "abs_0": [
        0.5669857859611511,
        0.024450812488794327
    ],
    "abs_1": [
        0.5800013542175293,
        0.01904037781059742
    ],
    "tnr_0": [
        0.5131382346153259,
        0.020785382017493248
    ],
    "tnr_1": [
        0.5325917601585388,
        0.024791689589619637
    ],
    "fpr_0": [
        0.0023457035422325134,
        0.0021414270158857107
    ],
    "fpr_1": [
        0.00324324332177639,
        0.00296066259033978
    ],
    "nar_0": [
        0.4845161437988281,
        0.022336464375257492
    ],
    "nar_1": [
        0.4641650319099426,
        0.025751633569598198
    ],
    "fnr_0": [
        0.17398665845394135,
        0.02685527317225933
    ],
    "fnr_1": [
        0.18359999358654022,
        0.011560036800801754
    ],
    "tpr_0": [
        0.040837302803993225,
        0.014332648366689682
    ],
    "tpr_1": [
        0.021539395675063133,
        0.015422206372022629
    ],
    "par_0": [
        0.7851760983467102,
        0.030623672530055046
    ],
    "par_1": [
        0.7948606610298157,
        0.019987303763628006
    ],
    "l0d1": [
        0.1972000002861023,
        0.004483999218791723
    ]
}