{
    "cov": [
        0.45500001311302185,
        0.02006240002810955
    ],
    "acc": [
        0.8658852577209473,
        0.005585822276771069
    ],
    "neg_0": [
        0.0014311118284240365,
        0.0025013566482812166
    ],
    "neg_1": [
        0.0012421761639416218,
        0.0027775904163718224
    ],
    "pos_0": [
        0.4606282413005829,
        0.024648543447256088
    ],
    "pos_1": [
        0.4385383129119873,
        0.020413462072610855
    ],
    "abs_0": [
        0.5379406809806824,
        0.023569554090499878
    ],
    "abs_1": [
        0.5602195858955383,
        0.01845240406692028
    ],
    "tnr_0": [
        0.5561397671699524,
        0.02817266620695591
    ],
    "tnr_1": [
        0.5685922503471375,
        0.022078173235058784
    ],
    "fpr_0": [
        0.0,
        0.0
    ],
    "fpr_1": [
        0.0,
        0.0
    ],
    "nar_0": [
        0.44386026263237,
        0.02817266434431076
    ],
    "nar_1": [
        0.43140774965286255,
        0.022078165784478188
    ],
    "fnr_0": [
        0.20780377089977264,
        0.017965300008654594
    ],
    "fnr_1": [
        0.20245757699012756,
        0.017750591039657593
    ],
    "tpr_0": [
        0.005460317712277174,
        0.009913711808621883
    ],
    "tpr_1": [
        0.003833333496004343,
        0.008571594022214413
    ],
    "par_0": [
        0.7867359519004822,
        0.017713334411382675
    ],
    "par_1": [
        0.7937091588973999,
        0.012293134815990925
    ],
    "l0d1": [
        0.19833125174045563,
        0.0020276985596865416
    ]
}