{
    "cov": [
        46.46000289916992,
        4.969204425811768
    ],
    "acc": [
        84.99382781982422,
        1.222188115119934
    ],
    "pos_0": [
        0.48667898774147034,
        0.46507537364959717
    ],
    "pos_1": [
        0.7847151756286621,
        0.36392369866371155
    ],
    "neg_0": [
        46.53779602050781,
        5.042222499847412
    ],
    "neg_1": [
        44.66789627075195,
        4.481459617614746
    ],
    "abs_0": [
        52.97552490234375,
        5.1453070640563965
    ],
    "abs_1": [
        54.547393798828125,
        4.68178129196167
    ],
    "tpr_0": [
        1.523809552192688,
        1.1277663707733154
    ],
    "tpr_1": [
        2.3190908432006836,
        1.4439971446990967
    ],
    "fnr_0": [
        23.638132095336914,
        3.8129003047943115
    ],
    "fnr_1": [
        22.654848098754883,
        4.622776508331299
    ],
    "par_0": [
        74.83806610107422,
        4.268022537231445
    ],
    "par_1": [
        75.02606201171875,
        5.219608783721924
    ],
    "fpr_0": [
        0.11613143980503082,
        0.25967779755592346
    ],
    "fpr_1": [
        0.10256411135196686,
        0.2293403148651123
    ],
    "tnr_0": [
        55.34663772583008,
        5.748759746551514
    ],
    "tnr_1": [
        56.410926818847656,
        4.9981913566589355
    ],
    "nar_0": [
        44.537235260009766,
        5.770628929138184
    ],
    "nar_1": [
        43.486507415771484,
        5.129619121551514
    ],
    "l0d1": [
        0.2105424851179123,
        0.0033559934236109257
    ]
}