{
    "cov": [
        0.4828000068664551,
        0.020897377282381058
    ],
    "acc": [
        0.8663053512573242,
        0.007458144333213568
    ],
    "neg_0": [
        0.004854239523410797,
        0.0031524377409368753
    ],
    "neg_1": [
        0.0036669753026217222,
        0.005001971498131752
    ],
    "pos_0": [
        0.4855356812477112,
        0.023744065314531326
    ],
    "pos_1": [
        0.4628812372684479,
        0.015575260855257511
    ],
    "abs_0": [
        0.509610116481781,
        0.025693954899907112
    ],
    "abs_1": [
        0.5334517955780029,
        0.010960286483168602
    ],
    "tnr_0": [
        0.5884944796562195,
        0.02512388862669468
    ],
    "tnr_1": [
        0.5946566462516785,
        0.018169261515140533
    ],
    "fpr_0": [
        0.0,
        0.0
    ],
    "fpr_1": [
        0.0010810811072587967,
        0.0024173709098249674
    ],
    "nar_0": [
        0.4115056097507477,
        0.02512386068701744
    ],
    "nar_1": [
        0.4042623043060303,
        0.015935208648443222
    ],
    "fnr_0": [
        0.2148560732603073,
        0.02164599671959877
    ],
    "fnr_1": [
        0.21904242038726807,
        0.019664108753204346
    ],
    "tpr_0": [
        0.015994228422641754,
        0.010555285029113293
    ],
    "tpr_1": [
        0.008366666734218597,
        0.010551724582910538
    ],
    "par_0": [
        0.7691497206687927,
        0.02808508276939392
    ],
    "par_1": [
        0.7725909352302551,
        0.01362378615885973
    ],
    "l0d1": [
        0.19967198371887207,
        0.003792751580476761
    ]
}