{
    "cov": [
        0.5275999903678894,
        0.024925872683525085
    ],
    "acc": [
        0.8543192148208618,
        0.007465112954378128
    ],
    "neg_0": [
        0.007121786009520292,
        0.004317153710871935
    ],
    "neg_1": [
        0.0018759304657578468,
        0.0027694799937307835
    ],
    "pos_0": [
        0.5283466577529907,
        0.022946540266275406
    ],
    "pos_1": [
        0.5085520148277283,
        0.02872370183467865
    ],
    "abs_0": [
        0.46453163027763367,
        0.022840574383735657
    ],
    "abs_1": [
        0.48957210779190063,
        0.030642837285995483
    ],
    "tnr_0": [
        0.6322405338287354,
        0.029055897146463394
    ],
    "tnr_1": [
        0.6448399424552917,
        0.034992583096027374
    ],
    "fpr_0": [
        0.0012125254143029451,
        0.0018303648103028536
    ],
    "fpr_1": [
        0.0,
        0.0
    ],
    "nar_0": [
        0.36654695868492126,
        0.02970438078045845
    ],
    "nar_1": [
        0.355160117149353,
        0.03499259799718857
    ],
    "fnr_0": [
        0.25557395815849304,
        0.015109876170754433
    ],
    "fnr_1": [
        0.253827303647995,
        0.034293122589588165
    ],
    "tpr_0": [
        0.021901875734329224,
        0.012452160008251667
    ],
    "tpr_1": [
        0.005700000561773777,
        0.007902531884610653
    ],
    "par_0": [
        0.7225242257118225,
        0.007857991382479668
    ],
    "par_1": [
        0.7404727339744568,
        0.03615805506706238
    ],
    "l0d1": [
        0.21222448348999023,
        0.004767345264554024
    ]
}