{
    "cov": [
        0.5888000726699829,
        0.013845586217939854
    ],
    "acc": [
        0.8376317024230957,
        0.007484384346753359
    ],
    "neg_0": [
        0.01299663819372654,
        0.00803915411233902
    ],
    "neg_1": [
        0.01148936152458191,
        0.008339041844010353
    ],
    "pos_0": [
        0.5803353786468506,
        0.011431016959249973
    ],
    "pos_1": [
        0.5677371025085449,
        0.024649152532219887
    ],
    "abs_0": [
        0.4066680073738098,
        0.013280351646244526
    ],
    "abs_1": [
        0.42077359557151794,
        0.01881762221455574
    ],
    "tnr_0": [
        0.6828610301017761,
        0.013061479665338993
    ],
    "tnr_1": [
        0.706602156162262,
        0.025935396552085876
    ],
    "fpr_0": [
        0.004029660020023584,
        0.0026912537869066
    ],
    "fpr_1": [
        0.004025641363114119,
        0.004191347397863865
    ],
    "nar_0": [
        0.3131093680858612,
        0.012900550849735737
    ],
    "nar_1": [
        0.28937220573425293,
        0.02336854301393032
    ],
    "fnr_0": [
        0.3131425380706787,
        0.026699181646108627
    ],
    "fnr_1": [
        0.3083000183105469,
        0.030540449544787407
    ],
    "tpr_0": [
        0.03707359731197357,
        0.024304356426000595
    ],
    "tpr_1": [
        0.029769698157906532,
        0.01986420899629593
    ],
    "par_0": [
        0.6497839689254761,
        0.023759208619594574
    ],
    "par_1": [
        0.66193026304245,
        0.030078260228037834
    ],
    "l0d1": [
        0.22470000386238098,
        0.0035375705920159817
    ]
}