{
    "cov": [
        0.713200032711029,
        0.018430937081575394
    ],
    "acc": [
        0.8096620440483093,
        0.00919934269040823
    ],
    "neg_0": [
        0.027464931830763817,
        0.005007922183722258
    ],
    "neg_1": [
        0.020979514345526695,
        0.008853252977132797
    ],
    "pos_0": [
        0.6927135586738586,
        0.014862237498164177
    ],
    "pos_1": [
        0.675983190536499,
        0.024359703063964844
    ],
    "abs_0": [
        0.27982157468795776,
        0.015434390865266323
    ],
    "abs_1": [
        0.3030373156070709,
        0.027825601398944855
    ],
    "tnr_0": [
        0.7867849469184875,
        0.012724493630230427
    ],
    "tnr_1": [
        0.810808002948761,
        0.019323859363794327
    ],
    "fpr_0": [
        0.006383276078850031,
        0.004423388279974461
    ],
    "fpr_1": [
        0.006239084992557764,
        0.004311391618102789
    ],
    "nar_0": [
        0.20683181285858154,
        0.01583597995340824
    ],
    "nar_1": [
        0.182952880859375,
        0.01605459488928318
    ],
    "fnr_0": [
        0.44833478331565857,
        0.026765991002321243
    ],
    "fnr_1": [
        0.4183667302131653,
        0.05643681436777115
    ],
    "tpr_0": [
        0.08124568313360214,
        0.009398032911121845
    ],
    "tpr_1": [
        0.04847878962755203,
        0.0171175766736269
    ],
    "par_0": [
        0.47041961550712585,
        0.02373870275914669
    ],
    "par_1": [
        0.5331546068191528,
        0.06891506910324097
    ],
    "l0d1": [
        0.24108199775218964,
        0.003798298304900527
    ]
}