{
    "cov": [
        51.9215087890625,
        1.923128604888916
    ],
    "acc": [
        87.50787353515625,
        1.2593045234680176
    ],
    "pos_0": [
        2.208986520767212,
        0.5189144015312195
    ],
    "pos_1": [
        2.246492385864258,
        0.27669304609298706
    ],
    "neg_0": [
        48.733619689941406,
        2.9021048545837402
    ],
    "neg_1": [
        51.71564483642578,
        0.9537681937217712
    ],
    "abs_0": [
        49.057395935058594,
        2.9485280513763428
    ],
    "abs_1": [
        46.037864685058594,
        1.0119125843048096
    ],
    "tpr_0": [
        7.004665374755859,
        1.689101219177246
    ],
    "tpr_1": [
        16.13188362121582,
        2.362607717514038
    ],
    "fnr_0": [
        26.69039535522461,
        4.290292263031006
    ],
    "fnr_1": [
        20.261768341064453,
        2.4241926670074463
    ],
    "par_0": [
        66.30494689941406,
        4.535359859466553
    ],
    "par_1": [
        63.606353759765625,
        3.776297092437744
    ],
    "fpr_0": [
        0.0474761426448822,
        0.027329955250024796
    ],
    "fpr_1": [
        0.49441441893577576,
        0.14729484915733337
    ],
    "tnr_0": [
        58.677215576171875,
        2.3161494731903076
    ],
    "tnr_1": [
        55.68187713623047,
        0.9290799498558044
    ],
    "nar_0": [
        41.275306701660156,
        2.327819347381592
    ],
    "nar_1": [
        43.823707580566406,
        0.870944082736969
    ]
}