{
    "cov": 24.601594924926758,
    "acc": 98.13764953613281,
    "pos_0": 0.0,
    "pos_1": 0.0,
    "neg_0": 23.711441040039062,
    "neg_1": 26.4400577545166,
    "abs_0": 76.28855895996094,
    "abs_1": 73.55994415283203,
    "tpr_0": 0.0,
    "tpr_1": 0.0,
    "fnr_0": 1.8771873712539673,
    "fnr_1": 1.7953321933746338,
    "par_0": 98.12281036376953,
    "par_1": 98.20466613769531,
    "fpr_0": 0.0,
    "fpr_1": 0.0,
    "tnr_0": 33.509422302246094,
    "tnr_1": 29.591367721557617,
    "nar_0": 66.4905776977539,
    "nar_1": 70.40863037109375,
    "l0d1": 0.09882968664169312
}