{
    "cov": 15.942895889282227,
    "acc": 97.91753387451172,
    "pos_0": 0.0,
    "pos_1": 0.0,
    "neg_0": 16.891691207885742,
    "neg_1": 13.983309745788574,
    "abs_0": 83.10830688476562,
    "abs_1": 86.01669311523438,
    "tpr_0": 0.0,
    "tpr_1": 0.0,
    "fnr_0": 1.2408527135849,
    "fnr_1": 1.9748653173446655,
    "par_0": 98.75914764404297,
    "par_1": 98.02513122558594,
    "fpr_0": 0.0,
    "fpr_1": 0.0,
    "tnr_0": 23.914905548095703,
    "tnr_1": 15.518824577331543,
    "nar_0": 76.08509063720703,
    "nar_1": 84.4811782836914,
    "l0d1": 0.10839144140481949
}