{
    "cov": [
        67.52261352539062,
        6.216660499572754
    ],
    "acc": [
        67.1711196899414,
        1.4364811182022095
    ],
    "pos_0": [
        21.121549606323242,
        6.6334638595581055
    ],
    "pos_1": [
        18.34993553161621,
        2.877514362335205
    ],
    "neg_0": [
        53.114707946777344,
        5.106578826904297
    ],
    "neg_1": [
        45.892417907714844,
        7.367103576660156
    ],
    "abs_0": [
        25.763742446899414,
        8.379463195800781
    ],
    "abs_1": [
        35.75764083862305,
        8.305464744567871
    ],
    "tpr_0": [
        31.4971866607666,
        8.084986686706543
    ],
    "tpr_1": [
        28.416248321533203,
        4.178432464599609
    ],
    "fnr_0": [
        40.976890563964844,
        4.863818168640137
    ],
    "fnr_1": [
        33.80670166015625,
        7.341554641723633
    ],
    "par_0": [
        27.525924682617188,
        8.499025344848633
    ],
    "par_1": [
        37.77705001831055,
        9.15783405303955
    ],
    "fpr_0": [
        13.88024616241455,
        5.9647369384765625
    ],
    "fpr_1": [
        9.335294723510742,
        1.9733351469039917
    ],
    "tnr_0": [
        61.4665641784668,
        5.563868045806885
    ],
    "tnr_1": [
        56.699790954589844,
        7.731462478637695
    ],
    "nar_0": [
        24.653188705444336,
        8.760320663452148
    ],
    "nar_1": [
        33.96491241455078,
        7.819053649902344
    ]
}