{
    "cov": 50.172645568847656,
    "acc": 96.18846130371094,
    "pos_0": 0.0,
    "pos_1": 0.0,
    "neg_0": 35.6854248046875,
    "neg_1": 80.0936279296875,
    "abs_0": 64.3145751953125,
    "abs_1": 19.906370162963867,
    "tpr_0": 0.0,
    "tpr_1": 0.0,
    "fnr_0": 4.581609725952148,
    "fnr_1": 25.852783203125,
    "par_0": 95.41838836669922,
    "par_1": 74.147216796875,
    "fpr_0": 0.0,
    "fpr_1": 0.0,
    "tnr_0": 49.643062591552734,
    "tnr_1": 87.02938842773438,
    "nar_0": 50.356937408447266,
    "nar_1": 12.97061538696289,
    "l0d1": 0.11877822875976562
}