{
    "cov": [
        43.73174285888672,
        6.080142021179199
    ],
    "acc": [
        92.44056701660156,
        1.9694581031799316
    ],
    "pos_0": [
        0.3528136610984802,
        0.247989222407341
    ],
    "pos_1": [
        0.19947080314159393,
        0.1449296474456787
    ],
    "neg_0": [
        45.23504638671875,
        5.4041571617126465
    ],
    "neg_1": [
        39.69875717163086,
        8.080751419067383
    ],
    "abs_0": [
        54.412147521972656,
        5.380699157714844
    ],
    "abs_1": [
        60.10177230834961,
        8.058673858642578
    ],
    "tpr_0": [
        1.1326757669448853,
        0.7917829751968384
    ],
    "tpr_1": [
        1.6876121759414673,
        1.2796071767807007
    ],
    "fnr_0": [
        14.756601333618164,
        5.601073741912842
    ],
    "fnr_1": [
        8.36624813079834,
        4.091230392456055
    ],
    "par_0": [
        84.11072540283203,
        5.579305171966553
    ],
    "par_1": [
        89.9461441040039,
        3.8021228313446045
    ],
    "fpr_0": [
        0.002855511149391532,
        0.006385116837918758
    ],
    "fpr_1": [
        0.009182736277580261,
        0.012573979794979095
    ],
    "tnr_0": [
        58.91204833984375,
        5.352573394775391
    ],
    "tnr_1": [
        43.70523452758789,
        8.604289054870605
    ],
    "nar_0": [
        41.0850944519043,
        5.354583263397217
    ],
    "nar_1": [
        56.28558349609375,
        8.61266040802002
    ],
    "l0d1": [
        0.1499842405319214,
        0.003389839781448245
    ]
}