{
    "cov": [
        0.4701727032661438,
        0.10221833735704422
    ],
    "acc": [
        0.9198011755943298,
        0.01690254546701908
    ],
    "neg_0": [
        0.003114220919087529,
        0.0017346147214993834
    ],
    "neg_1": [
        0.003826582571491599,
        0.0015190807171165943
    ],
    "pos_0": [
        0.4743865132331848,
        0.08232015371322632
    ],
    "pos_1": [
        0.4512110650539398,
        0.14485211670398712
    ],
    "abs_0": [
        0.5224992632865906,
        0.08296583592891693
    ],
    "abs_1": [
        0.5449623465538025,
        0.14577947556972504
    ],
    "tnr_0": [
        0.6139920353889465,
        0.09245855361223221
    ],
    "tnr_1": [
        0.4922865033149719,
        0.1543881744146347
    ],
    "fpr_0": [
        0.00017133068467956036,
        0.00011945460573770106
    ],
    "fpr_1": [
        0.0003673094615805894,
        0.00012573979620356113
    ],
    "nar_0": [
        0.3858366906642914,
        0.09246242791414261
    ],
    "nar_1": [
        0.5073461532592773,
        0.15447984635829926
    ],
    "fnr_0": [
        0.16328348219394684,
        0.06127237528562546
    ],
    "fnr_1": [
        0.12998203933238983,
        0.07173021137714386
    ],
    "tpr_0": [
        0.009672287851572037,
        0.005364682525396347
    ],
    "tpr_1": [
        0.030879711732268333,
        0.012656774371862411
    ],
    "par_0": [
        0.8270441889762878,
        0.06372193247079849
    ],
    "par_1": [
        0.8391382098197937,
        0.08106477558612823
    ],
    "l0d1": [
        0.15993726253509521,
        0.00832836888730526
    ]
}