{
    "cov": [
        53.123512268066406,
        12.646010398864746
    ],
    "acc": [
        90.28243255615234,
        2.8272974491119385
    ],
    "pos_0": [
        0.20892874896526337,
        0.15789751708507538
    ],
    "pos_1": [
        0.1709749549627304,
        0.10827955603599548
    ],
    "neg_0": [
        51.885284423828125,
        10.163552284240723
    ],
    "neg_1": [
        55.078365325927734,
        17.758699417114258
    ],
    "abs_0": [
        47.90578842163086,
        10.199174880981445
    ],
    "abs_1": [
        44.75065994262695,
        17.83135223388672
    ],
    "tpr_0": [
        0.6745147705078125,
        0.5097633004188538
    ],
    "tpr_1": [
        1.4362657070159912,
        0.9414801001548767
    ],
    "fnr_0": [
        22.83805274963379,
        10.098103523254395
    ],
    "fnr_1": [
        18.348295211791992,
        11.95170783996582
    ],
    "par_0": [
        76.48743438720703,
        10.231441497802734
    ],
    "par_1": [
        80.21544647216797,
        12.294029235839844
    ],
    "fpr_0": [
        0.0,
        0.0
    ],
    "fpr_1": [
        0.009182736277580261,
        0.02053322270512581
    ],
    "tnr_0": [
        64.9200439453125,
        10.22311782836914
    ],
    "tnr_1": [
        59.775020599365234,
        18.662128448486328
    ],
    "nar_0": [
        35.0799560546875,
        10.22311782836914
    ],
    "nar_1": [
        40.21579360961914,
        18.667266845703125
    ],
    "l0d1": [
        0.15994755923748016,
        0.005156213883310556
    ]
}