{
    "cov": [
        47.637451171875,
        11.043861389160156
    ],
    "acc": [
        89.25102233886719,
        2.86513352394104
    ],
    "pos_0": [
        0.0,
        0.0
    ],
    "pos_1": [
        0.0,
        0.0
    ],
    "neg_0": [
        48.0496711730957,
        11.060114860534668
    ],
    "neg_1": [
        46.78607940673828,
        11.202621459960938
    ],
    "abs_0": [
        51.9503288269043,
        11.060114860534668
    ],
    "abs_1": [
        53.213924407958984,
        11.202621459960938
    ],
    "tpr_0": [
        0.0,
        0.0
    ],
    "tpr_1": [
        0.0,
        0.0
    ],
    "fnr_0": [
        22.729877471923828,
        10.96645450592041
    ],
    "fnr_1": [
        17.01974868774414,
        10.102153778076172
    ],
    "par_0": [
        77.27012634277344,
        10.966453552246094
    ],
    "par_1": [
        82.9802474975586,
        10.102149963378906
    ],
    "fpr_0": [
        0.0,
        0.0
    ],
    "fpr_1": [
        0.0,
        0.0
    ],
    "tnr_0": [
        59.41176986694336,
        11.158855438232422
    ],
    "tnr_1": [
        50.59228515625,
        11.350682258605957
    ],
    "nar_0": [
        40.58823776245117,
        11.158854484558105
    ],
    "nar_1": [
        49.40771484375,
        11.350683212280273
    ],
    "l0d1": [
        0.17400172352790833,
        0.0025945145171135664
    ]
}