{
    "cov": [
        0.3685923218727112,
        0.1020178571343422
    ],
    "acc": [
        0.9368109107017517,
        0.018937399610877037
    ],
    "neg_0": [
        0.002384941326454282,
        0.0014607550110667944
    ],
    "neg_1": [
        0.0035416241735219955,
        0.0013238032115623355
    ],
    "pos_0": [
        0.3995269238948822,
        0.07550834119319916
    ],
    "pos_1": [
        0.29623445868492126,
        0.15529201924800873
    ],
    "abs_0": [
        0.5980880856513977,
        0.07624931633472443
    ],
    "abs_1": [
        0.7002238631248474,
        0.1559661626815796
    ],
    "tnr_0": [
        0.5319532155990601,
        0.08340612053871155
    ],
    "tnr_1": [
        0.32415062189102173,
        0.16668176651000977
    ],
    "fpr_0": [
        8.566534233978018e-05,
        7.82013958087191e-05
    ],
    "fpr_1": [
        0.00013774105173069984,
        0.00020533222414087504
    ],
    "nar_0": [
        0.4679611623287201,
        0.08346106112003326
    ],
    "nar_1": [
        0.6757116317749023,
        0.16670851409435272
    ],
    "fnr_0": [
        0.10442252457141876,
        0.05966821685433388
    ],
    "fnr_1": [
        0.0779174193739891,
        0.06863007694482803
    ],
    "tpr_0": [
        0.007508749607950449,
        0.004733107052743435
    ],
    "tpr_1": [
        0.030161578208208084,
        0.010266411118209362
    ],
    "par_0": [
        0.8880687952041626,
        0.06193336099386215
    ],
    "par_1": [
        0.8919210433959961,
        0.07622656971216202
    ],
    "l0d1": [
        0.16386102139949799,
        0.008641893975436687
    ]
}