{
    "cov": [
        56.503326416015625,
        8.403364181518555
    ],
    "acc": [
        89.8274154663086,
        1.9481533765792847
    ],
    "pos_0": [
        0.18921850621700287,
        0.26143041253089905
    ],
    "pos_1": [
        0.15876248478889465,
        0.15122471749782562
    ],
    "neg_0": [
        54.7728385925293,
        6.447343826293945
    ],
    "neg_1": [
        59.52778244018555,
        12.313618659973145
    ],
    "abs_0": [
        45.03794479370117,
        6.491101264953613
    ],
    "abs_1": [
        40.313453674316406,
        12.407766342163086
    ],
    "tpr_0": [
        0.6108813285827637,
        0.844013512134552
    ],
    "tpr_1": [
        1.292639136314392,
        1.2656773328781128
    ],
    "fnr_0": [
        24.530704498291016,
        7.549053192138672
    ],
    "fnr_1": [
        20.035907745361328,
        9.558015823364258
    ],
    "par_0": [
        74.8584213256836,
        7.585052967071533
    ],
    "par_1": [
        78.67145538330078,
        9.870572090148926
    ],
    "fpr_0": [
        0.0,
        0.0
    ],
    "fpr_1": [
        0.013774104416370392,
        0.02053322270512581
    ],
    "tnr_0": [
        68.34380340576172,
        6.04874324798584
    ],
    "tnr_1": [
        64.57759857177734,
        12.847517013549805
    ],
    "nar_0": [
        31.65619468688965,
        6.048742294311523
    ],
    "nar_1": [
        35.408634185791016,
        12.863471031188965
    ],
    "l0d1": [
        0.16466858983039856,
        0.005631806794553995
    ]
}