{
    "cov": [
        0.4926162362098694,
        0.10507406294345856
    ],
    "acc": [
        0.9172083735466003,
        0.02100415900349617
    ],
    "neg_0": [
        0.003567557083442807,
        0.0016333966050297022
    ],
    "neg_1": [
        0.003785873996093869,
        0.002487041987478733
    ],
    "pos_0": [
        0.4851089119911194,
        0.09050901979207993
    ],
    "pos_1": [
        0.49696722626686096,
        0.1332111358642578
    ],
    "abs_0": [
        0.5113235712051392,
        0.09066838771104813
    ],
    "abs_1": [
        0.49924689531326294,
        0.13562817871570587
    ],
    "tnr_0": [
        0.6225299835205078,
        0.09229324758052826
    ],
    "tnr_1": [
        0.5432047843933105,
        0.14122752845287323
    ],
    "fpr_0": [
        0.00022844089835416526,
        0.00019155351037625223
    ],
    "fpr_1": [
        0.00032139578252099454,
        0.00026174826780334115
    ],
    "nar_0": [
        0.3772415816783905,
        0.09232910722494125
    ],
    "nar_1": [
        0.45647382736206055,
        0.14145591855049133
    ],
    "fnr_0": [
        0.1788736879825592,
        0.08680472522974014
    ],
    "fnr_1": [
        0.13536804914474487,
        0.07539968937635422
    ],
    "tpr_0": [
        0.011008590459823608,
        0.004890885204076767
    ],
    "tpr_1": [
        0.030879711732268333,
        0.020168542861938477
    ],
    "par_0": [
        0.8101177215576172,
        0.087636299431324
    ],
    "par_1": [
        0.8337522745132446,
        0.0951576679944992
    ],
    "l0d1": [
        0.17017553746700287,
        0.0058904532343149185
    ]
}