{
    "cov": [
        56.162025451660156,
        15.039937973022461
    ],
    "acc": [
        87.2569808959961,
        2.4550797939300537
    ],
    "pos_0": [
        0.0,
        0.0
    ],
    "pos_1": [
        0.0,
        0.0
    ],
    "neg_0": [
        56.2649040222168,
        13.962160110473633
    ],
    "neg_1": [
        55.94952392578125,
        17.367351531982422
    ],
    "abs_0": [
        43.7350959777832,
        13.962159156799316
    ],
    "abs_1": [
        44.050479888916016,
        17.367351531982422
    ],
    "tpr_0": [
        0.0,
        0.0
    ],
    "tpr_1": [
        0.0,
        0.0
    ],
    "fnr_0": [
        31.282215118408203,
        12.49530029296875
    ],
    "fnr_1": [
        24.667861938476562,
        11.310306549072266
    ],
    "par_0": [
        68.71778869628906,
        12.495302200317383
    ],
    "par_1": [
        75.33213806152344,
        11.310308456420898
    ],
    "fpr_0": [
        0.0,
        0.0
    ],
    "fpr_1": [
        0.0,
        0.0
    ],
    "tnr_0": [
        67.4757308959961,
        14.732933044433594
    ],
    "tnr_1": [
        59.949493408203125,
        18.22541618347168
    ],
    "nar_0": [
        32.52427291870117,
        14.732933044433594
    ],
    "nar_1": [
        40.05050277709961,
        18.225414276123047
    ],
    "l0d1": [
        0.18742862343788147,
        0.011324611492455006
    ]
}