{
    "cov": [
        55.4077033996582,
        14.140474319458008
    ],
    "acc": [
        89.78035736083984,
        2.376067638397217
    ],
    "pos_0": [
        0.22469697892665863,
        0.2041701376438141
    ],
    "pos_1": [
        0.17504580318927765,
        0.08465960621833801
    ],
    "neg_0": [
        54.07706832885742,
        10.165746688842773
    ],
    "neg_1": [
        57.51679611206055,
        22.304340362548828
    ],
    "abs_0": [
        45.698238372802734,
        10.174921989440918
    ],
    "abs_1": [
        42.308162689208984,
        22.355152130126953
    ],
    "tpr_0": [
        0.7254216074943542,
        0.6591518521308899
    ],
    "tpr_1": [
        1.4362658262252808,
        0.70682293176651
    ],
    "fnr_0": [
        24.74069595336914,
        10.51307487487793
    ],
    "fnr_1": [
        20.430879592895508,
        13.87026309967041
    ],
    "par_0": [
        74.53388977050781,
        10.468299865722656
    ],
    "par_1": [
        78.13286590576172,
        14.109871864318848
    ],
    "fpr_0": [
        0.0,
        0.0
    ],
    "fpr_1": [
        0.013774104416370392,
        0.02053322270512581
    ],
    "tnr_0": [
        67.2415771484375,
        10.08008861541748
    ],
    "tnr_1": [
        62.25896072387695,
        23.47899627685547
    ],
    "nar_0": [
        32.7584228515625,
        10.08008861541748
    ],
    "nar_1": [
        37.727272033691406,
        23.494840621948242
    ],
    "l0d1": [
        0.17419405281543732,
        0.011369135230779648
    ]
}