{
    "cov": [
        61.3505973815918,
        8.070656776428223
    ],
    "acc": [
        86.78632354736328,
        2.0821826457977295
    ],
    "pos_0": [
        0.0,
        0.0
    ],
    "pos_1": [
        0.0,
        0.0
    ],
    "neg_0": [
        60.65044021606445,
        8.024185180664062
    ],
    "neg_1": [
        62.796661376953125,
        8.482721328735352
    ],
    "abs_0": [
        39.34955978393555,
        8.024185180664062
    ],
    "abs_1": [
        37.203338623046875,
        8.482722282409668
    ],
    "tpr_0": [
        0.0,
        0.0
    ],
    "tpr_1": [
        0.0,
        0.0
    ],
    "fnr_0": [
        34.44479751586914,
        9.761506080627441
    ],
    "fnr_1": [
        28.43806266784668,
        11.627184867858887
    ],
    "par_0": [
        65.5551986694336,
        9.761506080627441
    ],
    "par_1": [
        71.56193542480469,
        11.627182960510254
    ],
    "fpr_0": [
        0.0,
        0.0
    ],
    "fpr_1": [
        0.0,
        0.0
    ],
    "tnr_0": [
        72.41004943847656,
        7.284911632537842
    ],
    "tnr_1": [
        67.1900863647461,
        8.120777130126953
    ],
    "nar_0": [
        27.589948654174805,
        7.284909248352051
    ],
    "nar_1": [
        32.80991744995117,
        8.120776176452637
    ],
    "l0d1": [
        0.18385839462280273,
        0.003560258774086833
    ]
}