{
    "cov": [
        68.4488754272461,
        8.07583236694336
    ],
    "acc": [
        85.31746673583984,
        1.7288804054260254
    ],
    "pos_0": [
        0.0,
        0.0
    ],
    "pos_1": [
        0.0,
        0.0
    ],
    "neg_0": [
        67.00699615478516,
        7.502339839935303
    ],
    "neg_1": [
        71.42683410644531,
        9.980635643005371
    ],
    "abs_0": [
        32.993003845214844,
        7.502340793609619
    ],
    "abs_1": [
        28.57317543029785,
        9.980634689331055
    ],
    "tpr_0": [
        0.0,
        0.0
    ],
    "tpr_1": [
        0.0,
        0.0
    ],
    "fnr_0": [
        41.80718994140625,
        9.123030662536621
    ],
    "fnr_1": [
        38.38420104980469,
        9.8738374710083
    ],
    "par_0": [
        58.19281005859375,
        9.123030662536621
    ],
    "par_1": [
        61.61579513549805,
        9.8738374710083
    ],
    "fpr_0": [
        0.0,
        0.0
    ],
    "fpr_1": [
        0.0,
        0.0
    ],
    "tnr_0": [
        78.31524658203125,
        6.875124454498291
    ],
    "tnr_1": [
        75.6519775390625,
        10.086268424987793
    ],
    "nar_0": [
        21.684751510620117,
        6.875123500823975
    ],
    "nar_1": [
        24.348026275634766,
        10.086267471313477
    ],
    "l0d1": [
        0.18574807047843933,
        0.006801879499107599
    ]
}