{
    "cov": [
        65.06640625,
        10.066008567810059
    ],
    "acc": [
        85.6142807006836,
        1.920722484588623
    ],
    "pos_0": [
        0.0,
        0.0
    ],
    "pos_1": [
        0.0,
        0.0
    ],
    "neg_0": [
        64.69498443603516,
        9.187246322631836
    ],
    "neg_1": [
        65.83350372314453,
        11.961983680725098
    ],
    "abs_0": [
        35.30501937866211,
        9.187244415283203
    ],
    "abs_1": [
        34.166500091552734,
        11.961986541748047
    ],
    "tpr_0": [
        0.0,
        0.0
    ],
    "tpr_1": [
        0.0,
        0.0
    ],
    "fnr_0": [
        39.59274673461914,
        11.359145164489746
    ],
    "fnr_1": [
        33.46499252319336,
        11.642420768737793
    ],
    "par_0": [
        60.407257080078125,
        11.359148025512695
    ],
    "par_1": [
        66.5350112915039,
        11.64242172241211
    ],
    "fpr_0": [
        0.0,
        0.0
    ],
    "fpr_1": [
        0.0,
        0.0
    ],
    "tnr_0": [
        75.9594497680664,
        8.344307899475098
    ],
    "tnr_1": [
        69.97245025634766,
        12.130666732788086
    ],
    "nar_0": [
        24.04054832458496,
        8.344308853149414
    ],
    "nar_1": [
        30.02754783630371,
        12.13066577911377
    ],
    "l0d1": [
        0.19161973893642426,
        0.006490304134786129
    ]
}