{
    "cov": [
        0.6169456243515015,
        0.08666122704744339
    ],
    "acc": [
        0.8935298919677734,
        0.015486900694668293
    ],
    "neg_0": [
        0.004001182969659567,
        0.0016499616904184222
    ],
    "neg_1": [
        0.005536332260817289,
        0.0056634340435266495
    ],
    "pos_0": [
        0.5921356081962585,
        0.06823393702507019
    ],
    "pos_1": [
        0.6543862819671631,
        0.12168633192777634
    ],
    "abs_0": [
        0.40386325120925903,
        0.0691971555352211
    ],
    "abs_1": [
        0.34007737040519714,
        0.12440019845962524
    ],
    "tnr_0": [
        0.7341233491897583,
        0.06685139983892441
    ],
    "tnr_1": [
        0.7075298428535461,
        0.12627233564853668
    ],
    "fpr_0": [
        0.0001998857915168628,
        0.0002165298501495272
    ],
    "fpr_1": [
        0.0009182736393995583,
        0.0018076234264299273
    ],
    "nar_0": [
        0.2656767666339874,
        0.06703882664442062
    ],
    "nar_1": [
        0.2915518879890442,
        0.12701140344142914
    ],
    "fnr_0": [
        0.2757238447666168,
        0.07155179977416992
    ],
    "fnr_1": [
        0.23877917230129242,
        0.09377066791057587
    ],
    "tpr_0": [
        0.012472160160541534,
        0.004931081086397171
    ],
    "tpr_1": [
        0.041651707142591476,
        0.03658250719308853
    ],
    "par_0": [
        0.7118040323257446,
        0.07443701475858688
    ],
    "par_1": [
        0.7195691466331482,
        0.1068064421415329
    ],
    "l0d1": [
        0.17207305133342743,
        0.005962851457297802
    ]
}