{
    "cov": [
        0.6148074865341187,
        0.09337852895259857
    ],
    "acc": [
        0.8923726081848145,
        0.015799496322870255
    ],
    "neg_0": [
        0.005183798260986805,
        0.002079642377793789
    ],
    "neg_1": [
        0.010909831151366234,
        0.007949336431920528
    ],
    "pos_0": [
        0.592904269695282,
        0.08196817338466644
    ],
    "pos_1": [
        0.6384286880493164,
        0.1238655298948288
    ],
    "abs_0": [
        0.4019119441509247,
        0.08061160147190094
    ],
    "abs_1": [
        0.3506615161895752,
        0.1217067688703537
    ],
    "tnr_0": [
        0.7330382466316223,
        0.08135197311639786
    ],
    "tnr_1": [
        0.6931129693984985,
        0.130775585770607
    ],
    "fpr_0": [
        0.0003141062334179878,
        0.0002346041874261573
    ],
    "fpr_1": [
        0.002754820976406336,
        0.004785276483744383
    ],
    "nar_0": [
        0.2666476368904114,
        0.08129087835550308
    ],
    "nar_1": [
        0.30413222312927246,
        0.12973494827747345
    ],
    "fnr_0": [
        0.2806236445903778,
        0.08476906269788742
    ],
    "fnr_1": [
        0.21077199280261993,
        0.07931631058454514
    ],
    "tpr_0": [
        0.01603563502430916,
        0.006261514034122229
    ],
    "tpr_1": [
        0.07468581199645996,
        0.03355398401618004
    ],
    "par_0": [
        0.7033407688140869,
        0.08080059289932251
    ],
    "par_1": [
        0.7145422101020813,
        0.07144204527139664
    ],
    "l0d1": [
        0.18226023018360138,
        0.009032356552779675
    ]
}