{
    "cov": [
        70.88048553466797,
        8.825779914855957
    ],
    "acc": [
        84.46016693115234,
        1.758365511894226
    ],
    "pos_0": [
        0.0,
        0.0
    ],
    "pos_1": [
        0.0,
        0.0
    ],
    "neg_0": [
        69.55947875976562,
        8.030851364135742
    ],
    "neg_1": [
        73.6087875366211,
        10.882338523864746
    ],
    "abs_0": [
        30.44052505493164,
        8.030853271484375
    ],
    "abs_1": [
        26.391204833984375,
        10.88233757019043
    ],
    "tpr_0": [
        0.0,
        0.0
    ],
    "tpr_1": [
        0.0,
        0.0
    ],
    "fnr_0": [
        45.67610549926758,
        10.836030006408691
    ],
    "fnr_1": [
        43.26750564575195,
        11.317002296447754
    ],
    "par_0": [
        54.32389450073242,
        10.836029052734375
    ],
    "par_1": [
        56.73249435424805,
        11.317002296447754
    ],
    "fpr_0": [
        0.0,
        0.0
    ],
    "fpr_1": [
        0.0,
        0.0
    ],
    "tnr_0": [
        80.27699279785156,
        6.8121724128723145
    ],
    "tnr_1": [
        77.488525390625,
        10.86286449432373
    ],
    "nar_0": [
        19.72301483154297,
        6.812171459197998
    ],
    "nar_1": [
        22.5114803314209,
        10.862863540649414
    ],
    "l0d1": [
        0.19595663249492645,
        0.004919573664665222
    ]
}