{
    "cov": [
        0.6773971319198608,
        0.07250551879405975
    ],
    "acc": [
        0.8696344494819641,
        0.010879557579755783
    ],
    "neg_0": [
        0.005302059929817915,
        0.0024324411060661077
    ],
    "neg_1": [
        0.009240790270268917,
        0.006297632120549679
    ],
    "pos_0": [
        0.652409553527832,
        0.05884716659784317
    ],
    "pos_1": [
        0.7088133692741394,
        0.10675586014986038
    ],
    "abs_0": [
        0.3422883450984955,
        0.05975627154111862
    ],
    "abs_1": [
        0.2819458544254303,
        0.10260893404483795
    ],
    "tnr_0": [
        0.7831525206565857,
        0.059120241552591324
    ],
    "tnr_1": [
        0.7562901377677917,
        0.11013001948595047
    ],
    "fpr_0": [
        0.0003426613693591207,
        0.00032869400456547737
    ],
    "fpr_1": [
        0.0024334252811968327,
        0.0041753691621124744
    ],
    "nar_0": [
        0.21650485694408417,
        0.059347815811634064
    ],
    "nar_1": [
        0.24127641320228577,
        0.1064985990524292
    ],
    "fnr_0": [
        0.3610563278198242,
        0.061021968722343445
    ],
    "fnr_1": [
        0.3375224471092224,
        0.10212109982967377
    ],
    "tpr_0": [
        0.016353800892829895,
        0.007264394778758287
    ],
    "tpr_1": [
        0.06247756630182266,
        0.028141507878899574
    ],
    "par_0": [
        0.6225898861885071,
        0.06503253430128098
    ],
    "par_1": [
        0.6000000238418579,
        0.0993971973657608
    ],
    "l0d1": [
        0.18749569356441498,
        0.010022174566984177
    ]
}