{
    "cov": [
        0.682231068611145,
        0.06523154675960541
    ],
    "acc": [
        0.879684567451477,
        0.016864053905010223
    ],
    "neg_0": [
        0.006307282950729132,
        0.0023866919800639153
    ],
    "neg_1": [
        0.012212498113512993,
        0.002967103151604533
    ],
    "pos_0": [
        0.6519168615341187,
        0.05819924548268318
    ],
    "pos_1": [
        0.7196010947227478,
        0.08202647417783737
    ],
    "abs_0": [
        0.34177589416503906,
        0.05925330892205238
    ],
    "abs_1": [
        0.26818642020225525,
        0.08123855292797089
    ],
    "tnr_0": [
        0.7896916270256042,
        0.04965706914663315
    ],
    "tnr_1": [
        0.7764922380447388,
        0.079934261739254
    ],
    "fpr_0": [
        0.00034266134025529027,
        0.00038575829239562154
    ],
    "fpr_1": [
        0.0022497703321278095,
        0.0004415837174747139
    ],
    "nar_0": [
        0.20996573567390442,
        0.049977630376815796
    ],
    "nar_1": [
        0.2212580293416977,
        0.08020457625389099
    ],
    "fnr_0": [
        0.3448934257030487,
        0.0775274708867073
    ],
    "fnr_1": [
        0.2746858298778534,
        0.10733024775981903
    ],
    "tpr_0": [
        0.019599109888076782,
        0.007023504003882408
    ],
    "tpr_1": [
        0.090125672519207,
        0.024986742064356804
    ],
    "par_0": [
        0.6355075240135193,
        0.08060584962368011
    ],
    "par_1": [
        0.6351885199546814,
        0.1080441102385521
    ],
    "l0d1": [
        0.1827477067708969,
        0.0022250127512961626
    ]
}