{
    "cov": [
        0.7043027877807617,
        0.09700719267129898
    ],
    "acc": [
        0.8722354769706726,
        0.02303326688706875
    ],
    "neg_0": [
        0.004769882652908564,
        0.0019532060250639915
    ],
    "neg_1": [
        0.005536332260817289,
        0.0019223642302677035
    ],
    "pos_0": [
        0.6659504771232605,
        0.08557450026273727
    ],
    "pos_1": [
        0.7681253552436829,
        0.12105950713157654
    ],
    "abs_0": [
        0.3292796015739441,
        0.085797019302845
    ],
    "abs_1": [
        0.22633829712867737,
        0.12130662053823471
    ],
    "tnr_0": [
        0.7974586486816406,
        0.07719799131155014
    ],
    "tnr_1": [
        0.8193296790122986,
        0.1156127080321312
    ],
    "fpr_0": [
        0.00034266134025529027,
        0.00023890921147540212
    ],
    "fpr_1": [
        0.00045913681969977915,
        0.00045913681969977915
    ],
    "nar_0": [
        0.20219874382019043,
        0.07714428752660751
    ],
    "nar_1": [
        0.18021121621131897,
        0.1153407096862793
    ],
    "fnr_0": [
        0.3728921413421631,
        0.10636191070079803
    ],
    "fnr_1": [
        0.3676840364933014,
        0.1697676032781601
    ],
    "tpr_0": [
        0.01463569700717926,
        0.0058321040123701096
    ],
    "tpr_1": [
        0.045242369174957275,
        0.015149028971791267
    ],
    "par_0": [
        0.6124721765518188,
        0.10760340094566345
    ],
    "par_1": [
        0.5870736241340637,
        0.17602039873600006
    ],
    "l0d1": [
        0.1892009824514389,
        0.007026474457234144
    ]
}