{
    "cov": [
        0.7260026931762695,
        0.0844418853521347
    ],
    "acc": [
        0.8672706484794617,
        0.020597128197550774
    ],
    "neg_0": [
        0.005321770440787077,
        0.0017365732928737998
    ],
    "neg_1": [
        0.006635457277297974,
        0.003721529385074973
    ],
    "pos_0": [
        0.6948655247688293,
        0.07065293937921524
    ],
    "pos_1": [
        0.7726847529411316,
        0.11198724806308746
    ],
    "abs_0": [
        0.29981276392936707,
        0.07048651576042175
    ],
    "abs_1": [
        0.22067983448505402,
        0.1143757626414299
    ],
    "tnr_0": [
        0.8260707855224609,
        0.06057431921362877
    ],
    "tnr_1": [
        0.8254362344741821,
        0.10863323509693146
    ],
    "fpr_0": [
        0.00028555115568451583,
        0.00017486362776253372
    ],
    "fpr_1": [
        0.001010101055726409,
        0.0008051275508478284
    ],
    "nar_0": [
        0.17364363372325897,
        0.06047142297029495
    ],
    "nar_1": [
        0.1735537350177765,
        0.10918167978525162
    ],
    "fnr_0": [
        0.4024817645549774,
        0.09338279813528061
    ],
    "fnr_1": [
        0.36014363169670105,
        0.14724241197109222
    ],
    "tpr_0": [
        0.016544703394174576,
        0.005394790321588516
    ],
    "tpr_1": [
        0.05062836408615112,
        0.026671409606933594
    ],
    "par_0": [
        0.5809735655784607,
        0.09346461296081543
    ],
    "par_1": [
        0.5892280340194702,
        0.1615469604730606
    ],
    "l0d1": [
        0.19021648168563843,
        0.004317685961723328
    ]
}