{
    "cov": [
        0.7340571284294128,
        0.08121510595083237
    ],
    "acc": [
        0.680686891078949,
        0.06367326527833939
    ],
    "neg_0": [
        0.23352813720703125,
        0.02271992526948452
    ],
    "neg_1": [
        0.256498247385025,
        0.0326664000749588
    ],
    "pos_0": [
        0.4932321608066559,
        0.057259753346443176
    ],
    "pos_1": [
        0.481285959482193,
        0.05365213006734848
    ],
    "abs_0": [
        0.27323976159095764,
        0.07693518698215485
    ],
    "abs_1": [
        0.26221588253974915,
        0.08348823338747025
    ],
    "tnr_0": [
        0.5966199040412903,
        0.06511799991130829
    ],
    "tnr_1": [
        0.642848014831543,
        0.06626119464635849
    ],
    "fpr_0": [
        0.14512911438941956,
        0.016266703605651855
    ],
    "fpr_1": [
        0.12711484730243683,
        0.019566526636481285
    ],
    "nar_0": [
        0.25825104117393494,
        0.07564155012369156
    ],
    "nar_1": [
        0.23003709316253662,
        0.08205736428499222
    ],
    "fnr_0": [
        0.3325536549091339,
        0.04459468647837639
    ],
    "fnr_1": [
        0.30578669905662537,
        0.04019923880696297
    ],
    "tpr_0": [
        0.3710404336452484,
        0.0355076789855957
    ],
    "tpr_1": [
        0.3964266777038574,
        0.04765461012721062
    ],
    "par_0": [
        0.29640600085258484,
        0.07914507389068604
    ],
    "par_1": [
        0.297786682844162,
        0.08575901389122009
    ],
    "l0d1": [
        0.28622540831565857,
        0.00614304281771183
    ]
}