{
    "cov": [
        0.8219067454338074,
        0.022369451820850372
    ],
    "acc": [
        0.7001942992210388,
        0.004419638309627771
    ],
    "neg_0": [
        0.2652375400066376,
        0.013093763031065464
    ],
    "neg_1": [
        0.2942887842655182,
        0.010591046884655952
    ],
    "pos_0": [
        0.5536720752716064,
        0.02322731725871563
    ],
    "pos_1": [
        0.5292221903800964,
        0.01091341208666563
    ],
    "abs_0": [
        0.18109044432640076,
        0.02646222710609436
    ],
    "abs_1": [
        0.17648909986019135,
        0.02081052027642727
    ],
    "tnr_0": [
        0.6640167236328125,
        0.02467239834368229
    ],
    "tnr_1": [
        0.6979831457138062,
        0.012569495476782322
    ],
    "fpr_0": [
        0.1687585562467575,
        0.011966669000685215
    ],
    "fpr_1": [
        0.14902733266353607,
        0.008115984499454498
    ],
    "nar_0": [
        0.16722474992275238,
        0.02534569427371025
    ],
    "nar_1": [
        0.15298955142498016,
        0.018127916380763054
    ],
    "fnr_0": [
        0.3817046582698822,
        0.022189117968082428
    ],
    "fnr_1": [
        0.3457126319408417,
        0.010389426723122597
    ],
    "tpr_0": [
        0.41587552428245544,
        0.01700582541525364
    ],
    "tpr_1": [
        0.45207110047340393,
        0.014213532209396362
    ],
    "par_0": [
        0.20241980254650116,
        0.030556583777070045
    ],
    "par_1": [
        0.20221629738807678,
        0.024519845843315125
    ],
    "l0d1": [
        0.29710328578948975,
        0.003621289972215891
    ]
}