{
    "cov": [
        0.7792066931724548,
        0.09023980051279068
    ],
    "acc": [
        0.674348771572113,
        0.05926932394504547
    ],
    "neg_0": [
        0.2586400806903839,
        0.04301796108484268
    ],
    "neg_1": [
        0.2852495610713959,
        0.03775123506784439
    ],
    "pos_0": [
        0.5139051675796509,
        0.0632392019033432
    ],
    "pos_1": [
        0.4973740577697754,
        0.06330978870391846
    ],
    "abs_0": [
        0.22745481133460999,
        0.08818980306386948
    ],
    "abs_1": [
        0.21737642586231232,
        0.09141115099191666
    ],
    "tnr_0": [
        0.6183722615242004,
        0.07406198233366013
    ],
    "tnr_1": [
        0.6597563028335571,
        0.07653018832206726
    ],
    "fpr_0": [
        0.16495490074157715,
        0.03469652310013771
    ],
    "fpr_1": [
        0.14586128294467926,
        0.02335972711443901
    ],
    "nar_0": [
        0.2166728526353836,
        0.09007057547569275
    ],
    "nar_1": [
        0.19438248872756958,
        0.09194570779800415
    ],
    "fnr_0": [
        0.35140323638916016,
        0.046929873526096344
    ],
    "fnr_1": [
        0.32098475098609924,
        0.049082182347774506
    ],
    "tpr_0": [
        0.4047721326351166,
        0.058076851069927216
    ],
    "tpr_1": [
        0.4357917308807373,
        0.05424957349896431
    ],
    "par_0": [
        0.24382463097572327,
        0.08558716624975204
    ],
    "par_1": [
        0.24322350323200226,
        0.09163753688335419
    ],
    "l0d1": [
        0.29713907837867737,
        0.003528430126607418
    ]
}