{
    "cov": [
        0.449185848236084,
        0.02064277045428753
    ],
    "acc": [
        0.7772840857505798,
        0.006918255239725113
    ],
    "neg_0": [
        0.07231809943914413,
        0.00670188944786787
    ],
    "neg_1": [
        0.18441562354564667,
        0.013364534825086594
    ],
    "pos_0": [
        0.38669994473457336,
        0.015256776474416256
    ],
    "pos_1": [
        0.2597183287143707,
        0.013595134019851685
    ],
    "abs_0": [
        0.5409820079803467,
        0.021906647831201553
    ],
    "abs_1": [
        0.5558661222457886,
        0.02043825015425682
    ],
    "tnr_0": [
        0.4693964123725891,
        0.013055374845862389
    ],
    "tnr_1": [
        0.371843546628952,
        0.01792815513908863
    ],
    "fpr_0": [
        0.03400378301739693,
        0.004403448197990656
    ],
    "fpr_1": [
        0.09580563753843307,
        0.010800767689943314
    ],
    "nar_0": [
        0.49659988284111023,
        0.01732771098613739
    ],
    "nar_1": [
        0.5323508977890015,
        0.01966431736946106
    ],
    "fnr_0": [
        0.25675246119499207,
        0.019020825624465942
    ],
    "fnr_1": [
        0.13767746090888977,
        0.008451719768345356
    ],
    "tpr_0": [
        0.13319697976112366,
        0.011402996256947517
    ],
    "tpr_1": [
        0.28048738837242126,
        0.01677524484694004
    ],
    "par_0": [
        0.610050618648529,
        0.030067015439271927
    ],
    "par_1": [
        0.5818352103233337,
        0.022473810240626335
    ],
    "l0d1": [
        0.2534770667552948,
        0.003459751373156905
    ]
}