{
    "cov": [
        0.7354211211204529,
        0.06836831569671631
    ],
    "acc": [
        0.7275344729423523,
        0.012462055310606956
    ],
    "neg_0": [
        0.14009670913219452,
        0.02559368684887886
    ],
    "neg_1": [
        0.31723037362098694,
        0.03904112055897713
    ],
    "pos_0": [
        0.6094736456871033,
        0.043622635304927826
    ],
    "pos_1": [
        0.41089606285095215,
        0.029668638482689857
    ],
    "abs_0": [
        0.2504296898841858,
        0.06872706115245819
    ],
    "abs_1": [
        0.2718735635280609,
        0.06836697459220886
    ],
    "tnr_0": [
        0.7162573337554932,
        0.04494977742433548
    ],
    "tnr_1": [
        0.5700468420982361,
        0.035454537719488144
    ],
    "fpr_0": [
        0.06854462623596191,
        0.017907798290252686
    ],
    "fpr_1": [
        0.17210809886455536,
        0.030331702902913094
    ],
    "nar_0": [
        0.21519804000854492,
        0.062184128910303116
    ],
    "nar_1": [
        0.2578451335430145,
        0.0654582530260086
    ],
    "fnr_0": [
        0.44352927803993225,
        0.0418885238468647
    ],
    "fnr_1": [
        0.2376028299331665,
        0.023326821625232697
    ],
    "tpr_0": [
        0.25191688537597656,
        0.03873398154973984
    ],
    "tpr_1": [
        0.4745651185512543,
        0.04870641231536865
    ],
    "par_0": [
        0.3045538365840912,
        0.08002621680498123
    ],
    "par_1": [
        0.2878320515155792,
        0.0717441514134407
    ],
    "l0d1": [
        0.2839694917201996,
        0.0070715853944420815
    ]
}