{
    "cov": [
        0.7052470445632935,
        0.05537202209234238
    ],
    "acc": [
        0.7325392365455627,
        0.009646178223192692
    ],
    "neg_0": [
        0.12908785045146942,
        0.024308813735842705
    ],
    "neg_1": [
        0.2998692989349365,
        0.035861801356077194
    ],
    "pos_0": [
        0.585889995098114,
        0.042630020529031754
    ],
    "pos_1": [
        0.4002355635166168,
        0.02143724076449871
    ],
    "abs_0": [
        0.28502222895622253,
        0.06256894767284393
    ],
    "abs_1": [
        0.29989519715309143,
        0.05198732390999794
    ],
    "tnr_0": [
        0.691908061504364,
        0.0414913110435009
    ],
    "tnr_1": [
        0.5570103526115417,
        0.02335108071565628
    ],
    "fpr_0": [
        0.0638846680521965,
        0.014189429581165314
    ],
    "fpr_1": [
        0.16316907107830048,
        0.0274870116263628
    ],
    "nar_0": [
        0.24420741200447083,
        0.05304747447371483
    ],
    "nar_1": [
        0.27982062101364136,
        0.04448157176375389
    ],
    "fnr_0": [
        0.4210343360900879,
        0.044726673513650894
    ],
    "fnr_1": [
        0.22964385151863098,
        0.019879726693034172
    ],
    "tpr_0": [
        0.2299584001302719,
        0.041076160967350006
    ],
    "tpr_1": [
        0.4480208456516266,
        0.04512796178460121
    ],
    "par_0": [
        0.3490072786808014,
        0.07817932963371277
    ],
    "par_1": [
        0.3223353326320648,
        0.06067008525133133
    ],
    "l0d1": [
        0.2816532552242279,
        0.006639943923801184
    ]
}