{
    "cov": [
        22.466251373291016,
        0.5750628709793091
    ],
    "acc": [
        81.45021057128906,
        0.5077297687530518
    ],
    "pos_0": [
        2.090609312057495,
        0.5175164341926575
    ],
    "pos_1": [
        7.077301979064941,
        0.5490016937255859
    ],
    "neg_0": [
        21.78096580505371,
        1.2577763795852661
    ],
    "neg_1": [
        14.670793533325195,
        0.755997359752655
    ],
    "abs_0": [
        76.12843322753906,
        0.8258754014968872
    ],
    "abs_1": [
        78.25191497802734,
        0.7547857761383057
    ],
    "tpr_0": [
        4.2236247062683105,
        1.0417349338531494
    ],
    "tpr_1": [
        12.457786560058594,
        1.029064655303955
    ],
    "fnr_0": [
        10.141386985778809,
        1.2179861068725586
    ],
    "fnr_1": [
        6.132657527923584,
        0.35230639576911926
    ],
    "par_0": [
        85.6349868774414,
        0.3780909478664398
    ],
    "par_1": [
        81.40956115722656,
        1.0272212028503418
    ],
    "fpr_0": [
        0.6729967594146729,
        0.22750291228294373
    ],
    "fpr_1": [
        2.1151275634765625,
        0.1353350579738617
    ],
    "tnr_0": [
        29.229022979736328,
        1.3269481658935547
    ],
    "tnr_1": [
        22.574838638305664,
        1.1485488414764404
    ],
    "nar_0": [
        70.09798431396484,
        1.1339542865753174
    ],
    "nar_1": [
        75.3100357055664,
        1.1586061716079712
    ],
    "l0d1": [
        0.2743827700614929,
        0.0008196001290343702
    ]
}