dataset,fairness_condition,cost,cov,cov_s,acc,acc_s,neg_0,neg_0_s,neg_1,neg_1_s,pos_0,pos_0_s,pos_1,pos_1_s,abs_0,abs_0_s,abs_1,abs_1_s,tnr_0,tnr_0_s,tnr_1,tnr_1_s,fpr_0,fpr_0_s,fpr_1,fpr_1_s,nar_0,nar_0_s,nar_1,nar_1_s,fnr_0,fnr_0_s,fnr_1,fnr_1_s,tpr_0,tpr_0_s,tpr_1,tpr_1_s,par_0,par_0_s,par_1,par_1_s,l0d1,l0d1_s
german,none,0.25,0.49799999594688416,0.012903502210974693,0.8677827715873718,0.009918611496686935,0.006073519587516785,0.006077589932829142,0.013536741025745869,0.010919878259301186,0.5204963684082031,0.009451610036194324,0.4227724075317383,0.015329491347074509,0.47343015670776367,0.013119017705321312,0.5636908411979675,0.014945447444915771,0.6284404993057251,0.011742150411009789,0.5508963465690613,0.024067386984825134,0.0007729649660177529,0.001058446359820664,0.0020512822084128857,0.004586806055158377,0.37078657746315,0.011542479507625103,0.4470524787902832,0.02075483836233616,0.23883728682994843,0.020117508247494698,0.18665757775306702,0.01880769059062004,0.020759020000696182,0.020370442420244217,0.037139397114515305,0.030039528384804726,0.7404037117958069,0.03701652213931084,0.7762030959129333,0.02789723500609398,0.1909000128507614,0.005191934760659933
adult,none,0.25,0.5575299263000488,0.03958816081285477,0.9438862204551697,0.011244070716202259,0.002365231281146407,0.001984530594199896,0.0015469163190573454,0.0010537088382989168,0.42859959602355957,0.05007797107100487,0.8173824548721313,0.017140088602900505,0.5690352320671082,0.05086158961057663,0.18107062578201294,0.017085740342736244,0.5770131349563599,0.05668031796813011,0.8833333253860474,0.015821421518921852,0.00011422044917708263,6.385117740137503e-05,0.0,0.0,0.4228726327419281,0.05673164129257202,0.11666667461395264,0.015821414068341255,0.09786827862262726,0.03603418543934822,0.30161580443382263,0.029143063351511955,0.007381482515484095,0.006325052119791508,0.013644523918628693,0.009294204413890839,0.8947502374649048,0.03872201219201088,0.6847397685050964,0.0292974766343832,0.14225099980831146,0.0022131181322038174
