{
    "cov": [
        46.090309143066406,
        4.0373759269714355
    ],
    "acc": [
        93.35694122314453,
        0.6696218848228455
    ],
    "pos_0": [
        0.725337564945221,
        0.27844300866127014
    ],
    "pos_1": [
        0.33787912130355835,
        0.17827166616916656
    ],
    "neg_0": [
        45.15127944946289,
        3.46661376953125
    ],
    "neg_1": [
        46.19376754760742,
        5.217696189880371
    ],
    "abs_0": [
        54.123390197753906,
        3.6067869663238525
    ],
    "abs_1": [
        53.46834945678711,
        5.324275970458984
    ],
    "tpr_0": [
        2.316258192062378,
        0.8899590373039246
    ],
    "tpr_1": [
        2.9802513122558594,
        1.572439432144165
    ],
    "fnr_0": [
        13.413935661315918,
        2.160062551498413
    ],
    "fnr_1": [
        7.2531418800354,
        1.7756754159927368
    ],
    "par_0": [
        84.26980590820312,
        2.4759984016418457
    ],
    "par_1": [
        89.76660919189453,
        2.84999942779541
    ],
    "fpr_0": [
        0.011422045528888702,
        0.006019946187734604
    ],
    "fpr_1": [
        0.0,
        0.0
    ],
    "tnr_0": [
        59.3931999206543,
        4.171850204467773
    ],
    "tnr_1": [
        51.173095703125,
        5.669492721557617
    ],
    "nar_0": [
        40.595375061035156,
        4.176233291625977
    ],
    "nar_1": [
        48.826904296875,
        5.669492721557617
    ],
    "l0d1": [
        0.1385498195886612,
        0.004800931550562382
    ]
}