{
    "cov": [
        50.33720779418945,
        0.42221784591674805
    ],
    "acc": [
        87.8945083618164,
        0.6034830808639526
    ],
    "pos_0": [
        2.186127185821533,
        0.5028761625289917
    ],
    "pos_1": [
        2.2328429222106934,
        0.2828129231929779
    ],
    "neg_0": [
        47.41243362426758,
        0.437442421913147
    ],
    "neg_1": [
        49.63624572753906,
        1.2243010997772217
    ],
    "abs_0": [
        50.40143585205078,
        0.5151327848434448
    ],
    "abs_1": [
        48.13091278076172,
        1.240935206413269
    ],
    "tpr_0": [
        6.931690216064453,
        1.6417049169540405
    ],
    "tpr_1": [
        16.103147506713867,
        2.403376579284668
    ],
    "fnr_0": [
        25.034950256347656,
        1.3137892484664917
    ],
    "fnr_1": [
        18.54912567138672,
        2.642733335494995
    ],
    "par_0": [
        68.03336334228516,
        1.892677664756775
    ],
    "par_1": [
        65.34771728515625,
        3.9508090019226074
    ],
    "fpr_0": [
        0.0474761426448822,
        0.027329955250024796
    ],
    "fpr_1": [
        0.48291015625,
        0.14262661337852478
    ],
    "tnr_0": [
        57.50636672973633,
        0.44343137741088867
    ],
    "tnr_1": [
        53.555702209472656,
        1.266005277633667
    ],
    "nar_0": [
        42.44615936279297,
        0.4342041015625
    ],
    "nar_1": [
        45.961387634277344,
        1.217638611793518
    ]
}