{
    "cov": [
        0.8627418875694275,
        0.02492082118988037
    ],
    "acc": [
        0.9393448829650879,
        0.008642567321658134
    ],
    "neg_0": [
        0.0,
        0.0
    ],
    "neg_1": [
        0.0,
        0.0
    ],
    "pos_0": [
        0.8748815655708313,
        0.0242172721773386
    ],
    "pos_1": [
        0.815541684627533,
        0.04365544393658638
    ],
    "abs_0": [
        0.1251184195280075,
        0.024217281490564346
    ],
    "abs_1": [
        0.18445830047130585,
        0.043655429035425186
    ],
    "tnr_0": [
        0.9230591654777527,
        0.019114654511213303
    ],
    "tnr_1": [
        0.8604306578636169,
        0.05377602577209473
    ],
    "fpr_0": [
        0.0,
        0.0
    ],
    "fpr_1": [
        0.0,
        0.0
    ],
    "nar_0": [
        0.07694080471992493,
        0.019114717841148376
    ],
    "nar_1": [
        0.13956940174102783,
        0.05377601832151413
    ],
    "fnr_0": [
        0.37598296999931335,
        0.06174014136195183
    ],
    "fnr_1": [
        0.5335726141929626,
        0.04554838687181473
    ],
    "tpr_0": [
        0.0,
        0.0
    ],
    "tpr_1": [
        0.0,
        0.0
    ],
    "par_0": [
        0.624017059803009,
        0.061740148812532425
    ],
    "par_1": [
        0.46642741560935974,
        0.04554840922355652
    ],
    "l0d1": [
        0.07406938076019287,
        0.004387089051306248
    ]
}