{
    "cov": [
        0.9293983578681946,
        0.0324520505964756
    ],
    "acc": [
        0.9040056467056274,
        0.007679023779928684
    ],
    "neg_0": [
        0.0,
        0.0
    ],
    "neg_1": [
        0.0,
        0.0
    ],
    "pos_0": [
        0.9308957457542419,
        0.03021249920129776
    ],
    "pos_1": [
        0.9213827252388,
        0.06465689092874527
    ],
    "abs_0": [
        0.06910435110330582,
        0.030212488025426865
    ],
    "abs_1": [
        0.07861723750829697,
        0.06465691328048706
    ],
    "tnr_0": [
        0.9479376077651978,
        0.029484881088137627
    ],
    "tnr_1": [
        0.9344751238822937,
        0.055749788880348206
    ],
    "fpr_0": [
        0.0,
        0.0
    ],
    "fpr_1": [
        0.0,
        0.0
    ],
    "nar_0": [
        0.05206243321299553,
        0.029484890401363373
    ],
    "nar_1": [
        0.06552492827177048,
        0.055749814957380295
    ],
    "fnr_0": [
        0.7801756858825684,
        0.07329418510198593
    ],
    "fnr_1": [
        0.8905933499336243,
        0.07623858749866486
    ],
    "tpr_0": [
        0.0,
        0.0
    ],
    "tpr_1": [
        0.0,
        0.0
    ],
    "par_0": [
        0.21982435882091522,
        0.07329420745372772
    ],
    "par_1": [
        0.10940662771463394,
        0.07623855769634247
    ],
    "l0d1": [
        0.10535413026809692,
        0.0074084447696805
    ]
}