{
    "cov": [
        0.35351428389549255,
        0.4350981116294861
    ],
    "acc": [
        41.330196380615234,
        18.36175537109375
    ],
    "pos_0": [
        0.008130081929266453,
        0.01817941665649414
    ],
    "pos_1": [
        0.033844541758298874,
        0.07567869126796722
    ],
    "neg_0": [
        0.18981388211250305,
        0.38061976432800293
    ],
    "neg_1": [
        0.40060320496559143,
        0.3828708529472351
    ],
    "abs_0": [
        99.80205535888672,
        0.398723304271698
    ],
    "abs_1": [
        99.5655517578125,
        0.4575212895870209
    ],
    "tpr_0": [
        0.0,
        0.0
    ],
    "tpr_1": [
        0.05315777659416199,
        0.11886440217494965
    ],
    "fnr_0": [
        0.08376964181661606,
        0.18731461465358734
    ],
    "fnr_1": [
        0.12547682225704193,
        0.1423783004283905
    ],
    "par_0": [
        99.91622924804688,
        0.1873142570257187
    ],
    "par_1": [
        99.82136535644531,
        0.25701504945755005
    ],
    "fpr_0": [
        0.013937282375991344,
        0.031164713203907013
    ],
    "fpr_1": [
        0.01619493030011654,
        0.03621296584606171
    ],
    "tnr_0": [
        0.2599564790725708,
        0.5069734454154968
    ],
    "tnr_1": [
        0.647202730178833,
        0.6004378795623779
    ],
    "nar_0": [
        99.72610473632812,
        0.5379315614700317
    ],
    "nar_1": [
        99.33660125732422,
        0.6360852718353271
    ],
    "l0d1": [
        0.29952406883239746,
        0.0004854727303609252
    ]
}