{
    "cov": [
        0.3413778841495514,
        0.06812476366758347
    ],
    "acc": [
        0.7588328123092651,
        0.009526455774903297
    ],
    "neg_0": [
        0.06397915631532669,
        0.03288343548774719
    ],
    "neg_1": [
        0.07402653992176056,
        0.02956405095756054
    ],
    "pos_0": [
        0.24456198513507843,
        0.05684294551610947
    ],
    "pos_1": [
        0.2844007611274719,
        0.03487903252243996
    ],
    "abs_0": [
        0.6914588809013367,
        0.08799703419208527
    ],
    "abs_1": [
        0.6415727138519287,
        0.05942266061902046
    ],
    "tnr_0": [
        0.30879998207092285,
        0.06727064400911331
    ],
    "tnr_1": [
        0.40411376953125,
        0.04914870485663414
    ],
    "fpr_0": [
        0.03533786162734032,
        0.02022084780037403
    ],
    "fpr_1": [
        0.025869229808449745,
        0.01316594984382391
    ],
    "nar_0": [
        0.6558621525764465,
        0.08645439147949219
    ],
    "nar_1": [
        0.5700170397758484,
        0.05851765349507332
    ],
    "fnr_0": [
        0.1449129283428192,
        0.04133860394358635
    ],
    "fnr_1": [
        0.15435533225536346,
        0.019904850050807
    ],
    "tpr_0": [
        0.10796453803777695,
        0.05285659804940224
    ],
    "tpr_1": [
        0.1257728785276413,
        0.047646064311265945
    ],
    "par_0": [
        0.747122585773468,
        0.09013596177101135
    ],
    "par_1": [
        0.7198718190193176,
        0.06364335119724274
    ],
    "l0d1": [
        0.3428296446800232,
        0.008535299450159073
    ]
}