{
    "cov": [
        0.5046068429946899,
        0.07696781307458878
    ],
    "acc": [
        0.7323067784309387,
        0.014684373512864113
    ],
    "neg_0": [
        0.0768374428153038,
        0.028522688895463943
    ],
    "neg_1": [
        0.10025949776172638,
        0.029539205133914948
    ],
    "pos_0": [
        0.4291258752346039,
        0.08367586135864258
    ],
    "pos_1": [
        0.40366441011428833,
        0.0434689037501812
    ],
    "abs_0": [
        0.4940366744995117,
        0.10138652473688126
    ],
    "abs_1": [
        0.49607616662979126,
        0.06486079841852188
    ],
    "tnr_0": [
        0.5173594951629639,
        0.08949261903762817
    ],
    "tnr_1": [
        0.5510652661323547,
        0.055007848888635635
    ],
    "fpr_0": [
        0.03904794529080391,
        0.019721155986189842
    ],
    "fpr_1": [
        0.03863312676548958,
        0.017442574724555016
    ],
    "nar_0": [
        0.4435926079750061,
        0.1012948676943779
    ],
    "nar_1": [
        0.41030168533325195,
        0.06488621234893799
    ],
    "fnr_0": [
        0.29248467087745667,
        0.07485315948724747
    ],
    "fnr_1": [
        0.24334223568439484,
        0.03139451891183853
    ],
    "tpr_0": [
        0.13494552671909332,
        0.04275382310152054
    ],
    "tpr_1": [
        0.16724103689193726,
        0.043006740510463715
    ],
    "par_0": [
        0.5725697875022888,
        0.10215648263692856
    ],
    "par_1": [
        0.5894168019294739,
        0.0661044716835022
    ],
    "l0d1": [
        0.34492334723472595,
        0.0062634870409965515
    ]
}