{
    "cov": [
        0.5123452544212341,
        0.04840558022260666
    ],
    "acc": [
        0.7364412546157837,
        0.00983537919819355
    ],
    "neg_0": [
        0.0798376128077507,
        0.01736425794661045
    ],
    "neg_1": [
        0.11799905449151993,
        0.01902676746249199
    ],
    "pos_0": [
        0.4259014129638672,
        0.0941152349114418
    ],
    "pos_1": [
        0.39762774109840393,
        0.023947754874825478
    ],
    "abs_0": [
        0.4942609965801239,
        0.09891576319932938
    ],
    "abs_1": [
        0.48437318205833435,
        0.03053724765777588
    ],
    "tnr_0": [
        0.5209006071090698,
        0.10073868930339813
    ],
    "tnr_1": [
        0.5455603003501892,
        0.027651308104395866
    ],
    "fpr_0": [
        0.037605252116918564,
        0.01197612751275301
    ],
    "fpr_1": [
        0.04894401505589485,
        0.007919318974018097
    ],
    "nar_0": [
        0.4414942264556885,
        0.10460704565048218
    ],
    "nar_1": [
        0.4054957926273346,
        0.028515523299574852
    ],
    "fnr_0": [
        0.27786287665367126,
        0.08453421294689178
    ],
    "fnr_1": [
        0.23650693893432617,
        0.020600421354174614
    ],
    "tpr_0": [
        0.14510558545589447,
        0.027555840089917183
    ],
    "tpr_1": [
        0.1923995465040207,
        0.031115585938096046
    ],
    "par_0": [
        0.5770315527915955,
        0.09105678647756577
    ],
    "par_1": [
        0.5710934996604919,
        0.03787662088871002
    ],
    "l0d1": [
        0.3383016288280487,
        0.003682695096358657
    ]
}