{
    "cov": [
        0.5349200367927551,
        0.05339661240577698
    ],
    "acc": [
        0.7309781908988953,
        0.01043283473700285
    ],
    "neg_0": [
        0.10113859176635742,
        0.010851175524294376
    ],
    "neg_1": [
        0.13435493409633636,
        0.017794590443372726
    ],
    "pos_0": [
        0.4207352101802826,
        0.0803568884730339
    ],
    "pos_1": [
        0.4074878692626953,
        0.03446701169013977
    ],
    "abs_0": [
        0.47812619805336,
        0.0879359245300293
    ],
    "abs_1": [
        0.4581572711467743,
        0.04122252017259598
    ],
    "tnr_0": [
        0.5097953677177429,
        0.08721061795949936
    ],
    "tnr_1": [
        0.5514052510261536,
        0.04007219150662422
    ],
    "fpr_0": [
        0.0531773678958416,
        0.007238136138767004
    ],
    "fpr_1": [
        0.05326221510767937,
        0.010797190479934216
    ],
    "nar_0": [
        0.4370272755622864,
        0.08900238573551178
    ],
    "nar_1": [
        0.39533254504203796,
        0.0422799251973629
    ],
    "fnr_0": [
        0.28200849890708923,
        0.0704701691865921
    ],
    "fnr_1": [
        0.2509777247905731,
        0.029099546372890472
    ],
    "tpr_0": [
        0.17534759640693665,
        0.026141216978430748
    ],
    "tpr_1": [
        0.22217737138271332,
        0.02537389285862446
    ],
    "par_0": [
        0.5426439642906189,
        0.08965913951396942
    ],
    "par_1": [
        0.5268449187278748,
        0.04286441206932068
    ],
    "l0d1": [
        0.3450028598308563,
        0.0040885149501264095
    ]
}