{
    "cov": [
        0.5643981099128723,
        0.046827998012304306
    ],
    "acc": [
        0.7219125032424927,
        0.007668714039027691
    ],
    "neg_0": [
        0.10122495889663696,
        0.035174738615751266
    ],
    "neg_1": [
        0.14636710286140442,
        0.02252986654639244
    ],
    "pos_0": [
        0.42425552010536194,
        0.04391974210739136
    ],
    "pos_1": [
        0.4379750192165375,
        0.02577177807688713
    ],
    "abs_0": [
        0.4745195508003235,
        0.055274490267038345
    ],
    "abs_1": [
        0.41565796732902527,
        0.04468739405274391
    ],
    "tnr_0": [
        0.5162481665611267,
        0.05463169887661934
    ],
    "tnr_1": [
        0.58672034740448,
        0.029714832082390785
    ],
    "fpr_0": [
        0.051022518426179886,
        0.021970098838210106
    ],
    "fpr_1": [
        0.06622302532196045,
        0.01461532898247242
    ],
    "nar_0": [
        0.4327293336391449,
        0.05842794477939606
    ],
    "nar_1": [
        0.34705671668052673,
        0.04105539247393608
    ],
    "fnr_0": [
        0.28118962049484253,
        0.027808640152215958
    ],
    "fnr_1": [
        0.27610325813293457,
        0.021823860704898834
    ],
    "tpr_0": [
        0.17825673520565033,
        0.05705263838171959
    ],
    "tpr_1": [
        0.23349308967590332,
        0.031286679208278656
    ],
    "par_0": [
        0.5405536890029907,
        0.06553234905004501
    ],
    "par_1": [
        0.4904037117958069,
        0.04957101494073868
    ],
    "l0d1": [
        0.3486735224723816,
        0.002973009832203388
    ]
}