{
    "cov": [
        0.7016562819480896,
        0.03419193625450134
    ],
    "acc": [
        0.6990547776222229,
        0.0069002690725028515
    ],
    "neg_0": [
        0.12871363759040833,
        0.028559142723679543
    ],
    "neg_1": [
        0.17118380963802338,
        0.02960190922021866
    ],
    "pos_0": [
        0.5872551202774048,
        0.06671521067619324
    ],
    "pos_1": [
        0.5233146548271179,
        0.037323638796806335
    ],
    "abs_0": [
        0.2840312421321869,
        0.053410254418849945
    ],
    "abs_1": [
        0.3055015206336975,
        0.029803210869431496
    ],
    "tnr_0": [
        0.6808322072029114,
        0.06849657744169235
    ],
    "tnr_1": [
        0.6799895763397217,
        0.03653445839881897
    ],
    "fpr_0": [
        0.07281700521707535,
        0.022624816745519638
    ],
    "fpr_1": [
        0.07662532478570938,
        0.017118826508522034
    ],
    "nar_0": [
        0.24635079503059387,
        0.05226435884833336
    ],
    "nar_1": [
        0.24338512122631073,
        0.0284708421677351
    ],
    "fnr_0": [
        0.441091924905777,
        0.06478137522935867
    ],
    "fnr_1": [
        0.3530852794647217,
        0.03910443186759949
    ],
    "tpr_0": [
        0.21504448354244232,
        0.03944317251443863
    ],
    "tpr_1": [
        0.2737148702144623,
        0.04373661428689957
    ],
    "par_0": [
        0.3438636362552643,
        0.05927301570773125
    ],
    "par_1": [
        0.3731998801231384,
        0.03666828200221062
    ],
    "l0d1": [
        0.34607386589050293,
        0.0035619023256003857
    ]
}