{
    "cov": [
        0.7506194114685059,
        0.0632738396525383
    ],
    "acc": [
        0.683506190776825,
        0.008774041198194027
    ],
    "neg_0": [
        0.13413159549236298,
        0.017765020951628685
    ],
    "neg_1": [
        0.17168110609054565,
        0.017109569162130356
    ],
    "pos_0": [
        0.6229012608528137,
        0.0623258613049984
    ],
    "pos_1": [
        0.5757517218589783,
        0.04502003639936447
    ],
    "abs_0": [
        0.2429671287536621,
        0.07043839246034622
    ],
    "abs_1": [
        0.2525672912597656,
        0.06162315607070923
    ],
    "tnr_0": [
        0.7173954844474792,
        0.05937297269701958
    ],
    "tnr_1": [
        0.7228619456291199,
        0.0412713997066021
    ],
    "fpr_0": [
        0.07690296322107315,
        0.014526820741593838
    ],
    "fpr_1": [
        0.08268263190984726,
        0.008799602277576923
    ],
    "nar_0": [
        0.205701544880867,
        0.06450903415679932
    ],
    "nar_1": [
        0.19445548951625824,
        0.049461618065834045
    ],
    "fnr_0": [
        0.4757729470729828,
        0.06783438473939896
    ],
    "fnr_1": [
        0.416142076253891,
        0.04986296966671944
    ],
    "tpr_0": [
        0.22295914590358734,
        0.02889889106154442
    ],
    "tpr_1": [
        0.2679691016674042,
        0.027478300034999847
    ],
    "par_0": [
        0.30126798152923584,
        0.08301746845245361
    ],
    "par_1": [
        0.31588882207870483,
        0.07627306878566742
    ],
    "l0d1": [
        0.3570586144924164,
        0.0037305469159036875
    ]
}