{
    "cov": [
        46.254981994628906,
        0.3992636203765869
    ],
    "acc": [
        96.99163818359375,
        0.07827128469944
    ],
    "pos_0": [
        0.0,
        0.0
    ],
    "pos_1": [
        0.0,
        0.0
    ],
    "neg_0": [
        30.272985458374023,
        0.43649500608444214
    ],
    "neg_1": [
        79.26318359375,
        0.8004924058914185
    ],
    "abs_0": [
        69.72701263427734,
        0.43649569153785706
    ],
    "abs_1": [
        20.7368221282959,
        0.8004907369613647
    ],
    "tpr_0": [
        0.0,
        0.0
    ],
    "tpr_1": [
        0.0,
        0.0
    ],
    "fnr_0": [
        2.653515577316284,
        0.2164941132068634
    ],
    "fnr_1": [
        22.657093048095703,
        1.1453601121902466
    ],
    "par_0": [
        97.34648895263672,
        0.21649307012557983
    ],
    "par_1": [
        77.34291076660156,
        1.1453602313995361
    ],
    "fpr_0": [
        0.0,
        0.0
    ],
    "fpr_1": [
        0.0,
        0.0
    ],
    "tnr_0": [
        42.667049407958984,
        0.5406268239021301
    ],
    "tnr_1": [
        86.50138092041016,
        0.7587924599647522
    ],
    "nar_0": [
        57.33295440673828,
        0.5406268239021301
    ],
    "nar_1": [
        13.498623847961426,
        0.7587921023368835
    ],
    "l0d1": [
        0.09453520178794861,
        0.00013110916188452393
    ]
}