{
    "cov": [
        43.05312728881836,
        4.022091388702393
    ],
    "acc": [
        97.15083312988281,
        0.3127674162387848
    ],
    "pos_0": [
        1.4033703804016113,
        0.4197753071784973
    ],
    "pos_1": [
        0.325666606426239,
        0.14887785911560059
    ],
    "neg_0": [
        27.489898681640625,
        3.709946870803833
    ],
    "neg_1": [
        71.9723129272461,
        5.162939548492432
    ],
    "abs_0": [
        71.10673522949219,
        3.6155998706817627
    ],
    "abs_1": [
        27.702014923095703,
        5.11586332321167
    ],
    "tpr_0": [
        4.498886585235596,
        1.355221152305603
    ],
    "tpr_1": [
        2.8725316524505615,
        1.3131722211837769
    ],
    "fnr_0": [
        2.2271716594696045,
        0.6351404786109924
    ],
    "fnr_1": [
        20.682226181030273,
        3.159478187561035
    ],
    "par_0": [
        93.27394104003906,
        1.282888650894165
    ],
    "par_1": [
        76.44524383544922,
        2.856781005859375
    ],
    "fpr_0": [
        0.014277556911110878,
        0.0
    ],
    "fpr_1": [
        0.0,
        0.0
    ],
    "tnr_0": [
        38.826385498046875,
        5.091141700744629
    ],
    "tnr_1": [
        78.53076171875,
        5.429778099060059
    ],
    "nar_0": [
        61.159339904785156,
        5.091141700744629
    ],
    "nar_1": [
        21.469236373901367,
        5.429776191711426
    ],
    "l0d1": [
        0.11130908876657486,
        0.004608950577676296
    ]
}