{
    "cov": [
        49.776893615722656,
        0.3666701316833496
    ],
    "acc": [
        96.28433227539062,
        0.16159626841545105
    ],
    "pos_0": [
        0.0,
        0.0
    ],
    "pos_1": [
        0.0,
        0.0
    ],
    "neg_0": [
        34.48507308959961,
        0.7063230276107788
    ],
    "neg_1": [
        81.35965728759766,
        0.9866427183151245
    ],
    "abs_0": [
        65.51493072509766,
        0.706327497959137
    ],
    "abs_1": [
        18.64034080505371,
        0.9866418242454529
    ],
    "tpr_0": [
        0.0,
        0.0
    ],
    "tpr_1": [
        0.0,
        0.0
    ],
    "fnr_0": [
        4.282532691955566,
        0.545357882976532
    ],
    "fnr_1": [
        25.852783203125,
        1.3131721019744873
    ],
    "par_0": [
        95.71746826171875,
        0.545357346534729
    ],
    "par_1": [
        74.147216796875,
        1.3131731748580933
    ],
    "fpr_0": [
        0.0,
        0.0
    ],
    "fpr_1": [
        0.0,
        0.0
    ],
    "tnr_0": [
        48.038265228271484,
        0.7973468899726868
    ],
    "tnr_1": [
        88.4572982788086,
        0.9472843408584595
    ],
    "nar_0": [
        51.96173095703125,
        0.7973468899726868
    ],
    "nar_1": [
        11.542699813842773,
        0.947286069393158
    ],
    "l0d1": [
        0.10576199740171432,
        0.0004864821385126561
    ]
}