{
    "cov": [
        46.409034729003906,
        3.946934938430786
    ],
    "acc": [
        96.81183624267578,
        0.463569700717926
    ],
    "pos_0": [
        2.0124175548553467,
        0.3032274842262268
    ],
    "pos_1": [
        0.5332790613174438,
        0.11185533553361893
    ],
    "neg_0": [
        30.460235595703125,
        4.256836891174316
    ],
    "neg_1": [
        74.65907287597656,
        3.4143149852752686
    ],
    "abs_0": [
        67.52735137939453,
        4.283300876617432
    ],
    "abs_1": [
        24.807653427124023,
        3.369717597961426
    ],
    "tpr_0": [
        6.465160369873047,
        0.9789530634880066
    ],
    "tpr_1": [
        4.703770160675049,
        0.9866161942481995
    ],
    "fnr_0": [
        3.1689469814300537,
        1.2257912158966064
    ],
    "fnr_1": [
        22.33393096923828,
        2.3566088676452637
    ],
    "par_0": [
        90.36589813232422,
        1.5792438983917236
    ],
    "par_1": [
        72.96229553222656,
        2.1973559856414795
    ],
    "fpr_0": [
        0.014277556911110878,
        0.0
    ],
    "fpr_1": [
        0.0,
        0.0
    ],
    "tnr_0": [
        42.707027435302734,
        5.6223063468933105
    ],
    "tnr_1": [
        81.34986877441406,
        3.550847291946411
    ],
    "nar_0": [
        57.2786979675293,
        5.622307300567627
    ],
    "nar_1": [
        18.650136947631836,
        3.5508453845977783
    ],
    "l0d1": [
        0.11441848427057266,
        0.004021648783236742
    ]
}