{
    "cov": [
        0.467835396528244,
        0.044608164578676224
    ],
    "acc": [
        0.9619617462158203,
        0.007600085344165564
    ],
    "neg_0": [
        0.00141913874540478,
        0.0012632261496037245
    ],
    "neg_1": [
        0.0010991247836500406,
        0.0009824970038607717
    ],
    "pos_0": [
        0.32364246249198914,
        0.054951127618551254
    ],
    "pos_1": [
        0.761612057685852,
        0.027493342757225037
    ],
    "abs_0": [
        0.6749383807182312,
        0.05551539734005928
    ],
    "abs_1": [
        0.23728883266448975,
        0.027900949120521545
    ],
    "tnr_0": [
        0.45002856850624084,
        0.06943482160568237
    ],
    "tnr_1": [
        0.8270431756973267,
        0.028607115149497986
    ],
    "fpr_0": [
        0.00011422044917708263,
        6.385117740137503e-05
    ],
    "fpr_1": [
        0.0,
        0.0
    ],
    "nar_0": [
        0.5498572587966919,
        0.06947063654661179
    ],
    "nar_1": [
        0.17295685410499573,
        0.028607118874788284
    ],
    "fnr_0": [
        0.04199809208512306,
        0.022864922881126404
    ],
    "fnr_1": [
        0.24991023540496826,
        0.02129569835960865
    ],
    "tpr_0": [
        0.004327076021581888,
        0.0040094139985740185
    ],
    "tpr_1": [
        0.009694794192910194,
        0.008666081354022026
    ],
    "par_0": [
        0.9536749124526978,
        0.02461390569806099
    ],
    "par_1": [
        0.7403950095176697,
        0.026404203847050667
    ],
    "l0d1": [
        0.12532579898834229,
        0.0038342042826116085
    ]
}