{
    "cov": [
        54.035865783691406,
        1.4170870780944824
    ],
    "acc": [
        95.63697814941406,
        0.3226771652698517
    ],
    "pos_0": [
        2.3455207347869873,
        0.2342536449432373
    ],
    "pos_1": [
        0.5821290612220764,
        0.13924390077590942
    ],
    "neg_0": [
        38.364051818847656,
        1.6010017395019531
    ],
    "neg_1": [
        80.97700500488281,
        0.8326081037521362
    ],
    "abs_0": [
        59.29043197631836,
        1.740140676498413
    ],
    "abs_1": [
        18.44087028503418,
        0.7944648265838623
    ],
    "tpr_0": [
        7.540566444396973,
        0.7562751770019531
    ],
    "tpr_1": [
        5.098743438720703,
        1.1745370626449585
    ],
    "fnr_0": [
        6.547884464263916,
        1.035731315612793
    ],
    "fnr_1": [
        26.678638458251953,
        0.8088963031768799
    ],
    "par_0": [
        85.91155242919922,
        1.5894684791564941
    ],
    "par_1": [
        68.22261810302734,
        0.8516011238098145
    ],
    "fpr_0": [
        0.014277556911110878,
        0.0
    ],
    "fpr_1": [
        0.004591368138790131,
        0.010266611352562904
    ],
    "tnr_0": [
        52.6413459777832,
        1.8549020290374756
    ],
    "tnr_1": [
        87.92010498046875,
        0.8477559089660645
    ],
    "nar_0": [
        47.3443717956543,
        1.8549003601074219
    ],
    "nar_1": [
        12.075298309326172,
        0.8456722497940063
    ],
    "l0d1": [
        0.11984964460134506,
        0.0006389804766513407
    ]
}