{
    "cov": [
        55.794158935546875,
        0.5224128365516663
    ],
    "acc": [
        94.94725799560547,
        0.0929102823138237
    ],
    "pos_0": [
        0.0,
        0.0
    ],
    "pos_1": [
        0.0,
        0.0
    ],
    "neg_0": [
        41.97496795654297,
        0.6410152912139893
    ],
    "neg_1": [
        84.33544158935547,
        0.5460830926895142
    ],
    "abs_0": [
        58.0250358581543,
        0.6410152912139893
    ],
    "abs_1": [
        15.664563179016113,
        0.5460834503173828
    ],
    "tpr_0": [
        0.0,
        0.0
    ],
    "tpr_1": [
        0.0,
        0.0
    ],
    "fnr_0": [
        8.170538902282715,
        0.30633464455604553
    ],
    "fnr_1": [
        30.12567138671875,
        0.8553773760795593
    ],
    "par_0": [
        91.82946014404297,
        0.30633482336997986
    ],
    "par_1": [
        69.87432861328125,
        0.8553764820098877
    ],
    "fpr_0": [
        0.0,
        0.0
    ],
    "fpr_1": [
        0.0,
        0.0
    ],
    "tnr_0": [
        57.14448928833008,
        0.8261632323265076
    ],
    "tnr_1": [
        91.2672119140625,
        0.509104311466217
    ],
    "nar_0": [
        42.85551071166992,
        0.8261632323265076
    ],
    "nar_1": [
        8.732782363891602,
        0.5091040134429932
    ],
    "l0d1": [
        0.1259993314743042,
        0.0006846743635833263
    ]
}