{
    "cov": [
        0.5100266337394714,
        0.03986169025301933
    ],
    "acc": [
        0.9550661444664001,
        0.008572565391659737
    ],
    "neg_0": [
        0.001852764398790896,
        0.0016393321566283703
    ],
    "neg_1": [
        0.0014247914077714086,
        0.0010278347181156278
    ],
    "pos_0": [
        0.3727998435497284,
        0.048376403748989105
    ],
    "pos_1": [
        0.7881945967674255,
        0.021094121038913727
    ],
    "abs_0": [
        0.625347375869751,
        0.04909690469503403
    ],
    "abs_1": [
        0.21038059890270233,
        0.021272094920277596
    ],
    "tnr_0": [
        0.5119931101799011,
        0.05863272398710251
    ],
    "tnr_1": [
        0.8541781306266785,
        0.021086210384964943
    ],
    "fpr_0": [
        0.00011422044917708263,
        6.385117740137503e-05
    ],
    "fpr_1": [
        0.0,
        0.0
    ],
    "nar_0": [
        0.48789262771606445,
        0.0586819127202034
    ],
    "nar_1": [
        0.14582185447216034,
        0.021086204797029495
    ],
    "fnr_0": [
        0.06261533498764038,
        0.025753283873200417
    ],
    "fnr_1": [
        0.27217236161231995,
        0.02262403443455696
    ],
    "tpr_0": [
        0.005727012641727924,
        0.0052183326333761215
    ],
    "tpr_1": [
        0.012567325495183468,
        0.009065983816981316
    ],
    "par_0": [
        0.9316577315330505,
        0.028327979147434235
    ],
    "par_1": [
        0.7152603268623352,
        0.02544056437909603
    ],
    "l0d1": [
        0.1326659470796585,
        0.0029360803309828043
    ]
}