{
    "cov": [
        0.5290438532829285,
        0.04058621823787689
    ],
    "acc": [
        0.9504586458206177,
        0.009785467758774757
    ],
    "neg_0": [
        0.002089287620037794,
        0.0017662417376413941
    ],
    "neg_1": [
        0.0015062079764902592,
        0.001082795555703342
    ],
    "pos_0": [
        0.39440229535102844,
        0.050232596695423126
    ],
    "pos_1": [
        0.8013027310371399,
        0.019415244460105896
    ],
    "abs_0": [
        0.603508472442627,
        0.05095318704843521
    ],
    "abs_1": [
        0.19719113409519196,
        0.019520055502653122
    ],
    "tnr_0": [
        0.5370645523071289,
        0.05930091068148613
    ],
    "tnr_1": [
        0.8674473166465759,
        0.01890743523836136
    ],
    "fpr_0": [
        0.00011422044917708263,
        6.385117740137503e-05
    ],
    "fpr_1": [
        0.0,
        0.0
    ],
    "nar_0": [
        0.46282124519348145,
        0.059349533170461655
    ],
    "nar_1": [
        0.13255278766155243,
        0.01890743523836136
    ],
    "fnr_0": [
        0.07648743689060211,
        0.030484849587082863
    ],
    "fnr_1": [
        0.2840215563774109,
        0.02501896396279335
    ],
    "tpr_0": [
        0.006490613799542189,
        0.005622657481580973
    ],
    "tpr_1": [
        0.013285458087921143,
        0.009550762362778187
    ],
    "par_0": [
        0.9170219302177429,
        0.03279624134302139
    ],
    "par_1": [
        0.7026930451393127,
        0.026977816596627235
    ],
    "l0d1": [
        0.13690094649791718,
        0.0027231897693127394
    ]
}