{
    "cov": [
        59.39973831176758,
        1.4824358224868774
    ],
    "acc": [
        94.4513931274414,
        0.25822460651397705
    ],
    "pos_0": [
        2.7436680793762207,
        0.3085615038871765
    ],
    "pos_1": [
        0.736820638179779,
        0.0582854300737381
    ],
    "neg_0": [
        44.66936111450195,
        1.7405757904052734
    ],
    "neg_1": [
        83.41950225830078,
        0.7835171222686768
    ],
    "abs_0": [
        52.58697509765625,
        1.8735638856887817
    ],
    "abs_1": [
        15.843680381774902,
        0.7795403003692627
    ],
    "tpr_0": [
        8.819599151611328,
        1.00295889377594
    ],
    "tpr_1": [
        6.46319580078125,
        0.45772162079811096
    ],
    "fnr_0": [
        10.512248992919922,
        1.0316182374954224
    ],
    "fnr_1": [
        29.62298011779785,
        0.7402344942092896
    ],
    "par_0": [
        80.66815185546875,
        1.715686321258545
    ],
    "par_1": [
        63.913818359375,
        0.8703182339668274
    ],
    "fpr_0": [
        0.017133068293333054,
        0.006385117303580046
    ],
    "fpr_1": [
        0.004591368138790131,
        0.010266611352562904
    ],
    "tnr_0": [
        59.99714279174805,
        2.0735020637512207
    ],
    "tnr_1": [
        90.29843139648438,
        0.792026937007904
    ],
    "nar_0": [
        39.985721588134766,
        2.0739269256591797
    ],
    "nar_1": [
        9.696969985961914,
        0.7870215177536011
    ],
    "l0d1": [
        0.13245871663093567,
        0.0013793619582429528
    ]
}