{
    "cov": [
        0.5575299263000488,
        0.03958816081285477
    ],
    "acc": [
        0.9438862204551697,
        0.011244070716202259
    ],
    "neg_0": [
        0.002365231281146407,
        0.001984530594199896
    ],
    "neg_1": [
        0.0015469163190573454,
        0.0010537088382989168
    ],
    "pos_0": [
        0.42859959602355957,
        0.05007797107100487
    ],
    "pos_1": [
        0.8173824548721313,
        0.017140088602900505
    ],
    "abs_0": [
        0.5690352320671082,
        0.05086158961057663
    ],
    "abs_1": [
        0.18107062578201294,
        0.017085740342736244
    ],
    "tnr_0": [
        0.5770131349563599,
        0.05668031796813011
    ],
    "tnr_1": [
        0.8833333253860474,
        0.015821421518921852
    ],
    "fpr_0": [
        0.00011422044917708263,
        6.385117740137503e-05
    ],
    "fpr_1": [
        0.0,
        0.0
    ],
    "nar_0": [
        0.4228726327419281,
        0.05673164129257202
    ],
    "nar_1": [
        0.11666667461395264,
        0.015821414068341255
    ],
    "fnr_0": [
        0.09786827862262726,
        0.03603418543934822
    ],
    "fnr_1": [
        0.30161580443382263,
        0.029143063351511955
    ],
    "tpr_0": [
        0.007381482515484095,
        0.006325052119791508
    ],
    "tpr_1": [
        0.013644523918628693,
        0.009294204413890839
    ],
    "par_0": [
        0.8947502374649048,
        0.03872201219201088
    ],
    "par_1": [
        0.6847397685050964,
        0.0292974766343832
    ],
    "l0d1": [
        0.14225099980831146,
        0.0022131181322038174
    ]
}