{
    "cov": [
        69.39044189453125,
        2.504145622253418
    ],
    "acc": [
        91.57406616210938,
        0.821575403213501
    ],
    "pos_0": [
        3.701586961746216,
        0.6015908718109131
    ],
    "pos_1": [
        0.9118664860725403,
        0.08563274145126343
    ],
    "neg_0": [
        56.38711166381836,
        2.928720474243164
    ],
    "neg_1": [
        87.68980407714844,
        0.9113358855247498
    ],
    "abs_0": [
        39.91130447387695,
        3.340040445327759
    ],
    "abs_1": [
        11.398331642150879,
        0.9349629878997803
    ],
    "tpr_0": [
        11.77219295501709,
        1.8422136306762695
    ],
    "tpr_1": [
        7.9712748527526855,
        0.690678060054779
    ],
    "fnr_0": [
        21.069042205810547,
        3.2514147758483887
    ],
    "fnr_1": [
        38.56373596191406,
        2.8170132637023926
    ],
    "par_0": [
        67.15876770019531,
        4.66195821762085
    ],
    "par_1": [
        53.46499252319336,
        3.005236864089966
    ],
    "fpr_0": [
        0.07995431870222092,
        0.04904501512646675
    ],
    "fpr_1": [
        0.009182736277580261,
        0.012573979794979095
    ],
    "tnr_0": [
        72.2358627319336,
        2.7865827083587646
    ],
    "tnr_1": [
        93.97152709960938,
        0.6826717257499695
    ],
    "nar_0": [
        27.684179306030273,
        2.817747116088867
    ],
    "nar_1": [
        6.019283771514893,
        0.6810873746871948
    ],
    "l0d1": [
        0.1518000066280365,
        0.0004960925434716046
    ]
}