{
    "cov": [
        65.92298126220703,
        0.9332612752914429
    ],
    "acc": [
        91.84294891357422,
        0.32991302013397217
    ],
    "pos_0": [
        0.0,
        0.0
    ],
    "pos_1": [
        0.0,
        0.0
    ],
    "neg_0": [
        55.38188552856445,
        1.2025401592254639
    ],
    "neg_1": [
        87.6938705444336,
        0.46114540100097656
    ],
    "abs_0": [
        44.61811447143555,
        1.2025401592254639
    ],
    "abs_1": [
        12.306127548217773,
        0.46114611625671387
    ],
    "tpr_0": [
        0.0,
        0.0
    ],
    "tpr_1": [
        0.0,
        0.0
    ],
    "fnr_0": [
        19.14731216430664,
        1.2873786687850952
    ],
    "fnr_1": [
        37.41472244262695,
        0.9030359983444214
    ],
    "par_0": [
        80.8526840209961,
        1.2873785495758057
    ],
    "par_1": [
        62.58527755737305,
        0.9030359983444214
    ],
    "fpr_0": [
        0.0,
        0.0
    ],
    "fpr_1": [
        0.0,
        0.0
    ],
    "tnr_0": [
        71.64192199707031,
        1.1669414043426514
    ],
    "tnr_1": [
        94.123046875,
        0.4116264581680298
    ],
    "nar_0": [
        28.358081817626953,
        1.1669402122497559
    ],
    "nar_1": [
        5.876951217651367,
        0.41162580251693726
    ],
    "l0d1": [
        0.1575201004743576,
        0.00030255469027906656
    ]
}