{
    "cov": [
        72.93891906738281,
        1.9037848711013794
    ],
    "acc": [
        90.43944549560547,
        0.6303938031196594
    ],
    "pos_0": [
        4.111560344696045,
        0.37973588705062866
    ],
    "pos_1": [
        0.9240790605545044,
        0.10338634252548218
    ],
    "neg_0": [
        60.66817855834961,
        2.4374570846557617
    ],
    "neg_1": [
        88.86627197265625,
        0.9344061017036438
    ],
    "abs_0": [
        35.22026062011719,
        2.4490966796875
    ],
    "abs_1": [
        10.209648132324219,
        0.9806607961654663
    ],
    "tpr_0": [
        12.987591743469238,
        1.1118571758270264
    ],
    "tpr_1": [
        8.078994750976562,
        0.8420854210853577
    ],
    "fnr_0": [
        25.669742584228516,
        2.7322957515716553
    ],
    "fnr_1": [
        42.26211929321289,
        2.4040024280548096
    ],
    "par_0": [
        61.3426628112793,
        2.8337457180023193
    ],
    "par_1": [
        49.65888595581055,
        2.8147239685058594
    ],
    "fpr_0": [
        0.12849800288677216,
        0.05245909094810486
    ],
    "fpr_1": [
        0.009182736277580261,
        0.012573979794979095
    ],
    "tnr_0": [
        76.37349700927734,
        2.3084495067596436
    ],
    "tnr_1": [
        94.82552337646484,
        0.7520959377288818
    ],
    "nar_0": [
        23.498001098632812,
        2.3131930828094482
    ],
    "nar_1": [
        5.165289402008057,
        0.7512887120246887
    ],
    "l0d1": [
        0.1554080694913864,
        0.0009772818302735686
    ]
}