{
    "cov": [
        0.6949402689933777,
        0.04108916223049164
    ],
    "acc": [
        0.9024913907051086,
        0.014746692962944508
    ],
    "neg_0": [
        0.004040603060275316,
        0.0024696881882846355
    ],
    "neg_1": [
        0.0021982495673000813,
        0.001505382708273828
    ],
    "pos_0": [
        0.5968660712242126,
        0.0546659491956234
    ],
    "pos_1": [
        0.8869529962539673,
        0.016017546877264977
    ],
    "abs_0": [
        0.3990933299064636,
        0.053580448031425476
    ],
    "abs_1": [
        0.11084876209497452,
        0.01571665331721306
    ],
    "tnr_0": [
        0.7533124089241028,
        0.05245835334062576
    ],
    "tnr_1": [
        0.9438017010688782,
        0.012046772055327892
    ],
    "fpr_0": [
        0.00017133068467956036,
        0.00011945460573770106
    ],
    "fpr_1": [
        0.0,
        0.0
    ],
    "nar_0": [
        0.24651627242565155,
        0.052515558898448944
    ],
    "nar_1": [
        0.056198347359895706,
        0.012046764604747295
    ],
    "fnr_0": [
        0.24823418259620667,
        0.05971824377775192
    ],
    "fnr_1": [
        0.44236984848976135,
        0.04894707724452019
    ],
    "tpr_0": [
        0.012663060799241066,
        0.007920387201011181
    ],
    "tpr_1": [
        0.01938958652317524,
        0.013278177939355373
    ],
    "par_0": [
        0.7391027808189392,
        0.0567471869289875
    ],
    "par_1": [
        0.5382405519485474,
        0.04869620501995087
    ],
    "l0d1": [
        0.1697748750448227,
        0.0008190200314857066
    ]
}