{
    "cov": [
        73.66534423828125,
        4.380416393280029
    ],
    "acc": [
        89.91524505615234,
        0.7086879014968872
    ],
    "pos_0": [
        2.637232542037964,
        3.761366128921509
    ],
    "pos_1": [
        0.8508039712905884,
        1.2054064273834229
    ],
    "neg_0": [
        62.50912094116211,
        2.665273427963257
    ],
    "neg_1": [
        90.40911865234375,
        1.26092529296875
    ],
    "abs_0": [
        34.8536491394043,
        5.428666591644287
    ],
    "abs_1": [
        8.74007797241211,
        2.3277101516723633
    ],
    "tpr_0": [
        8.055997848510742,
        11.362058639526367
    ],
    "tpr_1": [
        7.181328773498535,
        10.095451354980469
    ],
    "fnr_0": [
        26.999683380126953,
        3.172879934310913
    ],
    "fnr_1": [
        46.140037536621094,
        4.633209705352783
    ],
    "par_0": [
        64.94432067871094,
        13.281465530395508
    ],
    "par_1": [
        46.67863464355469,
        14.03577709197998
    ],
    "fpr_0": [
        0.20559680461883545,
        0.4135071933269501
    ],
    "fpr_1": [
        0.041322316974401474,
        0.08018479496240616
    ],
    "tnr_0": [
        78.4437484741211,
        2.4671578407287598
    ],
    "tnr_1": [
        96.06978607177734,
        0.8339680433273315
    ],
    "nar_0": [
        21.350656509399414,
        2.6005263328552246
    ],
    "nar_1": [
        3.8888890743255615,
        0.8735070824623108
    ],
    "l0d1": [
        0.16402657330036163,
        0.007038639392703772
    ]
}