{
    "cov": [
        77.3612289428711,
        3.648232936859131
    ],
    "acc": [
        88.10907745361328,
        0.22369804978370667
    ],
    "pos_0": [
        1.663545846939087,
        3.719801664352417
    ],
    "pos_1": [
        0.4600040912628174,
        1.0286004543304443
    ],
    "neg_0": [
        68.50695037841797,
        1.1274226903915405
    ],
    "neg_1": [
        91.75249481201172,
        0.5054606795310974
    ],
    "abs_0": [
        29.82950782775879,
        4.714149475097656
    ],
    "abs_1": [
        7.787502288818359,
        1.4936821460723877
    ],
    "tpr_0": [
        4.912503719329834,
        10.984692573547363
    ],
    "tpr_1": [
        3.842010974884033,
        8.590997695922852
    ],
    "fnr_0": [
        34.470252990722656,
        1.4660921096801758
    ],
    "fnr_1": [
        51.56193923950195,
        2.599825382232666
    ],
    "par_0": [
        60.617244720458984,
        12.247817039489746
    ],
    "par_1": [
        44.59605026245117,
        11.027490615844727
    ],
    "fpr_0": [
        0.20559680461883545,
        0.4597284197807312
    ],
    "fpr_1": [
        0.027548208832740784,
        0.061599668115377426
    ],
    "tnr_0": [
        83.78070068359375,
        0.9765779376029968
    ],
    "tnr_1": [
        96.89165496826172,
        0.24435846507549286
    ],
    "nar_0": [
        16.01370620727539,
        1.3886198997497559
    ],
    "nar_1": [
        3.080808162689209,
        0.2964012026786804
    ],
    "l0d1": [
        0.17439371347427368,
        0.007430674508213997
    ]
}