{
    "cov": [
        83.96282196044922,
        1.102729320526123
    ],
    "acc": [
        86.8258285522461,
        0.41776779294013977
    ],
    "pos_0": [
        5.804671764373779,
        0.47176143527030945
    ],
    "pos_1": [
        1.4044373035430908,
        0.15700434148311615
    ],
    "neg_0": [
        72.2420425415039,
        1.264408826828003
    ],
    "neg_1": [
        94.7771224975586,
        0.35796499252319336
    ],
    "abs_0": [
        21.953285217285156,
        1.4910041093826294
    ],
    "abs_1": [
        3.818441152572632,
        0.4270980656147003
    ],
    "tpr_0": [
        17.671016693115234,
        1.2191665172576904
    ],
    "tpr_1": [
        12.136445045471191,
        1.316848874092102
    ],
    "fnr_0": [
        40.38180160522461,
        1.9834356307983398
    ],
    "fnr_1": [
        65.02693176269531,
        2.2112503051757812
    ],
    "par_0": [
        41.94718551635742,
        2.7126076221466064
    ],
    "par_1": [
        22.836626052856445,
        2.8055477142333984
    ],
    "fpr_0": [
        0.4797258973121643,
        0.14010931551456451
    ],
    "fpr_1": [
        0.032139576971530914,
        0.02617482654750347
    ],
    "tnr_0": [
        86.53911590576172,
        0.9455258250236511
    ],
    "tnr_1": [
        98.58126831054688,
        0.13127672672271729
    ],
    "nar_0": [
        12.981154441833496,
        0.9793614149093628
    ],
    "nar_1": [
        1.386593222618103,
        0.14663653075695038
    ],
    "l0d1": [
        0.1708904206752777,
        0.000867210968863219
    ]
}