{
    "cov": [
        80.66268920898438,
        4.328948974609375
    ],
    "acc": [
        86.74073028564453,
        0.5059611797332764
    ],
    "pos_0": [
        1.673401117324829,
        3.7418384552001953
    ],
    "pos_1": [
        0.44779157638549805,
        1.00129234790802
    ],
    "neg_0": [
        72.89051055908203,
        1.9760372638702393
    ],
    "neg_1": [
        92.81090545654297,
        0.6488507390022278
    ],
    "abs_0": [
        25.43609046936035,
        5.6493964195251465
    ],
    "abs_1": [
        6.741298675537109,
        1.6164846420288086
    ],
    "tpr_0": [
        4.925230979919434,
        11.013151168823242
    ],
    "tpr_1": [
        3.7701973915100098,
        8.43041706085205
    ],
    "fnr_0": [
        40.865413665771484,
        3.0421693325042725
    ],
    "fnr_1": [
        56.157989501953125,
        3.919830799102783
    ],
    "par_0": [
        54.2093505859375,
        13.909034729003906
    ],
    "par_1": [
        40.071815490722656,
        12.08313274383545
    ],
    "fpr_0": [
        0.21416333317756653,
        0.4788837730884552
    ],
    "fpr_1": [
        0.022956840693950653,
        0.05133305490016937
    ],
    "tnr_0": [
        87.26155853271484,
        1.500482201576233
    ],
    "tnr_1": [
        97.4977035522461,
        0.2461858093738556
    ],
    "nar_0": [
        12.524271965026855,
        1.9623044729232788
    ],
    "nar_1": [
        2.4793388843536377,
        0.2926434278488159
    ],
    "l0d1": [
        0.18205030262470245,
        0.007049255538731813
    ]
}