{
    "cov": [
        0.9297147989273071,
        0.3151409924030304
    ],
    "acc": [
        89.59224700927734,
        4.273108005523682
    ],
    "pos_0": [
        0.13892678916454315,
        0.15262006223201752
    ],
    "pos_1": [
        0.22070150077342987,
        0.10581355541944504
    ],
    "neg_0": [
        0.056282706558704376,
        0.0786079540848732
    ],
    "neg_1": [
        1.0892621278762817,
        0.3636307120323181
    ],
    "abs_0": [
        99.80479431152344,
        0.20990963280200958
    ],
    "abs_1": [
        98.6900405883789,
        0.40426889061927795
    ],
    "tpr_0": [
        0.31168460845947266,
        0.2937256395816803
    ],
    "tpr_1": [
        0.37089118361473083,
        0.1628669649362564
    ],
    "fnr_0": [
        0.019900498911738396,
        0.04449886456131935
    ],
    "fnr_1": [
        0.28015515208244324,
        0.11140111833810806
    ],
    "par_0": [
        99.66841888427734,
        0.3365866541862488
    ],
    "par_1": [
        99.34895324707031,
        0.2510327100753784
    ],
    "fpr_0": [
        0.02709517814218998,
        0.060586657375097275
    ],
    "fpr_1": [
        0.08207099884748459,
        0.05770052224397659
    ],
    "tnr_0": [
        0.0820649191737175,
        0.12383346259593964
    ],
    "tnr_1": [
        1.8357969522476196,
        0.6162669658660889
    ],
    "nar_0": [
        99.89083862304688,
        0.1495307832956314
    ],
    "nar_1": [
        98.08213806152344,
        0.6310617923736572
    ],
    "l0d1": [
        0.19939318299293518,
        0.00019722493016161025
    ]
}