{
    "cov": [
        61.30828094482422,
        4.903736591339111
    ],
    "acc": [
        67.89389038085938,
        1.2972904443740845
    ],
    "pos_0": [
        17.86148452758789,
        2.0885214805603027
    ],
    "pos_1": [
        16.536701202392578,
        3.0814249515533447
    ],
    "neg_0": [
        39.481651306152344,
        2.962275981903076
    ],
    "neg_1": [
        46.675621032714844,
        7.450841903686523
    ],
    "abs_0": [
        42.65686798095703,
        3.985069751739502
    ],
    "abs_1": [
        36.78767395019531,
        7.948165416717529
    ],
    "tpr_0": [
        27.63321304321289,
        2.8496487140655518
    ],
    "tpr_1": [
        26.08477210998535,
        4.4899187088012695
    ],
    "fnr_0": [
        28.578847885131836,
        3.9317820072174072
    ],
    "fnr_1": [
        34.299278259277344,
        7.079628944396973
    ],
    "par_0": [
        43.787940979003906,
        5.249889373779297
    ],
    "par_1": [
        39.615943908691406,
        8.114912986755371
    ],
    "fpr_0": [
        11.044079780578613,
        1.8892691135406494
    ],
    "fpr_1": [
        7.98929500579834,
        2.0034656524658203
    ],
    "tnr_0": [
        47.05410385131836,
        4.261669158935547
    ],
    "tnr_1": [
        57.7255859375,
        7.8497724533081055
    ],
    "nar_0": [
        41.90181350708008,
        4.338018417358398
    ],
    "nar_1": [
        34.28512954711914,
        8.121009826660156
    ]
}