{
    "cov": [
        0.39369192719459534,
        0.02513730153441429
    ],
    "acc": [
        0.9584326148033142,
        0.004483896307647228
    ],
    "neg_0": [
        0.007351926062256098,
        0.0008204064215533435
    ],
    "neg_1": [
        0.002971707610413432,
        0.0006207185215316713
    ],
    "pos_0": [
        0.3629250228404999,
        0.021538427099585533
    ],
    "pos_1": [
        0.43907999992370605,
        0.031278397887945175
    ],
    "abs_0": [
        0.629723072052002,
        0.0220101960003376
    ],
    "abs_1": [
        0.5579482913017273,
        0.03163662180304527
    ],
    "tnr_0": [
        0.49600228667259216,
        0.026302702724933624
    ],
    "tnr_1": [
        0.4865013659000397,
        0.03461896628141403
    ],
    "fpr_0": [
        0.00014277557784225792,
        0.0
    ],
    "fpr_1": [
        0.0,
        0.0
    ],
    "nar_0": [
        0.5038549304008484,
        0.026302684098482132
    ],
    "nar_1": [
        0.5134986042976379,
        0.034618962556123734
    ],
    "fnr_0": [
        0.06636971235275269,
        0.011337656527757645
    ],
    "fnr_1": [
        0.06822261959314346,
        0.009414800442755222
    ],
    "tpr_0": [
        0.023417117074131966,
        0.002648635534569621
    ],
    "tpr_1": [
        0.026211848482489586,
        0.0054750265553593636
    ],
    "par_0": [
        0.9102131724357605,
        0.012520996853709221
    ],
    "par_1": [
        0.9055654406547546,
        0.009030358865857124
    ],
    "l0d1": [
        0.15286023914813995,
        0.00333798723295331
    ]
}