{
    "cov": [
        0.43500667810440063,
        0.038298267871141434
    ],
    "acc": [
        0.9501745104789734,
        0.00746876047924161
    ],
    "neg_0": [
        0.007075983565300703,
        0.0003370973572600633
    ],
    "neg_1": [
        0.002808874472975731,
        0.0002653858973644674
    ],
    "pos_0": [
        0.39871883392333984,
        0.034587252885103226
    ],
    "pos_1": [
        0.49253007769584656,
        0.046615347266197205
    ],
    "abs_0": [
        0.5942052006721497,
        0.03452127426862717
    ],
    "abs_1": [
        0.5046610832214355,
        0.0464898981153965
    ],
    "tnr_0": [
        0.5379783511161804,
        0.04080808535218239
    ],
    "tnr_1": [
        0.5438017249107361,
        0.049194734543561935
    ],
    "fpr_0": [
        0.00014277557784225792,
        0.0
    ],
    "fpr_1": [
        0.0,
        0.0
    ],
    "nar_0": [
        0.4618789851665497,
        0.040808092802762985
    ],
    "nar_1": [
        0.4561983048915863,
        0.04919475317001343
    ],
    "fnr_0": [
        0.0883868932723999,
        0.02088957093656063
    ],
    "fnr_1": [
        0.0915619358420372,
        0.02713862992823124
    ],
    "tpr_0": [
        0.022526247426867485,
        0.0010882990900427103
    ],
    "tpr_1": [
        0.024775583297014236,
        0.0023408271372318268
    ],
    "par_0": [
        0.8890868425369263,
        0.020611749961972237
    ],
    "par_1": [
        0.8836625218391418,
        0.026398098096251488
    ],
    "l0d1": [
        0.1543193906545639,
        0.0037549545522779226
    ]
}