{
    "cov": [
        0.5191235542297363,
        0.017643943428993225
    ],
    "acc": [
        0.9343578219413757,
        0.002292935736477375
    ],
    "neg_0": [
        0.007805262692272663,
        0.0012493099784478545
    ],
    "neg_1": [
        0.0031752493232488632,
        0.0008825355907902122
    ],
    "pos_0": [
        0.4729870855808258,
        0.01326816063374281
    ],
    "pos_1": [
        0.5951150059700012,
        0.025803009048104286
    ],
    "abs_0": [
        0.5192076563835144,
        0.013684187084436417
    ],
    "abs_1": [
        0.40170976519584656,
        0.026235012337565422
    ],
    "tnr_0": [
        0.6225585341453552,
        0.015080773271620274
    ],
    "tnr_1": [
        0.6542699933052063,
        0.02804449014365673
    ],
    "fpr_0": [
        0.00011422044917708263,
        6.385117740137503e-05
    ],
    "fpr_1": [
        0.0,
        0.0
    ],
    "nar_0": [
        0.3773272633552551,
        0.01504992600530386
    ],
    "nar_1": [
        0.3457300364971161,
        0.02804448828101158
    ],
    "fnr_0": [
        0.13967546820640564,
        0.009723646566271782
    ],
    "fnr_1": [
        0.13249550759792328,
        0.008922629989683628
    ],
    "tpr_0": [
        0.02494432032108307,
        0.0039649829268455505
    ],
    "tpr_1": [
        0.028007179498672485,
        0.007784374989569187
    ],
    "par_0": [
        0.8353801965713501,
        0.0116503294557333
    ],
    "par_1": [
        0.8394972681999207,
        0.014728299342095852
    ],
    "l0d1": [
        0.164841890335083,
        0.00270262872800231
    ]
}