{
    "cov": [
        45.4608268737793,
        9.536360740661621
    ],
    "acc": [
        91.8438949584961,
        2.3467249870300293
    ],
    "pos_0": [
        0.04139154776930809,
        0.06842043995857239
    ],
    "pos_1": [
        0.00814166571944952,
        0.018205316737294197
    ],
    "neg_0": [
        43.47294998168945,
        9.047479629516602
    ],
    "neg_1": [
        49.47282791137695,
        10.544984817504883
    ],
    "abs_0": [
        56.48565673828125,
        9.050670623779297
    ],
    "abs_1": [
        50.5190315246582,
        10.547168731689453
    ],
    "tpr_0": [
        0.13363029062747955,
        0.2208915650844574
    ],
    "tpr_1": [
        0.07181328535079956,
        0.1605793833732605
    ],
    "fnr_0": [
        16.24562644958496,
        7.721332550048828
    ],
    "fnr_1": [
        13.39317798614502,
        6.965564727783203
    ],
    "par_0": [
        83.62074279785156,
        7.721097469329834
    ],
    "par_1": [
        86.5350112915039,
        6.972962856292725
    ],
    "fpr_0": [
        0.0,
        0.0
    ],
    "fpr_1": [
        0.0,
        0.0
    ],
    "tnr_0": [
        55.691036224365234,
        9.661298751831055
    ],
    "tnr_1": [
        54.0863151550293,
        11.008360862731934
    ],
    "nar_0": [
        44.30896759033203,
        9.661299705505371
    ],
    "nar_1": [
        45.9136848449707,
        11.00836181640625
    ],
    "l0d1": [
        0.2026461660861969,
        0.010138394311070442
    ]
}