{
    "cov": [
        54.853919982910156,
        8.572348594665527
    ],
    "acc": [
        89.57408142089844,
        1.6883690357208252
    ],
    "pos_0": [
        0.09855129569768906,
        0.16651961207389832
    ],
    "pos_1": [
        0.0,
        0.0
    ],
    "neg_0": [
        52.443084716796875,
        8.256357192993164
    ],
    "neg_1": [
        59.629554748535156,
        9.335224151611328
    ],
    "abs_0": [
        47.4583625793457,
        8.210426330566406
    ],
    "abs_1": [
        40.37044906616211,
        9.335225105285645
    ],
    "tpr_0": [
        0.31816738843917847,
        0.5375992655754089
    ],
    "tpr_1": [
        0.0,
        0.0
    ],
    "fnr_0": [
        24.33344078063965,
        7.390439510345459
    ],
    "fnr_1": [
        20.39497184753418,
        6.67250394821167
    ],
    "par_0": [
        75.34839630126953,
        7.2694926261901855
    ],
    "par_1": [
        79.60503387451172,
        6.672504425048828
    ],
    "fpr_0": [
        0.0,
        0.0
    ],
    "fpr_1": [
        0.0,
        0.0
    ],
    "tnr_0": [
        65.05711364746094,
        8.653203964233398
    ],
    "tnr_1": [
        64.64646911621094,
        9.679377555847168
    ],
    "nar_0": [
        34.94289016723633,
        8.653203010559082
    ],
    "nar_1": [
        35.35353469848633,
        9.679378509521484
    ],
    "l0d1": [
        0.2053336352109909,
        0.010124500840902328
    ]
}