{
    "cov": [
        55.02656173706055,
        11.855067253112793
    ],
    "acc": [
        89.66429138183594,
        1.9962432384490967
    ],
    "pos_0": [
        0.015768207609653473,
        0.035258784890174866
    ],
    "pos_1": [
        0.0,
        0.0
    ],
    "neg_0": [
        52.289344787597656,
        11.037753105163574
    ],
    "neg_1": [
        60.64725875854492,
        13.623432159423828
    ],
    "abs_0": [
        47.69488525390625,
        11.026527404785156
    ],
    "abs_1": [
        39.35273361206055,
        13.623434066772461
    ],
    "tpr_0": [
        0.05090677738189697,
        0.11383101344108582
    ],
    "tpr_1": [
        0.0,
        0.0
    ],
    "fnr_0": [
        24.46070671081543,
        9.25419807434082
    ],
    "fnr_1": [
        20.7181339263916,
        9.375864028930664
    ],
    "par_0": [
        75.48839569091797,
        9.209327697753906
    ],
    "par_1": [
        79.28187561035156,
        9.375865936279297
    ],
    "fpr_0": [
        0.0,
        0.0
    ],
    "fpr_1": [
        0.0,
        0.0
    ],
    "tnr_0": [
        64.77727508544922,
        11.91338062286377
    ],
    "tnr_1": [
        65.75298309326172,
        14.208518981933594
    ],
    "nar_0": [
        35.22272872924805,
        11.913381576538086
    ],
    "nar_1": [
        34.24701690673828,
        14.208518981933594
    ],
    "l0d1": [
        0.21654072403907776,
        0.019701983779668808
    ]
}