{
    "cov": [
        0.6879017949104309,
        0.02087145857512951
    ],
    "acc": [
        0.8890236020088196,
        0.004800703842192888
    ],
    "neg_0": [
        0.012240069918334484,
        0.004001595079898834
    ],
    "neg_1": [
        0.004803582560271025,
        0.0018632676219567657
    ],
    "pos_0": [
        0.6351433992385864,
        0.02035357616841793
    ],
    "pos_1": [
        0.7667819857597351,
        0.021625960245728493
    ],
    "abs_0": [
        0.3526165187358856,
        0.020897280424833298
    ],
    "abs_1": [
        0.2284144163131714,
        0.02309206686913967
    ],
    "tnr_0": [
        0.7794403433799744,
        0.020079994574189186
    ],
    "tnr_1": [
        0.827915608882904,
        0.022674819454550743
    ],
    "fpr_0": [
        0.0005711022531613708,
        0.000504787836689502
    ],
    "fpr_1": [
        0.0,
        0.0
    ],
    "nar_0": [
        0.21998858451843262,
        0.01987028494477272
    ],
    "nar_1": [
        0.1720844805240631,
        0.0226748064160347
    ],
    "fnr_0": [
        0.3135857582092285,
        0.021939247846603394
    ],
    "fnr_1": [
        0.28868943452835083,
        0.017050934955477715
    ],
    "tpr_0": [
        0.038243718445301056,
        0.01203034445643425
    ],
    "tpr_1": [
        0.04236983880400658,
        0.016434889286756516
    ],
    "par_0": [
        0.648170530796051,
        0.023351600393652916
    ],
    "par_1": [
        0.6689407229423523,
        0.026917995885014534
    ],
    "l0d1": [
        0.1904987096786499,
        0.004246025811880827
    ]
}