{
    "cov": [
        55.00531005859375,
        13.172205924987793
    ],
    "acc": [
        89.1064682006836,
        2.3931376934051514
    ],
    "pos_0": [
        0.037449490278959274,
        0.05139806866645813
    ],
    "pos_1": [
        0.0,
        0.0
    ],
    "neg_0": [
        52.95949935913086,
        11.851093292236328
    ],
    "neg_1": [
        59.15327072143555,
        16.189496994018555
    ],
    "abs_0": [
        47.003055572509766,
        11.817419052124023
    ],
    "abs_1": [
        40.84673309326172,
        16.189495086669922
    ],
    "tpr_0": [
        0.12090358883142471,
        0.16593578457832336
    ],
    "tpr_1": [
        0.0,
        0.0
    ],
    "fnr_0": [
        25.968820571899414,
        10.992840766906738
    ],
    "fnr_1": [
        21.687610626220703,
        13.521366119384766
    ],
    "par_0": [
        73.9102783203125,
        10.872552871704102
    ],
    "par_1": [
        78.31239318847656,
        13.521368026733398
    ],
    "fpr_0": [
        0.0,
        0.0
    ],
    "fpr_1": [
        0.0,
        0.0
    ],
    "tnr_0": [
        65.0713882446289,
        12.31802749633789
    ],
    "tnr_1": [
        63.94398880004883,
        16.586620330810547
    ],
    "nar_0": [
        34.92861557006836,
        12.318029403686523
    ],
    "nar_1": [
        36.05601501464844,
        16.586620330810547
    ],
    "l0d1": [
        0.2277136892080307,
        0.02191491797566414
    ]
}