{
    "cov": [
        0.736985445022583,
        0.03646910935640335
    ],
    "acc": [
        0.8806438446044922,
        0.008485013619065285
    ],
    "neg_0": [
        0.01647777669131756,
        0.004471557680517435
    ],
    "neg_1": [
        0.006635457277297974,
        0.0018798697274178267
    ],
    "pos_0": [
        0.6793140769004822,
        0.038309089839458466
    ],
    "pos_1": [
        0.8154284358024597,
        0.028233809396624565
    ],
    "abs_0": [
        0.3042081296443939,
        0.040144532918930054
    ],
    "abs_1": [
        0.17793609201908112,
        0.029256021603941917
    ],
    "tnr_0": [
        0.8219303488731384,
        0.03592151403427124
    ],
    "tnr_1": [
        0.8762167096138,
        0.026825839653611183
    ],
    "fpr_0": [
        0.0003712164761964232,
        0.00019155352492816746
    ],
    "fpr_1": [
        0.0,
        0.0
    ],
    "nar_0": [
        0.17769846320152283,
        0.03577811270952225
    ],
    "nar_1": [
        0.12378329038619995,
        0.026825834065675735
    ],
    "fnr_0": [
        0.3615017831325531,
        0.0442163348197937
    ],
    "fnr_1": [
        0.34003591537475586,
        0.040595948696136475
    ],
    "tpr_0": [
        0.0523703470826149,
        0.014413719065487385
    ],
    "tpr_1": [
        0.05852782726287842,
        0.016581328585743904
    ],
    "par_0": [
        0.5861279368400574,
        0.05094028636813164
    ],
    "par_1": [
        0.6014362573623657,
        0.049802251160144806
    ],
    "l0d1": [
        0.18682436645030975,
        0.0039815050549805164
    ]
}