{
    "cov": [
        59.2961540222168,
        7.706320762634277
    ],
    "acc": [
        88.74193572998047,
        1.810121774673462
    ],
    "pos_0": [
        0.04730462655425072,
        0.06625697016716003
    ],
    "pos_1": [
        0.0,
        0.0
    ],
    "neg_0": [
        56.68670654296875,
        7.144586086273193
    ],
    "neg_1": [
        64.58782958984375,
        9.137039184570312
    ],
    "abs_0": [
        43.265987396240234,
        7.119965553283691
    ],
    "abs_1": [
        35.412174224853516,
        9.137039184570312
    ],
    "tpr_0": [
        0.15272033214569092,
        0.2139069139957428
    ],
    "tpr_1": [
        0.0,
        0.0
    ],
    "fnr_0": [
        28.431432723999023,
        7.831718921661377
    ],
    "fnr_1": [
        23.016157150268555,
        10.058187484741211
    ],
    "par_0": [
        71.41584777832031,
        7.746396064758301
    ],
    "par_1": [
        76.98384094238281,
        10.058186531066895
    ],
    "fpr_0": [
        0.0,
        0.0
    ],
    "fpr_1": [
        0.0,
        0.0
    ],
    "tnr_0": [
        69.36608123779297,
        6.840859413146973
    ],
    "tnr_1": [
        69.9035873413086,
        9.032490730285645
    ],
    "nar_0": [
        30.63392448425293,
        6.840859889984131
    ],
    "nar_1": [
        30.096418380737305,
        9.032488822937012
    ],
    "l0d1": [
        0.23129983246326447,
        0.01132394652813673
    ]
}