{
    "cov": [
        76.57238006591797,
        9.688985824584961
    ],
    "acc": [
        84.52189636230469,
        2.8572311401367188
    ],
    "pos_0": [
        0.033507440239191055,
        0.07492490857839584
    ],
    "pos_1": [
        0.0,
        0.0
    ],
    "neg_0": [
        73.32610321044922,
        10.096619606018066
    ],
    "neg_1": [
        83.20781707763672,
        9.016423225402832
    ],
    "abs_0": [
        26.6403865814209,
        10.045282363891602
    ],
    "abs_1": [
        16.792184829711914,
        9.016423225402832
    ],
    "tpr_0": [
        0.10817690193653107,
        0.24189090728759766
    ],
    "tpr_1": [
        0.0,
        0.0
    ],
    "fnr_0": [
        49.43684387207031,
        14.678680419921875
    ],
    "fnr_1": [
        47.46858596801758,
        17.107358932495117
    ],
    "par_0": [
        50.454978942871094,
        14.51717472076416
    ],
    "par_1": [
        52.53142166137695,
        17.107357025146484
    ],
    "fpr_0": [
        0.0,
        0.0
    ],
    "fpr_1": [
        0.0,
        0.0
    ],
    "tnr_0": [
        84.04625701904297,
        8.0472412109375
    ],
    "tnr_1": [
        87.77777862548828,
        7.98783540725708
    ],
    "nar_0": [
        15.953742027282715,
        8.047240257263184
    ],
    "nar_1": [
        12.222221374511719,
        7.987835884094238
    ],
    "l0d1": [
        0.22073708474636078,
        0.004684946499764919
    ]
}