{
    "cov": [
        0.013917885720729828,
        0.03112133964896202
    ],
    "acc": [
        4.0,
        8.9442720413208
    ],
    "pos_0": [
        0.0,
        0.0
    ],
    "pos_1": [
        0.0,
        0.0
    ],
    "neg_0": [
        0.0,
        0.0
    ],
    "neg_1": [
        0.02098635956645012,
        0.04692692309617996
    ],
    "abs_0": [
        100.0,
        0.0
    ],
    "abs_1": [
        99.97901916503906,
        0.04692352935671806
    ],
    "tpr_0": [
        0.0,
        0.0
    ],
    "tpr_1": [
        0.0,
        0.0
    ],
    "fnr_0": [
        0.0,
        0.0
    ],
    "fnr_1": [
        0.0,
        0.0
    ],
    "par_0": [
        100.0,
        0.0
    ],
    "par_1": [
        100.0,
        0.0
    ],
    "fpr_0": [
        0.0,
        0.0
    ],
    "fpr_1": [
        0.0,
        0.0
    ],
    "tnr_0": [
        0.0,
        0.0
    ],
    "tnr_1": [
        0.03875968977808952,
        0.08666930347681046
    ],
    "nar_0": [
        100.0,
        0.0
    ],
    "nar_1": [
        99.96124267578125,
        0.08666614443063736
    ],
    "l0d1": [
        0.24996519088745117,
        7.780472515150905e-05
    ]
}