{
    "cov": [
        0.34276968240737915,
        0.06004558876156807
    ],
    "acc": [
        0.6972039341926575,
        0.008189352229237556
    ],
    "neg_0": [
        0.05477656051516533,
        0.028406333178281784
    ],
    "neg_1": [
        0.039260562509298325,
        0.02363145537674427
    ],
    "pos_0": [
        0.30791375041007996,
        0.04856116324663162
    ],
    "pos_1": [
        0.29336240887641907,
        0.03209967166185379
    ],
    "abs_0": [
        0.637309730052948,
        0.07358368486166
    ],
    "abs_1": [
        0.6673771142959595,
        0.05551734194159508
    ],
    "tnr_0": [
        0.3673022389411926,
        0.05649308115243912
    ],
    "tnr_1": [
        0.37498563528060913,
        0.03655102103948593
    ],
    "fpr_0": [
        0.032640859484672546,
        0.01677374355494976
    ],
    "fpr_1": [
        0.01511025708168745,
        0.010107838548719883
    ],
    "nar_0": [
        0.6000569462776184,
        0.07047775387763977
    ],
    "nar_1": [
        0.6099041104316711,
        0.0463695302605629
    ],
    "fnr_0": [
        0.21529412269592285,
        0.03682361915707588
    ],
    "fnr_1": [
        0.20510327816009521,
        0.027674200013279915
    ],
    "tpr_0": [
        0.08934903144836426,
        0.04807893559336662
    ],
    "tpr_1": [
        0.06580722332000732,
        0.038546063005924225
    ],
    "par_0": [
        0.6953568458557129,
        0.07882582396268845
    ],
    "par_1": [
        0.7290894985198975,
        0.06610028445720673
    ],
    "l0d1": [
        0.3734303116798401,
        0.005736054386943579
    ]
}