{
    "cov": [
        0.38335421681404114,
        0.05615263432264328
    ],
    "acc": [
        0.704068124294281,
        0.015330900438129902
    ],
    "neg_0": [
        0.05050847679376602,
        0.01992569863796234
    ],
    "neg_1": [
        0.05617399141192436,
        0.014753309078514576
    ],
    "pos_0": [
        0.33915916085243225,
        0.04792208597064018
    ],
    "pos_1": [
        0.32385173439979553,
        0.04996982961893082
    ],
    "abs_0": [
        0.6103324294090271,
        0.05251806229352951
    ],
    "abs_1": [
        0.6199742555618286,
        0.06059835106134415
    ],
    "tnr_0": [
        0.4066981375217438,
        0.05772833153605461
    ],
    "tnr_1": [
        0.42399832606315613,
        0.06329342722892761
    ],
    "fpr_0": [
        0.031623225659132004,
        0.016816915944218636
    ],
    "fpr_1": [
        0.025243321433663368,
        0.0067606414668262005
    ],
    "nar_0": [
        0.5616787075996399,
        0.059156354516744614
    ],
    "nar_1": [
        0.550758421421051,
        0.0692603662610054
    ],
    "fnr_0": [
        0.23393462598323822,
        0.033646710216999054
    ],
    "fnr_1": [
        0.2149266004562378,
        0.0368746742606163
    ],
    "tpr_0": [
        0.07974313199520111,
        0.026050230488181114
    ],
    "tpr_1": [
        0.09007281064987183,
        0.02568049170076847
    ],
    "par_0": [
        0.6863223314285278,
        0.043557118624448776
    ],
    "par_1": [
        0.6950005888938904,
        0.053625863045454025
    ],
    "l0d1": [
        0.37392085790634155,
        0.007416721899062395
    ]
}