{
    "cov": [
        0.41483649611473083,
        0.07867251336574554
    ],
    "acc": [
        0.6960105299949646,
        0.012631316669285297
    ],
    "neg_0": [
        0.045519694685935974,
        0.013196419924497604
    ],
    "neg_1": [
        0.06419002264738083,
        0.02444910630583763
    ],
    "pos_0": [
        0.36992523074150085,
        0.08129095286130905
    ],
    "pos_1": [
        0.3505469560623169,
        0.05804707482457161
    ],
    "abs_0": [
        0.5845550894737244,
        0.0799173042178154
    ],
    "abs_1": [
        0.5852630138397217,
        0.07957394421100616
    ],
    "tnr_0": [
        0.4395597577095032,
        0.09002619981765747
    ],
    "tnr_1": [
        0.45010295510292053,
        0.07302939146757126
    ],
    "fpr_0": [
        0.029279043897986412,
        0.012353038415312767
    ],
    "fpr_1": [
        0.03110511042177677,
        0.015579036436975002
    ],
    "nar_0": [
        0.5311612486839294,
        0.08628326654434204
    ],
    "nar_1": [
        0.5187919735908508,
        0.08751285076141357
    ],
    "fnr_0": [
        0.2604225277900696,
        0.06827972084283829
    ],
    "fnr_1": [
        0.2420254796743393,
        0.04195626452565193
    ],
    "tpr_0": [
        0.07044122368097305,
        0.020820919424295425
    ],
    "tpr_1": [
        0.10022367537021637,
        0.03504280000925064
    ],
    "par_0": [
        0.6691362857818604,
        0.07271929085254669
    ],
    "par_1": [
        0.6577509045600891,
        0.07310362160205841
    ],
    "l0d1": [
        0.3819149434566498,
        0.00832702498883009
    ]
}