{
    "cov": [
        0.5547947883605957,
        0.06773196905851364
    ],
    "acc": [
        0.6754010915756226,
        0.0046753850765526295
    ],
    "neg_0": [
        0.07051917910575867,
        0.03690929338335991
    ],
    "neg_1": [
        0.09111060202121735,
        0.026258759200572968
    ],
    "pos_0": [
        0.49464160203933716,
        0.04846672713756561
    ],
    "pos_1": [
        0.45801734924316406,
        0.04219178482890129
    ],
    "abs_0": [
        0.43483924865722656,
        0.07765796780586243
    ],
    "abs_1": [
        0.4508720338344574,
        0.06755530089139938
    ],
    "tnr_0": [
        0.5673443078994751,
        0.05913747474551201
    ],
    "tnr_1": [
        0.5720450282096863,
        0.05719129741191864
    ],
    "fpr_0": [
        0.0464995801448822,
        0.02880675718188286
    ],
    "fpr_1": [
        0.047363679856061935,
        0.018538236618041992
    ],
    "nar_0": [
        0.3861561417579651,
        0.08340902626514435
    ],
    "nar_1": [
        0.38059136271476746,
        0.07320865243673325
    ],
    "fnr_0": [
        0.38040784001350403,
        0.035480812191963196
    ],
    "fnr_1": [
        0.3338378667831421,
        0.026487398892641068
    ],
    "tpr_0": [
        0.1077180877327919,
        0.049565840512514114
    ],
    "tpr_1": [
        0.13842321932315826,
        0.03699410706758499
    ],
    "par_0": [
        0.5118741393089294,
        0.06870471686124802
    ],
    "par_1": [
        0.5277389883995056,
        0.062486667186021805
    ],
    "l0d1": [
        0.3819156587123871,
        0.010381028056144714
    ]
}