{
    "cov": [
        41.903812408447266,
        0.7118555903434753
    ],
    "acc": [
        89.05073547363281,
        0.5735518336296082
    ],
    "pos_0": [
        1.8377773761749268,
        0.4076119661331177
    ],
    "pos_1": [
        1.96016526222229,
        0.3135845363140106
    ],
    "neg_0": [
        39.96623229980469,
        0.7742571830749512
    ],
    "neg_1": [
        40.14860534667969,
        1.215894103050232
    ],
    "abs_0": [
        58.19599533081055,
        0.607181966304779
    ],
    "abs_1": [
        57.89122772216797,
        1.1928311586380005
    ],
    "tpr_0": [
        5.824368000030518,
        1.3291088342666626
    ],
    "tpr_1": [
        15.344747543334961,
        2.5647666454315186
    ],
    "fnr_0": [
        19.308177947998047,
        1.1750677824020386
    ],
    "fnr_1": [
        12.060723304748535,
        1.6496728658676147
    ],
    "par_0": [
        74.86744689941406,
        1.4760056734085083
    ],
    "par_1": [
        72.59452819824219,
        3.341965913772583
    ],
    "fpr_0": [
        0.04034958407282829,
        0.019471578299999237
    ],
    "fpr_1": [
        0.27215200662612915,
        0.10438001900911331
    ],
    "tnr_0": [
        49.28352355957031,
        0.8181408047676086
    ],
    "tnr_1": [
        43.693172454833984,
        1.2733383178710938
    ],
    "nar_0": [
        50.67612838745117,
        0.8256398439407349
    ],
    "nar_1": [
        56.03467559814453,
        1.2337590456008911
    ]
}