{
    "cov": [
        53.13848114013672,
        1.669888973236084
    ],
    "acc": [
        69.49928283691406,
        1.4819819927215576
    ],
    "pos_0": [
        14.398534774780273,
        2.28814697265625
    ],
    "pos_1": [
        14.17255687713623,
        1.846040964126587
    ],
    "neg_0": [
        37.38142013549805,
        3.1708781719207764
    ],
    "neg_1": [
        39.60847091674805,
        1.3240872621536255
    ],
    "abs_0": [
        48.22005081176758,
        3.977226972579956
    ],
    "abs_1": [
        46.21897506713867,
        2.0011284351348877
    ],
    "tpr_0": [
        23.178592681884766,
        3.149679660797119
    ],
    "tpr_1": [
        22.86345672607422,
        3.1054718494415283
    ],
    "fnr_0": [
        26.0047664642334,
        4.733365058898926
    ],
    "fnr_1": [
        27.77260398864746,
        1.9162395000457764
    ],
    "par_0": [
        50.8166389465332,
        5.849255561828613
    ],
    "par_1": [
        49.36394119262695,
        2.4687955379486084
    ],
    "fpr_0": [
        8.292779922485352,
        1.94179368019104
    ],
    "fpr_1": [
        6.406982421875,
        0.895919919013977
    ],
    "tnr_0": [
        45.245662689208984,
        4.158722400665283
    ],
    "tnr_1": [
        50.16571807861328,
        2.493007183074951
    ],
    "nar_0": [
        46.46155548095703,
        3.9054181575775146
    ],
    "nar_1": [
        43.427303314208984,
        2.6875221729278564
    ]
}