{
    "cov": [
        37.34063720703125,
        8.131568908691406
    ],
    "acc": [
        93.69535827636719,
        1.3482872247695923
    ],
    "pos_0": [
        0.18429093062877655,
        0.24897290766239166
    ],
    "pos_1": [
        0.061062492430210114,
        0.10063368082046509
    ],
    "neg_0": [
        36.296443939208984,
        6.792836666107178
    ],
    "neg_1": [
        39.05556869506836,
        10.748701095581055
    ],
    "abs_0": [
        63.519264221191406,
        6.98954439163208
    ],
    "abs_1": [
        60.88337326049805,
        10.823137283325195
    ],
    "tpr_0": [
        0.5949729084968567,
        0.8037950992584229
    ],
    "tpr_1": [
        0.5206462740898132,
        0.8482297658920288
    ],
    "fnr_0": [
        10.229080200195312,
        4.041080474853516
    ],
    "fnr_1": [
        8.096948623657227,
        4.435314655303955
    ],
    "par_0": [
        89.17594909667969,
        4.670185089111328
    ],
    "par_1": [
        91.38240051269531,
        5.156350135803223
    ],
    "fpr_0": [
        0.0,
        0.0
    ],
    "fpr_1": [
        0.0022956840693950653,
        0.0072595905512571335
    ],
    "tnr_0": [
        47.99400329589844,
        8.084599494934082
    ],
    "tnr_1": [
        43.01423263549805,
        11.599737167358398
    ],
    "nar_0": [
        52.0059928894043,
        8.084599494934082
    ],
    "nar_1": [
        56.98347091674805,
        11.603914260864258
    ],
    "l0d1": [
        0.14966800808906555,
        0.007449180353432894
    ]
}