{
    "cov": 36.00929641723633,
    "acc": 92.25521087646484,
    "pos_0": 0.0,
    "pos_1": 0.0,
    "neg_0": 37.51847839355469,
    "neg_1": 32.89232635498047,
    "abs_0": 62.48152160644531,
    "abs_1": 67.10767364501953,
    "tpr_0": 0.0,
    "tpr_1": 0.0,
    "fnr_0": 12.344893455505371,
    "fnr_1": 5.745062828063965,
    "par_0": 87.65510559082031,
    "par_1": 94.25493621826172,
    "fpr_0": 0.0,
    "fpr_1": 0.0,
    "tnr_0": 48.814964294433594,
    "tnr_1": 36.3636360168457,
    "nar_0": 51.185035705566406,
    "nar_1": 63.6363639831543,
    "l0d1": 0.15586985647678375
}