{
    "cov": [
        39.45020294189453,
        6.515169143676758
    ],
    "acc": [
        91.45328521728516,
        1.314146876335144
    ],
    "pos_0": [
        0.0,
        0.0
    ],
    "pos_1": [
        0.0,
        0.0
    ],
    "neg_0": [
        40.18724822998047,
        6.3258819580078125
    ],
    "neg_1": [
        37.927947998046875,
        6.937360763549805
    ],
    "abs_0": [
        59.81275177001953,
        6.325881004333496
    ],
    "abs_1": [
        62.072059631347656,
        6.937361240386963
    ],
    "tpr_0": [
        0.0,
        0.0
    ],
    "tpr_1": [
        0.0,
        0.0
    ],
    "fnr_0": [
        14.584792137145996,
        4.483315467834473
    ],
    "fnr_1": [
        10.412925720214844,
        3.499746561050415
    ],
    "par_0": [
        85.41521453857422,
        4.483315944671631
    ],
    "par_1": [
        89.58707427978516,
        3.4997448921203613
    ],
    "fpr_0": [
        0.0,
        0.0
    ],
    "fpr_1": [
        0.0,
        0.0
    ],
    "tnr_0": [
        51.676185607910156,
        7.238949298858643
    ],
    "tnr_1": [
        41.446285247802734,
        7.422760486602783
    ],
    "nar_0": [
        48.32381820678711,
        7.238949298858643
    ],
    "nar_1": [
        58.55371856689453,
        7.422759532928467
    ],
    "l0d1": [
        0.1593630164861679,
        0.004453648813068867
    ]
}