{
    "cov": [
        39.02523422241211,
        4.144547462463379
    ],
    "acc": [
        92.02444458007812,
        1.1052918434143066
    ],
    "pos_0": [
        0.0,
        0.0
    ],
    "pos_1": [
        0.0,
        0.0
    ],
    "neg_0": [
        39.05982208251953,
        4.370177745819092
    ],
    "neg_1": [
        38.95379638671875,
        3.853485107421875
    ],
    "abs_0": [
        60.940181732177734,
        4.370176315307617
    ],
    "abs_1": [
        61.04620361328125,
        3.8534867763519287
    ],
    "tpr_0": [
        0.0,
        0.0
    ],
    "tpr_1": [
        0.0,
        0.0
    ],
    "fnr_0": [
        13.420300483703613,
        3.3983192443847656
    ],
    "fnr_1": [
        9.335726737976074,
        3.4440441131591797
    ],
    "par_0": [
        86.57970428466797,
        3.3983187675476074
    ],
    "par_1": [
        90.66427612304688,
        3.444047451019287
    ],
    "fpr_0": [
        0.0,
        0.0
    ],
    "fpr_1": [
        0.0,
        0.0
    ],
    "tnr_0": [
        50.56539535522461,
        4.843559265136719
    ],
    "tnr_1": [
        42.74104690551758,
        4.089842796325684
    ],
    "nar_0": [
        49.434608459472656,
        4.843559265136719
    ],
    "nar_1": [
        57.25895309448242,
        4.089842796325684
    ],
    "l0d1": [
        0.15341036021709442,
        0.0021135429851710796
    ]
}