{
    "cov": [
        37.99867630004883,
        14.056192398071289
    ],
    "acc": [
        92.6488265991211,
        2.3947479724884033
    ],
    "pos_0": [
        0.031536415219306946,
        0.07051756978034973
    ],
    "pos_1": [
        0.01628333143889904,
        0.026538580656051636
    ],
    "neg_0": [
        40.66817855834961,
        11.383341789245605
    ],
    "neg_1": [
        32.40382766723633,
        19.883085250854492
    ],
    "abs_0": [
        59.3002815246582,
        11.346348762512207
    ],
    "abs_1": [
        67.57988739013672,
        19.872695922851562
    ],
    "tpr_0": [
        0.10181355476379395,
        0.22766202688217163
    ],
    "tpr_1": [
        0.14362657070159912,
        0.2340826839208603
    ],
    "fnr_0": [
        13.388483047485352,
        8.449287414550781
    ],
    "fnr_1": [
        6.678635597229004,
        7.06526517868042
    ],
    "par_0": [
        86.50970458984375,
        8.351242065429688
    ],
    "par_1": [
        93.177734375,
        7.0648112297058105
    ],
    "fpr_0": [
        0.0,
        0.0
    ],
    "fpr_1": [
        0.0,
        0.0
    ],
    "tnr_0": [
        52.909767150878906,
        12.795792579650879
    ],
    "tnr_1": [
        35.69329833984375,
        21.62578010559082
    ],
    "nar_0": [
        47.09023666381836,
        12.795791625976562
    ],
    "nar_1": [
        64.30670166015625,
        21.625778198242188
    ],
    "l0d1": [
        0.1544143557548523,
        0.009570837952196598
    ]
}