{
    "cov": [
        42.742366790771484,
        7.3410539627075195
    ],
    "acc": [
        90.9305648803711,
        2.0006444454193115
    ],
    "pos_0": [
        0.0,
        0.0
    ],
    "pos_1": [
        0.0,
        0.0
    ],
    "neg_0": [
        42.654972076416016,
        7.963955879211426
    ],
    "neg_1": [
        42.92285919189453,
        6.463423252105713
    ],
    "abs_0": [
        57.34503173828125,
        7.963955879211426
    ],
    "abs_1": [
        57.077144622802734,
        6.4634222984313965
    ],
    "tpr_0": [
        0.0,
        0.0
    ],
    "tpr_1": [
        0.0,
        0.0
    ],
    "fnr_0": [
        16.881961822509766,
        6.050477504730225
    ],
    "fnr_1": [
        12.675045013427734,
        4.883171081542969
    ],
    "par_0": [
        83.1180419921875,
        6.050476551055908
    ],
    "par_1": [
        87.324951171875,
        4.883172035217285
    ],
    "fpr_0": [
        0.0,
        0.0
    ],
    "fpr_1": [
        0.0,
        0.0
    ],
    "tnr_0": [
        54.2204475402832,
        8.836495399475098
    ],
    "tnr_1": [
        46.7906379699707,
        6.6866583824157715
    ],
    "nar_0": [
        45.7795524597168,
        8.836495399475098
    ],
    "nar_1": [
        53.2093620300293,
        6.6866583824157715
    ],
    "l0d1": [
        0.16570846736431122,
        0.0020884142722934484
    ]
}