{
    "cov": [
        53.375831604003906,
        9.614877700805664
    ],
    "acc": [
        90.71170806884766,
        1.6047039031982422
    ],
    "pos_0": [
        0.0,
        0.0
    ],
    "pos_1": [
        0.0,
        0.0
    ],
    "neg_0": [
        52.7821044921875,
        6.9754109382629395
    ],
    "neg_1": [
        54.60207748413086,
        15.10039234161377
    ],
    "abs_0": [
        47.2178955078125,
        6.9754109382629395
    ],
    "abs_1": [
        45.397926330566406,
        15.100390434265137
    ],
    "tpr_0": [
        0.0,
        0.0
    ],
    "tpr_1": [
        0.0,
        0.0
    ],
    "fnr_0": [
        21.870824813842773,
        6.584549903869629
    ],
    "fnr_1": [
        13.824057579040527,
        6.346188068389893
    ],
    "par_0": [
        78.1291732788086,
        6.584550857543945
    ],
    "par_1": [
        86.17594909667969,
        6.346189022064209
    ],
    "fpr_0": [
        0.0,
        0.0
    ],
    "fpr_1": [
        0.0,
        0.0
    ],
    "tnr_0": [
        66.6533432006836,
        7.213497161865234
    ],
    "tnr_1": [
        59.81634521484375,
        16.2417049407959
    ],
    "nar_0": [
        33.34666061401367,
        7.213497638702393
    ],
    "nar_1": [
        40.18365478515625,
        16.2417049407959
    ],
    "l0d1": [
        0.16542354226112366,
        0.008323688991367817
    ]
}