{
    "cov": [
        66.2443618774414,
        4.367996692657471
    ],
    "acc": [
        85.9901123046875,
        0.7363101243972778
    ],
    "pos_0": [
        0.0,
        0.0
    ],
    "pos_1": [
        0.0,
        0.0
    ],
    "neg_0": [
        65.43017578125,
        4.242494583129883
    ],
    "neg_1": [
        67.92591094970703,
        4.835676193237305
    ],
    "abs_0": [
        34.56982421875,
        4.242494583129883
    ],
    "abs_1": [
        32.074092864990234,
        4.835675239562988
    ],
    "tpr_0": [
        0.0,
        0.0
    ],
    "tpr_1": [
        0.0,
        0.0
    ],
    "fnr_0": [
        39.0645866394043,
        4.5773773193359375
    ],
    "fnr_1": [
        31.131061553955078,
        5.6767706871032715
    ],
    "par_0": [
        60.9354133605957,
        4.5773773193359375
    ],
    "par_1": [
        68.86894989013672,
        5.676771640777588
    ],
    "fpr_0": [
        0.0,
        0.0
    ],
    "fpr_1": [
        0.0,
        0.0
    ],
    "tnr_0": [
        77.26155853271484,
        4.148784637451172
    ],
    "tnr_1": [
        72.63085174560547,
        4.900505065917969
    ],
    "nar_0": [
        22.738435745239258,
        4.1487860679626465
    ],
    "nar_1": [
        27.3691463470459,
        4.900503158569336
    ],
    "l0d1": [
        0.18491999804973602,
        0.0024424244184046984
    ]
}