{
    "cov": [
        71.12483978271484,
        5.095532417297363
    ],
    "acc": [
        85.01219177246094,
        1.1295040845870972
    ],
    "pos_0": [
        0.0,
        0.0
    ],
    "pos_1": [
        0.0,
        0.0
    ],
    "neg_0": [
        69.76446533203125,
        4.848652362823486
    ],
    "neg_1": [
        73.93446350097656,
        5.895164966583252
    ],
    "abs_0": [
        30.235538482666016,
        4.848653793334961
    ],
    "abs_1": [
        26.065540313720703,
        5.895167827606201
    ],
    "tpr_0": [
        0.0,
        0.0
    ],
    "tpr_1": [
        0.0,
        0.0
    ],
    "fnr_0": [
        44.52433776855469,
        6.546002388000488
    ],
    "fnr_1": [
        38.20466613769531,
        7.2610039710998535
    ],
    "par_0": [
        55.47565841674805,
        6.546002388000488
    ],
    "par_1": [
        61.79533767700195,
        7.261004447937012
    ],
    "fpr_0": [
        0.0,
        0.0
    ],
    "fpr_1": [
        0.0,
        0.0
    ],
    "tnr_0": [
        81.09080505371094,
        4.098782539367676
    ],
    "tnr_1": [
        78.50321197509766,
        5.728860378265381
    ],
    "nar_0": [
        18.909194946289062,
        4.098784923553467
    ],
    "nar_1": [
        21.49678611755371,
        5.728861331939697
    ],
    "l0d1": [
        0.19322626292705536,
        0.0020023752003908157
    ]
}