{
    "cov": [
        64.91766357421875,
        8.303656578063965
    ],
    "acc": [
        88.11251068115234,
        2.638660192489624
    ],
    "pos_0": [
        0.00985512975603342,
        0.013937258161604404
    ],
    "pos_1": [
        0.020354164764285088,
        0.03525444492697716
    ],
    "neg_0": [
        62.3908576965332,
        7.360243320465088
    ],
    "neg_1": [
        70.09566497802734,
        10.502880096435547
    ],
    "abs_0": [
        37.59929275512695,
        7.355045318603516
    ],
    "abs_1": [
        29.883981704711914,
        10.525359153747559
    ],
    "tpr_0": [
        0.03181673586368561,
        0.04499565809965134
    ],
    "tpr_1": [
        0.1795332282781601,
        0.31096065044403076
    ],
    "fnr_0": [
        32.968502044677734,
        10.1907320022583
    ],
    "fnr_1": [
        27.21723747253418,
        14.714934349060059
    ],
    "par_0": [
        66.99968719482422,
        10.172164916992188
    ],
    "par_1": [
        72.60323333740234,
        14.889679908752441
    ],
    "fpr_0": [
        0.0,
        0.0
    ],
    "fpr_1": [
        0.0,
        0.0
    ],
    "tnr_0": [
        75.59394836425781,
        6.109281539916992
    ],
    "tnr_1": [
        75.5785140991211,
        9.98006820678711
    ],
    "nar_0": [
        24.406055450439453,
        6.109280586242676
    ],
    "nar_1": [
        24.42148780822754,
        9.980067253112793
    ],
    "l0d1": [
        0.18126776814460754,
        0.0035974762868136168
    ]
}