{
    "cov": [
        71.63082122802734,
        6.1339850425720215
    ],
    "acc": [
        86.27655029296875,
        1.6451433897018433
    ],
    "pos_0": [
        0.01971025951206684,
        0.02698938548564911
    ],
    "pos_1": [
        0.00407083285972476,
        0.009102658368647099
    ],
    "neg_0": [
        67.86439514160156,
        5.700400352478027
    ],
    "neg_1": [
        79.36495208740234,
        7.377847194671631
    ],
    "abs_0": [
        32.11589813232422,
        5.678177833557129
    ],
    "abs_1": [
        20.630979537963867,
        7.385119915008545
    ],
    "tpr_0": [
        0.06363347172737122,
        0.08713371306657791
    ],
    "tpr_1": [
        0.03590664267539978,
        0.08028969168663025
    ],
    "fnr_0": [
        40.38180160522461,
        7.633144855499268
    ],
    "fnr_1": [
        40.0,
        13.325065612792969
    ],
    "par_0": [
        59.5545654296875,
        7.568819999694824
    ],
    "par_1": [
        59.96409225463867,
        13.392984390258789
    ],
    "fpr_0": [
        0.0,
        0.0
    ],
    "fpr_1": [
        0.0,
        0.0
    ],
    "tnr_0": [
        80.19703674316406,
        4.904969215393066
    ],
    "tnr_1": [
        84.39852905273438,
        6.705137729644775
    ],
    "nar_0": [
        19.802968978881836,
        4.904969215393066
    ],
    "nar_1": [
        15.601468086242676,
        6.705138206481934
    ],
    "l0d1": [
        0.18745802342891693,
        0.003875201568007469
    ]
}