{
    "cov": [
        71.23905181884766,
        9.233806610107422
    ],
    "acc": [
        86.30260467529297,
        2.0907528400421143
    ],
    "pos_0": [
        0.10446437448263168,
        0.2071453481912613
    ],
    "pos_1": [
        0.05699165537953377,
        0.060036156326532364
    ],
    "neg_0": [
        67.9590072631836,
        7.3991265296936035
    ],
    "neg_1": [
        77.74069213867188,
        13.042767524719238
    ],
    "abs_0": [
        31.936532974243164,
        7.396915435791016
    ],
    "abs_1": [
        22.202322006225586,
        13.06673526763916
    ],
    "tpr_0": [
        0.33725741505622864,
        0.6687572002410889
    ],
    "tpr_1": [
        0.5026929974555969,
        0.5295469164848328
    ],
    "fnr_0": [
        40.680877685546875,
        9.606404304504395
    ],
    "fnr_1": [
        38.38420104980469,
        16.746898651123047
    ],
    "par_0": [
        58.981868743896484,
        9.625507354736328
    ],
    "par_1": [
        61.11310958862305,
        16.98255157470703
    ],
    "fpr_0": [
        0.0,
        0.0
    ],
    "fpr_1": [
        0.0,
        0.0
    ],
    "tnr_0": [
        80.19988250732422,
        6.428098201751709
    ],
    "tnr_1": [
        82.77318572998047,
        12.778606414794922
    ],
    "nar_0": [
        19.80011558532715,
        6.428099155426025
    ],
    "nar_1": [
        17.22681427001953,
        12.778609275817871
    ],
    "l0d1": [
        0.19248034060001373,
        0.005781950894743204
    ]
}