{
    "cov": [
        79.24967193603516,
        3.8909311294555664
    ],
    "acc": [
        83.3930435180664,
        1.1169705390930176
    ],
    "pos_0": [
        0.0,
        0.0
    ],
    "pos_1": [
        0.0,
        0.0
    ],
    "neg_0": [
        77.18143463134766,
        3.999889850616455
    ],
    "neg_1": [
        83.5212631225586,
        3.948697090148926
    ],
    "abs_0": [
        22.818567276000977,
        3.999887228012085
    ],
    "abs_1": [
        16.478729248046875,
        3.948697090148926
    ],
    "tpr_0": [
        0.0,
        0.0
    ],
    "tpr_1": [
        0.0,
        0.0
    ],
    "fnr_0": [
        54.41298294067383,
        6.339974403381348
    ],
    "fnr_1": [
        49.7307014465332,
        7.701117515563965
    ],
    "par_0": [
        45.58701705932617,
        6.339974403381348
    ],
    "par_1": [
        50.2692985534668,
        7.701117515563965
    ],
    "fpr_0": [
        0.0,
        0.0
    ],
    "fpr_1": [
        0.0,
        0.0
    ],
    "tnr_0": [
        87.39863586425781,
        2.9711837768554688
    ],
    "tnr_1": [
        87.8420639038086,
        3.4858338832855225
    ],
    "nar_0": [
        12.601370811462402,
        2.9711825847625732
    ],
    "nar_1": [
        12.157942771911621,
        3.4858360290527344
    ],
    "l0d1": [
        0.2006876915693283,
        0.0032227952033281326
    ]
}