{
    "cov": [
        0.4613015353679657,
        0.08797862380743027
    ],
    "acc": [
        0.9375563859939575,
        0.01901058293879032
    ],
    "neg_0": [
        0.0032916131895035505,
        0.0030666717793792486
    ],
    "neg_1": [
        0.0009769998723641038,
        0.0006173722795210779
    ],
    "pos_0": [
        0.4205183982849121,
        0.0773419439792633
    ],
    "pos_1": [
        0.5377570390701294,
        0.11049771308898926
    ],
    "abs_0": [
        0.5761899948120117,
        0.0789184495806694
    ],
    "abs_1": [
        0.46126604080200195,
        0.11023347079753876
    ],
    "tnr_0": [
        0.5548543930053711,
        0.08701591938734055
    ],
    "tnr_1": [
        0.5905417799949646,
        0.11937498301267624
    ],
    "fpr_0": [
        0.0003141062334179878,
        0.0004211273917462677
    ],
    "fpr_1": [
        9.182736539514735e-05,
        0.00012573979620356113
    ],
    "nar_0": [
        0.444831520318985,
        0.08733988553285599
    ],
    "nar_1": [
        0.4093664288520813,
        0.11945363134145737
    ],
    "fnr_0": [
        0.12115813791751862,
        0.05780121311545372
    ],
    "fnr_1": [
        0.12495511770248413,
        0.04251565411686897
    ],
    "tpr_0": [
        0.009926821105182171,
        0.009183964692056179
    ],
    "tpr_1": [
        0.00789946224540472,
        0.0051723020151257515
    ],
    "par_0": [
        0.8689150810241699,
        0.06403309851884842
    ],
    "par_1": [
        0.8671454787254333,
        0.0405244305729866
    ],
    "l0d1": [
        0.13916614651679993,
        0.006044174078851938
    ]
}