{
    "cov": [
        40.01461410522461,
        4.626044273376465
    ],
    "acc": [
        93.34354400634766,
        0.8809428215026855
    ],
    "pos_0": [
        0.0,
        0.0
    ],
    "pos_1": [
        0.0,
        0.0
    ],
    "neg_0": [
        37.1380729675293,
        4.327930927276611
    ],
    "neg_1": [
        45.955631256103516,
        5.247474193572998
    ],
    "abs_0": [
        62.8619270324707,
        4.3279290199279785
    ],
    "abs_1": [
        54.04437255859375,
        5.247474193572998
    ],
    "tpr_0": [
        0.0,
        0.0
    ],
    "tpr_1": [
        0.0,
        0.0
    ],
    "fnr_0": [
        10.836779594421387,
        2.831385374069214
    ],
    "fnr_1": [
        11.741472244262695,
        1.9854456186294556
    ],
    "par_0": [
        89.16322326660156,
        2.831385612487793
    ],
    "par_1": [
        88.25853729248047,
        1.9854440689086914
    ],
    "fpr_0": [
        0.0,
        0.0
    ],
    "fpr_1": [
        0.0,
        0.0
    ],
    "tnr_0": [
        48.940608978271484,
        5.022894859313965
    ],
    "tnr_1": [
        50.3305778503418,
        5.689999580383301
    ],
    "nar_0": [
        51.05939483642578,
        5.022894859313965
    ],
    "nar_1": [
        49.6694221496582,
        5.689999580383301
    ],
    "l0d1": [
        0.14692962169647217,
        0.002880487125366926
    ]
}