{
    "cov": [
        38.90836715698242,
        10.763315200805664
    ],
    "acc": [
        93.98613739013672,
        2.841712236404419
    ],
    "pos_0": [
        0.0,
        0.0
    ],
    "pos_1": [
        0.0,
        0.0
    ],
    "neg_0": [
        36.35557174682617,
        10.554315567016602
    ],
    "neg_1": [
        44.18074417114258,
        11.20763874053955
    ],
    "abs_0": [
        63.64442825317383,
        10.554314613342285
    ],
    "abs_1": [
        55.81925582885742,
        11.20763874053955
    ],
    "tpr_0": [
        0.0,
        0.0
    ],
    "tpr_1": [
        0.0,
        0.0
    ],
    "fnr_0": [
        10.690423011779785,
        5.878739356994629
    ],
    "fnr_1": [
        9.479353904724121,
        5.136971950531006
    ],
    "par_0": [
        89.30957794189453,
        5.878736972808838
    ],
    "par_1": [
        90.5206527709961,
        5.136971473693848
    ],
    "fpr_0": [
        0.0,
        0.0
    ],
    "fpr_1": [
        0.0,
        0.0
    ],
    "tnr_0": [
        47.87264633178711,
        12.69524097442627
    ],
    "tnr_1": [
        48.61800003051758,
        12.016600608825684
    ],
    "nar_0": [
        52.127357482910156,
        12.69524097442627
    ],
    "nar_1": [
        51.38199996948242,
        12.016600608825684
    ],
    "l0d1": [
        0.15162701904773712,
        0.00865537952631712
    ]
}