{
    "cov": [
        45.936256408691406,
        6.477394104003906
    ],
    "acc": [
        91.76361846923828,
        1.5379160642623901
    ],
    "pos_0": [
        0.0,
        0.0
    ],
    "pos_1": [
        0.0,
        0.0
    ],
    "neg_0": [
        43.16152572631836,
        6.504528999328613
    ],
    "neg_1": [
        51.6670036315918,
        6.460942268371582
    ],
    "abs_0": [
        56.838478088378906,
        6.504528999328613
    ],
    "abs_1": [
        48.3329963684082,
        6.460942268371582
    ],
    "tpr_0": [
        0.0,
        0.0
    ],
    "tpr_1": [
        0.0,
        0.0
    ],
    "fnr_0": [
        15.825644493103027,
        5.247668743133545
    ],
    "fnr_1": [
        15.11669635772705,
        3.8472084999084473
    ],
    "par_0": [
        84.17435455322266,
        5.2476701736450195
    ],
    "par_1": [
        84.88330078125,
        3.847210168838501
    ],
    "fpr_0": [
        0.0,
        0.0
    ],
    "fpr_1": [
        0.0,
        0.0
    ],
    "tnr_0": [
        55.42832565307617,
        7.075824737548828
    ],
    "tnr_1": [
        56.34067916870117,
        6.832184791564941
    ],
    "nar_0": [
        44.57167434692383,
        7.075824737548828
    ],
    "nar_1": [
        43.65932083129883,
        6.832184791564941
    ],
    "l0d1": [
        0.15637673437595367,
        0.0022666584700345993
    ]
}