{
    "cov": [
        43.52722930908203,
        6.676767826080322
    ],
    "acc": [
        94.9982681274414,
        1.9749717712402344
    ],
    "pos_0": [
        0.06307283043861389,
        0.14103513956069946
    ],
    "pos_1": [
        0.020354164764285088,
        0.03525444492697716
    ],
    "neg_0": [
        39.65310287475586,
        6.8299407958984375
    ],
    "neg_1": [
        51.37797927856445,
        7.014133453369141
    ],
    "abs_0": [
        60.2838249206543,
        6.736841201782227
    ],
    "abs_1": [
        48.60166549682617,
        6.9914445877075195
    ],
    "tpr_0": [
        0.2036271095275879,
        0.45532405376434326
    ],
    "tpr_1": [
        0.1795332282781601,
        0.31096065044403076
    ],
    "fnr_0": [
        9.341394424438477,
        5.011090278625488
    ],
    "fnr_1": [
        8.904848098754883,
        3.459451913833618
    ],
    "par_0": [
        90.4549789428711,
        4.752641677856445
    ],
    "par_1": [
        90.9156265258789,
        3.304577350616455
    ],
    "fpr_0": [
        0.0,
        0.0
    ],
    "fpr_1": [
        0.0,
        0.0
    ],
    "tnr_0": [
        53.255279541015625,
        7.6841044425964355
    ],
    "tnr_1": [
        56.808998107910156,
        7.487617492675781
    ],
    "nar_0": [
        46.744720458984375,
        7.6841044425964355
    ],
    "nar_1": [
        43.19100570678711,
        7.487619876861572
    ],
    "l0d1": [
        0.1424405425786972,
        0.003983143251389265
    ]
}