{
    "cov": [
        44.45949935913086,
        3.944744825363159
    ],
    "acc": [
        94.7300796508789,
        0.9704179763793945
    ],
    "pos_0": [
        0.09855129569768906,
        0.1587563157081604
    ],
    "pos_1": [
        0.0,
        0.0
    ],
    "neg_0": [
        40.2700309753418,
        3.3427817821502686
    ],
    "neg_1": [
        52.90861129760742,
        5.496464252471924
    ],
    "abs_0": [
        59.63141632080078,
        3.4554097652435303
    ],
    "abs_1": [
        47.09138870239258,
        5.496464252471924
    ],
    "tpr_0": [
        0.3181673586368561,
        0.5125359296798706
    ],
    "tpr_1": [
        0.0,
        0.0
    ],
    "fnr_0": [
        9.424117088317871,
        2.5772929191589355
    ],
    "fnr_1": [
        10.807899475097656,
        2.2185251712799072
    ],
    "par_0": [
        90.2577133178711,
        2.8224129676818848
    ],
    "par_1": [
        89.19210052490234,
        2.2185239791870117
    ],
    "fpr_0": [
        0.0,
        0.0
    ],
    "fpr_1": [
        0.0,
        0.0
    ],
    "tnr_0": [
        54.1119384765625,
        3.8067424297332764
    ],
    "tnr_1": [
        58.29201889038086,
        5.924252510070801
    ],
    "nar_0": [
        45.8880615234375,
        3.8067424297332764
    ],
    "nar_1": [
        41.70798873901367,
        5.924252510070801
    ],
    "l0d1": [
        0.144639790058136,
        0.004286693409085274
    ]
}