{
    "cov": [
        0.4294555187225342,
        0.15010540187358856
    ],
    "acc": [
        0.9404239654541016,
        0.03340940177440643
    ],
    "neg_0": [
        0.004237705375999212,
        0.0023497818037867546
    ],
    "neg_1": [
        0.0012619581539183855,
        0.0008801851654425263
    ],
    "pos_0": [
        0.39373213052749634,
        0.1421547830104828
    ],
    "pos_1": [
        0.49322205781936646,
        0.16322916746139526
    ],
    "abs_0": [
        0.6020302176475525,
        0.14395056664943695
    ],
    "abs_1": [
        0.505515992641449,
        0.16362079977989197
    ],
    "tnr_0": [
        0.5173329710960388,
        0.15584896504878998
    ],
    "tnr_1": [
        0.5402663350105286,
        0.17343971133232117
    ],
    "fpr_0": [
        0.0004283266607671976,
        0.0005245908978395164
    ],
    "fpr_1": [
        0.00013774105173069984,
        0.00020533222414087504
    ],
    "nar_0": [
        0.4822387397289276,
        0.15633755922317505
    ],
    "nar_1": [
        0.4595959782600403,
        0.1735856682062149
    ],
    "fnr_0": [
        0.11829463392496109,
        0.11377684772014618
    ],
    "fnr_1": [
        0.12531417608261108,
        0.08581424504518509
    ],
    "tpr_0": [
        0.012726694345474243,
        0.006616809871047735
    ],
    "tpr_1": [
        0.010053860954940319,
        0.006547426804900169
    ],
    "par_0": [
        0.8689786791801453,
        0.11887148022651672
    ],
    "par_1": [
        0.8646319508552551,
        0.0870467871427536
    ],
    "l0d1": [
        0.15508155524730682,
        0.008194646798074245
    ]
}