{
    "cov": [
        0.6089774966239929,
        0.0953090712428093
    ],
    "acc": [
        0.9017662405967712,
        0.0205095112323761
    ],
    "neg_0": [
        0.004789593163877726,
        0.002454501111060381
    ],
    "neg_1": [
        0.0017504580318927765,
        0.001443567918613553
    ],
    "pos_0": [
        0.5631023645401001,
        0.07933036983013153
    ],
    "pos_1": [
        0.6920822262763977,
        0.12695372104644775
    ],
    "abs_0": [
        0.4321080148220062,
        0.08042892068624496
    ],
    "abs_1": [
        0.306167334318161,
        0.1276041567325592
    ],
    "tnr_0": [
        0.7043689489364624,
        0.07556859403848648
    ],
    "tnr_1": [
        0.7484847903251648,
        0.12944957613945007
    ],
    "fpr_0": [
        0.0003997716121375561,
        0.0004330597585067153
    ],
    "fpr_1": [
        0.00022956840984988958,
        0.0002811627637129277
    ],
    "nar_0": [
        0.29523131251335144,
        0.07590534538030624
    ],
    "nar_1": [
        0.251285582780838,
        0.12945690751075745
    ],
    "fnr_0": [
        0.2482977956533432,
        0.08781234174966812
    ],
    "fnr_1": [
        0.2509874403476715,
        0.11035379022359848
    ],
    "tpr_0": [
        0.014572066254913807,
        0.0072112479247152805
    ],
    "tpr_1": [
        0.013644523918628693,
        0.010964762419462204
    ],
    "par_0": [
        0.7371301054954529,
        0.09063229709863663
    ],
    "par_1": [
        0.7353680729866028,
        0.11535341292619705
    ],
    "l0d1": [
        0.16106535494327545,
        0.003434158395975828
    ]
}