{
    "cov": [
        72.187255859375,
        2.728639602661133
    ],
    "acc": [
        87.2760238647461,
        1.0066033601760864
    ],
    "pos_0": [
        0.2168128490447998,
        0.20209024846553802
    ],
    "pos_1": [
        0.04884999245405197,
        0.09824968874454498
    ],
    "neg_0": [
        67.8466567993164,
        3.0380218029022217
    ],
    "neg_1": [
        80.65541076660156,
        2.5777783393859863
    ],
    "abs_0": [
        31.93653678894043,
        2.9710609912872314
    ],
    "abs_1": [
        19.295745849609375,
        2.535951852798462
    ],
    "tpr_0": [
        0.6936048865318298,
        0.6432176828384399
    ],
    "tpr_1": [
        0.3590664565563202,
        0.7068229913711548
    ],
    "fnr_0": [
        38.19916915893555,
        4.107046127319336
    ],
    "fnr_1": [
        33.177738189697266,
        5.460879325866699
    ],
    "par_0": [
        61.10721969604492,
        3.940821647644043
    ],
    "par_1": [
        66.46319580078125,
        5.273205280303955
    ],
    "fpr_0": [
        0.002855511149391532,
        0.006385117303580046
    ],
    "fpr_1": [
        0.009182736277580261,
        0.02053322270512581
    ],
    "tnr_0": [
        81.15077209472656,
        2.637071371078491
    ],
    "tnr_1": [
        86.72635650634766,
        2.5992653369903564
    ],
    "nar_0": [
        18.846372604370117,
        2.6373894214630127
    ],
    "nar_1": [
        13.2644624710083,
        2.5922632217407227
    ],
    "l0d1": [
        0.17407949268817902,
        0.004175868351012468
    ]
}