{
    "cov": [
        0.6103718876838684,
        0.06984326243400574
    ],
    "acc": [
        0.8995564579963684,
        0.02115795761346817
    ],
    "neg_0": [
        0.005834236741065979,
        0.0021072470117360353
    ],
    "neg_1": [
        0.0019539997447282076,
        0.0008465961436741054
    ],
    "pos_0": [
        0.5629052519798279,
        0.07176864892244339
    ],
    "pos_1": [
        0.6944026350975037,
        0.06685752421617508
    ],
    "abs_0": [
        0.43126049637794495,
        0.0723198875784874
    ],
    "abs_1": [
        0.3036434054374695,
        0.0660332441329956
    ],
    "tnr_0": [
        0.7019131779670715,
        0.0656234547495842
    ],
    "tnr_1": [
        0.7509642243385315,
        0.06421813368797302
    ],
    "fpr_0": [
        0.0005711022531613708,
        0.00041625869926065207
    ],
    "fpr_1": [
        0.00022956840984988958,
        0.00022956840984988958
    ],
    "nar_0": [
        0.29751572012901306,
        0.06587381660938263
    ],
    "nar_1": [
        0.24880623817443848,
        0.06403876096010208
    ],
    "fnr_0": [
        0.25313395261764526,
        0.08568943291902542
    ],
    "fnr_1": [
        0.25206467509269714,
        0.09144393354654312
    ],
    "tpr_0": [
        0.01756283827126026,
        0.006288938224315643
    ],
    "tpr_1": [
        0.015439855866134167,
        0.00603509321808815
    ],
    "par_0": [
        0.7293031811714172,
        0.08678169548511505
    ],
    "par_1": [
        0.7324954867362976,
        0.08553775399923325
    ],
    "l0d1": [
        0.178884819149971,
        0.0023529601749032736
    ]
}