{
    "cov": [
        71.6733169555664,
        5.561720848083496
    ],
    "acc": [
        87.62830352783203,
        1.9346232414245605
    ],
    "pos_0": [
        0.18921849131584167,
        0.23666676878929138
    ],
    "pos_1": [
        0.08141665160655975,
        0.09327448159456253
    ],
    "neg_0": [
        67.02867889404297,
        5.783295631408691
    ],
    "neg_1": [
        80.79381561279297,
        5.221637725830078
    ],
    "abs_0": [
        32.7821044921875,
        5.763906955718994
    ],
    "abs_1": [
        19.124771118164062,
        5.246867656707764
    ],
    "tpr_0": [
        0.6045179963111877,
        0.7632701396942139
    ],
    "tpr_1": [
        0.6822262406349182,
        0.7763643860816956
    ],
    "fnr_0": [
        36.8374137878418,
        8.385366439819336
    ],
    "fnr_1": [
        34.07540512084961,
        9.388574600219727
    ],
    "par_0": [
        62.55807113647461,
        8.296863555908203
    ],
    "par_1": [
        65.24237060546875,
        9.436684608459473
    ],
    "fpr_0": [
        0.002855511149391532,
        0.006385117303580046
    ],
    "fpr_1": [
        0.004591368138790131,
        0.010266611352562904
    ],
    "tnr_0": [
        80.57681274414062,
        4.647433280944824
    ],
    "tnr_1": [
        86.7676773071289,
        4.789997577667236
    ],
    "nar_0": [
        19.420331954956055,
        4.651212215423584
    ],
    "nar_1": [
        13.227731704711914,
        4.797358989715576
    ],
    "l0d1": [
        0.17475414276123047,
        0.005135617684572935
    ]
}