{
    "cov": [
        0.7289775013923645,
        0.056537460535764694
    ],
    "acc": [
        0.8702806830406189,
        0.015201490372419357
    ],
    "neg_0": [
        0.00816004816442728,
        0.0052043115720152855
    ],
    "neg_1": [
        0.002727458020672202,
        0.0027930480428040028
    ],
    "pos_0": [
        0.6847540736198425,
        0.053577568382024765
    ],
    "pos_1": [
        0.8007327914237976,
        0.0585271455347538
    ],
    "abs_0": [
        0.3070858418941498,
        0.05784105509519577
    ],
    "abs_1": [
        0.19653980433940887,
        0.059959616512060165
    ],
    "tnr_0": [
        0.8170188069343567,
        0.04728356748819351
    ],
    "tnr_1": [
        0.8572544455528259,
        0.05365946143865585
    ],
    "fpr_0": [
        0.0009994289139285684,
        0.0009943166514858603
    ],
    "fpr_1": [
        0.0004132231406401843,
        0.0006771294865757227
    ],
    "nar_0": [
        0.18198172748088837,
        0.04809805750846863
    ],
    "nar_1": [
        0.14233241975307465,
        0.05390729010105133
    ],
    "fnr_0": [
        0.3900095522403717,
        0.06848008185625076
    ],
    "fnr_1": [
        0.35870736837387085,
        0.09769642353057861
    ],
    "tpr_0": [
        0.024117086082696915,
        0.014665755443274975
    ],
    "tpr_1": [
        0.020825853571295738,
        0.0194028802216053
    ],
    "par_0": [
        0.5858734250068665,
        0.08100862801074982
    ],
    "par_1": [
        0.6204668283462524,
        0.110011525452137
    ],
    "l0d1": [
        0.17858512699604034,
        0.0014436256606131792
    ]
}