{
    "cov": [
        77.42364501953125,
        4.16684627532959
    ],
    "acc": [
        84.3160400390625,
        1.2828184366226196
    ],
    "pos_0": [
        0.0,
        0.0
    ],
    "pos_1": [
        0.0,
        0.0
    ],
    "neg_0": [
        74.0750961303711,
        4.324171543121338
    ],
    "neg_1": [
        84.33950805664062,
        3.855879545211792
    ],
    "abs_0": [
        25.92490577697754,
        4.3241705894470215
    ],
    "abs_1": [
        15.660491943359375,
        3.8558809757232666
    ],
    "tpr_0": [
        0.0,
        0.0
    ],
    "tpr_1": [
        0.0,
        0.0
    ],
    "fnr_0": [
        49.468658447265625,
        6.570769309997559
    ],
    "fnr_1": [
        50.2692985534668,
        8.286775588989258
    ],
    "par_0": [
        50.531341552734375,
        6.570769309997559
    ],
    "par_1": [
        49.7307014465332,
        8.286775588989258
    ],
    "fpr_0": [
        0.0,
        0.0
    ],
    "fpr_1": [
        0.0,
        0.0
    ],
    "tnr_0": [
        85.11708068847656,
        3.374469757080078
    ],
    "tnr_1": [
        88.69605255126953,
        3.4907822608947754
    ],
    "nar_0": [
        14.88292407989502,
        3.374469757080078
    ],
    "nar_1": [
        11.303948402404785,
        3.490783452987671
    ],
    "l0d1": [
        0.1924542486667633,
        0.00485960952937603
    ]
}