{
    "cov": [
        75.44091033935547,
        1.5400581359863281
    ],
    "acc": [
        86.4816665649414,
        0.6867474913597107
    ],
    "pos_0": [
        0.212870791554451,
        0.14907003939151764
    ],
    "pos_1": [
        0.05699165537953377,
        0.06658020615577698
    ],
    "neg_0": [
        70.55879211425781,
        1.9033864736557007
    ],
    "neg_1": [
        85.02748107910156,
        1.4900016784667969
    ],
    "abs_0": [
        29.22834587097168,
        1.8586838245391846
    ],
    "abs_1": [
        14.91553020477295,
        1.487484335899353
    ],
    "tpr_0": [
        0.6872414946556091,
        0.48126426339149475
    ],
    "tpr_1": [
        0.46678638458251953,
        0.517230212688446
    ],
    "fnr_0": [
        41.921730041503906,
        3.185457706451416
    ],
    "fnr_1": [
        39.35367965698242,
        2.2758967876434326
    ],
    "par_0": [
        57.391029357910156,
        3.039489507675171
    ],
    "par_1": [
        60.179534912109375,
        2.5717785358428955
    ],
    "fpr_0": [
        0.0,
        0.0
    ],
    "fpr_1": [
        0.004591368138790131,
        0.010266611352562904
    ],
    "tnr_0": [
        83.40948486328125,
        1.3319913148880005
    ],
    "tnr_1": [
        90.86776733398438,
        1.5285197496414185
    ],
    "nar_0": [
        16.59052085876465,
        1.3319896459579468
    ],
    "nar_1": [
        9.127639770507812,
        1.527846097946167
    ],
    "l0d1": [
        0.17888224124908447,
        0.0029837542679160833
    ]
}