{
    "cov": [
        0.6701063513755798,
        0.14089322090148926
    ],
    "acc": [
        0.8852691650390625,
        0.03809036314487457
    ],
    "neg_0": [
        0.004730462562292814,
        0.0009452707599848509
    ],
    "neg_1": [
        0.00199470785446465,
        0.001290524611249566
    ],
    "pos_0": [
        0.6241254210472107,
        0.14451593160629272
    ],
    "pos_1": [
        0.7533075213432312,
        0.13261693716049194
    ],
    "abs_0": [
        0.37114420533180237,
        0.145364448428154
    ],
    "abs_1": [
        0.24469773471355438,
        0.13290935754776
    ],
    "tnr_0": [
        0.7560536861419678,
        0.13212862610816956
    ],
    "tnr_1": [
        0.8078972101211548,
        0.1288667619228363
    ],
    "fpr_0": [
        0.0003997715830337256,
        0.0002346041874261573
    ],
    "fpr_1": [
        4.591368269757368e-05,
        0.00010266611207043752
    ],
    "nar_0": [
        0.24354656040668488,
        0.13208720088005066
    ],
    "nar_1": [
        0.19205693900585175,
        0.1288779377937317
    ],
    "fnr_0": [
        0.3301304280757904,
        0.17239893972873688
    ],
    "fnr_1": [
        0.32639139890670776,
        0.1699289232492447
    ],
    "tpr_0": [
        0.0143811646848917,
        0.003055069362744689
    ],
    "tpr_1": [
        0.01723518967628479,
        0.011676562018692493
    ],
    "par_0": [
        0.6554884314537048,
        0.17521856725215912
    ],
    "par_1": [
        0.6563734412193298,
        0.17294277250766754
    ],
    "l0d1": [
        0.18838414549827576,
        0.00548726599663496
    ]
}