{
    "cov": [
        0.7070252299308777,
        0.13329316675662994
    ],
    "acc": [
        0.86937016248703,
        0.03598939627408981
    ],
    "neg_0": [
        0.010682960040867329,
        0.00513157993555069
    ],
    "neg_1": [
        0.003623040858656168,
        0.001985965296626091
    ],
    "pos_0": [
        0.6578496694564819,
        0.14330942928791046
    ],
    "pos_1": [
        0.7829025387763977,
        0.11601190268993378
    ],
    "abs_0": [
        0.3314674496650696,
        0.14268919825553894
    ],
    "abs_1": [
        0.21347446739673615,
        0.11454299837350845
    ],
    "tnr_0": [
        0.7814106345176697,
        0.13195118308067322
    ],
    "tnr_1": [
        0.8301193118095398,
        0.10962067544460297
    ],
    "fpr_0": [
        0.0017418618081137538,
        0.0013062207726761699
    ],
    "fpr_1": [
        0.0007805326022207737,
        0.0005285062361508608
    ],
    "nar_0": [
        0.2168475240468979,
        0.13200178742408752
    ],
    "nar_1": [
        0.1691000908613205,
        0.10916487127542496
    ],
    "fnr_0": [
        0.3825007975101471,
        0.1699097603559494
    ],
    "fnr_1": [
        0.4136445224285126,
        0.1737469732761383
    ],
    "tpr_0": [
        0.03060770034790039,
        0.013777785934507847
    ],
    "tpr_1": [
        0.025852782651782036,
        0.01370815746486187
    ],
    "par_0": [
        0.5868914723396301,
        0.1685028076171875
    ],
    "par_1": [
        0.5605027079582214,
        0.16740161180496216
    ],
    "l0d1": [
        0.1939423531293869,
        0.005059750750660896
    ]
}