{
    "cov": [
        0.7812218070030212,
        0.05617469549179077
    ],
    "acc": [
        0.8578917384147644,
        0.019349390640854836
    ],
    "neg_0": [
        0.007923523895442486,
        0.0017637652345001698
    ],
    "neg_1": [
        0.001709749805741012,
        0.0008587430929765105
    ],
    "pos_0": [
        0.7360796332359314,
        0.05944191291928291
    ],
    "pos_1": [
        0.8563810586929321,
        0.04984951764345169
    ],
    "abs_0": [
        0.25599685311317444,
        0.05972195044159889
    ],
    "abs_1": [
        0.14190922677516937,
        0.04936973378062248
    ],
    "tnr_0": [
        0.8607367873191833,
        0.04452785104513168
    ],
    "tnr_1": [
        0.9114324450492859,
        0.04138680174946785
    ],
    "fpr_0": [
        0.0009708738070912659,
        0.0005474097561091185
    ],
    "fpr_1": [
        0.00013774105173069984,
        0.00020533222414087504
    ],
    "nar_0": [
        0.13829241693019867,
        0.044739652425050735
    ],
    "nar_1": [
        0.088429756462574,
        0.041273631155490875
    ],
    "fnr_0": [
        0.4582882523536682,
        0.09280253946781158
    ],
    "fnr_1": [
        0.42585277557373047,
        0.12412095069885254
    ],
    "tpr_0": [
        0.023417118936777115,
        0.0047116708010435104
    ],
    "tpr_1": [
        0.014003589749336243,
        0.006398036144673824
    ],
    "par_0": [
        0.518294632434845,
        0.09330444037914276
    ],
    "par_1": [
        0.5601436495780945,
        0.12195712327957153
    ],
    "l0d1": [
        0.19256027042865753,
        0.003258476732298732
    ]
}