{
    "cov": [
        0.806281566619873,
        0.07524854689836502
    ],
    "acc": [
        0.8470231294631958,
        0.0256282240152359
    ],
    "neg_0": [
        0.010682960972189903,
        0.004396646749228239
    ],
    "neg_1": [
        0.002849582815542817,
        0.001262942561879754
    ],
    "pos_0": [
        0.7629644274711609,
        0.08669207990169525
    ],
    "pos_1": [
        0.8708324432373047,
        0.06043073162436485
    ],
    "abs_0": [
        0.22635261714458466,
        0.08399853110313416
    ],
    "abs_1": [
        0.12631793320178986,
        0.05961539223790169
    ],
    "tnr_0": [
        0.877955436706543,
        0.06948062032461166
    ],
    "tnr_1": [
        0.9191460013389587,
        0.05017905309796333
    ],
    "fpr_0": [
        0.0017418619245290756,
        0.0013634879142045975
    ],
    "fpr_1": [
        0.0002754821034613997,
        0.00025147959240712225
    ],
    "nar_0": [
        0.12030267715454102,
        0.06888603419065475
    ],
    "nar_1": [
        0.08057851344347,
        0.04993601515889168
    ],
    "fnr_0": [
        0.506713330745697,
        0.12507955729961395
    ],
    "fnr_1": [
        0.4929982125759125,
        0.15118466317653656
    ],
    "tpr_0": [
        0.03060770034790039,
        0.011448278091847897
    ],
    "tpr_1": [
        0.022980252280831337,
        0.009947501122951508
    ],
    "par_0": [
        0.462678998708725,
        0.11773082613945007
    ],
    "par_1": [
        0.4840215742588043,
        0.1452810913324356
    ],
    "l0d1": [
        0.1946125030517578,
        0.005093890707939863
    ]
}