{
    "cov": [
        37.3599967956543,
        3.303483247756958
    ],
    "acc": [
        86.13585662841797,
        1.0682227611541748
    ],
    "pos_0": [
        0.28642725944519043,
        0.10283948481082916
    ],
    "pos_1": [
        0.06451613456010818,
        0.14426246285438538
    ],
    "neg_0": [
        38.32056427001953,
        3.3043339252471924
    ],
    "neg_1": [
        34.653255462646484,
        5.067619800567627
    ],
    "abs_0": [
        61.39300537109375,
        3.2230801582336426
    ],
    "abs_1": [
        65.2822265625,
        4.963147163391113
    ],
    "tpr_0": [
        1.0052309036254883,
        0.42208489775657654
    ],
    "tpr_1": [
        0.25,
        0.55901700258255
    ],
    "fnr_0": [
        17.816089630126953,
        2.480634927749634
    ],
    "fnr_1": [
        17.07090950012207,
        2.1241345405578613
    ],
    "par_0": [
        81.1786880493164,
        2.3063554763793945
    ],
    "par_1": [
        82.67909240722656,
        1.7927194833755493
    ],
    "fpr_0": [
        0.0,
        0.0
    ],
    "fpr_1": [
        0.0,
        0.0
    ],
    "tnr_0": [
        46.01338577270508,
        3.8784995079040527
    ],
    "tnr_1": [
        44.62407302856445,
        6.453105926513672
    ],
    "nar_0": [
        53.98661422729492,
        3.8784995079040527
    ],
    "nar_1": [
        55.37593460083008,
        6.453104019165039
    ],
    "l0d1": [
        0.18490999937057495,
        0.0048019783571362495
    ]
}