{
    "cov": [
        0.3959999978542328,
        0.03178049251437187
    ],
    "acc": [
        0.8686014413833618,
        0.007324086502194405
    ],
    "neg_0": [
        0.0,
        0.0
    ],
    "neg_1": [
        0.0,
        0.0
    ],
    "pos_0": [
        0.4083041250705719,
        0.037637561559677124
    ],
    "pos_1": [
        0.37050968408584595,
        0.027285391464829445
    ],
    "abs_0": [
        0.5916959643363953,
        0.037637583911418915
    ],
    "abs_1": [
        0.6294903755187988,
        0.027285391464829445
    ],
    "tnr_0": [
        0.49465399980545044,
        0.046348996460437775
    ],
    "tnr_1": [
        0.47715654969215393,
        0.03147260099649429
    ],
    "fpr_0": [
        0.0,
        0.0
    ],
    "fpr_1": [
        0.0,
        0.0
    ],
    "nar_0": [
        0.5053460001945496,
        0.04634901508688927
    ],
    "nar_1": [
        0.5228435397148132,
        0.03147261589765549
    ],
    "fnr_0": [
        0.17946285009384155,
        0.026123695075511932
    ],
    "fnr_1": [
        0.1730484813451767,
        0.026663031429052353
    ],
    "tpr_0": [
        0.0,
        0.0
    ],
    "tpr_1": [
        0.0,
        0.0
    ],
    "par_0": [
        0.8205372095108032,
        0.026123730465769768
    ],
    "par_1": [
        0.8269515037536621,
        0.026663022115826607
    ],
    "l0d1": [
        0.18849998712539673,
        0.0031908019445836544
    ]
}