{
    "cov": [
        40.939998626708984,
        4.836630821228027
    ],
    "acc": [
        87.5670394897461,
        1.1694345474243164
    ],
    "pos_0": [
        0.2534559965133667,
        0.23220179975032806
    ],
    "pos_1": [
        0.32066065073013306,
        0.00760254729539156
    ],
    "neg_0": [
        41.917755126953125,
        4.642580509185791
    ],
    "neg_1": [
        38.14167404174805,
        5.344290256500244
    ],
    "abs_0": [
        57.828792572021484,
        4.6940083503723145
    ],
    "abs_1": [
        61.53766632080078,
        5.343242168426514
    ],
    "tpr_0": [
        0.9015874266624451,
        0.8511252999305725
    ],
    "tpr_1": [
        1.0918182134628296,
        0.2200065702199936
    ],
    "fnr_0": [
        17.866628646850586,
        3.1359848976135254
    ],
    "fnr_1": [
        17.62575912475586,
        3.6876697540283203
    ],
    "par_0": [
        81.23178100585938,
        3.445202112197876
    ],
    "par_1": [
        81.28243255615234,
        3.770906448364258
    ],
    "fpr_0": [
        0.0,
        0.0
    ],
    "fpr_1": [
        0.0,
        0.0
    ],
    "tnr_0": [
        51.0598030090332,
        5.330860614776611
    ],
    "tnr_1": [
        49.27077865600586,
        6.547964096069336
    ],
    "nar_0": [
        48.94020462036133,
        5.330859661102295
    ],
    "nar_1": [
        50.72922897338867,
        6.54796028137207
    ],
    "l0d1": [
        0.1883762627840042,
        0.003475125413388014
    ]
}