{
    "cov": [
        0.42799997329711914,
        0.02767670340836048
    ],
    "acc": [
        0.8700704574584961,
        0.009361189790070057
    ],
    "neg_0": [
        0.0,
        0.0
    ],
    "neg_1": [
        0.0005970149650238454,
        0.0013349659275263548
    ],
    "pos_0": [
        0.4374333322048187,
        0.030606545507907867
    ],
    "pos_1": [
        0.40569010376930237,
        0.030288537964224815
    ],
    "abs_0": [
        0.5625667572021484,
        0.030606530606746674
    ],
    "abs_1": [
        0.5937129855155945,
        0.02982856146991253
    ],
    "tnr_0": [
        0.5313840508460999,
        0.035488396883010864
    ],
    "tnr_1": [
        0.5262019038200378,
        0.04296586662530899
    ],
    "fpr_0": [
        0.0,
        0.0
    ],
    "fpr_1": [
        0.0,
        0.0
    ],
    "nar_0": [
        0.4686160087585449,
        0.035488445311784744
    ],
    "nar_1": [
        0.47379812598228455,
        0.04296588897705078
    ],
    "fnr_0": [
        0.18824461102485657,
        0.029592949897050858
    ],
    "fnr_1": [
        0.18339091539382935,
        0.015442240051925182
    ],
    "tpr_0": [
        0.0,
        0.0
    ],
    "tpr_1": [
        0.0013333334354683757,
        0.0029814240988343954
    ],
    "par_0": [
        0.811755359172821,
        0.029592949897050858
    ],
    "par_1": [
        0.8152757883071899,
        0.01505505945533514
    ],
    "l0d1": [
        0.19506751000881195,
        0.003976842388510704
    ]
}