{
    "cov": [
        46.660003662109375,
        4.080807685852051
    ],
    "acc": [
        85.22515106201172,
        1.0200669765472412
    ],
    "pos_0": [
        0.5144737362861633,
        0.2535332441329956
    ],
    "pos_1": [
        0.45102882385253906,
        0.36106258630752563
    ],
    "neg_0": [
        47.30549240112305,
        4.260388374328613
    ],
    "neg_1": [
        43.714656829833984,
        4.219941139221191
    ],
    "abs_0": [
        52.1800422668457,
        4.348937511444092
    ],
    "abs_1": [
        55.834320068359375,
        4.3498735427856445
    ],
    "tpr_0": [
        1.3841270208358765,
        1.052322506904602
    ],
    "tpr_1": [
        1.360606074333191,
        1.1228564977645874
    ],
    "fnr_0": [
        24.20458221435547,
        4.672778129577637
    ],
    "fnr_1": [
        22.198789596557617,
        1.9463084936141968
    ],
    "par_0": [
        74.41129302978516,
        5.252784729003906
    ],
    "par_1": [
        76.44061279296875,
        2.3933839797973633
    ],
    "fpr_0": [
        0.19305451214313507,
        0.1366444230079651
    ],
    "fpr_1": [
        0.0,
        0.0
    ],
    "tnr_0": [
        56.00529098510742,
        4.483514785766602
    ],
    "tnr_1": [
        55.59463119506836,
        5.465724468231201
    ],
    "nar_0": [
        43.80165100097656,
        4.453988552093506
    ],
    "nar_1": [
        44.40537643432617,
        5.465724945068359
    ],
    "l0d1": [
        0.2033499926328659,
        0.0039155189879238605
    ]
}