{
    "cov": [
        0.4564000070095062,
        0.02672639489173889
    ],
    "acc": [
        0.8652567267417908,
        0.012488649226725101
    ],
    "neg_0": [
        0.001441723550669849,
        0.0024800223764032125
    ],
    "neg_1": [
        0.0012903226306661963,
        0.002885248977690935
    ],
    "pos_0": [
        0.4643193185329437,
        0.02693571150302887
    ],
    "pos_1": [
        0.4352443814277649,
        0.02458367496728897
    ],
    "abs_0": [
        0.5342389941215515,
        0.027852242812514305
    ],
    "abs_1": [
        0.5634653568267822,
        0.026343703269958496
    ],
    "tnr_0": [
        0.5643375515937805,
        0.0267243180423975
    ],
    "tnr_1": [
        0.5513060092926025,
        0.02584622986614704
    ],
    "fpr_0": [
        0.0,
        0.0
    ],
    "fpr_1": [
        0.0,
        0.0
    ],
    "nar_0": [
        0.43566247820854187,
        0.02672433853149414
    ],
    "nar_1": [
        0.44869405031204224,
        0.025846218690276146
    ],
    "fnr_0": [
        0.20136547088623047,
        0.037996698170900345
    ],
    "fnr_1": [
        0.2214696854352951,
        0.022416582331061363
    ],
    "tpr_0": [
        0.00522655202075839,
        0.009355328045785427
    ],
    "tpr_1": [
        0.005000000353902578,
        0.011180341243743896
    ],
    "par_0": [
        0.7934080362319946,
        0.03868052735924721
    ],
    "par_1": [
        0.7735303044319153,
        0.028601279482245445
    ],
    "l0d1": [
        0.2038154900074005,
        0.00432093720883131
    ]
}