{
    "cov": [
        0.5100000500679016,
        0.029300177469849586
    ],
    "acc": [
        0.8492879271507263,
        0.008180086500942707
    ],
    "neg_0": [
        0.00028985508834011853,
        0.0006481356685981154
    ],
    "neg_1": [
        0.0006451613153330982,
        0.0014426244888454676
    ],
    "pos_0": [
        0.5231829285621643,
        0.029435565695166588
    ],
    "pos_1": [
        0.4804232716560364,
        0.03197371959686279
    ],
    "abs_0": [
        0.47652730345726013,
        0.02969350479543209
    ],
    "abs_1": [
        0.5189315676689148,
        0.03316979855298996
    ],
    "tnr_0": [
        0.6206550598144531,
        0.02816414088010788
    ],
    "tnr_1": [
        0.6087531447410583,
        0.04099319130182266
    ],
    "fpr_0": [
        0.00038834952283650637,
        0.0008683759369887412
    ],
    "fpr_1": [
        0.0,
        0.0
    ],
    "nar_0": [
        0.3789566457271576,
        0.02847207710146904
    ],
    "nar_1": [
        0.3912469148635864,
        0.04099317640066147
    ],
    "fnr_0": [
        0.26617929339408875,
        0.033181048929691315
    ],
    "fnr_1": [
        0.24075455963611603,
        0.016621172428131104
    ],
    "tpr_0": [
        0.0,
        0.0
    ],
    "tpr_1": [
        0.002500000176951289,
        0.005590170156210661
    ],
    "par_0": [
        0.7338207960128784,
        0.033181071281433105
    ],
    "par_1": [
        0.756745457649231,
        0.02041136659681797
    ],
    "l0d1": [
        0.2134937345981598,
        0.0016912425635382533
    ]
}