{
    "cov": [
        0.527400016784668,
        0.024694137275218964
    ],
    "acc": [
        0.8478897213935852,
        0.011938587762415409
    ],
    "neg_0": [
        0.0008760064956732094,
        0.0012999469181522727
    ],
    "neg_1": [
        0.0006451613153330982,
        0.0014426244888454676
    ],
    "pos_0": [
        0.5355498194694519,
        0.023510245606303215
    ],
    "pos_1": [
        0.5075727701187134,
        0.03378791734576225
    ],
    "abs_0": [
        0.4635741412639618,
        0.023046230897307396
    ],
    "abs_1": [
        0.4917820990085602,
        0.0329475924372673
    ],
    "tnr_0": [
        0.633862316608429,
        0.02085105888545513
    ],
    "tnr_1": [
        0.6411477327346802,
        0.03732656314969063
    ],
    "fpr_0": [
        0.0,
        0.0
    ],
    "fpr_1": [
        0.0,
        0.0
    ],
    "nar_0": [
        0.36613771319389343,
        0.02085104212164879
    ],
    "nar_1": [
        0.358852356672287,
        0.03732654079794884
    ],
    "fnr_0": [
        0.2786251902580261,
        0.03700635954737663
    ],
    "fnr_1": [
        0.25653940439224243,
        0.030236154794692993
    ],
    "tpr_0": [
        0.003194805234670639,
        0.005005984101444483
    ],
    "tpr_1": [
        0.002500000176951289,
        0.005590170621871948
    ],
    "par_0": [
        0.7181800603866577,
        0.034381408244371414
    ],
    "par_1": [
        0.7409606575965881,
        0.028745248913764954
    ],
    "l0d1": [
        0.21711578965187073,
        0.004479032475501299
    ]
}