{
    "cov": [
        0.5920000076293945,
        0.029949970543384552
    ],
    "acc": [
        0.8386341333389282,
        0.009332283399999142
    ],
    "neg_0": [
        0.0008534869994036853,
        0.0007795804995112121
    ],
    "neg_1": [
        0.0,
        0.0
    ],
    "pos_0": [
        0.6002444624900818,
        0.033891186118125916
    ],
    "pos_1": [
        0.5728760957717896,
        0.025916688144207
    ],
    "abs_0": [
        0.39890211820602417,
        0.03414875268936157
    ],
    "abs_1": [
        0.42712393403053284,
        0.02591671049594879
    ],
    "tnr_0": [
        0.706400990486145,
        0.03166130557656288
    ],
    "tnr_1": [
        0.7074522376060486,
        0.02520175464451313
    ],
    "fpr_0": [
        0.00038834952283650637,
        0.0008683759369887412
    ],
    "fpr_1": [
        0.0,
        0.0
    ],
    "nar_0": [
        0.2932106554508209,
        0.031514041125774384
    ],
    "nar_1": [
        0.2925478518009186,
        0.025201736018061638
    ],
    "fnr_0": [
        0.3243716061115265,
        0.038875021040439606
    ],
    "fnr_1": [
        0.32080909609794617,
        0.03567761555314064
    ],
    "tpr_0": [
        0.0020317460875958204,
        0.002818075008690357
    ],
    "tpr_1": [
        0.0,
        0.0
    ],
    "par_0": [
        0.6735966801643372,
        0.0401545986533165
    ],
    "par_1": [
        0.6791909337043762,
        0.035677626729011536
    ],
    "l0d1": [
        0.22577500343322754,
        0.0033230604603886604
    ]
}