{
    "cov": [
        0.7057999968528748,
        0.021052328869700432
    ],
    "acc": [
        0.8091487288475037,
        0.004765861667692661
    ],
    "neg_0": [
        0.00980402622371912,
        0.0052934992127120495
    ],
    "neg_1": [
        0.011268377304077148,
        0.013523283414542675
    ],
    "pos_0": [
        0.7022696733474731,
        0.014895555563271046
    ],
    "pos_1": [
        0.680834949016571,
        0.026096874848008156
    ],
    "abs_0": [
        0.28792640566825867,
        0.019210299476981163
    ],
    "abs_1": [
        0.3078967034816742,
        0.03635496646165848
    ],
    "tnr_0": [
        0.7979410290718079,
        0.01168011873960495
    ],
    "tnr_1": [
        0.8084741830825806,
        0.0278683602809906
    ],
    "fpr_0": [
        0.0023384615778923035,
        0.002531809499487281
    ],
    "fpr_1": [
        0.0,
        0.0
    ],
    "nar_0": [
        0.199720561504364,
        0.014133244752883911
    ],
    "nar_1": [
        0.19152581691741943,
        0.027868399396538734
    ],
    "fnr_0": [
        0.456063836812973,
        0.023454615846276283
    ],
    "fnr_1": [
        0.4293999671936035,
        0.026589524000883102
    ],
    "tpr_0": [
        0.028011906892061234,
        0.013247334398329258
    ],
    "tpr_1": [
        0.030309094116091728,
        0.03583671525120735
    ],
    "par_0": [
        0.515924334526062,
        0.029714912176132202
    ],
    "par_1": [
        0.5402909517288208,
        0.058349743485450745
    ],
    "l0d1": [
        0.2421879768371582,
        0.0025099855847656727
    ]
}