{
    "cov": [
        0.6983999609947205,
        0.032715439796447754
    ],
    "acc": [
        0.8086431622505188,
        0.00876363180577755
    ],
    "neg_0": [
        0.009097607806324959,
        0.007987812161445618
    ],
    "neg_1": [
        0.009874251671135426,
        0.008769787847995758
    ],
    "pos_0": [
        0.6960537433624268,
        0.023254787549376488
    ],
    "pos_1": [
        0.6753466725349426,
        0.038268908858299255
    ],
    "abs_0": [
        0.29484865069389343,
        0.03013107180595398
    ],
    "abs_1": [
        0.3147791028022766,
        0.04070419445633888
    ],
    "tnr_0": [
        0.7933458685874939,
        0.02591540291905403
    ],
    "tnr_1": [
        0.8000043034553528,
        0.026158573105931282
    ],
    "fpr_0": [
        0.003965688403695822,
        0.00584720354527235
    ],
    "fpr_1": [
        0.0010810811072587967,
        0.0024173709098249674
    ],
    "nar_0": [
        0.20268850028514862,
        0.031063754111528397
    ],
    "nar_1": [
        0.19891467690467834,
        0.028254099190235138
    ],
    "fnr_0": [
        0.44265657663345337,
        0.016622764989733696
    ],
    "fnr_1": [
        0.44536668062210083,
        0.062450915575027466
    ],
    "tpr_0": [
        0.02185642160475254,
        0.013412092812359333
    ],
    "tpr_1": [
        0.02451818250119686,
        0.018991271033883095
    ],
    "par_0": [
        0.5354871153831482,
        0.027773108333349228
    ],
    "par_1": [
        0.5301151871681213,
        0.06421224027872086
    ],
    "l0d1": [
        0.24619200825691223,
        0.0029216520488262177
    ]
}