{
    "cov": [
        0.7564000487327576,
        0.01637984998524189
    ],
    "acc": [
        0.791543185710907,
        0.006433324888348579
    ],
    "neg_0": [
        0.012375383637845516,
        0.0070485761389136314
    ],
    "neg_1": [
        0.010152270086109638,
        0.007616391871124506
    ],
    "pos_0": [
        0.7483348250389099,
        0.012740001082420349
    ],
    "pos_1": [
        0.7371072769165039,
        0.020111799240112305
    ],
    "abs_0": [
        0.23928990960121155,
        0.01801622286438942
    ],
    "abs_1": [
        0.2527404725551605,
        0.019305791705846786
    ],
    "tnr_0": [
        0.8357576727867126,
        0.009568135254085064
    ],
    "tnr_1": [
        0.8496357202529907,
        0.016512636095285416
    ],
    "fpr_0": [
        0.004339110106229782,
        0.0044960035011172295
    ],
    "fpr_1": [
        0.0,
        0.0
    ],
    "nar_0": [
        0.15990331768989563,
        0.012676567770540714
    ],
    "nar_1": [
        0.15036433935165405,
        0.016512634232640266
    ],
    "fnr_0": [
        0.522593080997467,
        0.0260766614228487
    ],
    "fnr_1": [
        0.521745502948761,
        0.035413794219493866
    ],
    "tpr_0": [
        0.032055195420980453,
        0.013879368081688881
    ],
    "tpr_1": [
        0.029709091410040855,
        0.022988442331552505
    ],
    "par_0": [
        0.4453517496585846,
        0.032569773495197296
    ],
    "par_1": [
        0.4485454559326172,
        0.03885249048471451
    ],
    "l0d1": [
        0.25374725461006165,
        0.0036497830878943205
    ]
}