{
    "cov": [
        0.7652000188827515,
        0.012716155499219894
    ],
    "acc": [
        0.787272036075592,
        0.004934209864586592
    ],
    "neg_0": [
        0.009627011604607105,
        0.005180645268410444
    ],
    "neg_1": [
        0.014981554821133614,
        0.00995504017919302
    ],
    "pos_0": [
        0.7634437680244446,
        0.013913567177951336
    ],
    "pos_1": [
        0.7329274415969849,
        0.01188378781080246
    ],
    "abs_0": [
        0.22692926228046417,
        0.01745554618537426
    ],
    "abs_1": [
        0.25209107995033264,
        0.014047919772565365
    ],
    "tnr_0": [
        0.8475797772407532,
        0.009532029740512371
    ],
    "tnr_1": [
        0.8433687090873718,
        0.016346216201782227
    ],
    "fpr_0": [
        0.003529862267896533,
        0.0029186620377004147
    ],
    "fpr_1": [
        0.00324324332177639,
        0.004834741819649935
    ],
    "nar_0": [
        0.1488904356956482,
        0.011635287664830685
    ],
    "nar_1": [
        0.15338805317878723,
        0.014467022381722927
    ],
    "fnr_0": [
        0.5430793762207031,
        0.02807503379881382
    ],
    "fnr_1": [
        0.5219363570213318,
        0.01966562494635582
    ],
    "tpr_0": [
        0.025672441348433495,
        0.012953279539942741
    ],
    "tpr_1": [
        0.03679090738296509,
        0.025215184316039085
    ],
    "par_0": [
        0.43124818801879883,
        0.03290731832385063
    ],
    "par_1": [
        0.4412727355957031,
        0.04450191929936409
    ],
    "l0d1": [
        0.2570597529411316,
        0.0023789252154529095
    ]
}