{
    "cov": [
        0.8506256341934204,
        0.04232782870531082
    ],
    "acc": [
        0.9308750033378601,
        0.014583026058971882
    ],
    "neg_0": [
        0.0001718257844913751,
        0.0002510379417799413
    ],
    "neg_1": [
        0.00030927834450267255,
        0.000461044954136014
    ],
    "pos_0": [
        0.8634530901908875,
        0.050743505358695984
    ],
    "pos_1": [
        0.7716410756111145,
        0.0403948538005352
    ],
    "abs_0": [
        0.13637515902519226,
        0.05083557218313217
    ],
    "abs_1": [
        0.22804971039295197,
        0.040713775902986526
    ],
    "tnr_0": [
        0.9057899713516235,
        0.06076584756374359
    ],
    "tnr_1": [
        0.8235124945640564,
        0.045805059373378754
    ],
    "fpr_0": [
        9.94066140265204e-05,
        0.00014709004608448595
    ],
    "fpr_1": [
        0.00031620555091649294,
        0.00043298228411003947
    ],
    "nar_0": [
        0.09411069750785828,
        0.06081997603178024
    ],
    "nar_1": [
        0.17617130279541016,
        0.04620331898331642
    ],
    "fnr_0": [
        0.3723810017108917,
        0.04643724486231804
    ],
    "fnr_1": [
        0.41193199157714844,
        0.039355915039777756
    ],
    "tpr_0": [
        0.0009603729704394937,
        0.0014478140510618687
    ],
    "tpr_1": [
        0.0002962962898891419,
        0.0006625386304222047
    ],
    "par_0": [
        0.6266586184501648,
        0.04660165309906006
    ],
    "par_1": [
        0.5877717137336731,
        0.039420608431100845
    ],
    "l0d1": [
        0.0768616795539856,
        0.004347043577581644
    ]
}