{
    "cov": [
        43.42000198364258,
        3.4651107788085938
    ],
    "acc": [
        86.7374038696289,
        0.7737097144126892
    ],
    "pos_0": [
        0.3166135251522064,
        0.25534215569496155
    ],
    "pos_1": [
        0.33079180121421814,
        0.2288367599248886
    ],
    "neg_0": [
        43.01290512084961,
        3.562062978744507
    ],
    "neg_1": [
        43.38599395751953,
        3.487400770187378
    ],
    "abs_0": [
        56.67049026489258,
        3.571648120880127
    ],
    "abs_1": [
        56.2832145690918,
        3.2858474254608154
    ],
    "tpr_0": [
        0.9523809552192688,
        0.538748025894165
    ],
    "tpr_1": [
        1.25,
        0.8838834762573242
    ],
    "fnr_0": [
        18.57442283630371,
        2.1532225608825684
    ],
    "fnr_1": [
        20.327577590942383,
        3.901477336883545
    ],
    "par_0": [
        80.47319793701172,
        2.1537468433380127
    ],
    "par_1": [
        78.42243194580078,
        3.2646706104278564
    ],
    "fpr_0": [
        0.07920791953802109,
        0.17711429297924042
    ],
    "fpr_1": [
        0.0,
        0.0
    ],
    "tnr_0": [
        52.260986328125,
        4.227736949920654
    ],
    "tnr_1": [
        55.805946350097656,
        3.6649680137634277
    ],
    "nar_0": [
        47.65980911254883,
        4.175164699554443
    ],
    "nar_1": [
        44.19405746459961,
        3.664968490600586
    ],
    "l0d1": [
        0.19885000586509705,
        0.003044462064281106
    ]
}