{
    "cov": [
        47.04000473022461,
        1.3371621370315552
    ],
    "acc": [
        86.58162689208984,
        0.45810380578041077
    ],
    "pos_0": [
        0.0,
        0.0
    ],
    "pos_1": [
        0.0,
        0.0
    ],
    "neg_0": [
        47.24757766723633,
        1.7346605062484741
    ],
    "neg_1": [
        46.56258010864258,
        0.792332649230957
    ],
    "abs_0": [
        52.75242233276367,
        1.734662652015686
    ],
    "abs_1": [
        53.43741989135742,
        0.7923337817192078
    ],
    "tpr_0": [
        0.0,
        0.0
    ],
    "tpr_1": [
        0.0,
        0.0
    ],
    "fnr_0": [
        20.790586471557617,
        0.7635091543197632
    ],
    "fnr_1": [
        22.21242332458496,
        1.7039371728897095
    ],
    "par_0": [
        79.20942687988281,
        0.7635105848312378
    ],
    "par_1": [
        77.7875747680664,
        1.7039402723312378
    ],
    "fpr_0": [
        0.0,
        0.0
    ],
    "fpr_1": [
        0.0,
        0.0
    ],
    "tnr_0": [
        57.3231201171875,
        2.1982762813568115
    ],
    "tnr_1": [
        59.8174934387207,
        1.354660987854004
    ],
    "nar_0": [
        42.676876068115234,
        2.198275327682495
    ],
    "nar_1": [
        40.1825065612793,
        1.3546618223190308
    ],
    "l0d1": [
        0.19659999012947083,
        0.003248081309720874
    ]
}