{
    "cov": [
        57.18000030517578,
        1.829479694366455
    ],
    "acc": [
        84.53502655029297,
        0.5371688008308411
    ],
    "pos_0": [
        0.0,
        0.0
    ],
    "pos_1": [
        0.0,
        0.0
    ],
    "neg_0": [
        57.68996810913086,
        2.047635316848755
    ],
    "neg_1": [
        56.14957809448242,
        2.1889257431030273
    ],
    "abs_0": [
        42.31003189086914,
        2.0476362705230713
    ],
    "abs_1": [
        43.85042190551758,
        2.1889264583587646
    ],
    "tpr_0": [
        0.0,
        0.0
    ],
    "tpr_1": [
        0.0,
        0.0
    ],
    "fnr_0": [
        30.672657012939453,
        1.6645712852478027
    ],
    "fnr_1": [
        28.2751522064209,
        2.2540926933288574
    ],
    "par_0": [
        69.32735443115234,
        1.6645716428756714
    ],
    "par_1": [
        71.72484588623047,
        2.2540957927703857
    ],
    "fpr_0": [
        0.0,
        0.0
    ],
    "fpr_1": [
        0.0,
        0.0
    ],
    "tnr_0": [
        68.13390350341797,
        2.287937641143799
    ],
    "tnr_1": [
        70.93803405761719,
        2.569230079650879
    ],
    "nar_0": [
        31.8660945892334,
        2.2879409790039062
    ],
    "nar_1": [
        29.061969757080078,
        2.5692331790924072
    ],
    "l0d1": [
        0.21765999495983124,
        0.0031926468946039677
    ]
}