{
    "cov": [
        0.42740002274513245,
        0.04433170706033707
    ],
    "acc": [
        0.8772972226142883,
        0.014550810679793358
    ],
    "neg_0": [
        0.0,
        0.0
    ],
    "neg_1": [
        0.0006451613153330982,
        0.0014426244888454676
    ],
    "pos_0": [
        0.4374384880065918,
        0.044705841690301895
    ],
    "pos_1": [
        0.40690499544143677,
        0.04341642186045647
    ],
    "abs_0": [
        0.5625615119934082,
        0.0447058342397213
    ],
    "abs_1": [
        0.5924499034881592,
        0.0444929413497448
    ],
    "tnr_0": [
        0.5348567366600037,
        0.04631540924310684
    ],
    "tnr_1": [
        0.5285571813583374,
        0.05182528495788574
    ],
    "fpr_0": [
        0.0,
        0.0
    ],
    "fpr_1": [
        0.0,
        0.0
    ],
    "nar_0": [
        0.4651432931423187,
        0.04631540924310684
    ],
    "nar_1": [
        0.471442848443985,
        0.05182533711194992
    ],
    "fnr_0": [
        0.1834123432636261,
        0.04186999425292015
    ],
    "fnr_1": [
        0.17991213500499725,
        0.028615843504667282
    ],
    "tpr_0": [
        0.0,
        0.0
    ],
    "tpr_1": [
        0.002500000176951289,
        0.005590170621871948
    ],
    "par_0": [
        0.8165876269340515,
        0.04186997562646866
    ],
    "par_1": [
        0.8175878524780273,
        0.03230423480272293
    ],
    "l0d1": [
        0.16653062403202057,
        0.0028916727751493454
    ]
}