{
    "cov": [
        0.36180001497268677,
        0.016161678358912468
    ],
    "acc": [
        0.8768510818481445,
        0.013093028217554092
    ],
    "neg_0": [
        0.0,
        0.0
    ],
    "neg_1": [
        0.0,
        0.0
    ],
    "pos_0": [
        0.37020978331565857,
        0.016061214730143547
    ],
    "pos_1": [
        0.3451841473579407,
        0.031035279855132103
    ],
    "abs_0": [
        0.6297902464866638,
        0.016061214730143547
    ],
    "abs_1": [
        0.6548158526420593,
        0.031035281717777252
    ],
    "tnr_0": [
        0.4537380337715149,
        0.01893046498298645
    ],
    "tnr_1": [
        0.4481785297393799,
        0.03995537385344505
    ],
    "fpr_0": [
        0.0,
        0.0
    ],
    "fpr_1": [
        0.0,
        0.0
    ],
    "nar_0": [
        0.5462619662284851,
        0.0189304668456316
    ],
    "nar_1": [
        0.5518215298652649,
        0.03995538130402565
    ],
    "fnr_0": [
        0.14710137248039246,
        0.020732777193188667
    ],
    "fnr_1": [
        0.15935757756233215,
        0.020825020968914032
    ],
    "tpr_0": [
        0.0,
        0.0
    ],
    "tpr_1": [
        0.0,
        0.0
    ],
    "par_0": [
        0.8528985977172852,
        0.020732754841446877
    ],
    "par_1": [
        0.8406423926353455,
        0.02082500420510769
    ],
    "l0d1": [
        0.20475001633167267,
        0.003354108426719904
    ]
}