{
    "cov": [
        0.5354000329971313,
        0.00856153666973114
    ],
    "acc": [
        0.855032742023468,
        0.0072837164625525475
    ],
    "neg_0": [
        0.0008514017099514604,
        0.0019037920283153653
    ],
    "neg_1": [
        0.0019354838877916336,
        0.0017668468644842505
    ],
    "pos_0": [
        0.5475396513938904,
        0.009596554562449455
    ],
    "pos_1": [
        0.5069964528083801,
        0.022133085876703262
    ],
    "abs_0": [
        0.4516090452671051,
        0.01007640641182661
    ],
    "abs_1": [
        0.49106812477111816,
        0.02315794676542282
    ],
    "tnr_0": [
        0.6491628885269165,
        0.008995183743536472
    ],
    "tnr_1": [
        0.6570449471473694,
        0.02801421470940113
    ],
    "fpr_0": [
        0.0,
        0.0
    ],
    "fpr_1": [
        0.0,
        0.0
    ],
    "nar_0": [
        0.35083720088005066,
        0.00899516697973013
    ],
    "nar_1": [
        0.342955082654953,
        0.02801421657204628
    ],
    "fnr_0": [
        0.2828842103481293,
        0.018913177773356438
    ],
    "fnr_1": [
        0.22881817817687988,
        0.017107369378209114
    ],
    "tpr_0": [
        0.0031746034510433674,
        0.007098629139363766
    ],
    "tpr_1": [
        0.007500000298023224,
        0.006846532225608826
    ],
    "par_0": [
        0.7139412760734558,
        0.01975250616669655
    ],
    "par_1": [
        0.7636818289756775,
        0.021944982931017876
    ],
    "l0d1": [
        0.2132243663072586,
        0.002572547411546111
    ]
}