{
    "cov": [
        0.6620000004768372,
        0.013892446644604206
    ],
    "acc": [
        0.8209802508354187,
        0.008433005772531033
    ],
    "neg_0": [
        0.00030075188260525465,
        0.0006725016864947975
    ],
    "neg_1": [
        0.0019354838877916336,
        0.002885248977690935
    ],
    "pos_0": [
        0.6773815751075745,
        0.015062159858644009
    ],
    "pos_1": [
        0.6264647841453552,
        0.011983036063611507
    ],
    "abs_0": [
        0.3223176896572113,
        0.015325827524065971
    ],
    "abs_1": [
        0.3715997636318207,
        0.010945041663944721
    ],
    "tnr_0": [
        0.7789925336837769,
        0.01406986266374588
    ],
    "tnr_1": [
        0.7621442079544067,
        0.01655339077115059
    ],
    "fpr_0": [
        0.0003960396279580891,
        0.0008855715277604759
    ],
    "fpr_1": [
        0.0,
        0.0
    ],
    "nar_0": [
        0.22061149775981903,
        0.014674738980829716
    ],
    "nar_1": [
        0.23785583674907684,
        0.016553398221731186
    ],
    "fnr_0": [
        0.4124250113964081,
        0.024517588317394257
    ],
    "fnr_1": [
        0.37034544348716736,
        0.034775152802467346
    ],
    "tpr_0": [
        0.0,
        0.0
    ],
    "tpr_1": [
        0.007500000298023224,
        0.011180341243743896
    ],
    "par_0": [
        0.5875750780105591,
        0.02451755478978157
    ],
    "par_1": [
        0.6221545934677124,
        0.034377507865428925
    ],
    "l0d1": [
        0.25519999861717224,
        0.0059732659719884396
    ]
}