{
    "cov": [
        0.6895999908447266,
        0.008734997361898422
    ],
    "acc": [
        0.8130529522895813,
        0.006976377684623003
    ],
    "neg_0": [
        0.0017796214669942856,
        0.003263416001573205
    ],
    "neg_1": [
        0.00308136735111475,
        0.0036583321634680033
    ],
    "pos_0": [
        0.703554630279541,
        0.006037140265107155
    ],
    "pos_1": [
        0.6534319519996643,
        0.022115672007203102
    ],
    "abs_0": [
        0.29466578364372253,
        0.00849821139127016
    ],
    "abs_1": [
        0.3434866964817047,
        0.021399959921836853
    ],
    "tnr_0": [
        0.8004326820373535,
        0.004163501318544149
    ],
    "tnr_1": [
        0.7943827509880066,
        0.01722760684788227
    ],
    "fpr_0": [
        0.0015841585118323565,
        0.0035422861110419035
    ],
    "fpr_1": [
        0.0021621622145175934,
        0.004834741819649935
    ],
    "nar_0": [
        0.19798319041728973,
        0.007601545192301273
    ],
    "nar_1": [
        0.20345516502857208,
        0.014966722577810287
    ],
    "fnr_0": [
        0.45021507143974304,
        0.01852973736822605
    ],
    "fnr_1": [
        0.39433032274246216,
        0.04054618254303932
    ],
    "tpr_0": [
        0.00213888892903924,
        0.0029975557699799538
    ],
    "tpr_1": [
        0.0063333334401249886,
        0.006252777297049761
    ],
    "par_0": [
        0.547646164894104,
        0.019082166254520416
    ],
    "par_1": [
        0.5993363857269287,
        0.045104846358299255
    ],
    "l0d1": [
        0.26406002044677734,
        0.003525014501065016
    ]
}