{
    "cov": [
        0.7053999900817871,
        0.01591537706553936
    ],
    "acc": [
        0.809745728969574,
        0.0066191330552101135
    ],
    "neg_0": [
        0.0014192041708156466,
        0.0017465808195993304
    ],
    "neg_1": [
        0.003236382966861129,
        0.003239086363464594
    ],
    "pos_0": [
        0.7190830111503601,
        0.01662483811378479
    ],
    "pos_1": [
        0.6710567474365234,
        0.01831359602510929
    ],
    "abs_0": [
        0.27949783205986023,
        0.016582829877734184
    ],
    "abs_1": [
        0.3257068991661072,
        0.01598495990037918
    ],
    "tnr_0": [
        0.815673291683197,
        0.01203712448477745
    ],
    "tnr_1": [
        0.8019891977310181,
        0.02193264663219452
    ],
    "fpr_0": [
        0.0,
        0.0
    ],
    "fpr_1": [
        0.0,
        0.0
    ],
    "nar_0": [
        0.18432672321796417,
        0.012037121690809727
    ],
    "nar_1": [
        0.1980108767747879,
        0.021932678297162056
    ],
    "fnr_0": [
        0.4696122109889984,
        0.03274789825081825
    ],
    "fnr_1": [
        0.4241909086704254,
        0.021979019045829773
    ],
    "tpr_0": [
        0.0052063497714698315,
        0.006496699992567301
    ],
    "tpr_1": [
        0.011818182654678822,
        0.011716124601662159
    ],
    "par_0": [
        0.5251814723014832,
        0.03257697820663452
    ],
    "par_1": [
        0.5639910101890564,
        0.010749325156211853
    ],
    "l0d1": [
        0.267649382352829,
        0.0022034512367099524
    ]
}