{
    "cov": [
        0.7667999863624573,
        0.020583992823958397
    ],
    "acc": [
        0.784986138343811,
        0.008662817068397999
    ],
    "neg_0": [
        0.0023797657340765,
        0.0029415753670036793
    ],
    "neg_1": [
        0.0044679827988147736,
        0.0018134632846340537
    ],
    "pos_0": [
        0.7804242968559265,
        0.0200456902384758
    ],
    "pos_1": [
        0.7280644774436951,
        0.023927582427859306
    ],
    "abs_0": [
        0.21719597280025482,
        0.020566916093230247
    ],
    "abs_1": [
        0.2674676179885864,
        0.024319546297192574
    ],
    "tnr_0": [
        0.8612575531005859,
        0.012419280596077442
    ],
    "tnr_1": [
        0.8449867367744446,
        0.0243914183229208
    ],
    "fpr_0": [
        0.0015841585118323565,
        0.0035422861110419035
    ],
    "fpr_1": [
        0.0,
        0.0
    ],
    "nar_0": [
        0.13715830445289612,
        0.013174381107091904
    ],
    "nar_1": [
        0.155013307929039,
        0.02439142018556595
    ],
    "fnr_0": [
        0.5702868700027466,
        0.043503038585186005
    ],
    "fnr_1": [
        0.5070061087608337,
        0.02350558713078499
    ],
    "tpr_0": [
        0.0044448054395616055,
        0.0025616553612053394
    ],
    "tpr_1": [
        0.016333332285284996,
        0.00826219655573368
    ],
    "par_0": [
        0.42526841163635254,
        0.04412389546632767
    ],
    "par_1": [
        0.4766606390476227,
        0.026666052639484406
    ],
    "l0d1": [
        0.2768987715244293,
        0.0031018569134175777
    ]
}