{
    "cov": [
        54.380001068115234,
        4.427414894104004
    ],
    "acc": [
        83.77945709228516,
        1.1933801174163818
    ],
    "pos_0": [
        0.0,
        0.0
    ],
    "pos_1": [
        0.0,
        0.0
    ],
    "neg_0": [
        55.359737396240234,
        4.552350997924805
    ],
    "neg_1": [
        52.420562744140625,
        4.164707183837891
    ],
    "abs_0": [
        44.64026641845703,
        4.5523529052734375
    ],
    "abs_1": [
        47.579437255859375,
        4.164705753326416
    ],
    "tpr_0": [
        0.0,
        0.0
    ],
    "tpr_1": [
        0.0,
        0.0
    ],
    "fnr_0": [
        31.56500816345215,
        3.457442283630371
    ],
    "fnr_1": [
        30.8354549407959,
        5.332398414611816
    ],
    "par_0": [
        68.43499755859375,
        3.4574410915374756
    ],
    "par_1": [
        69.16455078125,
        5.332400798797607
    ],
    "fpr_0": [
        0.0,
        0.0
    ],
    "fpr_1": [
        0.0,
        0.0
    ],
    "tnr_0": [
        64.48062896728516,
        4.987679958343506
    ],
    "tnr_1": [
        64.48048400878906,
        3.941899061203003
    ],
    "nar_0": [
        35.51937484741211,
        4.9876790046691895
    ],
    "nar_1": [
        35.51951599121094,
        3.941898822784424
    ],
    "l0d1": [
        0.3178487718105316,
        0.010864034295082092
    ]
}