{
    "cov": [
        0.49085330963134766,
        0.02767922729253769
    ],
    "acc": [
        0.8630064129829407,
        0.0029614220838993788
    ],
    "neg_0": [
        0.003362596035003662,
        0.00022587711282540113
    ],
    "neg_1": [
        0.0015504235634580255,
        0.0005278646713122725
    ],
    "pos_0": [
        0.3999134302139282,
        0.02270706556737423
    ],
    "pos_1": [
        0.5469411015510559,
        0.03383570909500122
    ],
    "abs_0": [
        0.5967240333557129,
        0.022707706317305565
    ],
    "abs_1": [
        0.4515085220336914,
        0.03395964950323105
    ],
    "tnr_0": [
        0.45365962386131287,
        0.026194561272859573
    ],
    "tnr_1": [
        0.5986018180847168,
        0.038140445947647095
    ],
    "fpr_0": [
        0.001245146500878036,
        8.681406325194985e-05
    ],
    "fpr_1": [
        0.0006700758240185678,
        0.0002910498296841979
    ],
    "nar_0": [
        0.5450953245162964,
        0.02618427574634552
    ],
    "nar_1": [
        0.40072813630104065,
        0.03809637576341629
    ],
    "fnr_0": [
        0.23314575850963593,
        0.014579116366803646
    ],
    "fnr_1": [
        0.35135114192962646,
        0.019916292279958725
    ],
    "tpr_0": [
        0.009962580166757107,
        0.000984814716503024
    ],
    "tpr_1": [
        0.004879716318100691,
        0.0015887466724961996
    ],
    "par_0": [
        0.7568917274475098,
        0.014838256873190403
    ],
    "par_1": [
        0.6437692046165466,
        0.02035530097782612
    ],
    "l0d1": [
        0.19446001946926117,
        0.004470529034733772
    ]
}