{
    "cov": [
        59.644004821777344,
        0.8656998872756958
    ],
    "acc": [
        85.0935287475586,
        0.5805145502090454
    ],
    "pos_0": [
        2.3368899822235107,
        0.4605056345462799
    ],
    "pos_1": [
        2.375459671020508,
        0.29992708563804626
    ],
    "neg_0": [
        57.55167770385742,
        1.533593773841858
    ],
    "neg_1": [
        56.75897979736328,
        1.8071107864379883
    ],
    "abs_0": [
        40.11143493652344,
        1.2083388566970825
    ],
    "abs_1": [
        40.865562438964844,
        1.8870086669921875
    ],
    "tpr_0": [
        7.400488376617432,
        1.512516736984253
    ],
    "tpr_1": [
        16.492280960083008,
        2.3728652000427246
    ],
    "fnr_0": [
        37.33789825439453,
        1.6586389541625977
    ],
    "fnr_1": [
        23.453529357910156,
        1.784455418586731
    ],
    "par_0": [
        55.2616081237793,
        1.3105353116989136
    ],
    "par_1": [
        60.05419158935547,
        3.381948232650757
    ],
    "fpr_0": [
        0.05465070530772209,
        0.029635032638907433
    ],
    "fpr_1": [
        0.5937954187393188,
        0.17595623433589935
    ],
    "tnr_0": [
        66.67106628417969,
        1.7743555307388306
    ],
    "tnr_1": [
        60.957733154296875,
        1.8853754997253418
    ],
    "nar_0": [
        33.274295806884766,
        1.7640256881713867
    ],
    "nar_1": [
        38.44846725463867,
        1.8618817329406738
    ]
}