{
    "cov": [
        0.8212310671806335,
        0.038274701684713364
    ],
    "acc": [
        0.8886553645133972,
        0.009689883328974247
    ],
    "neg_0": [
        0.0,
        0.0
    ],
    "neg_1": [
        0.0,
        0.0
    ],
    "pos_0": [
        0.8157138824462891,
        0.03529716283082962
    ],
    "pos_1": [
        0.8718544244766235,
        0.04700453579425812
    ],
    "abs_0": [
        0.18428604304790497,
        0.035297174006700516
    ],
    "abs_1": [
        0.12814565002918243,
        0.047004517167806625
    ],
    "tnr_0": [
        0.8160387277603149,
        0.03258978947997093
    ],
    "tnr_1": [
        0.878980278968811,
        0.04632440209388733
    ],
    "fpr_0": [
        0.0,
        0.0
    ],
    "fpr_1": [
        0.0,
        0.0
    ],
    "nar_0": [
        0.18396134674549103,
        0.032589785754680634
    ],
    "nar_1": [
        0.12101975828409195,
        0.04632437601685524
    ],
    "fnr_0": [
        0.7742288708686829,
        0.03700193017721176
    ],
    "fnr_1": [
        0.8585886359214783,
        0.04799332469701767
    ],
    "tpr_0": [
        0.0,
        0.0
    ],
    "tpr_1": [
        0.0,
        0.0
    ],
    "par_0": [
        0.22577114403247833,
        0.03700191527605057
    ],
    "par_1": [
        0.14141137897968292,
        0.047993309795856476
    ],
    "l0d1": [
        0.1152338758111,
        0.013095992617309093
    ]
}