{
    "cov": [
        39.4033317565918,
        1.0087217092514038
    ],
    "acc": [
        86.50045013427734,
        0.5876272916793823
    ],
    "pos_0": [
        0.9419867396354675,
        0.375812828540802
    ],
    "pos_1": [
        0.9607254862785339,
        0.22693230211734772
    ],
    "neg_0": [
        37.346168518066406,
        1.281680941581726
    ],
    "neg_1": [
        39.176902770996094,
        1.262011170387268
    ],
    "abs_0": [
        61.71184539794922,
        1.4942662715911865
    ],
    "abs_1": [
        59.86237335205078,
        1.3282750844955444
    ],
    "tpr_0": [
        2.6029388904571533,
        1.0505019426345825
    ],
    "tpr_1": [
        3.459470272064209,
        0.8350712656974792
    ],
    "fnr_0": [
        21.222240447998047,
        1.4659819602966309
    ],
    "fnr_1": [
        24.106624603271484,
        1.8075995445251465
    ],
    "par_0": [
        76.17481994628906,
        2.048013925552368
    ],
    "par_1": [
        72.43390655517578,
        1.9157227277755737
    ],
    "fpr_0": [
        0.40840277075767517,
        0.2474733293056488
    ],
    "fpr_1": [
        0.31719493865966797,
        0.1155957281589508
    ],
    "tnr_0": [
        42.54348373413086,
        1.4006389379501343
    ],
    "tnr_1": [
        43.07455825805664,
        1.3179428577423096
    ],
    "nar_0": [
        57.04811477661133,
        1.5169868469238281
    ],
    "nar_1": [
        56.608245849609375,
        1.3279768228530884
    ]
}