{
    "cov": [
        0.49355000257492065,
        0.012275408022105694
    ],
    "acc": [
        0.866571307182312,
        0.005475279409438372
    ],
    "neg_0": [
        0.01000641006976366,
        0.004033073782920837
    ],
    "neg_1": [
        0.009910374879837036,
        0.002192894695326686
    ],
    "pos_0": [
        0.4753766655921936,
        0.01804356835782528
    ],
    "pos_1": [
        0.48906007409095764,
        0.015937000513076782
    ],
    "abs_0": [
        0.5146169066429138,
        0.01890876144170761
    ],
    "abs_1": [
        0.5010295510292053,
        0.017252743244171143
    ],
    "tnr_0": [
        0.5405715703964233,
        0.022108551114797592
    ],
    "tnr_1": [
        0.5393540859222412,
        0.017090005800127983
    ],
    "fpr_0": [
        0.004249352030456066,
        0.0025391082745045424
    ],
    "fpr_1": [
        0.0033100363798439503,
        0.0010786571074277163
    ],
    "nar_0": [
        0.45517897605895996,
        0.022236736491322517
    ],
    "nar_1": [
        0.45733585953712463,
        0.01749020628631115
    ],
    "fnr_0": [
        0.2731681764125824,
        0.018148863688111305
    ],
    "fnr_1": [
        0.29461222887039185,
        0.020589817315340042
    ],
    "tpr_0": [
        0.027911195531487465,
        0.011483083479106426
    ],
    "tpr_1": [
        0.03552083298563957,
        0.008321421220898628
    ],
    "par_0": [
        0.6989206075668335,
        0.022332897409796715
    ],
    "par_1": [
        0.6698669195175171,
        0.022484784945845604
    ]
}