{
    "cov": [
        0.5140500068664551,
        0.010800101794302464
    ],
    "acc": [
        0.8671577572822571,
        0.005488746799528599
    ],
    "neg_0": [
        0.010091880336403847,
        0.003936161752790213
    ],
    "neg_1": [
        0.010159778408706188,
        0.002045709639787674
    ],
    "pos_0": [
        0.49334532022476196,
        0.022858837619423866
    ],
    "pos_1": [
        0.5110505819320679,
        0.016550283879041672
    ],
    "abs_0": [
        0.49656280875205994,
        0.022133411839604378
    ],
    "abs_1": [
        0.47878965735435486,
        0.017280852422118187
    ],
    "tnr_0": [
        0.5604972243309021,
        0.027837438508868217
    ],
    "tnr_1": [
        0.5644764304161072,
        0.018521225079894066
    ],
    "fpr_0": [
        0.004306201823055744,
        0.002437734743580222
    ],
    "fpr_1": [
        0.0033100363798439503,
        0.0010786571074277163
    ],
    "nar_0": [
        0.43519654870033264,
        0.0265464186668396
    ],
    "nar_1": [
        0.4322134852409363,
        0.01894429512321949
    ],
    "fnr_0": [
        0.28504565358161926,
        0.01825856603682041
    ],
    "fnr_1": [
        0.3047260642051697,
        0.021632550284266472
    ],
    "tpr_0": [
        0.02808331325650215,
        0.011403510347008705
    ],
    "tpr_1": [
        0.036722782999277115,
        0.007769628893584013
    ],
    "par_0": [
        0.6868710517883301,
        0.01981436274945736
    ],
    "par_1": [
        0.6585511565208435,
        0.02140616625547409
    ]
}