{
    "cov": [
        53.159996032714844,
        1.308759331703186
    ],
    "acc": [
        86.68439483642578,
        0.5385746955871582
    ],
    "pos_0": [
        1.0300898551940918,
        0.4071032404899597
    ],
    "pos_1": [
        1.024305820465088,
        0.2039051055908203
    ],
    "neg_0": [
        52.24504852294922,
        1.4561939239501953
    ],
    "neg_1": [
        52.06751251220703,
        2.1088669300079346
    ],
    "abs_0": [
        46.72486114501953,
        1.5664846897125244
    ],
    "abs_1": [
        46.908180236816406,
        2.1607913970947266
    ],
    "tpr_0": [
        2.8969693183898926,
        1.2101954221725464
    ],
    "tpr_1": [
        3.6999759674072266,
        0.7642639875411987
    ],
    "fnr_0": [
        30.276355743408203,
        1.499054193496704
    ],
    "fnr_1": [
        31.11321449279785,
        2.150424003601074
    ],
    "par_0": [
        66.82667541503906,
        1.9626667499542236
    ],
    "par_1": [
        65.18681335449219,
        2.0958683490753174
    ],
    "fpr_0": [
        0.4306201934814453,
        0.2437734752893448
    ],
    "fpr_1": [
        0.33449405431747437,
        0.11273390799760818
    ],
    "tnr_0": [
        59.329185485839844,
        1.8502581119537354
    ],
    "tnr_1": [
        57.486717224121094,
        2.326359272003174
    ],
    "nar_0": [
        40.240196228027344,
        1.8084152936935425
    ],
    "nar_1": [
        42.17879104614258,
        2.3750336170196533
    ]
}