{
    "cov": [
        0.5722998976707458,
        0.013550722040235996
    ],
    "acc": [
        0.8665919303894043,
        0.005869193933904171
    ],
    "neg_0": [
        0.010634755715727806,
        0.004129608161747456
    ],
    "neg_1": [
        0.010519441217184067,
        0.0019935702439397573
    ],
    "pos_0": [
        0.5647295117378235,
        0.01096173096448183
    ],
    "pos_1": [
        0.559731125831604,
        0.017803192138671875
    ],
    "abs_0": [
        0.42463573813438416,
        0.012673362158238888
    ],
    "abs_1": [
        0.42974942922592163,
        0.018125640228390694
    ],
    "tnr_0": [
        0.640367329120636,
        0.012208209373056889
    ],
    "tnr_1": [
        0.6181962490081787,
        0.021484239026904106
    ],
    "fpr_0": [
        0.004361695609986782,
        0.0024474039673805237
    ],
    "fpr_1": [
        0.003484979271888733,
        0.0010382700711488724
    ],
    "nar_0": [
        0.35527095198631287,
        0.012311385944485664
    ],
    "nar_1": [
        0.3783186972141266,
        0.021660421043634415
    ],
    "fnr_0": [
        0.33009690046310425,
        0.014401242136955261
    ],
    "fnr_1": [
        0.33391672372817993,
        0.01888967491686344
    ],
    "tpr_0": [
        0.030194208025932312,
        0.012597172521054745
    ],
    "tpr_1": [
        0.037791602313518524,
        0.007945229299366474
    ],
    "par_0": [
        0.6397088766098022,
        0.021185550838708878
    ],
    "par_1": [
        0.6282917261123657,
        0.01876983419060707
    ]
}