{
    "cov": [
        0.5979833006858826,
        0.008509060367941856
    ],
    "acc": [
        0.8666356801986694,
        0.005576449912041426
    ],
    "neg_0": [
        0.010760419070720673,
        0.004223441239446402
    ],
    "neg_1": [
        0.010685834102332592,
        0.0020683580078184605
    ],
    "pos_0": [
        0.5793425440788269,
        0.019729122519493103
    ],
    "pos_1": [
        0.5924957990646362,
        0.01024372223764658
    ],
    "abs_0": [
        0.40989699959754944,
        0.020442774519324303
    ],
    "abs_1": [
        0.3968183398246765,
        0.010893034748733044
    ],
    "tnr_0": [
        0.6566344499588013,
        0.023463955149054527
    ],
    "tnr_1": [
        0.6543588638305664,
        0.011702085845172405
    ],
    "fpr_0": [
        0.004361695609986782,
        0.0024474039673805237
    ],
    "fpr_1": [
        0.003589753760024905,
        0.001089594210498035
    ],
    "nar_0": [
        0.33900389075279236,
        0.0231877900660038
    ],
    "nar_1": [
        0.34205132722854614,
        0.01188038568943739
    ],
    "fnr_0": [
        0.3395843207836151,
        0.017841501161456108
    ],
    "fnr_1": [
        0.3535107970237732,
        0.018679354339838028
    ],
    "tpr_0": [
        0.030720677226781845,
        0.013009071350097656
    ],
    "tpr_1": [
        0.03820637986063957,
        0.00816114991903305
    ],
    "par_0": [
        0.629694938659668,
        0.023359457030892372
    ],
    "par_1": [
        0.6082828044891357,
        0.018383406102657318
    ]
}