{
    "cov": [
        64.47166442871094,
        0.847400963306427
    ],
    "acc": [
        86.44612884521484,
        0.5280676484107971
    ],
    "pos_0": [
        1.1475634574890137,
        0.40949058532714844
    ],
    "pos_1": [
        1.1045637130737305,
        0.2214556634426117
    ],
    "neg_0": [
        64.570556640625,
        1.0764647722244263
    ],
    "neg_1": [
        62.55583572387695,
        1.4585338830947876
    ],
    "abs_0": [
        34.281883239746094,
        1.1267406940460205
    ],
    "abs_1": [
        36.339595794677734,
        1.407359004020691
    ],
    "tpr_0": [
        3.299870252609253,
        1.3033716678619385
    ],
    "tpr_1": [
        3.9429962635040283,
        0.8609834313392639
    ],
    "fnr_0": [
        38.672428131103516,
        1.3519140481948853
    ],
    "fnr_1": [
        37.751670837402344,
        2.4903974533081055
    ],
    "par_0": [
        58.0276985168457,
        1.851851463317871
    ],
    "par_1": [
        58.305335998535156,
        2.3741204738616943
    ],
    "fpr_0": [
        0.45846185088157654,
        0.2356264740228653
    ],
    "fpr_1": [
        0.37294667959213257,
        0.11629617214202881
    ],
    "tnr_0": [
        72.91213989257812,
        1.4331618547439575
    ],
    "tnr_1": [
        68.98011779785156,
        1.3361361026763916
    ],
    "nar_0": [
        26.62939453125,
        1.379541039466858
    ],
    "nar_1": [
        30.646942138671875,
        1.3496469259262085
    ]
}