{
    "cov": [
        0.6447166204452515,
        0.008474009111523628
    ],
    "acc": [
        0.8644613027572632,
        0.005280691664665937
    ],
    "neg_0": [
        0.011475634761154652,
        0.004094906151294708
    ],
    "neg_1": [
        0.011045637540519238,
        0.0022145563270896673
    ],
    "pos_0": [
        0.6457055807113647,
        0.010764654725790024
    ],
    "pos_1": [
        0.6255584359169006,
        0.014585345983505249
    ],
    "abs_0": [
        0.3428187966346741,
        0.0112674031406641
    ],
    "abs_1": [
        0.3633959889411926,
        0.014073594473302364
    ],
    "tnr_0": [
        0.7291213870048523,
        0.014331603422760963
    ],
    "tnr_1": [
        0.6898010969161987,
        0.013361355289816856
    ],
    "fpr_0": [
        0.004584618844091892,
        0.002356264740228653
    ],
    "fpr_1": [
        0.003729466814547777,
        0.0011629618238657713
    ],
    "nar_0": [
        0.2662939429283142,
        0.013795405626296997
    ],
    "nar_1": [
        0.3064693808555603,
        0.01349646970629692
    ],
    "fnr_0": [
        0.3867242932319641,
        0.013519140891730785
    ],
    "fnr_1": [
        0.3775167167186737,
        0.024903973564505577
    ],
    "tpr_0": [
        0.0329987034201622,
        0.013033716939389706
    ],
    "tpr_1": [
        0.03942996263504028,
        0.008609835058450699
    ],
    "par_0": [
        0.5802770853042603,
        0.018518516793847084
    ],
    "par_1": [
        0.5830534100532532,
        0.023741215467453003
    ]
}