{
    "cov": [
        0.71833336353302,
        0.008831067942082882
    ],
    "acc": [
        0.8622241020202637,
        0.004958171863108873
    ],
    "neg_0": [
        0.01210595853626728,
        0.004358110949397087
    ],
    "neg_1": [
        0.011708131991326809,
        0.0022872481495141983
    ],
    "pos_0": [
        0.7052375674247742,
        0.009134799242019653
    ],
    "pos_1": [
        0.7073477506637573,
        0.01152501255273819
    ],
    "abs_0": [
        0.2826564311981201,
        0.009055367670953274
    ],
    "abs_1": [
        0.2809441089630127,
        0.012134969234466553
    ],
    "tnr_0": [
        0.7922373414039612,
        0.011653069406747818
    ],
    "tnr_1": [
        0.7788423299789429,
        0.010855624452233315
    ],
    "fpr_0": [
        0.004695977084338665,
        0.002597313839942217
    ],
    "fpr_1": [
        0.0041125803254544735,
        0.001195114804431796
    ],
    "nar_0": [
        0.20306678116321564,
        0.011342771351337433
    ],
    "nar_1": [
        0.21704506874084473,
        0.010986101813614368
    ],
    "fnr_0": [
        0.43530648946762085,
        0.016546618193387985
    ],
    "fnr_1": [
        0.4313103258609772,
        0.019177936017513275
    ],
    "tpr_0": [
        0.03525443375110626,
        0.0133308544754982
    ],
    "tpr_1": [
        0.041167814284563065,
        0.009060734882950783
    ],
    "par_0": [
        0.5294390916824341,
        0.015093212015926838
    ],
    "par_1": [
        0.5275218486785889,
        0.019939910620450974
    ]
}