{
    "cov": [
        73.61833190917969,
        1.1047168970108032
    ],
    "acc": [
        86.09342956542969,
        0.5570407509803772
    ],
    "pos_0": [
        1.2400389909744263,
        0.43841657042503357
    ],
    "pos_1": [
        1.1928844451904297,
        0.22387684881687164
    ],
    "neg_0": [
        72.22566223144531,
        1.1937135457992554
    ],
    "neg_1": [
        72.53367614746094,
        1.4974327087402344
    ],
    "abs_0": [
        26.5343074798584,
        1.2231659889221191
    ],
    "abs_1": [
        26.2734375,
        1.5388423204421997
    ],
    "tpr_0": [
        3.610974073410034,
        1.3168821334838867
    ],
    "tpr_1": [
        4.209036827087402,
        0.8772653937339783
    ],
    "fnr_0": [
        45.00631332397461,
        1.9680509567260742
    ],
    "fnr_1": [
        44.659873962402344,
        1.9394702911376953
    ],
    "par_0": [
        51.382713317871094,
        1.8268287181854248
    ],
    "par_1": [
        51.131080627441406,
        1.8393149375915527
    ],
    "fpr_0": [
        0.48065710067749023,
        0.27244240045547485
    ],
    "fpr_1": [
        0.414797842502594,
        0.11814291775226593
    ],
    "tnr_0": [
        80.99625396728516,
        1.5611798763275146
    ],
    "tnr_1": [
        79.7508773803711,
        1.5027201175689697
    ],
    "nar_0": [
        18.523086547851562,
        1.5547477006912231
    ],
    "nar_1": [
        19.83432960510254,
        1.511290431022644
    ]
}