{
    "cov": [
        0.7361832857131958,
        0.01104716770350933
    ],
    "acc": [
        0.8609343767166138,
        0.005570410750806332
    ],
    "neg_0": [
        0.012400388717651367,
        0.00438416562974453
    ],
    "neg_1": [
        0.011928846128284931,
        0.002238768618553877
    ],
    "pos_0": [
        0.7222565412521362,
        0.011937122792005539
    ],
    "pos_1": [
        0.7253367900848389,
        0.014974326826632023
    ],
    "abs_0": [
        0.26534304022789,
        0.012231660075485706
    ],
    "abs_1": [
        0.2627343535423279,
        0.015388425439596176
    ],
    "tnr_0": [
        0.8099625706672668,
        0.01561180129647255
    ],
    "tnr_1": [
        0.797508716583252,
        0.015027213841676712
    ],
    "fpr_0": [
        0.004806571640074253,
        0.002724423771724105
    ],
    "fpr_1": [
        0.004147978965193033,
        0.0011814292520284653
    ],
    "nar_0": [
        0.18523088097572327,
        0.015547476708889008
    ],
    "nar_1": [
        0.19834329187870026,
        0.015112903900444508
    ],
    "fnr_0": [
        0.45006313920021057,
        0.019680507481098175
    ],
    "fnr_1": [
        0.44659876823425293,
        0.019394706934690475
    ],
    "tpr_0": [
        0.036109741777181625,
        0.01316882111132145
    ],
    "tpr_1": [
        0.042090367525815964,
        0.008772654458880424
    ],
    "par_0": [
        0.5138270854949951,
        0.01826828345656395
    ],
    "par_1": [
        0.5113108158111572,
        0.01839314214885235
    ]
}