{
    "cov": [
        0.7601333856582642,
        0.007652886211872101
    ],
    "acc": [
        0.8595943450927734,
        0.005439233500510454
    ],
    "neg_0": [
        0.012610268779098988,
        0.0042210291139781475
    ],
    "neg_1": [
        0.012232590466737747,
        0.002172171138226986
    ],
    "pos_0": [
        0.7452419996261597,
        0.009230726398527622
    ],
    "pos_1": [
        0.7494693994522095,
        0.009460392408072948
    ],
    "abs_0": [
        0.24214772880077362,
        0.009558713994920254
    ],
    "abs_1": [
        0.23829802870750427,
        0.010416868142783642
    ],
    "tnr_0": [
        0.8334673643112183,
        0.01374140102416277
    ],
    "tnr_1": [
        0.8232995271682739,
        0.010212993249297142
    ],
    "fpr_0": [
        0.004806571640074253,
        0.002724423771724105
    ],
    "fpr_1": [
        0.004321997985243797,
        0.0010825947392731905
    ],
    "nar_0": [
        0.1617259681224823,
        0.014123438857495785
    ],
    "nar_1": [
        0.1723785251379013,
        0.010576707310974598
    ],
    "fnr_0": [
        0.47137928009033203,
        0.018490402027964592
    ],
    "fnr_1": [
        0.4644615650177002,
        0.01799442246556282
    ],
    "tpr_0": [
        0.03698088601231575,
        0.012740792706608772
    ],
    "tpr_1": [
        0.04290119931101799,
        0.008866180665791035
    ],
    "par_0": [
        0.4916397035121918,
        0.015105419792234898
    ],
    "par_1": [
        0.4926372468471527,
        0.016948778182268143
    ]
}