{
    "cov": [
        78.11333465576172,
        0.764199435710907
    ],
    "acc": [
        85.81733703613281,
        0.5007149577140808
    ],
    "pos_0": [
        1.3030072450637817,
        0.4044927656650543
    ],
    "pos_1": [
        1.2452696561813354,
        0.21440435945987701
    ],
    "neg_0": [
        76.48735809326172,
        0.6344440579414368
    ],
    "neg_1": [
        77.08619689941406,
        0.9158578515052795
    ],
    "abs_0": [
        22.209636688232422,
        0.7735814452171326
    ],
    "abs_1": [
        21.668537139892578,
        0.9820822477340698
    ],
    "tpr_0": [
        3.854653835296631,
        1.2289098501205444
    ],
    "tpr_1": [
        4.381839752197266,
        0.8808603286743164
    ],
    "fnr_0": [
        48.82341766357422,
        1.7167919874191284
    ],
    "fnr_1": [
        48.372344970703125,
        1.61660635471344
    ],
    "par_0": [
        47.32193374633789,
        1.3395193815231323
    ],
    "par_1": [
        47.245811462402344,
        1.5915452241897583
    ],
    "fpr_0": [
        0.486342191696167,
        0.26440903544425964
    ],
    "fpr_1": [
        0.43566831946372986,
        0.11068909615278244
    ],
    "tnr_0": [
        85.3972396850586,
        1.041451334953308
    ],
    "tnr_1": [
        84.52413940429688,
        0.9225451350212097
    ],
    "nar_0": [
        14.116418838500977,
        1.089526891708374
    ],
    "nar_1": [
        15.040185928344727,
        0.937952995300293
    ]
}