{
    "cov": 49.46879577636719,
    "acc": 93.11409759521484,
    "pos_0": 0.6800039410591125,
    "pos_1": 0.2646041214466095,
    "neg_0": 48.23100280761719,
    "neg_1": 50.356197357177734,
    "abs_0": 51.088993072509766,
    "abs_1": 49.37919616699219,
    "tpr_0": 2.1635379791259766,
    "tpr_1": 2.3339316844940186,
    "fnr_0": 14.762965202331543,
    "fnr_1": 8.617594718933105,
    "par_0": 83.07349395751953,
    "par_1": 89.04847717285156,
    "fpr_0": 0.014277555979788303,
    "fpr_1": 0.0,
    "tnr_0": 63.24957275390625,
    "tnr_1": 55.69329833984375,
    "nar_0": 36.73615264892578,
    "nar_1": 44.30670166015625,
    "l0d1": 0.13512617349624634
}