{
    "cov": 49.203189849853516,
    "acc": 92.46963500976562,
    "pos_0": 0.6800039410591125,
    "pos_1": 0.2646041214466095,
    "neg_0": 48.55622482299805,
    "neg_1": 48.87034225463867,
    "abs_0": 50.763771057128906,
    "abs_1": 50.86505126953125,
    "tpr_0": 2.1635379791259766,
    "tpr_1": 2.3339316844940186,
    "fnr_0": 16.00381851196289,
    "fnr_1": 9.694793701171875,
    "par_0": 81.8326416015625,
    "par_1": 87.97127532958984,
    "fpr_0": 0.014277555979788303,
    "fpr_1": 0.0,
    "tnr_0": 63.16390609741211,
    "tnr_1": 53.87970733642578,
    "nar_0": 36.821815490722656,
    "nar_1": 46.12029266357422,
    "l0d1": 0.13864542543888092
}