{
    "cov": 54.52855682373047,
    "acc": 92.98587799072266,
    "pos_0": 1.7246476411819458,
    "pos_1": 0.9566456079483032,
    "neg_0": 51.75914001464844,
    "neg_1": 55.729698181152344,
    "abs_0": 46.516212463378906,
    "abs_1": 43.313655853271484,
    "tpr_0": 5.536111831665039,
    "tpr_1": 8.438060760498047,
    "fnr_0": 16.44925308227539,
    "fnr_1": 10.41292667388916,
    "par_0": 78.01463317871094,
    "par_1": 81.14900970458984,
    "fpr_0": 0.014277555979788303,
    "fpr_1": 0.0,
    "tnr_0": 67.6042251586914,
    "tnr_1": 61.52433395385742,
    "nar_0": 32.38149642944336,
    "nar_1": 38.47566604614258,
    "l0d1": 0.12918990850448608
}