{
    "cov": [
        0.4326000213623047,
        0.008619741536676884
    ],
    "acc": [
        0.8752036094665527,
        0.004610373172909021
    ],
    "neg_0": [
        0.004324309062212706,
        0.0017976004164665937
    ],
    "neg_1": [
        0.007068950217217207,
        0.0053312205709517
    ],
    "pos_0": [
        0.46226778626441956,
        0.010280418209731579
    ],
    "pos_1": [
        0.35246512293815613,
        0.01442638784646988
    ],
    "abs_0": [
        0.533407986164093,
        0.009466339834034443
    ],
    "abs_1": [
        0.6404659152030945,
        0.013439369387924671
    ],
    "tnr_0": [
        0.5624457597732544,
        0.011403975076973438
    ],
    "tnr_1": [
        0.45928439497947693,
        0.017038771882653236
    ],
    "fpr_0": [
        0.0007920792559161782,
        0.0017711430555209517
    ],
    "fpr_1": [
        0.0,
        0.0
    ],
    "nar_0": [
        0.4367622435092926,
        0.010723242536187172
    ],
    "nar_1": [
        0.5407156348228455,
        0.017038768157362938
    ],
    "fnr_0": [
        0.19938094913959503,
        0.01021206472069025
    ],
    "fnr_1": [
        0.15168485045433044,
        0.009607250802218914
    ],
    "tpr_0": [
        0.0119307367131114,
        0.0021908306516706944
    ],
    "tpr_1": [
        0.023654546588659286,
        0.017429333180189133
    ],
    "par_0": [
        0.7886883616447449,
        0.010029907338321209
    ],
    "par_1": [
        0.8246607184410095,
        0.01629101112484932
    ],
    "l0d1": [
        0.16889849305152893,
        0.0016001567710191011
    ]
}