{
    "cov": [
        0.7585999369621277,
        0.009449861012399197
    ],
    "acc": [
        0.7995725274085999,
        0.0038343884516507387
    ],
    "neg_0": [
        0.04458681493997574,
        0.0014986428432166576
    ],
    "neg_1": [
        0.0913291648030281,
        0.010831022635102272
    ],
    "pos_0": [
        0.7450266480445862,
        0.012288255617022514
    ],
    "pos_1": [
        0.5981983542442322,
        0.01200326532125473
    ],
    "abs_0": [
        0.21038654446601868,
        0.01345833670347929
    ],
    "abs_1": [
        0.3104724884033203,
        0.020016901195049286
    ],
    "tnr_0": [
        0.8358848690986633,
        0.009502528235316277
    ],
    "tnr_1": [
        0.7298819422721863,
        0.012480081990361214
    ],
    "fpr_0": [
        0.016862088814377785,
        0.0017851865850389004
    ],
    "fpr_1": [
        0.040549248456954956,
        0.0044132983312010765
    ],
    "nar_0": [
        0.14725303649902344,
        0.010678227990865707
    ],
    "nar_1": [
        0.22956886887550354,
        0.014419237151741982
    ],
    "fnr_0": [
        0.5077478289604187,
        0.022992335259914398
    ],
    "fnr_1": [
        0.35678789019584656,
        0.018934523686766624
    ],
    "tpr_0": [
        0.11173737049102783,
        0.007393459789454937
    ],
    "tpr_1": [
        0.18808485567569733,
        0.025472907349467278
    ],
    "par_0": [
        0.38051483035087585,
        0.02733268029987812
    ],
    "par_1": [
        0.4551272988319397,
        0.03970382362604141
    ],
    "l0d1": [
        0.2630405128002167,
        0.0026798530016094446
    ]
}