{
    "cov": [
        0.7781999707221985,
        0.014184480533003807
    ],
    "acc": [
        0.7948047518730164,
        0.004647365305572748
    ],
    "neg_0": [
        0.045375142246484756,
        0.0036455318331718445
    ],
    "neg_1": [
        0.09960553050041199,
        0.012063049711287022
    ],
    "pos_0": [
        0.7607627511024475,
        0.012238417752087116
    ],
    "pos_1": [
        0.6158810257911682,
        0.022611215710639954
    ],
    "abs_0": [
        0.19386211037635803,
        0.013260366395115852
    ],
    "abs_1": [
        0.2845134735107422,
        0.029157033190131187
    ],
    "tnr_0": [
        0.8493658304214478,
        0.009481127373874187
    ],
    "tnr_1": [
        0.7439820170402527,
        0.02296634018421173
    ],
    "fpr_0": [
        0.017208700999617577,
        0.002581760287284851
    ],
    "fpr_1": [
        0.04325665161013603,
        0.012363893911242485
    ],
    "nar_0": [
        0.13342557847499847,
        0.008743083104491234
    ],
    "nar_1": [
        0.21276135742664337,
        0.02946733869612217
    ],
    "fnr_0": [
        0.5283138155937195,
        0.019777117297053337
    ],
    "fnr_1": [
        0.37456971406936646,
        0.02350943349301815
    ],
    "tpr_0": [
        0.11455050855875015,
        0.009390409104526043
    ],
    "tpr_1": [
        0.20661818981170654,
        0.011264207772910595
    ],
    "par_0": [
        0.3571356236934662,
        0.02480430155992508
    ],
    "par_1": [
        0.418812096118927,
        0.030038176104426384
    ],
    "l0d1": [
        0.2648005187511444,
        0.0027083870954811573
    ]
}