{
    "cov": [
        41.336116790771484,
        3.8090269565582275
    ],
    "acc": [
        72.08216857910156,
        1.642995834350586
    ],
    "pos_0": [
        10.930314064025879,
        2.028409957885742
    ],
    "pos_1": [
        10.420778274536133,
        0.9905537962913513
    ],
    "neg_0": [
        32.836875915527344,
        2.088000535964966
    ],
    "neg_1": [
        29.682180404663086,
        5.383595943450928
    ],
    "abs_0": [
        56.232810974121094,
        2.5119073390960693
    ],
    "abs_1": [
        59.89704132080078,
        5.303165912628174
    ],
    "tpr_0": [
        18.321317672729492,
        2.4937903881073
    ],
    "tpr_1": [
        17.096338272094727,
        1.8084520101547241
    ],
    "fnr_0": [
        20.118350982666016,
        2.03629207611084
    ],
    "fnr_1": [
        19.391983032226562,
        4.33536434173584
    ],
    "par_0": [
        61.560333251953125,
        3.175138235092163
    ],
    "par_1": [
        63.511680603027344,
        4.605521202087402
    ],
    "fpr_0": [
        5.796923637390137,
        1.6878244876861572
    ],
    "fpr_1": [
        4.458835124969482,
        0.4917779862880707
    ],
    "tnr_0": [
        41.64299774169922,
        4.052337169647217
    ],
    "tnr_1": [
        38.841941833496094,
        6.575945854187012
    ],
    "nar_0": [
        52.56007766723633,
        3.550952672958374
    ],
    "nar_1": [
        56.69921875,
        6.484025001525879
    ]
}