{
    "cov": [
        51.67014694213867,
        1.847944736480713
    ],
    "acc": [
        69.68148803710938,
        1.310364842414856
    ],
    "pos_0": [
        13.157203674316406,
        1.879885196685791
    ],
    "pos_1": [
        13.420697212219238,
        2.1289467811584473
    ],
    "neg_0": [
        37.46725082397461,
        4.5458664894104
    ],
    "neg_1": [
        38.74953079223633,
        1.1677742004394531
    ],
    "abs_0": [
        49.37554168701172,
        4.848294258117676
    ],
    "abs_1": [
        47.82977294921875,
        2.8453171253204346
    ],
    "tpr_0": [
        21.18393898010254,
        2.4765753746032715
    ],
    "tpr_1": [
        21.489540100097656,
        3.102062463760376
    ],
    "fnr_0": [
        25.77615737915039,
        5.383654594421387
    ],
    "fnr_1": [
        26.847721099853516,
        2.1437594890594482
    ],
    "par_0": [
        53.0399055480957,
        6.61626672744751
    ],
    "par_1": [
        51.66273880004883,
        3.2460591793060303
    ],
    "fpr_0": [
        7.574780464172363,
        1.8422799110412598
    ],
    "fpr_1": [
        6.213836669921875,
        1.5769643783569336
    ],
    "tnr_0": [
        45.54682540893555,
        5.045712947845459
    ],
    "tnr_1": [
        49.36132049560547,
        2.277482509613037
    ],
    "nar_0": [
        46.878395080566406,
        4.836636543273926
    ],
    "nar_1": [
        44.42484664916992,
        3.3377509117126465
    ]
}