{
    "cov": [
        64.08489990234375,
        6.870579242706299
    ],
    "acc": [
        67.43553924560547,
        1.1856122016906738
    ],
    "pos_0": [
        18.00932502746582,
        2.046823501586914
    ],
    "pos_1": [
        16.651283264160156,
        3.247131109237671
    ],
    "neg_0": [
        45.146278381347656,
        6.473443508148193
    ],
    "neg_1": [
        47.84711456298828,
        8.784826278686523
    ],
    "abs_0": [
        36.84440612792969,
        6.515678882598877
    ],
    "abs_1": [
        35.501609802246094,
        9.883878707885742
    ],
    "tpr_0": [
        27.934307098388672,
        2.8349673748016357
    ],
    "tpr_1": [
        26.242534637451172,
        4.72517728805542
    ],
    "fnr_0": [
        33.94519805908203,
        6.508253574371338
    ],
    "fnr_1": [
        35.8134880065918,
        7.671041011810303
    ],
    "par_0": [
        38.12049102783203,
        6.972715854644775
    ],
    "par_1": [
        37.94397735595703,
        10.133766174316406
    ],
    "fpr_0": [
        11.080709457397461,
        1.8678388595581055
    ],
    "fpr_1": [
        8.067390441894531,
        2.121643543243408
    ],
    "tnr_0": [
        52.89733123779297,
        7.2891411781311035
    ],
    "tnr_1": [
        58.580528259277344,
        9.672779083251953
    ],
    "nar_0": [
        36.0219612121582,
        7.182074069976807
    ],
    "nar_1": [
        33.352081298828125,
        10.044950485229492
    ]
}