{
    "cov": [
        69.78427124023438,
        5.11846923828125
    ],
    "acc": [
        66.77884674072266,
        1.2002133131027222
    ],
    "pos_0": [
        22.20432472229004,
        6.555193901062012
    ],
    "pos_1": [
        18.99234390258789,
        3.299880266189575
    ],
    "neg_0": [
        57.5232048034668,
        2.06428599357605
    ],
    "neg_1": [
        45.859344482421875,
        5.3264265060424805
    ],
    "abs_0": [
        20.2724666595459,
        6.305743217468262
    ],
    "abs_1": [
        35.148311614990234,
        7.33852481842041
    ],
    "tpr_0": [
        32.886024475097656,
        7.918412208557129
    ],
    "tpr_1": [
        29.27400779724121,
        4.763286590576172
    ],
    "fnr_0": [
        45.95288848876953,
        3.072110891342163
    ],
    "fnr_1": [
        33.675514221191406,
        5.339910984039307
    ],
    "par_0": [
        21.161088943481445,
        7.027441501617432
    ],
    "par_1": [
        37.05048370361328,
        8.34902572631836
    ],
    "fpr_0": [
        14.76055908203125,
        5.8502373695373535
    ],
    "fpr_1": [
        9.79429817199707,
        2.2320492267608643
    ],
    "tnr_0": [
        65.49775695800781,
        2.555800199508667
    ],
    "tnr_1": [
        56.74135208129883,
        5.552951335906982
    ],
    "nar_0": [
        19.741683959960938,
        6.261019706726074
    ],
    "nar_1": [
        33.464351654052734,
        6.79531192779541
    ]
}