{
    "cov": [
        0.7072373032569885,
        0.048956163227558136
    ],
    "acc": [
        0.6668702960014343,
        0.011643994599580765
    ],
    "neg_0": [
        0.20386889576911926,
        0.023752449080348015
    ],
    "neg_1": [
        0.20668628811836243,
        0.011837850324809551
    ],
    "pos_0": [
        0.5855323076248169,
        0.024570506066083908
    ],
    "pos_1": [
        0.45927873253822327,
        0.0741271898150444
    ],
    "abs_0": [
        0.21059882640838623,
        0.02067328803241253
    ],
    "abs_1": [
        0.3340349793434143,
        0.07603451609611511
    ],
    "tnr_0": [
        0.6656067967414856,
        0.027588747441768646
    ],
    "tnr_1": [
        0.5649626851081848,
        0.07746729254722595
    ],
    "fpr_0": [
        0.13241441547870636,
        0.026030853390693665
    ],
    "fpr_1": [
        0.10983492434024811,
        0.009894066490232944
    ],
    "nar_0": [
        0.20197880268096924,
        0.02114502154290676
    ],
    "nar_1": [
        0.32520249485969543,
        0.07994216680526733
    ],
    "fnr_0": [
        0.46967387199401855,
        0.03531140089035034
    ],
    "fnr_1": [
        0.34088435769081116,
        0.06997610628604889
    ],
    "tpr_0": [
        0.3063909709453583,
        0.02873581275343895
    ],
    "tpr_1": [
        0.31498464941978455,
        0.021381108090281487
    ],
    "par_0": [
        0.22393515706062317,
        0.04000476375222206
    ],
    "par_1": [
        0.3441310226917267,
        0.07415063679218292
    ]
}