{
    "cov": [
        40.38274383544922,
        4.422813415527344
    ],
    "acc": [
        72.0621566772461,
        2.1374542713165283
    ],
    "pos_0": [
        10.721395492553711,
        1.9468538761138916
    ],
    "pos_1": [
        10.129368782043457,
        0.9231859445571899
    ],
    "neg_0": [
        30.786218643188477,
        2.243786334991455
    ],
    "neg_1": [
        29.687759399414062,
        6.668224811553955
    ],
    "abs_0": [
        58.49238967895508,
        2.3862733840942383
    ],
    "abs_1": [
        60.1828727722168,
        6.3694562911987305
    ],
    "tpr_0": [
        17.969858169555664,
        2.4491961002349854
    ],
    "tpr_1": [
        16.52279281616211,
        1.6701985597610474
    ],
    "fnr_0": [
        18.76955795288086,
        2.4746460914611816
    ],
    "fnr_1": [
        19.384599685668945,
        5.282803058624268
    ],
    "par_0": [
        63.260589599609375,
        3.249298095703125
    ],
    "par_1": [
        64.09260559082031,
        4.744194507598877
    ],
    "fpr_0": [
        5.6902666091918945,
        1.7044509649276733
    ],
    "fpr_1": [
        4.418633460998535,
        0.4749981462955475
    ],
    "tnr_0": [
        39.094970703125,
        3.8810060024261475
    ],
    "tnr_1": [
        38.92009735107422,
        8.46595573425293
    ],
    "nar_0": [
        55.21477127075195,
        3.5491158962249756
    ],
    "nar_1": [
        56.6612663269043,
        8.398102760314941
    ]
}