{
    "cov": [
        56.150001525878906,
        3.6213104724884033
    ],
    "acc": [
        82.89707946777344,
        4.415426254272461
    ],
    "pos_0": [
        2.887779712677002,
        1.3606373071670532
    ],
    "pos_1": [
        4.9436774253845215,
        3.737980365753174
    ],
    "neg_0": [
        51.90313720703125,
        4.974914073944092
    ],
    "neg_1": [
        54.681907653808594,
        8.847770690917969
    ],
    "abs_0": [
        45.209083557128906,
        4.63952112197876
    ],
    "abs_1": [
        40.374412536621094,
        7.6276631355285645
    ],
    "tpr_0": [
        6.602928161621094,
        4.470494747161865
    ],
    "tpr_1": [
        12.833720207214355,
        9.713586807250977
    ],
    "fnr_0": [
        29.00409507751465,
        5.865622520446777
    ],
    "fnr_1": [
        27.726184844970703,
        13.907184600830078
    ],
    "par_0": [
        64.39297485351562,
        7.388063430786133
    ],
    "par_1": [
        59.440093994140625,
        8.941108703613281
    ],
    "fpr_0": [
        1.4506040811538696,
        1.4605494737625122
    ],
    "fpr_1": [
        1.0442073345184326,
        2.4129626750946045
    ],
    "tnr_0": [
        61.191078186035156,
        5.778143882751465
    ],
    "tnr_1": [
        68.28990936279297,
        9.251832962036133
    ],
    "nar_0": [
        37.35831832885742,
        5.339975833892822
    ],
    "nar_1": [
        30.665882110595703,
        8.628897666931152
    ]
}