{
    "cov": [
        44.245689392089844,
        0.6571956872940063
    ],
    "acc": [
        97.59981536865234,
        0.08902765810489655
    ],
    "pos_0": [
        2.5248842239379883,
        0.05635550618171692
    ],
    "pos_1": [
        0.9037248492240906,
        0.03086859919130802
    ],
    "neg_0": [
        26.918302536010742,
        0.7135828733444214
    ],
    "neg_1": [
        73.91410827636719,
        1.2196041345596313
    ],
    "abs_0": [
        70.55681610107422,
        0.7337493896484375
    ],
    "abs_1": [
        25.182170867919922,
        1.2048051357269287
    ],
    "tpr_0": [
        8.119630813598633,
        0.18194040656089783
    ],
    "tpr_1": [
        7.791741847991943,
        0.27227577567100525
    ],
    "fnr_0": [
        1.724467158317566,
        0.1300211101770401
    ],
    "fnr_1": [
        18.635547637939453,
        0.8459042310714722
    ],
    "par_0": [
        90.1559066772461,
        0.2188202291727066
    ],
    "par_1": [
        73.57270812988281,
        0.7763633131980896
    ],
    "fpr_0": [
        0.014277556911110878,
        0.0
    ],
    "fpr_1": [
        0.022956840693950653,
        0.0
    ],
    "tnr_0": [
        38.223873138427734,
        0.9936708807945251
    ],
    "tnr_1": [
        80.98255920410156,
        1.2862589359283447
    ],
    "nar_0": [
        61.7618522644043,
        0.9936713576316833
    ],
    "nar_1": [
        18.994491577148438,
        1.2862597703933716
    ],
    "l0d1": [
        0.08658943325281143,
        0.00039172201650217175
    ]
}