{
    "cov": [
        0.39606910943984985,
        0.008400637656450272
    ],
    "acc": [
        0.976986825466156,
        0.0015177088789641857
    ],
    "neg_0": [
        0.024539273232221603,
        0.0006756337243132293
    ],
    "neg_1": [
        0.008508040569722652,
        0.00017029514128807932
    ],
    "pos_0": [
        0.24880261719226837,
        0.0059051127173006535
    ],
    "pos_1": [
        0.6410340070724487,
        0.01998370699584484
    ],
    "abs_0": [
        0.7266581058502197,
        0.005836465395987034
    ],
    "abs_1": [
        0.35045796632766724,
        0.01992754265666008
    ],
    "tnr_0": [
        0.35254141688346863,
        0.008095135912299156
    ],
    "tnr_1": [
        0.7046372294425964,
        0.020758239552378654
    ],
    "fpr_0": [
        0.00014277557784225792,
        0.0
    ],
    "fpr_1": [
        0.00022956840984988958,
        0.0
    ],
    "nar_0": [
        0.6473158597946167,
        0.008095155470073223
    ],
    "nar_1": [
        0.29513317346572876,
        0.02075825072824955
    ],
    "fnr_0": [
        0.01762647181749344,
        0.001397764659486711
    ],
    "fnr_1": [
        0.14362657070159912,
        0.014695427380502224
    ],
    "tpr_0": [
        0.07890550792217255,
        0.002181247342377901
    ],
    "tpr_1": [
        0.07324954867362976,
        0.0015020845457911491
    ],
    "par_0": [
        0.9034680724143982,
        0.0023872917518019676
    ],
    "par_1": [
        0.7831239104270935,
        0.014440994709730148
    ],
    "l0d1": [
        0.12236056476831436,
        0.0009154140716418624
    ]
}