{
    "cov": [
        0.41482076048851013,
        0.005694509483873844
    ],
    "acc": [
        0.9748432040214539,
        0.0011340677738189697
    ],
    "neg_0": [
        0.02469695545732975,
        0.0009645951795391738
    ],
    "neg_1": [
        0.00830449815839529,
        0.000464146607555449
    ],
    "pos_0": [
        0.25905194878578186,
        0.00804583914577961
    ],
    "pos_1": [
        0.6772236824035645,
        0.017111055552959442
    ],
    "abs_0": [
        0.7162510752677917,
        0.007887955754995346
    ],
    "abs_1": [
        0.3144718110561371,
        0.017092648893594742
    ],
    "tnr_0": [
        0.3665619492530823,
        0.011312928982079029
    ],
    "tnr_1": [
        0.742194652557373,
        0.016971753910183907
    ],
    "fpr_0": [
        0.00014277557784225792,
        0.0
    ],
    "fpr_1": [
        0.0001836547307902947,
        0.00010266611207043752
    ],
    "nar_0": [
        0.6332952380180359,
        0.011312928982079029
    ],
    "nar_1": [
        0.2576216757297516,
        0.016968971118330956
    ],
    "fnr_0": [
        0.019471842795610428,
        0.0014649525983259082
    ],
    "fnr_1": [
        0.16912029683589935,
        0.01871800608932972
    ],
    "tpr_0": [
        0.07941456884145737,
        0.0031141405925154686
    ],
    "tpr_1": [
        0.07181328535079956,
        0.0033587568905204535
    ],
    "par_0": [
        0.9011136293411255,
        0.0037538502365350723
    ],
    "par_1": [
        0.7590664625167847,
        0.018326472491025925
    ],
    "l0d1": [
        0.1261943280696869,
        0.0008422600221820176
    ]
}