{
    "cov": [
        54.4395751953125,
        0.4966694414615631
    ],
    "acc": [
        95.88558197021484,
        0.12983453273773193
    ],
    "pos_0": [
        2.574159860610962,
        0.07988131046295166
    ],
    "pos_1": [
        0.9729290008544922,
        0.1298525184392929
    ],
    "neg_0": [
        37.7293815612793,
        0.7053341269493103
    ],
    "neg_1": [
        82.66232299804688,
        0.2461083084344864
    ],
    "abs_0": [
        59.69646072387695,
        0.7109583616256714
    ],
    "abs_1": [
        16.364748001098633,
        0.34572166204452515
    ],
    "tpr_0": [
        8.278714179992676,
        0.25789234042167664
    ],
    "tpr_1": [
        8.402154922485352,
        1.1453601121902466
    ],
    "fnr_0": [
        5.599745273590088,
        0.4793674945831299
    ],
    "fnr_1": [
        28.61759376525879,
        0.48507240414619446
    ],
    "par_0": [
        86.12153625488281,
        0.5521813631057739
    ],
    "par_1": [
        62.98025131225586,
        1.477198600769043
    ],
    "fpr_0": [
        0.014277556911110878,
        0.0
    ],
    "fpr_1": [
        0.022956840693950653,
        0.0
    ],
    "tnr_0": [
        52.14734649658203,
        0.8087084293365479
    ],
    "tnr_1": [
        89.572998046875,
        0.24693067371845245
    ],
    "nar_0": [
        47.83837890625,
        0.8087090849876404
    ],
    "nar_1": [
        10.404040336608887,
        0.24693289399147034
    ],
    "l0d1": [
        0.11010754108428955,
        0.0002045417932095006
    ]
}