{
    "cov": [
        0.4282072186470032,
        0.006979286205023527
    ],
    "acc": [
        0.9733659625053406,
        0.001067581120878458
    ],
    "neg_0": [
        0.02487434819340706,
        0.0011420906521379948
    ],
    "neg_1": [
        0.008385914377868176,
        0.0005461596301756799
    ],
    "pos_0": [
        0.2721395492553711,
        0.004574743565171957
    ],
    "pos_1": [
        0.6907796263694763,
        0.01818847469985485
    ],
    "abs_0": [
        0.7029861807823181,
        0.004465025383979082
    ],
    "abs_1": [
        0.3008345067501068,
        0.017969395965337753
    ],
    "tnr_0": [
        0.38406625390052795,
        0.006885122042149305
    ],
    "tnr_1": [
        0.7564738392829895,
        0.018354978412389755
    ],
    "fpr_0": [
        0.00014277557784225792,
        0.0
    ],
    "fpr_1": [
        0.0001836547307902947,
        0.00010266611207043752
    ],
    "nar_0": [
        0.6157910227775574,
        0.006885132752358913
    ],
    "nar_1": [
        0.24334251880645752,
        0.018338913097977638
    ],
    "fnr_0": [
        0.022717149928212166,
        0.0007985937409102917
    ],
    "fnr_1": [
        0.17701974511146545,
        0.018114177510142326
    ],
    "tpr_0": [
        0.07998728007078171,
        0.0036871747579425573
    ],
    "tpr_1": [
        0.07253142446279526,
        0.004133164882659912
    ],
    "par_0": [
        0.8972955942153931,
        0.003995505627244711
    ],
    "par_1": [
        0.7504488229751587,
        0.016306936740875244
    ],
    "l0d1": [
        0.13041208684444427,
        0.0011254928540438414
    ]
}