{
    "cov": [
        58.65206527709961,
        0.9854118227958679
    ],
    "acc": [
        94.9245834350586,
        0.24666661024093628
    ],
    "pos_0": [
        2.7515523433685303,
        0.07453501969575882
    ],
    "pos_1": [
        1.131691336631775,
        0.07696995139122009
    ],
    "neg_0": [
        42.93682861328125,
        1.3676542043685913
    ],
    "neg_1": [
        84.29473114013672,
        0.42685508728027344
    ],
    "abs_0": [
        54.311622619628906,
        1.3277571201324463
    ],
    "abs_1": [
        14.573580741882324,
        0.3907254934310913
    ],
    "tpr_0": [
        8.83232593536377,
        0.23228396475315094
    ],
    "tpr_1": [
        9.802513122558594,
        0.6789109706878662
    ],
    "fnr_0": [
        8.685969352722168,
        0.8968144059181213
    ],
    "fnr_1": [
        31.059247970581055,
        0.581754744052887
    ],
    "par_0": [
        82.48170471191406,
        0.7850437164306641
    ],
    "par_1": [
        59.138240814208984,
        0.9963691830635071
    ],
    "fpr_0": [
        0.022844089195132256,
        0.007820138707756996
    ],
    "fpr_1": [
        0.022956840693950653,
        0.0
    ],
    "tnr_0": [
        58.30668258666992,
        1.5827291011810303
    ],
    "tnr_1": [
        91.1019287109375,
        0.43454647064208984
    ],
    "nar_0": [
        41.67047119140625,
        1.5807082653045654
    ],
    "nar_1": [
        8.875114440917969,
        0.4345459043979645
    ],
    "l0d1": [
        0.12798888981342316,
        0.0004949840949848294
    ]
}