{
    "cov": [
        0.5043957829475403,
        0.015611420385539532
    ],
    "acc": [
        0.9644918441772461,
        0.002647147746756673
    ],
    "neg_0": [
        0.02848132513463497,
        0.00239075836725533
    ],
    "neg_1": [
        0.008548748679459095,
        0.0007050887797959149
    ],
    "pos_0": [
        0.34526461362838745,
        0.017717666923999786
    ],
    "pos_1": [
        0.7656828761100769,
        0.013620862737298012
    ],
    "abs_0": [
        0.6262540817260742,
        0.01676741987466812
    ],
    "abs_1": [
        0.22576837241649628,
        0.013997395522892475
    ],
    "tnr_0": [
        0.48061108589172363,
        0.022490542382001877
    ],
    "tnr_1": [
        0.8335170149803162,
        0.013875503093004227
    ],
    "fpr_0": [
        0.0001998857915168628,
        7.82013958087191e-05
    ],
    "fpr_1": [
        0.00013774105173069984,
        0.00012573979620356113
    ],
    "nar_0": [
        0.5191890597343445,
        0.022476740181446075
    ],
    "nar_1": [
        0.1663452684879303,
        0.013926880434155464
    ],
    "fnr_0": [
        0.04365256056189537,
        0.007274143397808075
    ],
    "fnr_1": [
        0.23518851399421692,
        0.012694913893938065
    ],
    "tpr_0": [
        0.09150493144989014,
        0.007554714567959309
    ],
    "tpr_1": [
        0.07432675361633301,
        0.005475025158375502
    ],
    "par_0": [
        0.8648425340652466,
        0.0075607397593557835
    ],
    "par_1": [
        0.6904847025871277,
        0.015475280582904816
    ],
    "l0d1": [
        0.14664356410503387,
        0.0022324242163449526
    ]
}