{
    "cov": [
        0.5309562087059021,
        0.01754227839410305
    ],
    "acc": [
        0.9603013396263123,
        0.0026664440520107746
    ],
    "neg_0": [
        0.02968364953994751,
        0.0014339123154059052
    ],
    "neg_1": [
        0.008752290159463882,
        0.0004317771235946566
    ],
    "pos_0": [
        0.36919286847114563,
        0.016726646572351456
    ],
    "pos_1": [
        0.7949928641319275,
        0.018242476508021355
    ],
    "abs_0": [
        0.6011235117912292,
        0.017244309186935425
    ],
    "abs_1": [
        0.19625484943389893,
        0.018477723002433777
    ],
    "tnr_0": [
        0.5111650824546814,
        0.021176660433411598
    ],
    "tnr_1": [
        0.8623507618904114,
        0.018378814682364464
    ],
    "fpr_0": [
        0.00022844089835416526,
        7.82013958087191e-05
    ],
    "fpr_1": [
        0.00022956840984988958,
        0.0
    ],
    "nar_0": [
        0.4886065125465393,
        0.021141717210412025
    ],
    "nar_1": [
        0.137419655919075,
        0.018378812819719315
    ],
    "fnr_0": [
        0.05281577631831169,
        0.006923338398337364
    ],
    "fnr_1": [
        0.2682226300239563,
        0.01752634532749653
    ],
    "tpr_0": [
        0.09532294422388077,
        0.0045197694562375546
    ],
    "tpr_1": [
        0.07540395110845566,
        0.0038084741681814194
    ],
    "par_0": [
        0.8518611788749695,
        0.009872416034340858
    ],
    "par_1": [
        0.6563734412193298,
        0.019361311569809914
    ],
    "l0d1": [
        0.1477573961019516,
        0.0026782946661114693
    ]
}