{
    "cov": [
        65.3280258178711,
        0.22259512543678284
    ],
    "acc": [
        93.40987396240234,
        0.14379331469535828
    ],
    "pos_0": [
        3.9302258491516113,
        0.1718866229057312
    ],
    "pos_1": [
        1.3148788213729858,
        0.036975156515836716
    ],
    "neg_0": [
        50.393218994140625,
        0.44241926074028015
    ],
    "neg_1": [
        86.74129486083984,
        0.2461921125650406
    ],
    "abs_0": [
        45.67655563354492,
        0.34608131647109985
    ],
    "abs_1": [
        11.94382381439209,
        0.24652908742427826
    ],
    "tpr_0": [
        12.523066520690918,
        0.5172544717788696
    ],
    "tpr_1": [
        11.418313026428223,
        0.3261379301548004
    ],
    "fnr_0": [
        14.10754108428955,
        0.48440903425216675
    ],
    "fnr_1": [
        35.69120407104492,
        0.826633095741272
    ],
    "par_0": [
        73.36940002441406,
        0.4154474437236786
    ],
    "par_1": [
        52.8904914855957,
        0.9030368328094482
    ],
    "fpr_0": [
        0.07424329221248627,
        0.027463426813483238
    ],
    "fpr_1": [
        0.022956840693950653,
        0.0
    ],
    "tnr_0": [
        66.67618560791016,
        0.4368109107017517
    ],
    "tnr_1": [
        93.26905822753906,
        0.17588472366333008
    ],
    "nar_0": [
        33.24957275390625,
        0.4380201995372772
    ],
    "nar_1": [
        6.707989692687988,
        0.17588602006435394
    ],
    "l0d1": [
        0.1410028040409088,
        0.0004870510019827634
    ]
}