{
    "cov": [
        0.6951925754547119,
        0.01097653154283762
    ],
    "acc": [
        0.9222790002822876,
        0.0038856922183185816
    ],
    "neg_0": [
        0.051443781703710556,
        0.0050043282099068165
    ],
    "neg_1": [
        0.013922247104346752,
        0.0024870422203093767
    ],
    "pos_0": [
        0.5497782826423645,
        0.016682934015989304
    ],
    "pos_1": [
        0.8753511309623718,
        0.008617044426500797
    ],
    "abs_0": [
        0.39877796173095703,
        0.01387679111212492
    ],
    "abs_1": [
        0.11072664707899094,
        0.00819618534296751
    ],
    "tnr_0": [
        0.7133066654205322,
        0.016957566142082214
    ],
    "tnr_1": [
        0.9385674595832825,
        0.006933961063623428
    ],
    "fpr_0": [
        0.002541404915973544,
        0.0007910848362371325
    ],
    "fpr_1": [
        0.0003673094615805894,
        0.0003079983580391854
    ],
    "nar_0": [
        0.2841518819332123,
        0.016575923189520836
    ],
    "nar_1": [
        0.0610651969909668,
        0.006794605404138565
    ],
    "fnr_0": [
        0.18536429107189178,
        0.016130490228533745
    ],
    "fnr_1": [
        0.38096949458122253,
        0.0229001697152853
    ],
    "tpr_0": [
        0.1604199856519699,
        0.014528787694871426
    ],
    "tpr_1": [
        0.11992819607257843,
        0.020048322156071663
    ],
    "par_0": [
        0.6542157530784607,
        0.011675899848341942
    ],
    "par_1": [
        0.4991023540496826,
        0.025198692455887794
    ],
    "l0d1": [
        0.15522171556949615,
        0.0008133890223689377
    ]
}