{
    "cov": [
        74.96681213378906,
        0.5981044769287109
    ],
    "acc": [
        90.59111022949219,
        0.19013579189777374
    ],
    "pos_0": [
        6.488616943359375,
        0.38350242376327515
    ],
    "pos_1": [
        1.5102789402008057,
        0.08683381229639053
    ],
    "neg_0": [
        60.97762680053711,
        0.9922078251838684
    ],
    "neg_1": [
        88.94768524169922,
        0.5167294144630432
    ],
    "abs_0": [
        32.53375244140625,
        0.7961752414703369
    ],
    "abs_1": [
        9.542031288146973,
        0.48582127690315247
    ],
    "tpr_0": [
        19.66910743713379,
        0.9675115346908569
    ],
    "tpr_1": [
        12.99820613861084,
        0.8478074073791504
    ],
    "fnr_0": [
        25.205217361450195,
        0.9159142374992371
    ],
    "fnr_1": [
        40.969482421875,
        1.51490318775177
    ],
    "par_0": [
        55.12567901611328,
        0.7059447169303894
    ],
    "par_1": [
        46.03231430053711,
        1.3107151985168457
    ],
    "fpr_0": [
        0.5739577412605286,
        0.12585321068763733
    ],
    "fpr_1": [
        0.041322316974401474,
        0.019207071512937546
    ],
    "tnr_0": [
        77.0302734375,
        1.030083179473877
    ],
    "tnr_1": [
        95.0826416015625,
        0.4114323556423187
    ],
    "nar_0": [
        22.395774841308594,
        0.9790076017379761
    ],
    "nar_1": [
        4.876033306121826,
        0.4203672409057617
    ],
    "l0d1": [
        0.15534447133541107,
        0.00013278097321745008
    ]
}