{
    "cov": [
        0.7523107528686523,
        0.019806666299700737
    ],
    "acc": [
        0.9047485589981079,
        0.006789630278944969
    ],
    "neg_0": [
        0.06114122271537781,
        0.007187357172369957
    ],
    "neg_1": [
        0.015387746505439281,
        0.0019126421539112926
    ],
    "pos_0": [
        0.6138760447502136,
        0.03137857839465141
    ],
    "pos_1": [
        0.8965601325035095,
        0.007658396381884813
    ],
    "abs_0": [
        0.32498276233673096,
        0.025963587686419487
    ],
    "abs_1": [
        0.08805210888385773,
        0.007409864570945501
    ],
    "tnr_0": [
        0.7752998471260071,
        0.030229363590478897
    ],
    "tnr_1": [
        0.9551882147789001,
        0.005920897703617811
    ],
    "fpr_0": [
        0.005139920394867659,
        0.0021392523776739836
    ],
    "fpr_1": [
        0.00045913681969977915,
        0.0003976241569034755
    ],
    "nar_0": [
        0.21956025063991547,
        0.028340214863419533
    ],
    "nar_1": [
        0.04435261711478233,
        0.005801770836114883
    ],
    "fnr_0": [
        0.2541520893573761,
        0.034069471061229706
    ],
    "fnr_1": [
        0.43806105852127075,
        0.024419166147708893
    ],
    "tpr_0": [
        0.18593700230121613,
        0.018596606329083443
    ],
    "tpr_1": [
        0.13213644921779633,
        0.013941305689513683
    ],
    "par_0": [
        0.5599108934402466,
        0.023917023092508316
    ],
    "par_1": [
        0.4298025071620941,
        0.02679799124598503
    ],
    "l0d1": [
        0.16163091361522675,
        0.00025791575899347663
    ]
}