{
    "cov": [
        39.83195114135742,
        0.8392049670219421
    ],
    "acc": [
        89.3680191040039,
        0.5367733836174011
    ],
    "pos_0": [
        1.7706458568572998,
        0.3747492730617523
    ],
    "pos_1": [
        1.8956243991851807,
        0.32893919944763184
    ],
    "neg_0": [
        37.9154167175293,
        0.9436752200126648
    ],
    "neg_1": [
        38.23753356933594,
        1.2680948972702026
    ],
    "abs_0": [
        60.313934326171875,
        0.7519799470901489
    ],
    "abs_1": [
        59.866844177246094,
        1.3049702644348145
    ],
    "tpr_0": [
        5.609067440032959,
        1.2333366870880127
    ],
    "tpr_1": [
        14.984837532043457,
        2.683473825454712
    ],
    "fnr_0": [
        17.837806701660156,
        1.0334248542785645
    ],
    "fnr_1": [
        11.023653984069824,
        1.597154140472412
    ],
    "par_0": [
        76.5531234741211,
        1.2324587106704712
    ],
    "par_1": [
        73.99150848388672,
        3.2760987281799316
    ],
    "fpr_0": [
        0.04034958407282829,
        0.019471578299999237
    ],
    "fpr_1": [
        0.24538776278495789,
        0.09953247010707855
    ],
    "tnr_0": [
        46.96971893310547,
        1.110983967781067
    ],
    "tnr_1": [
        41.67169189453125,
        1.3508459329605103
    ],
    "nar_0": [
        52.98992919921875,
        1.1188852787017822
    ],
    "nar_1": [
        58.082916259765625,
        1.3281559944152832
    ]
}