{
    "cov": [
        53.57304763793945,
        0.7634122967720032
    ],
    "acc": [
        96.07488250732422,
        0.22438810765743256
    ],
    "pos_0": [
        2.6618704795837402,
        0.1419389843940735
    ],
    "pos_1": [
        1.0136374235153198,
        0.11860653758049011
    ],
    "neg_0": [
        36.7083854675293,
        0.8818721175193787
    ],
    "neg_1": [
        81.89293670654297,
        0.841973602771759
    ],
    "abs_0": [
        60.62974166870117,
        0.9050706624984741
    ],
    "abs_1": [
        17.093427658081055,
        0.7910997271537781
    ],
    "tpr_0": [
        8.552338600158691,
        0.4499066472053528
    ],
    "tpr_1": [
        8.761221885681152,
        1.046165108680725
    ],
    "fnr_0": [
        5.103404521942139,
        0.5782133340835571
    ],
    "fnr_1": [
        27.68402099609375,
        1.3160330057144165
    ],
    "par_0": [
        86.34425354003906,
        0.7886447906494141
    ],
    "par_1": [
        63.55475997924805,
        1.1787980794906616
    ],
    "fpr_0": [
        0.018560824915766716,
        0.0068967146798968315
    ],
    "fpr_1": [
        0.022956840693950653,
        0.0
    ],
    "tnr_0": [
        50.89092254638672,
        1.037288784980774
    ],
    "tnr_1": [
        88.8246078491211,
        0.7935387492179871
    ],
    "nar_0": [
        49.09052276611328,
        1.0378100872039795
    ],
    "nar_1": [
        11.152433395385742,
        0.7935380935668945
    ],
    "l0d1": [
        0.11389642208814621,
        0.000446736958110705
    ]
}