{
    "cov": 53.11421203613281,
    "acc": 96.2995376586914,
    "pos_0": 3.005814552307129,
    "pos_1": 1.282312273979187,
    "neg_0": 36.119049072265625,
    "neg_1": 80.724609375,
    "abs_0": 60.87513732910156,
    "abs_1": 17.993080139160156,
    "tpr_0": 9.640470504760742,
    "tpr_1": 11.131059646606445,
    "fnr_0": 4.708877086639404,
    "fnr_1": 26.032316207885742,
    "par_0": 85.65065002441406,
    "par_1": 62.83662414550781,
    "fpr_0": 0.028555111959576607,
    "fpr_1": 0.022956840693950653,
    "tnr_0": 50.21416473388672,
    "tnr_1": 87.71808624267578,
    "nar_0": 49.75728225708008,
    "nar_1": 12.258953094482422,
    "l0d1": 0.11342630535364151
}