{
    "cov": [
        90.32835388183594,
        1.735011339187622
    ],
    "acc": [
        80.47101593017578,
        0.7151796221733093
    ],
    "pos_0": [
        0.04348054155707359,
        0.19754567742347717
    ],
    "pos_1": [
        0.006961363833397627,
        0.03480682149529457
    ],
    "neg_0": [
        89.62277221679688,
        1.880374789237976
    ],
    "neg_1": [
        91.69971466064453,
        1.706301212310791
    ],
    "abs_0": [
        10.333742141723633,
        1.9182024002075195
    ],
    "abs_1": [
        8.29332160949707,
        1.7098283767700195
    ],
    "tpr_0": [
        0.13852588832378387,
        0.6272801756858826
    ],
    "tpr_1": [
        0.061349689960479736,
        0.30674847960472107
    ],
    "fnr_0": [
        73.44218444824219,
        3.8439133167266846
    ],
    "fnr_1": [
        57.730018615722656,
        7.4053239822387695
    ],
    "par_0": [
        26.419286727905273,
        3.9931886196136475
    ],
    "par_1": [
        42.20863342285156,
        7.384646415710449
    ],
    "fpr_0": [
        0.0,
        0.0
    ],
    "fpr_1": [
        0.0,
        0.0
    ],
    "tnr_0": [
        96.97764587402344,
        1.0500175952911377
    ],
    "tnr_1": [
        96.09138488769531,
        1.2185770273208618
    ],
    "nar_0": [
        3.0223512649536133,
        1.0500168800354004
    ],
    "nar_1": [
        3.9086086750030518,
        1.2185760736465454
    ]
}