{
    "cov": [
        93.2006607055664,
        2.276839256286621
    ],
    "acc": [
        79.34758758544922,
        0.9151586294174194
    ],
    "pos_0": [
        0.4989410936832428,
        1.0458844900131226
    ],
    "pos_1": [
        0.10551614314317703,
        0.2674438953399658
    ],
    "neg_0": [
        92.20436096191406,
        1.7583521604537964
    ],
    "neg_1": [
        94.1353988647461,
        2.010698080062866
    ],
    "abs_0": [
        7.29669189453125,
        2.4230775833129883
    ],
    "abs_1": [
        5.759081840515137,
        2.1701173782348633
    ],
    "tpr_0": [
        1.4382256269454956,
        2.9650237560272217
    ],
    "tpr_1": [
        0.8140270113945007,
        1.9919147491455078
    ],
    "fnr_0": [
        79.15679168701172,
        3.873014450073242
    ],
    "fnr_1": [
        67.60375213623047,
        8.999815940856934
    ],
    "par_0": [
        19.40498161315918,
        5.943809986114502
    ],
    "par_1": [
        31.582218170166016,
        10.302962303161621
    ],
    "fpr_0": [
        0.0677606388926506,
        0.17085564136505127
    ],
    "fpr_1": [
        0.01088674832135439,
        0.0346464142203331
    ],
    "tnr_0": [
        98.12433624267578,
        0.8996739983558655
    ],
    "tnr_1": [
        97.55793762207031,
        1.1958903074264526
    ],
    "nar_0": [
        1.8079068660736084,
        0.9691199660301208
    ],
    "nar_1": [
        2.431173324584961,
        1.2129000425338745
    ]
}