{
    "cov": [
        79.77445983886719,
        0.7571090459823608
    ],
    "acc": [
        81.72538757324219,
        0.4573594629764557
    ],
    "pos_0": [
        3.143648624420166,
        0.32927435636520386
    ],
    "pos_1": [
        3.2058606147766113,
        0.5622878670692444
    ],
    "neg_0": [
        76.70825958251953,
        0.7328311800956726
    ],
    "neg_1": [
        76.40286254882812,
        1.5671119689941406
    ],
    "abs_0": [
        20.148090362548828,
        0.6672946214675903
    ],
    "abs_1": [
        20.391277313232422,
        1.558984398841858
    ],
    "tpr_0": [
        9.850500106811523,
        1.0113872289657593
    ],
    "tpr_1": [
        18.200809478759766,
        2.914398431777954
    ],
    "fnr_0": [
        59.020751953125,
        1.2366915941238403
    ],
    "fnr_1": [
        47.85630798339844,
        4.14656925201416
    ],
    "par_0": [
        31.128746032714844,
        0.9423545598983765
    ],
    "par_1": [
        33.94287872314453,
        3.9732608795166016
    ],
    "fpr_0": [
        0.11702387034893036,
        0.05451766029000282
    ],
    "fpr_1": [
        1.280495047569275,
        0.35956698656082153
    ],
    "tnr_0": [
        84.68913269042969,
        0.7954325079917908
    ],
    "tnr_1": [
        80.05865478515625,
        1.56924569606781
    ],
    "nar_0": [
        15.193846702575684,
        0.7896323204040527
    ],
    "nar_1": [
        18.660850524902344,
        1.5823339223861694
    ]
}