{
    "cov": [
        90.30978393554688,
        0.9101269841194153
    ],
    "acc": [
        85.16759490966797,
        0.35841357707977295
    ],
    "pos_0": [
        11.065326690673828,
        2.1313140392303467
    ],
    "pos_1": [
        2.4384655952453613,
        0.32673150300979614
    ],
    "neg_0": [
        76.20068359375,
        1.8586596250534058
    ],
    "neg_1": [
        94.23151397705078,
        0.9502717852592468
    ],
    "abs_0": [
        12.733986854553223,
        1.181734561920166
    ],
    "abs_1": [
        3.3300204277038574,
        0.8389673829078674
    ],
    "tpr_0": [
        29.843114852905273,
        4.529462814331055
    ],
    "tpr_1": [
        19.25166130065918,
        2.209122657775879
    ],
    "fnr_0": [
        46.4670295715332,
        2.5710909366607666
    ],
    "fnr_1": [
        63.05085372924805,
        4.657034397125244
    ],
    "par_0": [
        23.68985366821289,
        2.8190195560455322
    ],
    "par_1": [
        17.697481155395508,
        3.824863910675049
    ],
    "fpr_0": [
        2.5235512256622314,
        1.0009158849716187
    ],
    "fpr_1": [
        0.26798102259635925,
        0.11917822808027267
    ],
    "tnr_0": [
        89.71625518798828,
        1.4755123853683472
    ],
    "tnr_1": [
        98.25575256347656,
        0.5129820108413696
    ],
    "nar_0": [
        7.760190486907959,
        0.9023133516311646
    ],
    "nar_1": [
        1.4762722253799438,
        0.476927250623703
    ]
}