{
    "cov": [
        62.2978401184082,
        4.708513259887695
    ],
    "acc": [
        91.51689147949219,
        1.215327262878418
    ],
    "pos_0": [
        1.7404727935791016,
        0.5205456614494324
    ],
    "pos_1": [
        0.597220242023468,
        0.2663605809211731
    ],
    "neg_0": [
        56.27623748779297,
        4.26034688949585
    ],
    "neg_1": [
        70.6458511352539,
        5.986386299133301
    ],
    "abs_0": [
        41.98329162597656,
        4.366754055023193
    ],
    "abs_1": [
        28.756933212280273,
        6.020346641540527
    ],
    "tpr_0": [
        5.530894756317139,
        1.6795276403427124
    ],
    "tpr_1": [
        5.124544620513916,
        2.2968974113464355
    ],
    "fnr_0": [
        21.74538803100586,
        4.466917514801025
    ],
    "fnr_1": [
        19.356794357299805,
        4.300890922546387
    ],
    "par_0": [
        72.72371673583984,
        4.8329339027404785
    ],
    "par_1": [
        75.51866149902344,
        4.4297051429748535
    ],
    "fpr_0": [
        0.021906638517975807,
        0.024725062772631645
    ],
    "fpr_1": [
        0.015488844364881516,
        0.022334164008498192
    ],
    "tnr_0": [
        71.96595001220703,
        4.327999591827393
    ],
    "tnr_1": [
        77.26329040527344,
        6.267987251281738
    ],
    "nar_0": [
        28.01214599609375,
        4.323565483093262
    ],
    "nar_1": [
        22.721220016479492,
        6.2725725173950195
    ]
}