{
    "cov": [
        21.178552627563477,
        3.0512962341308594
    ],
    "acc": [
        99.22488403320312,
        0.25821876525878906
    ],
    "pos_0": [
        1.2485711574554443,
        0.546665370464325
    ],
    "pos_1": [
        0.32669538259506226,
        0.14717838168144226
    ],
    "neg_0": [
        14.113269805908203,
        1.9479050636291504
    ],
    "neg_1": [
        33.00709533691406,
        5.260432243347168
    ],
    "abs_0": [
        84.63815307617188,
        2.279104709625244
    ],
    "abs_1": [
        66.66620635986328,
        5.311695098876953
    ],
    "tpr_0": [
        3.970536470413208,
        1.778696060180664
    ],
    "tpr_1": [
        2.8059327602386475,
        1.2519066333770752
    ],
    "fnr_0": [
        0.312072217464447,
        0.1522102802991867
    ],
    "fnr_1": [
        2.4558122158050537,
        1.079584002494812
    ],
    "par_0": [
        95.7173843383789,
        1.8289974927902222
    ],
    "par_1": [
        94.7382583618164,
        1.668635606765747
    ],
    "fpr_0": [
        0.017157554626464844,
        0.020260659977793694
    ],
    "fpr_1": [
        0.007728507276624441,
        0.015776418149471283
    ],
    "tnr_0": [
        20.382152557373047,
        2.7497308254241943
    ],
    "tnr_1": [
        36.94257354736328,
        5.7942399978637695
    ],
    "nar_0": [
        79.60069274902344,
        2.751035213470459
    ],
    "nar_1": [
        63.04969024658203,
        5.800315856933594
    ]
}