{
    "cov": [
        37.508018493652344,
        3.4746413230895996
    ],
    "acc": [
        94.71177673339844,
        1.3737927675247192
    ],
    "pos_0": [
        0.0,
        0.0
    ],
    "pos_1": [
        0.0,
        0.0
    ],
    "neg_0": [
        34.8755989074707,
        3.5165061950683594
    ],
    "neg_1": [
        43.00421905517578,
        3.939465284347534
    ],
    "abs_0": [
        65.1243896484375,
        3.516505241394043
    ],
    "abs_1": [
        56.99578094482422,
        3.939465284347534
    ],
    "tpr_0": [
        0.0,
        0.0
    ],
    "tpr_1": [
        0.0,
        0.0
    ],
    "fnr_0": [
        8.207239151000977,
        2.664900779724121
    ],
    "fnr_1": [
        7.459648132324219,
        2.40209698677063
    ],
    "par_0": [
        91.79275512695312,
        2.664900064468384
    ],
    "par_1": [
        92.54035186767578,
        2.4020965099334717
    ],
    "fpr_0": [
        0.0,
        0.0
    ],
    "fpr_1": [
        0.0,
        0.0
    ],
    "tnr_0": [
        46.99473571777344,
        4.135674476623535
    ],
    "tnr_1": [
        47.59661865234375,
        4.3864665031433105
    ],
    "nar_0": [
        53.00526428222656,
        4.135674476623535
    ],
    "nar_1": [
        52.403377532958984,
        4.3864665031433105
    ]
}