{
    "cov": [
        80.81017303466797,
        0.509784460067749
    ],
    "acc": [
        81.61859130859375,
        0.4358573257923126
    ],
    "pos_0": [
        3.185603141784668,
        0.322221040725708
    ],
    "pos_1": [
        3.2709882259368896,
        0.5816195011138916
    ],
    "neg_0": [
        77.70237731933594,
        0.6892704367637634
    ],
    "neg_1": [
        77.37484741210938,
        1.0400094985961914
    ],
    "abs_0": [
        19.112016677856445,
        0.588346004486084
    ],
    "abs_1": [
        19.354162216186523,
        0.9856621026992798
    ],
    "tpr_0": [
        9.941312789916992,
        0.9968194961547852
    ],
    "tpr_1": [
        18.430330276489258,
        2.922013759613037
    ],
    "fnr_0": [
        60.02061462402344,
        1.3104280233383179
    ],
    "fnr_1": [
        49.087181091308594,
        3.5955111980438232
    ],
    "par_0": [
        30.038070678710938,
        0.923399806022644
    ],
    "par_1": [
        32.48249053955078,
        3.392832040786743
    ],
    "fpr_0": [
        0.13697561621665955,
        0.0656266063451767
    ],
    "fpr_1": [
        1.3248765468597412,
        0.3833385705947876
    ],
    "tnr_0": [
        85.68048858642578,
        0.682511568069458
    ],
    "tnr_1": [
        80.9999771118164,
        0.9197889566421509
    ],
    "nar_0": [
        14.182530403137207,
        0.6761065125465393
    ],
    "nar_1": [
        17.675142288208008,
        0.911430835723877
    ]
}