{
    "cov": [
        74.6458740234375,
        1.6445741653442383
    ],
    "acc": [
        85.62063598632812,
        0.8481506705284119
    ],
    "pos_0": [
        0.0,
        0.0
    ],
    "pos_1": [
        0.0,
        0.0
    ],
    "neg_0": [
        73.41710662841797,
        1.7122371196746826
    ],
    "neg_1": [
        77.21124267578125,
        2.075758695602417
    ],
    "abs_0": [
        26.582889556884766,
        1.7122366428375244
    ],
    "abs_1": [
        22.788759231567383,
        2.075758457183838
    ],
    "tpr_0": [
        0.0,
        0.0
    ],
    "tpr_1": [
        0.0,
        0.0
    ],
    "fnr_0": [
        45.72224807739258,
        2.9435677528381348
    ],
    "fnr_1": [
        29.343090057373047,
        6.520522594451904
    ],
    "par_0": [
        54.277748107910156,
        2.9435677528381348
    ],
    "par_1": [
        70.65690612792969,
        6.520522117614746
    ],
    "fpr_0": [
        0.0,
        0.0
    ],
    "fpr_1": [
        0.0,
        0.0
    ],
    "tnr_0": [
        86.0047378540039,
        1.3693431615829468
    ],
    "tnr_1": [
        83.39083862304688,
        1.6634632349014282
    ],
    "nar_0": [
        13.995261192321777,
        1.3693426847457886
    ],
    "nar_1": [
        16.609161376953125,
        1.6634639501571655
    ]
}