{
    "cov": [
        16.176450729370117,
        1.851900577545166
    ],
    "acc": [
        98.47581481933594,
        0.2727784812450409
    ],
    "pos_0": [
        0.0,
        0.0
    ],
    "pos_1": [
        0.0,
        0.0
    ],
    "neg_0": [
        16.537538528442383,
        1.6108089685440063
    ],
    "neg_1": [
        15.423468589782715,
        3.115992784500122
    ],
    "abs_0": [
        83.46245574951172,
        1.610809087753296
    ],
    "abs_1": [
        84.57652282714844,
        3.1159937381744385
    ],
    "tpr_0": [
        0.0,
        0.0
    ],
    "tpr_1": [
        0.0,
        0.0
    ],
    "fnr_0": [
        1.037009596824646,
        0.21509981155395508
    ],
    "fnr_1": [
        0.7605806589126587,
        0.49962636828422546
    ],
    "par_0": [
        98.9629898071289,
        0.21509991586208344
    ],
    "par_1": [
        99.23941802978516,
        0.49962612986564636
    ],
    "fpr_0": [
        0.0,
        0.0
    ],
    "fpr_1": [
        0.0,
        0.0
    ],
    "tnr_0": [
        23.576948165893555,
        2.233344078063965
    ],
    "tnr_1": [
        17.31481170654297,
        3.4724957942962646
    ],
    "nar_0": [
        76.42304992675781,
        2.2333457469940186
    ],
    "nar_1": [
        82.6851806640625,
        3.472496509552002
    ]
}