{
    "cov": [
        24.706689834594727,
        0.8259719610214233
    ],
    "acc": [
        93.93719482421875,
        0.5204050540924072
    ],
    "pos_0": [
        1.4582955837249756,
        0.2796191871166229
    ],
    "pos_1": [
        1.5561273097991943,
        0.2967737019062042
    ],
    "neg_0": [
        23.098642349243164,
        1.1968765258789062
    ],
    "neg_1": [
        23.462013244628906,
        0.8743952512741089
    ],
    "abs_0": [
        75.44306945800781,
        1.0266059637069702
    ],
    "abs_1": [
        74.98185729980469,
        0.9344157576560974
    ],
    "tpr_0": [
        4.609114646911621,
        0.9021961688995361
    ],
    "tpr_1": [
        12.673198699951172,
        2.5374984741210938
    ],
    "fnr_0": [
        6.020829677581787,
        0.759638786315918
    ],
    "fnr_1": [
        4.972264289855957,
        0.9843963980674744
    ],
    "par_0": [
        89.37005615234375,
        0.7537214159965515
    ],
    "par_1": [
        82.35453033447266,
        2.882997751235962
    ],
    "fpr_0": [
        0.037974968552589417,
        0.026464493945240974
    ],
    "fpr_1": [
        0.12895217537879944,
        0.041362177580595016
    ],
    "tnr_0": [
        30.802017211914062,
        1.4066646099090576
    ],
    "tnr_1": [
        25.835901260375977,
        0.901904821395874
    ],
    "nar_0": [
        69.16000366210938,
        1.4041996002197266
    ],
    "nar_1": [
        74.03514862060547,
        0.9061802625656128
    ]
}