{
    "cov": [
        52.199005126953125,
        2.028747797012329
    ],
    "acc": [
        87.31132507324219,
        1.1213866472244263
    ],
    "pos_0": [
        2.167654514312744,
        0.3721522390842438
    ],
    "pos_1": [
        2.1626834869384766,
        0.3754279315471649
    ],
    "neg_0": [
        48.81529235839844,
        3.1850903034210205
    ],
    "neg_1": [
        52.54856491088867,
        0.9656628370285034
    ],
    "abs_0": [
        49.01705551147461,
        3.155198335647583
    ],
    "abs_1": [
        45.288753509521484,
        1.0679502487182617
    ],
    "tpr_0": [
        6.858560085296631,
        1.2052768468856812
    ],
    "tpr_1": [
        14.82745361328125,
        2.4110326766967773
    ],
    "fnr_0": [
        27.081802368164062,
        4.217324733734131
    ],
    "fnr_1": [
        21.147811889648438,
        2.1082308292388916
    ],
    "par_0": [
        66.05963897705078,
        4.245696067810059
    ],
    "par_1": [
        64.02473449707031,
        3.256192445755005
    ],
    "fpr_0": [
        0.05219223350286484,
        0.03269743174314499
    ],
    "fpr_1": [
        0.536805272102356,
        0.2155778706073761
    ],
    "tnr_0": [
        58.622589111328125,
        2.710042715072632
    ],
    "tnr_1": [
        56.5748405456543,
        1.010459303855896
    ],
    "nar_0": [
        41.325218200683594,
        2.715092658996582
    ],
    "nar_1": [
        42.88835525512695,
        1.0063053369522095
    ]
}