{
    "cov": [
        19.817358016967773,
        0.673658549785614
    ],
    "acc": [
        94.9444351196289,
        0.6059334874153137
    ],
    "pos_0": [
        1.4000842571258545,
        0.29113951325416565
    ],
    "pos_1": [
        1.484087347984314,
        0.2975386083126068
    ],
    "neg_0": [
        18.277956008911133,
        0.9697667360305786
    ],
    "neg_1": [
        18.622655868530273,
        1.0491336584091187
    ],
    "abs_0": [
        80.32196044921875,
        0.8257327675819397
    ],
    "abs_1": [
        79.89325714111328,
        1.0926331281661987
    ],
    "tpr_0": [
        4.421511650085449,
        0.9411817789077759
    ],
    "tpr_1": [
        12.169127464294434,
        2.547633171081543
    ],
    "fnr_0": [
        3.951991319656372,
        0.6639768481254578
    ],
    "fnr_1": [
        3.3987250328063965,
        0.6848330497741699
    ],
    "par_0": [
        91.62649536132812,
        0.762853741645813
    ],
    "par_1": [
        84.4321517944336,
        2.8045542240142822
    ],
    "fpr_0": [
        0.037974968552589417,
        0.026464493945240974
    ],
    "fpr_1": [
        0.11209539324045181,
        0.045569803565740585
    ],
    "tnr_0": [
        24.73992347717285,
        1.1390483379364014
    ],
    "tnr_1": [
        20.576478958129883,
        1.1406465768814087
    ],
    "nar_0": [
        75.22209930419922,
        1.1364326477050781
    ],
    "nar_1": [
        79.31143188476562,
        1.144486427307129
    ]
}