{
    "cov": [
        92.11188507080078,
        2.5353798866271973
    ],
    "acc": [
        80.03028106689453,
        1.324653148651123
    ],
    "pos_0": [
        0.631829023361206,
        0.4102618992328644
    ],
    "pos_1": [
        0.2064565271139145,
        0.17973634600639343
    ],
    "neg_0": [
        91.38246154785156,
        2.762432813644409
    ],
    "neg_1": [
        92.10791778564453,
        2.554219961166382
    ],
    "abs_0": [
        7.985702991485596,
        2.608508348464966
    ],
    "abs_1": [
        7.685618877410889,
        2.497864007949829
    ],
    "tpr_0": [
        2.0126242637634277,
        1.2990233898162842
    ],
    "tpr_1": [
        1.8360131978988647,
        1.658029317855835
    ],
    "fnr_0": [
        77.00081634521484,
        6.172116756439209
    ],
    "fnr_1": [
        58.27972412109375,
        11.234773635864258
    ],
    "par_0": [
        20.98655891418457,
        5.629482746124268
    ],
    "par_1": [
        39.88425827026367,
        10.606191635131836
    ],
    "fpr_0": [
        0.004739479627460241,
        0.009674605913460255
    ],
    "fpr_1": [
        0.0,
        0.0
    ],
    "tnr_0": [
        97.92351531982422,
        1.234262228012085
    ],
    "tnr_1": [
        96.4723129272461,
        1.4772034883499146
    ],
    "nar_0": [
        2.071737051010132,
        1.2340339422225952
    ],
    "nar_1": [
        3.52768611907959,
        1.477203369140625
    ]
}