{
    "cov": [
        16.414371490478516,
        1.979701042175293
    ],
    "acc": [
        98.37825775146484,
        0.39572814106941223
    ],
    "pos_0": [
        0.0,
        0.0
    ],
    "pos_1": [
        0.0,
        0.0
    ],
    "neg_0": [
        16.594480514526367,
        1.5445711612701416
    ],
    "neg_1": [
        16.039077758789062,
        3.4481377601623535
    ],
    "abs_0": [
        83.40552520751953,
        1.544572114944458
    ],
    "abs_1": [
        83.9609146118164,
        3.4481375217437744
    ],
    "tpr_0": [
        0.0,
        0.0
    ],
    "tpr_1": [
        0.0,
        0.0
    ],
    "fnr_0": [
        1.1251182556152344,
        0.3366576135158539
    ],
    "fnr_1": [
        0.8472486138343811,
        0.753551185131073
    ],
    "par_0": [
        98.8748779296875,
        0.33665895462036133
    ],
    "par_1": [
        99.15274810791016,
        0.7535505294799805
    ],
    "fpr_0": [
        0.0,
        0.0
    ],
    "fpr_1": [
        0.0,
        0.0
    ],
    "tnr_0": [
        23.62626075744629,
        2.1553332805633545
    ],
    "tnr_1": [
        17.99860382080078,
        3.8436439037323
    ],
    "nar_0": [
        76.37374114990234,
        2.155334711074829
    ],
    "nar_1": [
        82.00138854980469,
        3.843644618988037
    ]
}