{
    "cov": [
        20.473190307617188,
        2.9454686641693115
    ],
    "acc": [
        99.20487976074219,
        0.2801283001899719
    ],
    "pos_0": [
        1.24788236618042,
        0.557589054107666
    ],
    "pos_1": [
        0.30090418457984924,
        0.1319573074579239
    ],
    "neg_0": [
        13.118924140930176,
        1.7928119897842407
    ],
    "neg_1": [
        32.928802490234375,
        5.404581546783447
    ],
    "abs_0": [
        85.63319396972656,
        2.045311450958252
    ],
    "abs_1": [
        66.77029418945312,
        5.479929447174072
    ],
    "tpr_0": [
        3.953134775161743,
        1.7616701126098633
    ],
    "tpr_1": [
        2.5865089893341064,
        1.0874137878417969
    ],
    "fnr_0": [
        0.2919299602508545,
        0.1620873659849167
    ],
    "fnr_1": [
        2.4944519996643066,
        1.2753995656967163
    ],
    "par_0": [
        95.75493621826172,
        1.7654250860214233
    ],
    "par_1": [
        94.91902923583984,
        1.7048141956329346
    ],
    "fpr_0": [
        0.01908988505601883,
        0.025922033935785294
    ],
    "fpr_1": [
        0.006233816035091877,
        0.01855732873082161
    ],
    "tnr_0": [
        18.956315994262695,
        2.6220591068267822
    ],
    "tnr_1": [
        36.858768463134766,
        6.058830738067627
    ],
    "nar_0": [
        81.02458953857422,
        2.6269094944000244
    ],
    "nar_1": [
        63.13499450683594,
        6.064417362213135
    ]
}