{
    "cov": [
        23.7585391998291,
        0.8142157196998596
    ],
    "acc": [
        94.21700286865234,
        0.4929634630680084
    ],
    "pos_0": [
        1.4458683729171753,
        0.27463793754577637
    ],
    "pos_1": [
        1.5329861640930176,
        0.2970404624938965
    ],
    "neg_0": [
        22.16238021850586,
        1.18049156665802
    ],
    "neg_1": [
        22.53732681274414,
        0.9621295928955078
    ],
    "abs_0": [
        76.3917465209961,
        1.0199352502822876
    ],
    "abs_1": [
        75.9296875,
        1.011124849319458
    ],
    "tpr_0": [
        4.569324493408203,
        0.8866757154464722
    ],
    "tpr_1": [
        12.507447242736816,
        2.563777208328247
    ],
    "fnr_0": [
        5.49558162689209,
        0.7097890377044678
    ],
    "fnr_1": [
        4.62536096572876,
        0.8178150653839111
    ],
    "par_0": [
        89.93509674072266,
        0.7437331080436707
    ],
    "par_1": [
        82.86719512939453,
        2.900604486465454
    ],
    "fpr_0": [
        0.037974968552589417,
        0.026464493945240974
    ],
    "fpr_1": [
        0.12430301308631897,
        0.04319887235760689
    ],
    "tnr_0": [
        29.680620193481445,
        1.4138141870498657
    ],
    "tnr_1": [
        24.836780548095703,
        1.0440376996994019
    ],
    "nar_0": [
        70.28141021728516,
        1.4102199077606201
    ],
    "nar_1": [
        75.0389175415039,
        1.0498217344284058
    ]
}