{
    "cov": [
        57.65129852294922,
        1.8635386228561401
    ],
    "acc": [
        94.89058685302734,
        0.683637797832489
    ],
    "pos_0": [
        2.620518207550049,
        0.18686069548130035
    ],
    "pos_1": [
        0.8658692836761475,
        0.19165463745594025
    ],
    "neg_0": [
        42.33804702758789,
        2.411112070083618
    ],
    "neg_1": [
        83.2813949584961,
        1.321550965309143
    ],
    "abs_0": [
        55.04143524169922,
        2.4486052989959717
    ],
    "abs_1": [
        15.852733612060547,
        1.3231345415115356
    ],
    "tpr_0": [
        8.324383735656738,
        0.5807275772094727
    ],
    "tpr_1": [
        7.35899019241333,
        1.6063039302825928
    ],
    "fnr_0": [
        8.95627498626709,
        1.8249434232711792
    ],
    "fnr_1": [
        28.052396774291992,
        3.1607885360717773
    ],
    "par_0": [
        82.7193374633789,
        1.9912430047988892
    ],
    "par_1": [
        64.58861541748047,
        3.3007328510284424
    ],
    "fpr_0": [
        0.02857338637113571,
        0.024990474805235863
    ],
    "fpr_1": [
        0.0279457475990057,
        0.0287894606590271
    ],
    "tnr_0": [
        57.50684356689453,
        2.779039144515991
    ],
    "tnr_1": [
        90.40806579589844,
        1.2877874374389648
    ],
    "nar_0": [
        42.46458053588867,
        2.7819814682006836
    ],
    "nar_1": [
        9.563995361328125,
        1.280343770980835
    ]
}