{
    "cov": [
        72.9437255859375,
        0.6877856850624084
    ],
    "acc": [
        83.20658111572266,
        0.6854972839355469
    ],
    "pos_0": [
        2.9955239295959473,
        0.3313356935977936
    ],
    "pos_1": [
        3.007192373275757,
        0.5681857466697693
    ],
    "neg_0": [
        69.49234008789062,
        1.1170270442962646
    ],
    "neg_1": [
        70.88099670410156,
        1.09039306640625
    ],
    "abs_0": [
        27.512134552001953,
        1.0343791246414185
    ],
    "abs_1": [
        26.11181640625,
        1.1987510919570923
    ],
    "tpr_0": [
        9.445655822753906,
        1.009791374206543
    ],
    "tpr_1": [
        17.462512969970703,
        2.8664371967315674
    ],
    "fnr_0": [
        49.160945892333984,
        2.4233415126800537
    ],
    "fnr_1": [
        42.33251953125,
        2.6231491565704346
    ],
    "par_0": [
        41.393394470214844,
        2.2694251537323
    ],
    "par_1": [
        40.20496368408203,
        3.051495313644409
    ],
    "fpr_0": [
        0.08467527478933334,
        0.04345209524035454
    ],
    "fpr_1": [
        1.150418758392334,
        0.35358530282974243
    ],
    "tnr_0": [
        78.66226196289062,
        0.7929139137268066
    ],
    "tnr_1": [
        74.54033660888672,
        1.121140718460083
    ],
    "nar_0": [
        21.253067016601562,
        0.7763448357582092
    ],
    "nar_1": [
        24.309240341186523,
        1.160852074623108
    ]
}