{
    "cov": [
        99.781982421875,
        0.7452068328857422
    ],
    "acc": [
        76.92605590820312,
        0.9708513617515564
    ],
    "pos_0": [
        2.7607686519622803,
        1.6939294338226318
    ],
    "pos_1": [
        0.7914614081382751,
        0.6202552914619446
    ],
    "neg_0": [
        96.97115325927734,
        1.5247917175292969
    ],
    "neg_1": [
        99.0967788696289,
        0.6163247227668762
    ],
    "abs_0": [
        0.2680726945400238,
        0.9082235097885132
    ],
    "abs_1": [
        0.11176244169473648,
        0.40178072452545166
    ],
    "tpr_0": [
        7.913032531738281,
        4.723057270050049
    ],
    "tpr_1": [
        5.377834796905518,
        3.859672784805298
    ],
    "fnr_0": [
        91.31607055664062,
        4.183445930480957
    ],
    "fnr_1": [
        93.79743957519531,
        3.9085724353790283
    ],
    "par_0": [
        0.7708906531333923,
        2.523406982421875
    ],
    "par_1": [
        0.8247277736663818,
        2.9663472175598145
    ],
    "fpr_0": [
        0.4289330244064331,
        0.40489575266838074
    ],
    "fpr_1": [
        0.1992168426513672,
        0.2446213811635971
    ],
    "tnr_0": [
        99.53412628173828,
        0.40122732520103455
    ],
    "tnr_1": [
        99.78059387207031,
        0.24113865196704865
    ],
    "nar_0": [
        0.036938633769750595,
        0.17001834511756897
    ],
    "nar_1": [
        0.0201925877481699,
        0.07572071999311447
    ]
}