{
    "cov": [
        64.46478271484375,
        2.2075307369232178
    ],
    "acc": [
        93.32485961914062,
        0.8537070751190186
    ],
    "pos_0": [
        3.9511477947235107,
        0.8260698318481445
    ],
    "pos_1": [
        1.1512391567230225,
        0.31322187185287476
    ],
    "neg_0": [
        49.51993179321289,
        3.1278488636016846
    ],
    "neg_1": [
        86.2643814086914,
        1.530388593673706
    ],
    "abs_0": [
        46.5289192199707,
        2.8584108352661133
    ],
    "abs_1": [
        12.584378242492676,
        1.525916576385498
    ],
    "tpr_0": [
        12.390620231628418,
        2.4144415855407715
    ],
    "tpr_1": [
        9.772685050964355,
        2.7814347743988037
    ],
    "fnr_0": [
        14.186542510986328,
        2.7026195526123047
    ],
    "fnr_1": [
        33.84711456298828,
        4.8022780418396
    ],
    "par_0": [
        73.4228286743164,
        2.8277387619018555
    ],
    "par_1": [
        56.38019943237305,
        5.115494728088379
    ],
    "fpr_0": [
        0.11246807128190994,
        0.0929272323846817
    ],
    "fpr_1": [
        0.04333726689219475,
        0.042321011424064636
    ],
    "tnr_0": [
        65.57466888427734,
        3.3747339248657227
    ],
    "tnr_1": [
        93.02421569824219,
        1.325183629989624
    ],
    "nar_0": [
        34.3128662109375,
        3.3441786766052246
    ],
    "nar_1": [
        6.932439804077148,
        1.336074709892273
    ]
}