{
    "cov": [
        74.22443389892578,
        3.887280225753784
    ],
    "acc": [
        90.21163940429688,
        1.460866093635559
    ],
    "pos_0": [
        5.252511024475098,
        0.9901823997497559
    ],
    "pos_1": [
        1.2509205341339111,
        0.4102264940738678
    ],
    "neg_0": [
        60.99616241455078,
        4.830193042755127
    ],
    "neg_1": [
        89.63715362548828,
        1.962645173072815
    ],
    "abs_0": [
        33.75132751464844,
        4.902198791503906
    ],
    "abs_1": [
        9.111917495727539,
        1.9778939485549927
    ],
    "tpr_0": [
        16.020790100097656,
        2.6849241256713867
    ],
    "tpr_1": [
        10.466646194458008,
        3.25848650932312
    ],
    "fnr_0": [
        25.97617530822754,
        5.810202598571777
    ],
    "fnr_1": [
        44.50386047363281,
        6.59818172454834
    ],
    "par_0": [
        58.00303268432617,
        6.33484411239624
    ],
    "par_1": [
        45.02949142456055,
        7.331745147705078
    ],
    "fpr_0": [
        0.355834424495697,
        0.22961948812007904
    ],
    "fpr_1": [
        0.05892171338200569,
        0.056275375187397
    ],
    "tnr_0": [
        76.90709686279297,
        4.489866256713867
    ],
    "tnr_1": [
        95.47335052490234,
        1.3273407220840454
    ],
    "nar_0": [
        22.737062454223633,
        4.516120433807373
    ],
    "nar_1": [
        4.46773099899292,
        1.3175913095474243
    ]
}