{
    "cov": [
        13.426644325256348,
        3.6438920497894287
    ],
    "acc": [
        94.76622009277344,
        19.74664306640625
    ],
    "pos_0": [
        0.0,
        0.0
    ],
    "pos_1": [
        0.0,
        0.0
    ],
    "neg_0": [
        13.999102592468262,
        3.4662654399871826
    ],
    "neg_1": [
        12.22916030883789,
        4.568370342254639
    ],
    "abs_0": [
        86.00090026855469,
        3.4662647247314453
    ],
    "abs_1": [
        87.77083587646484,
        4.568369388580322
    ],
    "tpr_0": [
        0.0,
        0.0
    ],
    "tpr_1": [
        0.0,
        0.0
    ],
    "fnr_0": [
        0.741679847240448,
        0.2872175872325897
    ],
    "fnr_1": [
        0.4974651336669922,
        0.5158674120903015
    ],
    "par_0": [
        99.25831604003906,
        0.2872176766395569
    ],
    "par_1": [
        99.5025405883789,
        0.5158674120903015
    ],
    "fpr_0": [
        0.0,
        0.0
    ],
    "fpr_1": [
        0.0,
        0.0
    ],
    "tnr_0": [
        20.028493881225586,
        4.949516296386719
    ],
    "tnr_1": [
        13.745817184448242,
        5.140178203582764
    ],
    "nar_0": [
        79.97150421142578,
        4.949515342712402
    ],
    "nar_1": [
        86.25418090820312,
        5.140178680419922
    ]
}