{
    "cov": [
        46.10857391357422,
        3.836988687515259
    ],
    "acc": [
        92.94194030761719,
        1.2877321243286133
    ],
    "pos_0": [
        0.0,
        0.0
    ],
    "pos_1": [
        0.0,
        0.0
    ],
    "neg_0": [
        42.750457763671875,
        3.607269763946533
    ],
    "neg_1": [
        53.12213134765625,
        4.830940246582031
    ],
    "abs_0": [
        57.24953842163086,
        3.607269763946533
    ],
    "abs_1": [
        46.877864837646484,
        4.830940246582031
    ],
    "tpr_0": [
        0.0,
        0.0
    ],
    "tpr_1": [
        0.0,
        0.0
    ],
    "fnr_0": [
        13.529891014099121,
        3.366705894470215
    ],
    "fnr_1": [
        11.636032104492188,
        3.6631956100463867
    ],
    "par_0": [
        86.47010803222656,
        3.3667073249816895
    ],
    "par_1": [
        88.36396026611328,
        3.663196325302124
    ],
    "fpr_0": [
        0.0,
        0.0
    ],
    "fpr_1": [
        0.0,
        0.0
    ],
    "tnr_0": [
        56.02936935424805,
        3.8777756690979004
    ],
    "tnr_1": [
        58.48367691040039,
        5.190545558929443
    ],
    "nar_0": [
        43.97063064575195,
        3.8777754306793213
    ],
    "nar_1": [
        41.51632308959961,
        5.190545558929443
    ]
}