{
    "cov": [
        90.10149383544922,
        1.3533629179000854
    ],
    "acc": [
        85.27223205566406,
        0.473339319229126
    ],
    "pos_0": [
        11.748397827148438,
        1.6579746007919312
    ],
    "pos_1": [
        2.499183177947998,
        0.3501942455768585
    ],
    "neg_0": [
        75.25401306152344,
        1.6279091835021973
    ],
    "neg_1": [
        94.0692138671875,
        1.337531328201294
    ],
    "abs_0": [
        12.99758529663086,
        1.698961853981018
    ],
    "abs_1": [
        3.4316039085388184,
        1.1417471170425415
    ],
    "tpr_0": [
        31.185537338256836,
        3.515676498413086
    ],
    "tpr_1": [
        19.800662994384766,
        2.24147629737854
    ],
    "fnr_0": [
        45.06920623779297,
        2.418802261352539
    ],
    "fnr_1": [
        62.72887420654297,
        5.994328498840332
    ],
    "par_0": [
        23.745256423950195,
        3.105318546295166
    ],
    "par_1": [
        17.470457077026367,
        4.725818157196045
    ],
    "fpr_0": [
        2.911655902862549,
        0.8240600228309631
    ],
    "fpr_1": [
        0.26382210850715637,
        0.12459716945886612
    ],
    "tnr_0": [
        88.97093200683594,
        1.4405919313430786
    ],
    "tnr_1": [
        98.1171875,
        0.7903531193733215
    ],
    "nar_0": [
        8.11740779876709,
        1.290427565574646
    ],
    "nar_1": [
        1.6189953088760376,
        0.7248060703277588
    ]
}