{
    "cov": [
        37.04322814941406,
        3.176884651184082
    ],
    "acc": [
        95.12849426269531,
        0.812708854675293
    ],
    "pos_0": [
        0.45180556178092957,
        0.31008705496788025
    ],
    "pos_1": [
        0.13793496787548065,
        0.11987005919218063
    ],
    "neg_0": [
        37.30789566040039,
        2.951658248901367
    ],
    "neg_1": [
        35.4122314453125,
        3.7659242153167725
    ],
    "abs_0": [
        62.24029541015625,
        3.007767677307129
    ],
    "abs_1": [
        64.4498291015625,
        3.8074421882629395
    ],
    "tpr_0": [
        1.4415899515151978,
        0.987910807132721
    ],
    "tpr_1": [
        1.212863564491272,
        1.0651909112930298
    ],
    "fnr_0": [
        7.854978084564209,
        1.727669596672058
    ],
    "fnr_1": [
        4.2642621994018555,
        1.5045486688613892
    ],
    "par_0": [
        90.70343780517578,
        2.018338203430176
    ],
    "par_1": [
        94.52286529541016,
        1.9814398288726807
    ],
    "fpr_0": [
        0.0009560229373164475,
        0.004780115094035864
    ],
    "fpr_1": [
        0.0,
        0.0
    ],
    "tnr_0": [
        50.68733215332031,
        3.588059425354004
    ],
    "tnr_1": [
        39.43376922607422,
        4.160278797149658
    ],
    "nar_0": [
        49.31170654296875,
        3.588216781616211
    ],
    "nar_1": [
        60.56623077392578,
        4.160278797149658
    ]
}