{
    "cov": [
        87.7797622680664,
        1.4681756496429443
    ],
    "acc": [
        85.93433380126953,
        0.7169302701950073
    ],
    "pos_0": [
        9.916486740112305,
        1.8249106407165527
    ],
    "pos_1": [
        2.2475502490997314,
        0.4676322340965271
    ],
    "neg_0": [
        73.90441131591797,
        2.4187350273132324
    ],
    "neg_1": [
        93.79288482666016,
        1.411689281463623
    ],
    "abs_0": [
        16.179101943969727,
        2.0592243671417236
    ],
    "abs_1": [
        3.9595582485198975,
        1.0654734373092651
    ],
    "tpr_0": [
        27.210834503173828,
        4.187713623046875
    ],
    "tpr_1": [
        18.140546798706055,
        3.2409462928771973
    ],
    "fnr_0": [
        42.983280181884766,
        3.5886223316192627
    ],
    "fnr_1": [
        60.92707824707031,
        7.126844882965088
    ],
    "par_0": [
        29.80588722229004,
        3.2666749954223633
    ],
    "par_1": [
        20.9323673248291,
        4.695743560791016
    ],
    "fpr_0": [
        2.0549607276916504,
        0.7690410017967224
    ],
    "fpr_1": [
        0.1972116380929947,
        0.14416539669036865
    ],
    "tnr_0": [
        87.95530700683594,
        2.039020299911499
    ],
    "tnr_1": [
        98.0286865234375,
        0.74656081199646
    ],
    "nar_0": [
        9.989727020263672,
        1.8180984258651733
    ],
    "nar_1": [
        1.774095058441162,
        0.647542417049408
    ]
}