{
    "cov": [
        51.12791442871094,
        1.7760883569717407
    ],
    "acc": [
        87.48312377929688,
        1.1729568243026733
    ],
    "pos_0": [
        2.135488986968994,
        0.3632620573043823
    ],
    "pos_1": [
        2.1490747928619385,
        0.3695560693740845
    ],
    "neg_0": [
        48.22053527832031,
        2.572274923324585
    ],
    "neg_1": [
        50.5777702331543,
        1.0210609436035156
    ],
    "abs_0": [
        49.64397430419922,
        2.589721441268921
    ],
    "abs_1": [
        47.27315902709961,
        1.1229033470153809
    ],
    "tpr_0": [
        6.754814624786377,
        1.1745046377182007
    ],
    "tpr_1": [
        14.791374206542969,
        2.429255962371826
    ],
    "fnr_0": [
        26.289939880371094,
        3.757418632507324
    ],
    "fnr_1": [
        19.524877548217773,
        2.3396289348602295
    ],
    "par_0": [
        66.95524597167969,
        3.890998363494873
    ],
    "par_1": [
        65.68374633789062,
        3.4374332427978516
    ],
    "fpr_0": [
        0.05219223350286484,
        0.03269743174314499
    ],
    "fpr_1": [
        0.5260753035545349,
        0.205819234251976
    ],
    "tnr_0": [
        58.112064361572266,
        2.1190648078918457
    ],
    "tnr_1": [
        54.55901336669922,
        1.0282808542251587
    ],
    "nar_0": [
        41.83573913574219,
        2.11580491065979
    ],
    "nar_1": [
        44.9149055480957,
        1.041214108467102
    ]
}