{
    "cov": [
        81.91708374023438,
        2.223736047744751
    ],
    "acc": [
        83.66581726074219,
        1.087834119796753
    ],
    "pos_0": [
        0.03584813326597214,
        0.1792406588792801
    ],
    "pos_1": [
        0.012379642575979233,
        0.06189821660518646
    ],
    "neg_0": [
        78.19834899902344,
        2.6525816917419434
    ],
    "neg_1": [
        89.59597778320312,
        2.060454845428467
    ],
    "abs_0": [
        21.76579475402832,
        2.665937662124634
    ],
    "abs_1": [
        10.39163589477539,
        2.0711607933044434
    ],
    "tpr_0": [
        0.11292073875665665,
        0.5646036863327026
    ],
    "tpr_1": [
        0.10843373090028763,
        0.5421686768531799
    ],
    "fnr_0": [
        53.71046829223633,
        4.662898063659668
    ],
    "fnr_1": [
        55.427791595458984,
        8.115263938903809
    ],
    "par_0": [
        46.17660903930664,
        4.691043376922607
    ],
    "par_1": [
        44.46377182006836,
        8.137452125549316
    ],
    "fpr_0": [
        0.002793946536257863,
        0.013969732448458672
    ],
    "fpr_1": [
        0.0,
        0.0
    ],
    "tnr_0": [
        89.32374572753906,
        1.872815728187561
    ],
    "tnr_1": [
        94.01384735107422,
        1.4785789251327515
    ],
    "nar_0": [
        10.673446655273438,
        1.8732129335403442
    ],
    "nar_1": [
        5.986152172088623,
        1.4785770177841187
    ]
}