{
    "cov": [
        52.42277526855469,
        3.07893967628479
    ],
    "acc": [
        91.4154281616211,
        0.8975806832313538
    ],
    "pos_0": [
        0.5745633840560913,
        0.2832586169242859
    ],
    "pos_1": [
        0.16363376379013062,
        0.10489208251237869
    ],
    "neg_0": [
        51.692230224609375,
        2.8119091987609863
    ],
    "neg_1": [
        52.587890625,
        3.8835840225219727
    ],
    "abs_0": [
        47.73320388793945,
        2.8386478424072266
    ],
    "abs_1": [
        47.24847412109375,
        3.896432876586914
    ],
    "tpr_0": [
        1.8345307111740112,
        0.9007937908172607
    ],
    "tpr_1": [
        1.4298458099365234,
        0.9075168967247009
    ],
    "fnr_0": [
        19.527873992919922,
        2.714850664138794
    ],
    "fnr_1": [
        10.44321346282959,
        2.1689794063568115
    ],
    "par_0": [
        78.63758850097656,
        2.7122559547424316
    ],
    "par_1": [
        88.1269302368164,
        2.236837387084961
    ],
    "fpr_0": [
        0.0019216998480260372,
        0.006651633884757757
    ],
    "fpr_1": [
        0.0,
        0.0
    ],
    "tnr_0": [
        66.30540466308594,
        3.026719331741333
    ],
    "tnr_1": [
        58.02933120727539,
        4.246072292327881
    ],
    "nar_0": [
        33.69266891479492,
        3.025714874267578
    ],
    "nar_1": [
        41.97066879272461,
        4.246072292327881
    ]
}