{
    "cov": [
        74.6144790649414,
        3.169034004211426
    ],
    "acc": [
        88.92560577392578,
        1.120293378829956
    ],
    "pos_0": [
        3.401057720184326,
        2.5005171298980713
    ],
    "pos_1": [
        0.33715274930000305,
        0.37574347853660583
    ],
    "neg_0": [
        62.82211685180664,
        3.2400379180908203
    ],
    "neg_1": [
        91.78360748291016,
        1.7500711679458618
    ],
    "abs_0": [
        33.776817321777344,
        4.527945518493652
    ],
    "abs_1": [
        7.879236698150635,
        1.7552870512008667
    ],
    "tpr_0": [
        9.818671226501465,
        7.276174545288086
    ],
    "tpr_1": [
        2.71527099609375,
        2.9789369106292725
    ],
    "fnr_0": [
        28.65751838684082,
        4.20006799697876
    ],
    "fnr_1": [
        53.70289993286133,
        8.448203086853027
    ],
    "par_0": [
        61.523807525634766,
        8.927576065063477
    ],
    "par_1": [
        43.581825256347656,
        8.24972915649414
    ],
    "fpr_0": [
        0.49730223417282104,
        0.3981837332248688
    ],
    "fpr_1": [
        0.029341768473386765,
        0.04499957337975502
    ],
    "tnr_0": [
        78.34849548339844,
        2.7891883850097656
    ],
    "tnr_1": [
        96.69496154785156,
        1.0194119215011597
    ],
    "nar_0": [
        21.15420150756836,
        2.9035308361053467
    ],
    "nar_1": [
        3.2757067680358887,
        1.0179346799850464
    ]
}