{
    "cov": [
        73.85295104980469,
        1.5291494131088257
    ],
    "acc": [
        85.76900482177734,
        0.6964969635009766
    ],
    "pos_0": [
        0.0,
        0.0
    ],
    "pos_1": [
        0.0,
        0.0
    ],
    "neg_0": [
        72.45563507080078,
        1.517857551574707
    ],
    "neg_1": [
        76.76876068115234,
        2.0428271293640137
    ],
    "abs_0": [
        27.54436683654785,
        1.517858624458313
    ],
    "abs_1": [
        23.231231689453125,
        2.042825698852539
    ],
    "tpr_0": [
        0.0,
        0.0
    ],
    "tpr_1": [
        0.0,
        0.0
    ],
    "fnr_0": [
        44.64405059814453,
        2.2991697788238525
    ],
    "fnr_1": [
        29.279945373535156,
        4.957611083984375
    ],
    "par_0": [
        55.3559455871582,
        2.2991697788238525
    ],
    "par_1": [
        70.72004699707031,
        4.957612037658691
    ],
    "fpr_0": [
        0.0,
        0.0
    ],
    "fpr_1": [
        0.0,
        0.0
    ],
    "tnr_0": [
        85.09501647949219,
        1.2935632467269897
    ],
    "tnr_1": [
        82.89439392089844,
        1.9651230573654175
    ],
    "nar_0": [
        14.904974937438965,
        1.2935638427734375
    ],
    "nar_1": [
        17.105602264404297,
        1.9651228189468384
    ]
}