{
    "cov": [
        73.46688079833984,
        1.8551188707351685
    ],
    "acc": [
        86.01764678955078,
        0.9145126938819885
    ],
    "pos_0": [
        0.0,
        0.0
    ],
    "pos_1": [
        0.0,
        0.0
    ],
    "neg_0": [
        72.2095947265625,
        1.9823981523513794
    ],
    "neg_1": [
        76.08943176269531,
        2.3233695030212402
    ],
    "abs_0": [
        27.790401458740234,
        1.982398271560669
    ],
    "abs_1": [
        23.91056251525879,
        2.3233697414398193
    ],
    "tpr_0": [
        0.0,
        0.0
    ],
    "tpr_1": [
        0.0,
        0.0
    ],
    "fnr_0": [
        43.95160675048828,
        3.171868085861206
    ],
    "fnr_1": [
        26.928646087646484,
        5.517492294311523
    ],
    "par_0": [
        56.04839324951172,
        3.171868085861206
    ],
    "par_1": [
        73.07135009765625,
        5.517489433288574
    ],
    "fpr_0": [
        0.0,
        0.0
    ],
    "fpr_1": [
        0.0,
        0.0
    ],
    "tnr_0": [
        85.04777526855469,
        1.6796246767044067
    ],
    "tnr_1": [
        82.43146514892578,
        2.118501901626587
    ],
    "nar_0": [
        14.952224731445312,
        1.6796233654022217
    ],
    "nar_1": [
        17.56853675842285,
        2.118502140045166
    ]
}