{
    "cov": [
        54.58352279663086,
        2.7032792568206787
    ],
    "acc": [
        89.85126495361328,
        0.9048883318901062
    ],
    "pos_0": [
        0.0,
        0.0
    ],
    "pos_1": [
        0.0,
        0.0
    ],
    "neg_0": [
        53.88397216796875,
        2.989323139190674
    ],
    "neg_1": [
        56.04355239868164,
        2.817634105682373
    ],
    "abs_0": [
        46.116024017333984,
        2.989323139190674
    ],
    "abs_1": [
        43.956443786621094,
        2.817634105682373
    ],
    "tpr_0": [
        0.0,
        0.0
    ],
    "tpr_1": [
        0.0,
        0.0
    ],
    "fnr_0": [
        23.84138298034668,
        3.177302598953247
    ],
    "fnr_1": [
        14.011889457702637,
        3.0418221950531006
    ],
    "par_0": [
        76.15861511230469,
        3.1773014068603516
    ],
    "par_1": [
        85.98810577392578,
        3.0418224334716797
    ],
    "fpr_0": [
        0.0,
        0.0
    ],
    "fpr_1": [
        0.0,
        0.0
    ],
    "tnr_0": [
        67.53736114501953,
        2.980072498321533
    ],
    "tnr_1": [
        61.462371826171875,
        3.070894956588745
    ],
    "nar_0": [
        32.46263885498047,
        2.9800710678100586
    ],
    "nar_1": [
        38.53762435913086,
        3.0708940029144287
    ]
}