{
    "cov": [
        47.360530853271484,
        3.6910781860351562
    ],
    "acc": [
        92.60900115966797,
        0.8705249428749084
    ],
    "pos_0": [
        0.6218793988227844,
        0.23938582837581635
    ],
    "pos_1": [
        0.19529487192630768,
        0.10160792618989944
    ],
    "neg_0": [
        46.82839584350586,
        3.0987601280212402
    ],
    "neg_1": [
        46.98830795288086,
        5.023831844329834
    ],
    "abs_0": [
        52.549720764160156,
        3.1943256855010986
    ],
    "abs_1": [
        52.8163948059082,
        5.065489768981934
    ],
    "tpr_0": [
        1.99227774143219,
        0.7660395503044128
    ],
    "tpr_1": [
        1.7135332822799683,
        0.9176383018493652
    ],
    "fnr_0": [
        15.238251686096191,
        2.436952829360962
    ],
    "fnr_1": [
        7.944003582000732,
        2.1492714881896973
    ],
    "par_0": [
        82.76947021484375,
        2.6304826736450195
    ],
    "par_1": [
        90.34246063232422,
        2.383967161178589
    ],
    "fpr_0": [
        0.0,
        0.0
    ],
    "fpr_1": [
        0.0,
        0.0
    ],
    "tnr_0": [
        61.18251419067383,
        3.6000518798828125
    ],
    "tnr_1": [
        52.02372741699219,
        5.527743339538574
    ],
    "nar_0": [
        38.81748580932617,
        3.6000523567199707
    ],
    "nar_1": [
        47.97626876831055,
        5.527743339538574
    ]
}