{
    "cov": [
        0.0013266998576000333,
        0.006633498705923557
    ],
    "acc": [
        4.0,
        20.0
    ],
    "pos_0": [
        0.0,
        0.0
    ],
    "pos_1": [
        0.0,
        0.0
    ],
    "neg_0": [
        0.001941433409228921,
        0.009707166813313961
    ],
    "neg_1": [
        0.0,
        0.0
    ],
    "abs_0": [
        99.99805450439453,
        0.009707260876893997
    ],
    "abs_1": [
        100.0,
        0.0
    ],
    "tpr_0": [
        0.0,
        0.0
    ],
    "tpr_1": [
        0.0,
        0.0
    ],
    "fnr_0": [
        0.0,
        0.0
    ],
    "fnr_1": [
        0.0,
        0.0
    ],
    "par_0": [
        100.0,
        0.0
    ],
    "par_1": [
        100.0,
        0.0
    ],
    "fpr_0": [
        0.0,
        0.0
    ],
    "fpr_1": [
        0.0,
        0.0
    ],
    "tnr_0": [
        0.002844950184226036,
        0.014224751852452755
    ],
    "tnr_1": [
        0.0,
        0.0
    ],
    "nar_0": [
        99.99715423583984,
        0.014223288744688034
    ],
    "nar_1": [
        100.0,
        0.0
    ]
}