{
    "cov": [
        82.61537170410156,
        0.5692688822746277
    ],
    "acc": [
        81.22419738769531,
        0.4506056606769562
    ],
    "pos_0": [
        3.3073830604553223,
        0.3019791841506958
    ],
    "pos_1": [
        3.3879711627960205,
        0.5770679116249084
    ],
    "neg_0": [
        79.36648559570312,
        0.6687702536582947
    ],
    "neg_1": [
        79.10308837890625,
        1.1958215236663818
    ],
    "abs_0": [
        17.326135635375977,
        0.5939688086509705
    ],
    "abs_1": [
        17.508934020996094,
        1.3286365270614624
    ],
    "tpr_0": [
        10.192420959472656,
        0.9228523969650269
    ],
    "tpr_1": [
        18.781879425048828,
        2.848665237426758
    ],
    "fnr_0": [
        61.87452697753906,
        1.292641282081604
    ],
    "fnr_1": [
        54.84432601928711,
        4.725947856903076
    ],
    "par_0": [
        27.933055877685547,
        0.9901861548423767
    ],
    "par_1": [
        26.373794555664062,
        5.014927864074707
    ],
    "fpr_0": [
        0.20058509707450867,
        0.07241467386484146
    ],
    "fpr_1": [
        1.4123473167419434,
        0.3896418809890747
    ],
    "tnr_0": [
        87.25900268554688,
        0.620599091053009
    ],
    "tnr_1": [
        82.20769500732422,
        0.9291186332702637
    ],
    "nar_0": [
        12.54040813446045,
        0.6265632510185242
    ],
    "nar_1": [
        16.379959106445312,
        0.9982379674911499
    ]
}