{
    "cov": [
        24.93311309814453,
        2.0276379585266113
    ],
    "acc": [
        98.70364379882812,
        0.32880401611328125
    ],
    "pos_0": [
        0.6984777450561523,
        0.09999322146177292
    ],
    "pos_1": [
        0.22000782191753387,
        0.08022613823413849
    ],
    "neg_0": [
        22.429672241210938,
        2.1033577919006348
    ],
    "neg_1": [
        28.47718620300293,
        2.328695297241211
    ],
    "abs_0": [
        76.87184143066406,
        2.090064525604248
    ],
    "abs_1": [
        71.30280303955078,
        2.324620008468628
    ],
    "tpr_0": [
        2.235186815261841,
        0.31516149640083313
    ],
    "tpr_1": [
        1.9297317266464233,
        0.7313070297241211
    ],
    "fnr_0": [
        1.2769684791564941,
        0.4442821145057678
    ],
    "fnr_1": [
        1.5489007234573364,
        0.6082426905632019
    ],
    "par_0": [
        96.48783874511719,
        0.5004476308822632
    ],
    "par_1": [
        96.5213623046875,
        0.8032963871955872
    ],
    "fpr_0": [
        0.0,
        0.0
    ],
    "fpr_1": [
        0.0,
        0.0
    ],
    "tnr_0": [
        32.038387298583984,
        2.844660758972168
    ],
    "tnr_1": [
        31.95460319519043,
        2.601471424102783
    ],
    "nar_0": [
        67.96161651611328,
        2.8446602821350098
    ],
    "nar_1": [
        68.04540252685547,
        2.6014716625213623
    ]
}