{
    "cov": [
        53.99403381347656,
        3.9216904640197754
    ],
    "acc": [
        91.35032653808594,
        1.440667748451233
    ],
    "pos_0": [
        0.0,
        0.0
    ],
    "pos_1": [
        0.0,
        0.0
    ],
    "neg_0": [
        49.83878707885742,
        4.000166416168213
    ],
    "neg_1": [
        62.66992950439453,
        4.353878974914551
    ],
    "abs_0": [
        50.16120910644531,
        4.000166416168213
    ],
    "abs_1": [
        37.33006286621094,
        4.353879451751709
    ],
    "tpr_0": [
        0.0,
        0.0
    ],
    "tpr_1": [
        0.0,
        0.0
    ],
    "fnr_0": [
        19.28993797302246,
        4.518311023712158
    ],
    "fnr_1": [
        17.175519943237305,
        4.001178741455078
    ],
    "par_0": [
        80.7100601196289,
        4.518311023712158
    ],
    "par_1": [
        82.82447052001953,
        4.00117826461792
    ],
    "fpr_0": [
        0.0,
        0.0
    ],
    "fpr_1": [
        0.0,
        0.0
    ],
    "tnr_0": [
        63.715858459472656,
        3.954774856567383
    ],
    "tnr_1": [
        68.5451889038086,
        4.609389305114746
    ],
    "nar_0": [
        36.28413772583008,
        3.9547760486602783
    ],
    "nar_1": [
        31.454803466796875,
        4.6093902587890625
    ]
}