{
    "cov": [
        16.184412002563477,
        4.819216728210449
    ],
    "acc": [
        94.45144653320312,
        19.685415267944336
    ],
    "pos_0": [
        0.0,
        0.0
    ],
    "pos_1": [
        0.0,
        0.0
    ],
    "neg_0": [
        16.21651268005371,
        4.539534091949463
    ],
    "neg_1": [
        16.12234878540039,
        5.692708969116211
    ],
    "abs_0": [
        83.78348541259766,
        4.539533615112305
    ],
    "abs_1": [
        83.87764739990234,
        5.692708969116211
    ],
    "tpr_0": [
        0.0,
        0.0
    ],
    "tpr_1": [
        0.0,
        0.0
    ],
    "fnr_0": [
        1.0929232835769653,
        0.5391836762428284
    ],
    "fnr_1": [
        1.1099956035614014,
        0.8435183763504028
    ],
    "par_0": [
        98.9070816040039,
        0.5391829013824463
    ],
    "par_1": [
        98.88999938964844,
        0.8435190916061401
    ],
    "fpr_0": [
        0.0,
        0.0
    ],
    "fpr_1": [
        0.0,
        0.0
    ],
    "tnr_0": [
        23.097164154052734,
        6.449652194976807
    ],
    "tnr_1": [
        18.06707191467285,
        6.375522136688232
    ],
    "nar_0": [
        76.90283203125,
        6.449652194976807
    ],
    "nar_1": [
        81.93292999267578,
        6.375520706176758
    ]
}