{
    "cov": [
        60.4210090637207,
        2.260483980178833
    ],
    "acc": [
        92.71614074707031,
        0.9504987597465515
    ],
    "pos_0": [
        0.3396669328212738,
        0.7123813033103943
    ],
    "pos_1": [
        0.04364146664738655,
        0.1068468689918518
    ],
    "neg_0": [
        46.62540817260742,
        3.0418930053710938
    ],
    "neg_1": [
        88.45143127441406,
        1.8488966226577759
    ],
    "abs_0": [
        53.03491973876953,
        3.180262565612793
    ],
    "abs_1": [
        11.504919052124023,
        1.8141416311264038
    ],
    "tpr_0": [
        1.0429863929748535,
        2.1951587200164795
    ],
    "tpr_1": [
        0.3814031183719635,
        0.9787992238998413
    ],
    "fnr_0": [
        13.102863311767578,
        2.491544723510742
    ],
    "fnr_1": [
        44.13956832885742,
        8.076639175415039
    ],
    "par_0": [
        85.8541488647461,
        3.3781216144561768
    ],
    "par_1": [
        55.479026794433594,
        7.79266881942749
    ],
    "fpr_0": [
        0.018039660528302193,
        0.04122886434197426
    ],
    "fpr_1": [
        0.00154440151527524,
        0.0077220075763762
    ],
    "tnr_0": [
        61.857303619384766,
        3.3962929248809814
    ],
    "tnr_1": [
        94.16617584228516,
        1.161817193031311
    ],
    "nar_0": [
        38.124656677246094,
        3.4010584354400635
    ],
    "nar_1": [
        5.832277774810791,
        1.1592776775360107
    ]
}