{
    "cov": [
        79.48170471191406,
        1.6273808479309082
    ],
    "acc": [
        84.3424072265625,
        0.8283311724662781
    ],
    "pos_0": [
        0.06849991530179977,
        0.34249958395957947
    ],
    "pos_1": [
        0.026917900890111923,
        0.13458950817584991
    ],
    "neg_0": [
        77.99471282958984,
        1.4900596141815186
    ],
    "neg_1": [
        82.41744995117188,
        2.0712170600891113
    ],
    "abs_0": [
        21.936784744262695,
        1.6005371809005737
    ],
    "abs_1": [
        17.555631637573242,
        2.09663724899292
    ],
    "tpr_0": [
        0.21825812757015228,
        1.0912907123565674
    ],
    "tpr_1": [
        0.25236591696739197,
        1.2618296146392822
    ],
    "fnr_0": [
        52.56915283203125,
        2.727572202682495
    ],
    "fnr_1": [
        36.25381088256836,
        5.513760089874268
    ],
    "par_0": [
        47.21258544921875,
        3.002171516418457
    ],
    "par_1": [
        63.49382019042969,
        5.463529586791992
    ],
    "fpr_0": [
        0.0,
        0.0
    ],
    "fpr_1": [
        0.0,
        0.0
    ],
    "tnr_0": [
        89.54147338867188,
        1.2311073541641235
    ],
    "tnr_1": [
        88.3717269897461,
        1.853234887123108
    ],
    "nar_0": [
        10.458523750305176,
        1.2311090230941772
    ],
    "nar_1": [
        11.628273963928223,
        1.8532366752624512
    ]
}