{
    "cov": [
        11.464455604553223,
        2.5516276359558105
    ],
    "acc": [
        99.34011840820312,
        0.26330044865608215
    ],
    "pos_0": [
        0.0,
        0.0
    ],
    "pos_1": [
        0.0,
        0.0
    ],
    "neg_0": [
        8.127593994140625,
        1.457040786743164
    ],
    "neg_1": [
        18.435806274414062,
        5.271851062774658
    ],
    "abs_0": [
        91.87239837646484,
        1.4570399522781372
    ],
    "abs_1": [
        81.56419372558594,
        5.271850109100342
    ],
    "tpr_0": [
        0.0,
        0.0
    ],
    "tpr_1": [
        0.0,
        0.0
    ],
    "fnr_0": [
        0.1361628621816635,
        0.09514935314655304
    ],
    "fnr_1": [
        1.3082269430160522,
        0.7239035964012146
    ],
    "par_0": [
        99.86383819580078,
        0.09514955431222916
    ],
    "par_1": [
        98.6917724609375,
        0.723903238773346
    ],
    "fpr_0": [
        0.0,
        0.0
    ],
    "fpr_1": [
        0.0,
        0.0
    ],
    "tnr_0": [
        11.756881713867188,
        2.075174570083618
    ],
    "tnr_1": [
        20.645307540893555,
        5.906599044799805
    ],
    "nar_0": [
        88.24312591552734,
        2.0751752853393555
    ],
    "nar_1": [
        79.35469818115234,
        5.906599998474121
    ]
}