{
    "cov": [
        69.08877563476562,
        2.3663148880004883
    ],
    "acc": [
        87.5502700805664,
        0.6549198627471924
    ],
    "pos_0": [
        0.6330451369285583,
        0.2345290184020996
    ],
    "pos_1": [
        0.20357747375965118,
        0.10222015529870987
    ],
    "neg_0": [
        67.72732543945312,
        2.3972833156585693
    ],
    "neg_1": [
        70.41163635253906,
        2.543656826019287
    ],
    "abs_0": [
        31.63962745666504,
        2.4843671321868896
    ],
    "abs_1": [
        29.384782791137695,
        2.56378436088562
    ],
    "tpr_0": [
        2.014042854309082,
        0.7401474714279175
    ],
    "tpr_1": [
        1.7880587577819824,
        0.9188786745071411
    ],
    "fnr_0": [
        37.17302322387695,
        2.958688259124756
    ],
    "fnr_1": [
        20.50294303894043,
        3.50856351852417
    ],
    "par_0": [
        60.81292724609375,
        3.20263409614563
    ],
    "par_1": [
        77.70899963378906,
        3.7740139961242676
    ],
    "fpr_0": [
        0.004798872396349907,
        0.015603766776621342
    ],
    "fpr_1": [
        0.0,
        0.0
    ],
    "tnr_0": [
        81.61676788330078,
        2.149170398712158
    ],
    "tnr_1": [
        76.85404968261719,
        2.713329792022705
    ],
    "nar_0": [
        18.378433227539062,
        2.150871753692627
    ],
    "nar_1": [
        23.145952224731445,
        2.7133309841156006
    ]
}