{
    "cov": [
        48.487342834472656,
        4.315567970275879
    ],
    "acc": [
        91.07732391357422,
        1.274794578552246
    ],
    "pos_0": [
        0.0,
        0.0
    ],
    "pos_1": [
        0.0,
        0.0
    ],
    "neg_0": [
        48.15486145019531,
        4.305856704711914
    ],
    "neg_1": [
        49.196746826171875,
        4.657498359680176
    ],
    "abs_0": [
        51.84513473510742,
        4.305856704711914
    ],
    "abs_1": [
        50.80324935913086,
        4.657498359680176
    ],
    "tpr_0": [
        0.0,
        0.0
    ],
    "tpr_1": [
        0.0,
        0.0
    ],
    "fnr_0": [
        18.69569206237793,
        3.92919921875
    ],
    "fnr_1": [
        11.140033721923828,
        3.158506393432617
    ],
    "par_0": [
        81.30430603027344,
        3.92919921875
    ],
    "par_1": [
        88.8599624633789,
        3.1585071086883545
    ],
    "fpr_0": [
        0.0,
        0.0
    ],
    "fpr_1": [
        0.0,
        0.0
    ],
    "tnr_0": [
        61.534568786621094,
        4.612394332885742
    ],
    "tnr_1": [
        54.10851287841797,
        5.097298622131348
    ],
    "nar_0": [
        38.46543502807617,
        4.612393379211426
    ],
    "nar_1": [
        45.891483306884766,
        5.097298622131348
    ]
}