{
    "cov": [
        53.19712829589844,
        3.95245623588562
    ],
    "acc": [
        91.29036712646484,
        0.8696625828742981
    ],
    "pos_0": [
        0.5795150399208069,
        0.25652745366096497
    ],
    "pos_1": [
        0.17218497395515442,
        0.10001042485237122
    ],
    "neg_0": [
        52.64005661010742,
        3.4845123291015625
    ],
    "neg_1": [
        52.99058532714844,
        5.025874137878418
    ],
    "abs_0": [
        46.78042984008789,
        3.5817196369171143
    ],
    "abs_1": [
        46.83722686767578,
        5.062117576599121
    ],
    "tpr_0": [
        1.8429045677185059,
        0.8116466999053955
    ],
    "tpr_1": [
        1.5009384155273438,
        0.8672225475311279
    ],
    "fnr_0": [
        20.240686416625977,
        2.9409537315368652
    ],
    "fnr_1": [
        10.170729637145996,
        2.9565556049346924
    ],
    "par_0": [
        77.9164047241211,
        3.1700823307037354
    ],
    "par_1": [
        88.32833862304688,
        3.2881338596343994
    ],
    "fpr_0": [
        0.003805542131885886,
        0.011260761879384518
    ],
    "fpr_1": [
        0.0,
        0.0
    ],
    "tnr_0": [
        67.36454010009766,
        3.833352565765381
    ],
    "tnr_1": [
        58.51807403564453,
        5.4025702476501465
    ],
    "nar_0": [
        32.63165283203125,
        3.833021402359009
    ],
    "nar_1": [
        41.4819221496582,
        5.4025702476501465
    ]
}