{
    "cov": [
        77.10160064697266,
        2.448441743850708
    ],
    "acc": [
        85.1242446899414,
        0.9918196797370911
    ],
    "pos_0": [
        0.0,
        0.0
    ],
    "pos_1": [
        0.0,
        0.0
    ],
    "neg_0": [
        73.13966369628906,
        2.8194384574890137
    ],
    "neg_1": [
        85.3597640991211,
        2.4144976139068604
    ],
    "abs_0": [
        26.860328674316406,
        2.8194363117218018
    ],
    "abs_1": [
        14.640231132507324,
        2.414496421813965
    ],
    "tpr_0": [
        0.0,
        0.0
    ],
    "tpr_1": [
        0.0,
        0.0
    ],
    "fnr_0": [
        46.15609359741211,
        4.038943767547607
    ],
    "fnr_1": [
        46.85622024536133,
        6.490560054779053
    ],
    "par_0": [
        53.84390640258789,
        4.038943767547607
    ],
    "par_1": [
        53.14377975463867,
        6.490560054779053
    ],
    "fpr_0": [
        0.0,
        0.0
    ],
    "fpr_1": [
        0.0,
        0.0
    ],
    "tnr_0": [
        85.39956665039062,
        2.405991792678833
    ],
    "tnr_1": [
        90.33458709716797,
        2.1769344806671143
    ],
    "nar_0": [
        14.600434303283691,
        2.405992269515991
    ],
    "nar_1": [
        9.66540813446045,
        2.1769354343414307
    ]
}