{
    "cov": [
        91.81868743896484,
        2.707592248916626
    ],
    "acc": [
        82.71997833251953,
        1.0302869081497192
    ],
    "pos_0": [
        4.950068473815918,
        1.4216963052749634
    ],
    "pos_1": [
        1.751991868019104,
        0.6488900184631348
    ],
    "neg_0": [
        85.1047134399414,
        2.8384451866149902
    ],
    "neg_1": [
        93.7518310546875,
        1.372299313545227
    ],
    "abs_0": [
        9.94521427154541,
        3.3246231079101562
    ],
    "abs_1": [
        4.49617338180542,
        1.5279911756515503
    ],
    "tpr_0": [
        14.806979179382324,
        3.8674774169921875
    ],
    "tpr_1": [
        13.896894454956055,
        4.705959796905518
    ],
    "fnr_0": [
        62.93539047241211,
        5.166685581207275
    ],
    "fnr_1": [
        62.62987518310547,
        6.36175012588501
    ],
    "par_0": [
        22.25762939453125,
        6.718215465545654
    ],
    "par_1": [
        23.47322654724121,
        7.543161869049072
    ],
    "fpr_0": [
        0.46880027651786804,
        0.3196169435977936
    ],
    "fpr_1": [
        0.18222784996032715,
        0.15263134241104126
    ],
    "tnr_0": [
        95.17666625976562,
        1.8573355674743652
    ],
    "tnr_1": [
        97.76322174072266,
        0.8649062514305115
    ],
    "nar_0": [
        4.354534149169922,
        1.898173451423645
    ],
    "nar_1": [
        2.054548501968384,
        0.8785656690597534
    ]
}