{
    "cov": [
        0.03316749632358551,
        0.11665517836809158
    ],
    "acc": [
        8.0,
        27.68874740600586
    ],
    "pos_0": [
        0.04289594665169716,
        0.15171782672405243
    ],
    "pos_1": [
        0.013416266068816185,
        0.04643532261252403
    ],
    "neg_0": [
        0.0,
        0.0
    ],
    "neg_1": [
        0.0,
        0.0
    ],
    "abs_0": [
        99.95710754394531,
        0.15171796083450317
    ],
    "abs_1": [
        99.98657989501953,
        0.04643401503562927
    ],
    "tpr_0": [
        0.14057761430740356,
        0.496327668428421
    ],
    "tpr_1": [
        0.12092074006795883,
        0.419342577457428
    ],
    "fnr_0": [
        0.0,
        0.0
    ],
    "fnr_1": [
        0.0,
        0.0
    ],
    "par_0": [
        99.85942077636719,
        0.49632570147514343
    ],
    "par_1": [
        99.87908172607422,
        0.4193429946899414
    ],
    "fpr_0": [
        0.0,
        0.0
    ],
    "fpr_1": [
        0.0,
        0.0
    ],
    "tnr_0": [
        0.0,
        0.0
    ],
    "tnr_1": [
        0.0,
        0.0
    ],
    "nar_0": [
        100.0,
        0.0
    ],
    "nar_1": [
        100.0,
        0.0
    ]
}