{
    "cov": [
        83.61526489257812,
        2.2605626583099365
    ],
    "acc": [
        82.79020690917969,
        1.12340247631073
    ],
    "pos_0": [
        0.0,
        0.0
    ],
    "pos_1": [
        0.0,
        0.0
    ],
    "neg_0": [
        82.61329650878906,
        2.2474422454833984
    ],
    "neg_1": [
        85.71356964111328,
        2.808786153793335
    ],
    "abs_0": [
        17.386699676513672,
        2.2474427223205566
    ],
    "abs_1": [
        14.286418914794922,
        2.8087854385375977
    ],
    "tpr_0": [
        0.0,
        0.0
    ],
    "tpr_1": [
        0.0,
        0.0
    ],
    "fnr_0": [
        60.55519485473633,
        4.416144371032715
    ],
    "fnr_1": [
        43.59774398803711,
        9.09654426574707
    ],
    "par_0": [
        39.44480514526367,
        4.416144847869873
    ],
    "par_1": [
        56.40225601196289,
        9.09654426574707
    ],
    "fpr_0": [
        0.0,
        0.0
    ],
    "fpr_1": [
        0.0,
        0.0
    ],
    "tnr_0": [
        92.62992858886719,
        1.4191423654556274
    ],
    "tnr_1": [
        91.14878845214844,
        2.1433186531066895
    ],
    "nar_0": [
        7.37007474899292,
        1.4191415309906006
    ],
    "nar_1": [
        8.851207733154297,
        2.1433181762695312
    ]
}