{
    "cov": [
        45.64599609375,
        3.0043766498565674
    ],
    "acc": [
        91.80925750732422,
        0.9996457099914551
    ],
    "pos_0": [
        0.0,
        0.0
    ],
    "pos_1": [
        0.0,
        0.0
    ],
    "neg_0": [
        45.423973083496094,
        3.070594310760498
    ],
    "neg_1": [
        46.10764694213867,
        3.345707893371582
    ],
    "abs_0": [
        54.57602310180664,
        3.070594310760498
    ],
    "abs_1": [
        53.89235305786133,
        3.345707893371582
    ],
    "tpr_0": [
        0.0,
        0.0
    ],
    "tpr_1": [
        0.0,
        0.0
    ],
    "fnr_0": [
        16.063064575195312,
        2.6047935485839844
    ],
    "fnr_1": [
        9.625703811645508,
        2.427006244659424
    ],
    "par_0": [
        83.93693542480469,
        2.604794502258301
    ],
    "par_1": [
        90.37429809570312,
        2.42700457572937
    ],
    "fpr_0": [
        0.0,
        0.0
    ],
    "fpr_1": [
        0.0,
        0.0
    ],
    "tnr_0": [
        58.766868591308594,
        3.5361969470977783
    ],
    "tnr_1": [
        50.81861877441406,
        3.762186288833618
    ],
    "nar_0": [
        41.23312759399414,
        3.536196231842041
    ],
    "nar_1": [
        49.18138122558594,
        3.762186288833618
    ]
}