{
    "cov": [
        77.54295349121094,
        2.5803377628326416
    ],
    "acc": [
        87.4735107421875,
        1.0598441362380981
    ],
    "pos_0": [
        2.393672466278076,
        0.5911996364593506
    ],
    "pos_1": [
        0.781177282333374,
        0.3600945770740509
    ],
    "neg_0": [
        70.79994201660156,
        3.3868799209594727
    ],
    "neg_1": [
        85.84278106689453,
        1.8112027645111084
    ],
    "abs_0": [
        26.806381225585938,
        3.245220422744751
    ],
    "abs_1": [
        13.376039505004883,
        1.6302533149719238
    ],
    "tpr_0": [
        7.554211139678955,
        1.8648992776870728
    ],
    "tpr_1": [
        6.528658390045166,
        2.824712038040161
    ],
    "fnr_0": [
        39.59274673461914,
        4.6081414222717285
    ],
    "fnr_1": [
        35.9961051940918,
        4.707319736480713
    ],
    "par_0": [
        52.85304260253906,
        4.331686496734619
    ],
    "par_1": [
        57.47523498535156,
        4.4174113273620605
    ],
    "fpr_0": [
        0.05320829153060913,
        0.062077704817056656
    ],
    "fpr_1": [
        0.0371670164167881,
        0.050525180995464325
    ],
    "tnr_0": [
        84.97697448730469,
        2.9629642963409424
    ],
    "tnr_1": [
        92.27765655517578,
        1.5625532865524292
    ],
    "nar_0": [
        14.969818115234375,
        2.93214750289917
    ],
    "nar_1": [
        7.6851806640625,
        1.5407809019088745
    ]
}