{
    "cov": [
        31.1911563873291,
        3.3059489727020264
    ],
    "acc": [
        96.2808609008789,
        1.0636444091796875
    ],
    "pos_0": [
        0.0,
        0.0
    ],
    "pos_1": [
        0.0,
        0.0
    ],
    "neg_0": [
        28.822898864746094,
        3.4409289360046387
    ],
    "neg_1": [
        36.13080596923828,
        3.4428822994232178
    ],
    "abs_0": [
        71.1771011352539,
        3.4409289360046387
    ],
    "abs_1": [
        63.869197845458984,
        3.4428820610046387
    ],
    "tpr_0": [
        0.0,
        0.0
    ],
    "tpr_1": [
        0.0,
        0.0
    ],
    "fnr_0": [
        4.75284481048584,
        1.7103276252746582
    ],
    "fnr_1": [
        4.840003967285156,
        2.480086326599121
    ],
    "par_0": [
        95.24715423583984,
        1.7103281021118164
    ],
    "par_1": [
        95.15999603271484,
        2.4800865650177
    ],
    "fpr_0": [
        0.0,
        0.0
    ],
    "fpr_1": [
        0.0,
        0.0
    ],
    "tnr_0": [
        39.7551383972168,
        4.292098045349121
    ],
    "tnr_1": [
        40.17810821533203,
        3.78450083732605
    ],
    "nar_0": [
        60.2448616027832,
        4.292098045349121
    ],
    "nar_1": [
        59.8218879699707,
        3.784501075744629
    ]
}