{
    "cov": [
        41.79635238647461,
        0.6910929083824158
    ],
    "acc": [
        88.94361114501953,
        0.49782854318618774
    ],
    "pos_0": [
        1.816028118133545,
        0.3236396908760071
    ],
    "pos_1": [
        1.8511935472488403,
        0.3234659433364868
    ],
    "neg_0": [
        39.9101676940918,
        0.8041085600852966
    ],
    "neg_1": [
        40.091548919677734,
        1.200624704360962
    ],
    "abs_0": [
        58.273799896240234,
        0.676417887210846
    ],
    "abs_1": [
        58.0572624206543,
        1.2507621049880981
    ],
    "tpr_0": [
        5.742780685424805,
        1.0465806722640991
    ],
    "tpr_1": [
        13.934198379516602,
        2.509871006011963
    ],
    "fnr_0": [
        19.38239288330078,
        1.0139658451080322
    ],
    "fnr_1": [
        12.121788024902344,
        1.7341946363449097
    ],
    "par_0": [
        74.87482452392578,
        1.174426555633545
    ],
    "par_1": [
        73.94400787353516,
        3.144109010696411
    ],
    "fpr_0": [
        0.04554106667637825,
        0.02966320514678955
    ],
    "fpr_1": [
        0.30062228441238403,
        0.11129749566316605
    ],
    "tnr_0": [
        49.170772552490234,
        0.7529586553573608
    ],
    "tnr_1": [
        43.67924499511719,
        1.2537761926651
    ],
    "nar_0": [
        50.78369140625,
        0.7448663115501404
    ],
    "nar_1": [
        56.020137786865234,
        1.2443251609802246
    ]
}