{
    "cov": [
        39.366722106933594,
        2.961606740951538
    ],
    "acc": [
        93.21967315673828,
        1.0604445934295654
    ],
    "pos_0": [
        0.0,
        0.0
    ],
    "pos_1": [
        0.0,
        0.0
    ],
    "neg_0": [
        39.29123306274414,
        3.006197929382324
    ],
    "neg_1": [
        39.52435302734375,
        3.3773717880249023
    ],
    "abs_0": [
        60.70876693725586,
        3.006199598312378
    ],
    "abs_1": [
        60.475643157958984,
        3.3773717880249023
    ],
    "tpr_0": [
        0.0,
        0.0
    ],
    "tpr_1": [
        0.0,
        0.0
    ],
    "fnr_0": [
        11.54196834564209,
        2.3613858222961426
    ],
    "fnr_1": [
        6.723228454589844,
        2.224998712539673
    ],
    "par_0": [
        88.45802307128906,
        2.361386299133301
    ],
    "par_1": [
        93.27677154541016,
        2.224998712539673
    ],
    "fpr_0": [
        0.0,
        0.0
    ],
    "fpr_1": [
        0.0,
        0.0
    ],
    "tnr_0": [
        51.898807525634766,
        3.402642011642456
    ],
    "tnr_1": [
        43.76090621948242,
        3.703644037246704
    ],
    "nar_0": [
        48.10118865966797,
        3.402642011642456
    ],
    "nar_1": [
        56.23908996582031,
        3.703644037246704
    ]
}