{
    "cov": [
        85.3165283203125,
        4.406961441040039
    ],
    "acc": [
        84.87137603759766,
        1.3371795415878296
    ],
    "pos_0": [
        3.484696626663208,
        1.0761815309524536
    ],
    "pos_1": [
        1.2033042907714844,
        0.47951415181159973
    ],
    "neg_0": [
        78.86002349853516,
        4.690547943115234
    ],
    "neg_1": [
        90.33839416503906,
        2.5985779762268066
    ],
    "abs_0": [
        17.65528106689453,
        5.355564117431641
    ],
    "abs_1": [
        8.458298683166504,
        2.8387835025787354
    ],
    "tpr_0": [
        10.736839294433594,
        3.228090763092041
    ],
    "tpr_1": [
        9.69253921508789,
        3.7825543880462646
    ],
    "fnr_0": [
        52.08787155151367,
        7.572382926940918
    ],
    "fnr_1": [
        49.85053634643555,
        8.604305267333984
    ],
    "par_0": [
        37.1752815246582,
        9.741646766662598
    ],
    "par_1": [
        40.45692443847656,
        10.787803649902344
    ],
    "fpr_0": [
        0.19045087695121765,
        0.12451726943254471
    ],
    "fpr_1": [
        0.11266034841537476,
        0.09296629577875137
    ],
    "tnr_0": [
        91.03251647949219,
        3.3905091285705566
    ],
    "tnr_1": [
        95.57096099853516,
        1.8231703042984009
    ],
    "nar_0": [
        8.7770357131958,
        3.4397053718566895
    ],
    "nar_1": [
        4.316372394561768,
        1.8474000692367554
    ]
}