{
    "cov": [
        54.96826934814453,
        4.964222431182861
    ],
    "acc": [
        90.70195770263672,
        0.969328761100769
    ],
    "pos_0": [
        0.567550539970398,
        0.3027660548686981
    ],
    "pos_1": [
        0.1817176789045334,
        0.1180487796664238
    ],
    "neg_0": [
        54.31220626831055,
        4.189850807189941
    ],
    "neg_1": [
        54.98163986206055,
        6.27898645401001
    ],
    "abs_0": [
        45.120243072509766,
        4.374154567718506
    ],
    "abs_1": [
        44.836639404296875,
        6.335291385650635
    ],
    "tpr_0": [
        1.813281536102295,
        0.9685637950897217
    ],
    "tpr_1": [
        1.5902941226959229,
        1.0541808605194092
    ],
    "fnr_0": [
        22.27134132385254,
        3.5051510334014893
    ],
    "fnr_1": [
        11.596022605895996,
        3.409985065460205
    ],
    "par_0": [
        75.9153823852539,
        4.020879745483398
    ],
    "par_1": [
        86.81368255615234,
        4.007702827453613
    ],
    "fpr_0": [
        0.0038092522881925106,
        0.011267714202404022
    ],
    "fpr_1": [
        0.0,
        0.0
    ],
    "tnr_0": [
        68.8668212890625,
        4.631837368011475
    ],
    "tnr_1": [
        60.5882453918457,
        6.8066725730896
    ],
    "nar_0": [
        31.12936782836914,
        4.631946086883545
    ],
    "nar_1": [
        39.41175079345703,
        6.806671619415283
    ]
}