{
    "cov": [
        33.08745193481445,
        3.154139995574951
    ],
    "acc": [
        97.95994567871094,
        0.3273653984069824
    ],
    "pos_0": [
        0.0,
        0.0
    ],
    "pos_1": [
        0.0,
        0.0
    ],
    "neg_0": [
        19.870222091674805,
        2.306959867477417
    ],
    "neg_1": [
        60.66994094848633,
        5.297358989715576
    ],
    "abs_0": [
        80.12977600097656,
        2.306960105895996
    ],
    "abs_1": [
        39.33005905151367,
        5.297358512878418
    ],
    "tpr_0": [
        0.0,
        0.0
    ],
    "tpr_1": [
        0.0,
        0.0
    ],
    "fnr_0": [
        0.9626943469047546,
        0.3537272810935974
    ],
    "fnr_1": [
        12.882943153381348,
        2.673011064529419
    ],
    "par_0": [
        99.03730010986328,
        0.3537280559539795
    ],
    "par_1": [
        87.11705017089844,
        2.673011302947998
    ],
    "fpr_0": [
        0.0,
        0.0
    ],
    "fpr_1": [
        0.0,
        0.0
    ],
    "tnr_0": [
        28.45958137512207,
        3.193662643432617
    ],
    "tnr_1": [
        66.8339614868164,
        5.669469833374023
    ],
    "nar_0": [
        71.54042053222656,
        3.193661689758301
    ],
    "nar_1": [
        33.166038513183594,
        5.669469833374023
    ]
}