{
    "cov": [
        10.003759384155273,
        1.5651769638061523
    ],
    "acc": [
        99.81523895263672,
        0.1247582733631134
    ],
    "pos_0": [
        0.3420913517475128,
        0.27158108353614807
    ],
    "pos_1": [
        0.11471375077962875,
        0.11826077848672867
    ],
    "neg_0": [
        7.543562889099121,
        1.42788827419281
    ],
    "neg_1": [
        14.3097505569458,
        2.2999110221862793
    ],
    "abs_0": [
        92.11434173583984,
        1.5103437900543213
    ],
    "abs_1": [
        85.57552337646484,
        2.318624258041382
    ],
    "tpr_0": [
        1.0922727584838867,
        0.8646340370178223
    ],
    "tpr_1": [
        1.0087456703186035,
        1.047541618347168
    ],
    "fnr_0": [
        0.08135667443275452,
        0.05420826002955437
    ],
    "fnr_1": [
        0.03592878580093384,
        0.09930292516946793
    ],
    "par_0": [
        98.82636260986328,
        0.8753663301467896
    ],
    "par_1": [
        98.955322265625,
        1.0556342601776123
    ],
    "fpr_0": [
        0.0,
        0.0
    ],
    "fpr_1": [
        0.0,
        0.0
    ],
    "tnr_0": [
        10.9420166015625,
        2.102672815322876
    ],
    "tnr_1": [
        16.154022216796875,
        2.598463773727417
    ],
    "nar_0": [
        89.0579833984375,
        2.1026742458343506
    ],
    "nar_1": [
        83.84597778320312,
        2.5984630584716797
    ]
}