{
    "cov": [
        99.59093475341797,
        0.5384916663169861
    ],
    "acc": [
        81.33795928955078,
        0.5515360832214355
    ],
    "pos_0": [
        13.829809188842773,
        1.4259088039398193
    ],
    "pos_1": [
        2.0391528606414795,
        0.5278297662734985
    ],
    "neg_0": [
        85.68792724609375,
        1.4432337284088135
    ],
    "neg_1": [
        97.70381927490234,
        0.5494735836982727
    ],
    "abs_0": [
        0.48226073384284973,
        0.5057094097137451
    ],
    "abs_1": [
        0.25702741742134094,
        0.7047655582427979
    ],
    "tpr_0": [
        35.08018493652344,
        3.0430681705474854
    ],
    "tpr_1": [
        16.009986877441406,
        3.901996612548828
    ],
    "fnr_0": [
        63.996337890625,
        2.9776787757873535
    ],
    "fnr_1": [
        82.3558578491211,
        3.4399611949920654
    ],
    "par_0": [
        0.9234763383865356,
        1.0385181903839111
    ],
    "par_1": [
        1.6341522932052612,
        4.442218780517578
    ],
    "fpr_0": [
        4.182326793670654,
        0.8878165483474731
    ],
    "fpr_1": [
        0.23308688402175903,
        0.1194952130317688
    ],
    "tnr_0": [
        95.53656005859375,
        0.9418425559997559
    ],
    "tnr_1": [
        99.686767578125,
        0.22085824608802795
    ],
    "nar_0": [
        0.2811123728752136,
        0.2974197268486023
    ],
    "nar_1": [
        0.08014224469661713,
        0.22897112369537354
    ]
}