{
    "cov": [
        71.43924713134766,
        4.584056377410889
    ],
    "acc": [
        86.84038543701172,
        1.4132994413375854
    ],
    "pos_0": [
        0.0,
        0.0
    ],
    "pos_1": [
        0.0,
        0.0
    ],
    "neg_0": [
        67.35371398925781,
        4.443012714385986
    ],
    "neg_1": [
        79.97311401367188,
        5.101012229919434
    ],
    "abs_0": [
        32.64628219604492,
        4.443012714385986
    ],
    "abs_1": [
        20.026884078979492,
        5.101011753082275
    ],
    "tpr_0": [
        0.0,
        0.0
    ],
    "tpr_1": [
        0.0,
        0.0
    ],
    "fnr_0": [
        38.22632598876953,
        5.973299503326416
    ],
    "fnr_1": [
        37.447105407714844,
        9.188366889953613
    ],
    "par_0": [
        61.7736701965332,
        5.973299503326416
    ],
    "par_1": [
        62.55289077758789,
        9.188366889953613
    ],
    "fpr_0": [
        0.0,
        0.0
    ],
    "fpr_1": [
        0.0,
        0.0
    ],
    "tnr_0": [
        80.59849548339844,
        3.7351512908935547
    ],
    "tnr_1": [
        85.456787109375,
        4.801025867462158
    ],
    "nar_0": [
        19.401498794555664,
        3.735151767730713
    ],
    "nar_1": [
        14.543217658996582,
        4.801026344299316
    ]
}