{
    "cov": [
        99.96551513671875,
        0.051888469606637955
    ],
    "acc": [
        77.56533813476562,
        0.43460360169410706
    ],
    "pos_0": [
        6.621896743774414,
        0.44919177889823914
    ],
    "pos_1": [
        6.746784210205078,
        0.6791955828666687
    ],
    "neg_0": [
        93.3564682006836,
        0.45177504420280457
    ],
    "neg_1": [
        93.1922378540039,
        0.6749874353408813
    ],
    "abs_0": [
        0.02163480594754219,
        0.03753441944718361
    ],
    "abs_1": [
        0.06098080053925514,
        0.13879330456256866
    ],
    "tpr_0": [
        16.734210968017578,
        1.1691243648529053
    ],
    "tpr_1": [
        25.435548782348633,
        2.939319610595703
    ],
    "fnr_0": [
        83.23206329345703,
        1.165321946144104
    ],
    "fnr_1": [
        74.43126678466797,
        2.8638832569122314
    ],
    "par_0": [
        0.033723630011081696,
        0.07729934900999069
    ],
    "par_1": [
        0.1331881731748581,
        0.4876290559768677
    ],
    "fpr_0": [
        2.059659004211426,
        0.22948910295963287
    ],
    "fpr_1": [
        4.350168704986572,
        0.5258809328079224
    ],
    "tnr_0": [
        97.92414855957031,
        0.23403705656528473
    ],
    "tnr_1": [
        95.597900390625,
        0.5392863750457764
    ],
    "nar_0": [
        0.01618790440261364,
        0.025619639083743095
    ],
    "nar_1": [
        0.051926422864198685,
        0.12406531721353531
    ]
}