{
    "cov": [
        2.908125877380371,
        0.2951527237892151
    ],
    "acc": [
        97.57181549072266,
        0.8793469667434692
    ],
    "pos_0": [
        1.0143698453903198,
        0.22054198384284973
    ],
    "pos_1": [
        1.0818425416946411,
        0.3170618414878845
    ],
    "neg_0": [
        1.8789466619491577,
        0.2948876619338989
    ],
    "neg_1": [
        1.8566261529922485,
        0.44550180435180664
    ],
    "abs_0": [
        97.10668182373047,
        0.280269593000412
    ],
    "abs_1": [
        97.06153106689453,
        0.5637727379798889
    ],
    "tpr_0": [
        3.2035906314849854,
        0.710102915763855
    ],
    "tpr_1": [
        9.1568603515625,
        2.6291439533233643
    ],
    "fnr_0": [
        0.1878087967634201,
        0.10764262080192566
    ],
    "fnr_1": [
        0.16779252886772156,
        0.1936890184879303
    ],
    "par_0": [
        96.60859680175781,
        0.7169798016548157
    ],
    "par_1": [
        90.67535400390625,
        2.7110249996185303
    ],
    "fpr_0": [
        0.027528855949640274,
        0.022348599508404732
    ],
    "fpr_1": [
        0.04299381375312805,
        0.029992587864398956
    ],
    "tnr_0": [
        2.6412737369537354,
        0.4079340398311615
    ],
    "tnr_1": [
        2.0725011825561523,
        0.4915870130062103
    ],
    "nar_0": [
        97.33119201660156,
        0.4029211103916168
    ],
    "nar_1": [
        97.88451385498047,
        0.49783065915107727
    ]
}