{
    "cov": [
        28.78849983215332,
        2.3994827270507812
    ],
    "acc": [
        96.00701141357422,
        0.9611063003540039
    ],
    "pos_0": [
        0.0,
        0.0
    ],
    "pos_1": [
        0.0,
        0.0
    ],
    "neg_0": [
        28.90572738647461,
        2.604628562927246
    ],
    "neg_1": [
        28.537166595458984,
        2.5260236263275146
    ],
    "abs_0": [
        71.09427642822266,
        2.604628562927246
    ],
    "abs_1": [
        71.46283721923828,
        2.526024580001831
    ],
    "tpr_0": [
        0.0,
        0.0
    ],
    "tpr_1": [
        0.0,
        0.0
    ],
    "fnr_0": [
        4.962770938873291,
        1.4593009948730469
    ],
    "fnr_1": [
        3.1314828395843506,
        1.6274305582046509
    ],
    "par_0": [
        95.03722381591797,
        1.4593003988265991
    ],
    "par_1": [
        96.86851501464844,
        1.6274304389953613
    ],
    "fpr_0": [
        0.0,
        0.0
    ],
    "fpr_1": [
        0.0,
        0.0
    ],
    "tnr_0": [
        39.78330612182617,
        3.2204394340515137
    ],
    "tnr_1": [
        31.816444396972656,
        2.706728935241699
    ],
    "nar_0": [
        60.21669387817383,
        3.2204396724700928
    ],
    "nar_1": [
        68.18355560302734,
        2.706728219985962
    ]
}