{
    "cov": [
        85.63802337646484,
        3.374307632446289
    ],
    "acc": [
        82.57093811035156,
        1.1144845485687256
    ],
    "pos_0": [
        0.6193496584892273,
        1.3621292114257812
    ],
    "pos_1": [
        0.2855805456638336,
        0.7087833881378174
    ],
    "neg_0": [
        83.8227310180664,
        2.7171523571014404
    ],
    "neg_1": [
        87.8469009399414,
        2.4180893898010254
    ],
    "abs_0": [
        15.557917594909668,
        3.761497974395752
    ],
    "abs_1": [
        11.867514610290527,
        2.818624496459961
    ],
    "tpr_0": [
        1.87661874294281,
        4.103286266326904
    ],
    "tpr_1": [
        2.20784068107605,
        5.352514743804932
    ],
    "fnr_0": [
        62.386600494384766,
        5.315264701843262
    ],
    "fnr_1": [
        47.08799743652344,
        7.658998966217041
    ],
    "par_0": [
        35.736778259277344,
        8.532743453979492
    ],
    "par_1": [
        50.704158782958984,
        10.864762306213379
    ],
    "fpr_0": [
        0.03617884963750839,
        0.09452124685049057
    ],
    "fpr_1": [
        0.029927486553788185,
        0.10023864358663559
    ],
    "tnr_0": [
        93.55322265625,
        1.6755549907684326
    ],
    "tnr_1": [
        93.10420989990234,
        1.9514579772949219
    ],
    "nar_0": [
        6.410597801208496,
        1.7392817735671997
    ],
    "nar_1": [
        6.865864276885986,
        1.9993247985839844
    ]
}