{
    "cov": [
        84.32460021972656,
        3.6995885372161865
    ],
    "acc": [
        85.94427490234375,
        1.0779612064361572
    ],
    "pos_0": [
        6.316203594207764,
        2.6758599281311035
    ],
    "pos_1": [
        0.6333809494972229,
        0.5306345820426941
    ],
    "neg_0": [
        73.0121841430664,
        3.627256155014038
    ],
    "neg_1": [
        94.12804412841797,
        1.4161344766616821
    ],
    "abs_0": [
        20.671607971191406,
        4.911715030670166
    ],
    "abs_1": [
        5.238571643829346,
        1.6880074739456177
    ],
    "tpr_0": [
        17.540557861328125,
        7.350402355194092
    ],
    "tpr_1": [
        5.002771377563477,
        4.323486804962158
    ],
    "fnr_0": [
        42.2617073059082,
        5.566229343414307
    ],
    "fnr_1": [
        64.01665496826172,
        6.786561489105225
    ],
    "par_0": [
        40.19773483276367,
        10.216974258422852
    ],
    "par_1": [
        30.980566024780273,
        9.411118507385254
    ],
    "fpr_0": [
        1.2120860815048218,
        0.643363893032074
    ],
    "fpr_1": [
        0.07567663490772247,
        0.07891689985990524
    ],
    "tnr_0": [
        86.98224639892578,
        2.863849639892578
    ],
    "tnr_1": [
        98.02519226074219,
        0.7305245399475098
    ],
    "nar_0": [
        11.80566120147705,
        2.9124319553375244
    ],
    "nar_1": [
        1.8991347551345825,
        0.730431854724884
    ]
}