{
    "cov": [
        84.38916778564453,
        2.175630807876587
    ],
    "acc": [
        82.73152160644531,
        0.9949718117713928
    ],
    "pos_0": [
        0.0729135200381279,
        0.26030558347702026
    ],
    "pos_1": [
        0.030405985191464424,
        0.11311531811952591
    ],
    "neg_0": [
        80.91970825195312,
        2.7790799140930176
    ],
    "neg_1": [
        91.45044708251953,
        1.4065414667129517
    ],
    "abs_0": [
        19.007369995117188,
        2.791182518005371
    ],
    "abs_1": [
        8.519146919250488,
        1.4379229545593262
    ],
    "tpr_0": [
        0.22042152285575867,
        0.7827597260475159
    ],
    "tpr_1": [
        0.2250290960073471,
        0.8082223534584045
    ],
    "fnr_0": [
        58.41604232788086,
        4.735827922821045
    ],
    "fnr_1": [
        60.67652130126953,
        5.9259867668151855
    ],
    "par_0": [
        41.36353302001953,
        4.780722618103027
    ],
    "par_1": [
        39.09844970703125,
        6.1017560958862305
    ],
    "fpr_0": [
        0.003793266834691167,
        0.01896633580327034
    ],
    "fpr_1": [
        0.004748713690787554,
        0.02374356985092163
    ],
    "tnr_0": [
        91.14261627197266,
        2.0475351810455322
    ],
    "tnr_1": [
        95.43140411376953,
        1.0299712419509888
    ],
    "nar_0": [
        8.853590965270996,
        2.04893159866333
    ],
    "nar_1": [
        4.563845157623291,
        1.0352561473846436
    ]
}