{
    "cov": [
        35.44499588012695,
        2.6590280532836914
    ],
    "acc": [
        98.2218246459961,
        0.32367756962776184
    ],
    "pos_0": [
        2.213693380355835,
        0.4773710072040558
    ],
    "pos_1": [
        0.603299081325531,
        0.2381533682346344
    ],
    "neg_0": [
        21.462982177734375,
        1.4990185499191284
    ],
    "neg_1": [
        59.38526153564453,
        5.806369304656982
    ],
    "abs_0": [
        76.32331848144531,
        1.6765626668930054
    ],
    "abs_1": [
        40.011436462402344,
        5.848630905151367
    ],
    "tpr_0": [
        7.04359769821167,
        1.545715093612671
    ],
    "tpr_1": [
        5.115252494812012,
        1.9737151861190796
    ],
    "fnr_0": [
        1.2615524530410767,
        0.2757357060909271
    ],
    "fnr_1": [
        9.489068031311035,
        3.2076914310455322
    ],
    "par_0": [
        91.69485473632812,
        1.651096224784851
    ],
    "par_1": [
        85.39568328857422,
        3.9806969165802
    ],
    "fpr_0": [
        0.022907761856913567,
        0.0254829004406929
    ],
    "fpr_1": [
        0.02017165534198284,
        0.022872595116496086
    ],
    "tnr_0": [
        30.641794204711914,
        2.0866448879241943
    ],
    "tnr_1": [
        65.8256607055664,
        6.219126224517822
    ],
    "nar_0": [
        69.3353042602539,
        2.07489275932312
    ],
    "nar_1": [
        34.154170989990234,
        6.217121601104736
    ]
}