{
    "cov": [
        29.711883544921875,
        3.839637041091919
    ],
    "acc": [
        98.02003479003906,
        0.6602758765220642
    ],
    "pos_0": [
        0.7030724883079529,
        0.098024383187294
    ],
    "pos_1": [
        0.22534659504890442,
        0.07568525522947311
    ],
    "neg_0": [
        26.93339729309082,
        3.717519998550415
    ],
    "neg_1": [
        33.82133102416992,
        4.436043739318848
    ],
    "abs_0": [
        72.363525390625,
        3.6978981494903564
    ],
    "abs_1": [
        65.95331573486328,
        4.4400458335876465
    ],
    "tpr_0": [
        2.2456908226013184,
        0.3115885555744171
    ],
    "tpr_1": [
        1.9767653942108154,
        0.6932698488235474
    ],
    "fnr_0": [
        2.3636927604675293,
        1.1074450016021729
    ],
    "fnr_1": [
        2.974421262741089,
        1.7386959791183472
    ],
    "par_0": [
        95.39060974121094,
        1.1056019067764282
    ],
    "par_1": [
        95.0488052368164,
        1.9020193815231323
    ],
    "fpr_0": [
        0.0019183078547939658,
        0.006640443578362465
    ],
    "fpr_1": [
        0.0,
        0.0
    ],
    "tnr_0": [
        38.087890625,
        4.8175482749938965
    ],
    "tnr_1": [
        37.8023681640625,
        4.804798603057861
    ],
    "nar_0": [
        61.91019058227539,
        4.82069730758667
    ],
    "nar_1": [
        62.1976318359375,
        4.804797649383545
    ]
}