{
    "cov": [
        62.32482147216797,
        2.6839754581451416
    ],
    "acc": [
        88.24347686767578,
        0.7621330618858337
    ],
    "pos_0": [
        0.0,
        0.0
    ],
    "pos_1": [
        0.0,
        0.0
    ],
    "neg_0": [
        61.298221588134766,
        2.6506097316741943
    ],
    "neg_1": [
        64.47279357910156,
        3.251091718673706
    ],
    "abs_0": [
        38.7017822265625,
        2.6506097316741943
    ],
    "abs_1": [
        35.5272102355957,
        3.251091241836548
    ],
    "tpr_0": [
        0.0,
        0.0
    ],
    "tpr_1": [
        0.0,
        0.0
    ],
    "fnr_0": [
        31.58488655090332,
        2.8108315467834473
    ],
    "fnr_1": [
        17.933916091918945,
        3.2431323528289795
    ],
    "par_0": [
        68.41510772705078,
        2.8108315467834473
    ],
    "par_1": [
        82.06608581542969,
        3.2431323528289795
    ],
    "fpr_0": [
        0.0,
        0.0
    ],
    "fpr_1": [
        0.0,
        0.0
    ],
    "tnr_0": [
        74.80360412597656,
        2.7937467098236084
    ],
    "tnr_1": [
        70.47936248779297,
        3.572134256362915
    ],
    "nar_0": [
        25.196395874023438,
        2.79374623298645
    ],
    "nar_1": [
        29.520631790161133,
        3.5721328258514404
    ]
}