{
    "cov": [
        68.4585952758789,
        2.4710516929626465
    ],
    "acc": [
        90.49684143066406,
        1.1883556842803955
    ],
    "pos_0": [
        1.2701116800308228,
        1.8128210306167603
    ],
    "pos_1": [
        0.1584583967924118,
        0.3035944998264313
    ],
    "neg_0": [
        56.67128372192383,
        2.6639840602874756
    ],
    "neg_1": [
        90.26036071777344,
        1.687565803527832
    ],
    "abs_0": [
        42.05860137939453,
        3.2814371585845947
    ],
    "abs_1": [
        9.581183433532715,
        1.680396556854248
    ],
    "tpr_0": [
        3.7533862590789795,
        5.419342994689941
    ],
    "tpr_1": [
        1.3289144039154053,
        2.692570686340332
    ],
    "fnr_0": [
        22.056434631347656,
        3.377518892288208
    ],
    "fnr_1": [
        48.47345733642578,
        8.679434776306152
    ],
    "par_0": [
        74.19017791748047,
        5.943636417388916
    ],
    "par_1": [
        50.19762420654297,
        8.315019607543945
    ],
    "fpr_0": [
        0.13494397699832916,
        0.22335228323936462
    ],
    "fpr_1": [
        0.010792798362672329,
        0.0343596376478672
    ],
    "tnr_0": [
        72.39938354492188,
        2.462505340576172
    ],
    "tnr_1": [
        95.6526870727539,
        0.9208489656448364
    ],
    "nar_0": [
        27.46567153930664,
        2.513495922088623
    ],
    "nar_1": [
        4.336523532867432,
        0.9243393540382385
    ]
}