{
    "cov": [
        61.83217239379883,
        7.146499156951904
    ],
    "acc": [
        89.35919952392578,
        0.48433175683021545
    ],
    "pos_0": [
        1.0840080976486206,
        0.49287280440330505
    ],
    "pos_1": [
        0.48101043701171875,
        0.3642815053462982
    ],
    "neg_0": [
        60.49861526489258,
        5.261515140533447
    ],
    "neg_1": [
        61.8834228515625,
        10.3073148727417
    ],
    "abs_0": [
        38.41737365722656,
        5.6160054206848145
    ],
    "abs_1": [
        37.63556671142578,
        10.544281959533691
    ],
    "tpr_0": [
        3.4307165145874023,
        1.5531723499298096
    ],
    "tpr_1": [
        4.0109100341796875,
        2.9375085830688477
    ],
    "fnr_0": [
        28.70442771911621,
        3.8351497650146484
    ],
    "fnr_1": [
        13.865127563476562,
        3.320068836212158
    ],
    "par_0": [
        67.86486053466797,
        4.9377007484436035
    ],
    "par_1": [
        82.12396240234375,
        5.494243621826172
    ],
    "fpr_0": [
        0.018976589664816856,
        0.02279502898454666
    ],
    "fpr_1": [
        0.027896003797650337,
        0.03966373950242996
    ],
    "tnr_0": [
        74.94557189941406,
        5.8553876876831055
    ],
    "tnr_1": [
        68.0751724243164,
        11.235382080078125
    ],
    "nar_0": [
        25.035451889038086,
        5.867422103881836
    ],
    "nar_1": [
        31.896921157836914,
        11.254317283630371
    ]
}