{
    "cov": [
        99.0208969116211,
        1.8040995597839355
    ],
    "acc": [
        77.342529296875,
        0.8113686442375183
    ],
    "pos_0": [
        2.6068098545074463,
        1.832898736000061
    ],
    "pos_1": [
        0.7821494340896606,
        0.6018715500831604
    ],
    "neg_0": [
        96.28742218017578,
        1.280872106552124
    ],
    "neg_1": [
        98.50296783447266,
        1.0075907707214355
    ],
    "abs_0": [
        1.1057648658752441,
        2.0290181636810303
    ],
    "abs_1": [
        0.7148850560188293,
        1.3456542491912842
    ],
    "tpr_0": [
        7.45041561126709,
        5.18776273727417
    ],
    "tpr_1": [
        5.559350490570068,
        4.336444854736328
    ],
    "fnr_0": [
        89.3646469116211,
        3.5937087535858154
    ],
    "fnr_1": [
        89.79959869384766,
        6.422234535217285
    ],
    "par_0": [
        3.1849443912506104,
        5.834613800048828
    ],
    "par_1": [
        4.641054630279541,
        8.71672248840332
    ],
    "fpr_0": [
        0.4079093337059021,
        0.3460627496242523
    ],
    "fpr_1": [
        0.16666759550571442,
        0.177000492811203
    ],
    "tnr_0": [
        99.43681335449219,
        0.28404751420021057
    ],
    "tnr_1": [
        99.62152862548828,
        0.3584862947463989
    ],
    "nar_0": [
        0.15528321266174316,
        0.29902052879333496
    ],
    "nar_1": [
        0.2118028998374939,
        0.4119717478752136
    ]
}