{
    "cov": [
        40.95610809326172,
        4.141016006469727
    ],
    "acc": [
        94.33243560791016,
        0.7018354535102844
    ],
    "pos_0": [
        0.8270631432533264,
        0.34563228487968445
    ],
    "pos_1": [
        0.2917730510234833,
        0.22041772305965424
    ],
    "neg_0": [
        40.612998962402344,
        3.2184298038482666
    ],
    "neg_1": [
        39.67458724975586,
        5.984982967376709
    ],
    "abs_0": [
        58.559940338134766,
        3.439596652984619
    ],
    "abs_1": [
        60.03364181518555,
        6.135161876678467
    ],
    "tpr_0": [
        2.6317784786224365,
        1.08318030834198
    ],
    "tpr_1": [
        2.493983030319214,
        1.781092643737793
    ],
    "fnr_0": [
        9.997076034545898,
        1.6012470722198486
    ],
    "fnr_1": [
        5.515418529510498,
        2.010216474533081
    ],
    "par_0": [
        87.37114715576172,
        2.1838877201080322
    ],
    "par_1": [
        91.99059295654297,
        3.4206619262695312
    ],
    "fpr_0": [
        0.005697319284081459,
        0.010348325595259666
    ],
    "fpr_1": [
        0.004699260927736759,
        0.01298924908041954
    ],
    "tnr_0": [
        54.528778076171875,
        4.186643600463867
    ],
    "tnr_1": [
        44.0848274230957,
        6.650041580200195
    ],
    "nar_0": [
        45.46551513671875,
        4.191499710083008
    ],
    "nar_1": [
        55.91047668457031,
        6.650477409362793
    ]
}