{
    "cov": [
        60.53377914428711,
        2.6659183502197266
    ],
    "acc": [
        88.67853546142578,
        0.8918882012367249
    ],
    "pos_0": [
        0.0,
        0.0
    ],
    "pos_1": [
        0.0,
        0.0
    ],
    "neg_0": [
        59.57624816894531,
        2.707139730453491
    ],
    "neg_1": [
        62.53817367553711,
        3.115532398223877
    ],
    "abs_0": [
        40.42374801635742,
        2.707139253616333
    ],
    "abs_1": [
        37.46182632446289,
        3.1155331134796143
    ],
    "tpr_0": [
        0.0,
        0.0
    ],
    "tpr_1": [
        0.0,
        0.0
    ],
    "fnr_0": [
        29.442787170410156,
        3.0261240005493164
    ],
    "fnr_1": [
        17.39874267578125,
        3.5831148624420166
    ],
    "par_0": [
        70.55721282958984,
        3.026122570037842
    ],
    "par_1": [
        82.60124969482422,
        3.5831151008605957
    ],
    "fpr_0": [
        0.0,
        0.0
    ],
    "fpr_1": [
        0.0,
        0.0
    ],
    "tnr_0": [
        73.26632690429688,
        2.7819154262542725
    ],
    "tnr_1": [
        68.3675308227539,
        3.3560245037078857
    ],
    "nar_0": [
        26.73367691040039,
        2.781914710998535
    ],
    "nar_1": [
        31.63246726989746,
        3.3560235500335693
    ]
}