{
    "cov": [
        34.16561508178711,
        5.918892860412598
    ],
    "acc": [
        97.23294830322266,
        1.1433672904968262
    ],
    "pos_0": [
        0.7719103693962097,
        0.23920193314552307
    ],
    "pos_1": [
        0.24029786884784698,
        0.09982966631650925
    ],
    "neg_0": [
        31.31856918334961,
        5.32911491394043
    ],
    "neg_1": [
        38.2524299621582,
        6.9465012550354
    ],
    "abs_0": [
        67.9095230102539,
        5.448192119598389
    ],
    "abs_1": [
        61.50726318359375,
        6.977362632751465
    ],
    "tpr_0": [
        2.447308301925659,
        0.7322291135787964
    ],
    "tpr_1": [
        2.1085596084594727,
        0.9001648426055908
    ],
    "fnr_0": [
        3.999568462371826,
        2.4621129035949707
    ],
    "fnr_1": [
        4.197444915771484,
        2.041078567504883
    ],
    "par_0": [
        93.5531234741211,
        2.983556032180786
    ],
    "par_1": [
        93.69400024414062,
        2.1702117919921875
    ],
    "fpr_0": [
        0.00864353310316801,
        0.018261495977640152
    ],
    "fpr_1": [
        0.0,
        0.0
    ],
    "tnr_0": [
        43.74872970581055,
        6.834640026092529
    ],
    "tnr_1": [
        42.63681411743164,
        7.562012672424316
    ],
    "nar_0": [
        56.24263000488281,
        6.840799808502197
    ],
    "nar_1": [
        57.363182067871094,
        7.562012672424316
    ]
}