{
    "cov": [
        68.06456756591797,
        3.490764617919922
    ],
    "acc": [
        87.59697723388672,
        1.5314208269119263
    ],
    "pos_0": [
        0.0,
        0.0
    ],
    "pos_1": [
        0.0,
        0.0
    ],
    "neg_0": [
        63.99690246582031,
        3.8659887313842773
    ],
    "neg_1": [
        76.56758880615234,
        3.391953945159912
    ],
    "abs_0": [
        36.00309371948242,
        3.865988254547119
    ],
    "abs_1": [
        23.43240737915039,
        3.3919546604156494
    ],
    "tpr_0": [
        0.0,
        0.0
    ],
    "tpr_1": [
        0.0,
        0.0
    ],
    "fnr_0": [
        34.484195709228516,
        5.683874607086182
    ],
    "fnr_1": [
        32.35519790649414,
        6.862174987792969
    ],
    "par_0": [
        65.51580047607422,
        5.683874130249023
    ],
    "par_1": [
        67.64480590820312,
        6.862174034118652
    ],
    "fpr_0": [
        0.0,
        0.0
    ],
    "fpr_1": [
        0.0,
        0.0
    ],
    "tnr_0": [
        77.40434265136719,
        3.2339842319488525
    ],
    "tnr_1": [
        82.2734146118164,
        3.3091182708740234
    ],
    "nar_0": [
        22.59564971923828,
        3.233983278274536
    ],
    "nar_1": [
        17.72658348083496,
        3.3091185092926025
    ]
}