{
    "cov": [
        9.774240493774414,
        6.110976696014404
    ],
    "acc": [
        75.12403869628906,
        43.08818817138672
    ],
    "pos_0": [
        0.0,
        0.0
    ],
    "pos_1": [
        0.0,
        0.0
    ],
    "neg_0": [
        10.355551719665527,
        6.330156326293945
    ],
    "neg_1": [
        8.559127807617188,
        6.077757835388184
    ],
    "abs_0": [
        89.64444732666016,
        6.330156326293945
    ],
    "abs_1": [
        91.44086456298828,
        6.077757358551025
    ],
    "tpr_0": [
        0.0,
        0.0
    ],
    "tpr_1": [
        0.0,
        0.0
    ],
    "fnr_0": [
        0.49803733825683594,
        0.34403303265571594
    ],
    "fnr_1": [
        0.3249046206474304,
        0.6128202080726624
    ],
    "par_0": [
        99.50196075439453,
        0.34403353929519653
    ],
    "par_1": [
        99.67509460449219,
        0.6128200888633728
    ],
    "fpr_0": [
        0.0,
        0.0
    ],
    "fpr_1": [
        0.0,
        0.0
    ],
    "tnr_0": [
        14.835122108459473,
        9.055656433105469
    ],
    "tnr_1": [
        9.625021934509277,
        6.817041873931885
    ],
    "nar_0": [
        85.16487884521484,
        9.055657386779785
    ],
    "nar_1": [
        90.3749771118164,
        6.817041873931885
    ]
}