{
    "cov": [
        0.04820342734456062,
        0.16721008718013763
    ],
    "acc": [
        8.0,
        27.68874740600586
    ],
    "pos_0": [
        0.060191430151462555,
        0.20875893533229828
    ],
    "pos_1": [
        0.02319965325295925,
        0.08048675209283829
    ],
    "neg_0": [
        0.0,
        0.0
    ],
    "neg_1": [
        0.0,
        0.0
    ],
    "abs_0": [
        99.93980407714844,
        0.2087595909833908
    ],
    "abs_1": [
        99.97679138183594,
        0.08048704266548157
    ],
    "tpr_0": [
        0.1936860978603363,
        0.6721053123474121
    ],
    "tpr_1": [
        0.1960810422897339,
        0.6788980960845947
    ],
    "fnr_0": [
        0.0,
        0.0
    ],
    "fnr_1": [
        0.0,
        0.0
    ],
    "par_0": [
        99.80630493164062,
        0.6721057891845703
    ],
    "par_1": [
        99.80391693115234,
        0.6788991093635559
    ],
    "fpr_0": [
        0.0,
        0.0
    ],
    "fpr_1": [
        0.0,
        0.0
    ],
    "tnr_0": [
        0.0,
        0.0
    ],
    "tnr_1": [
        0.0,
        0.0
    ],
    "nar_0": [
        100.0,
        0.0
    ],
    "nar_1": [
        100.0,
        0.0
    ]
}