{
    "cov": [
        74.92890930175781,
        4.827160358428955
    ],
    "acc": [
        86.08216857910156,
        0.9198839664459229
    ],
    "pos_0": [
        0.6265047788619995,
        0.23772794008255005
    ],
    "pos_1": [
        0.20638149976730347,
        0.1089334487915039
    ],
    "neg_0": [
        73.34144592285156,
        4.52714204788208
    ],
    "neg_1": [
        76.7372817993164,
        5.249292850494385
    ],
    "abs_0": [
        26.032047271728516,
        4.672499179840088
    ],
    "abs_1": [
        23.056331634521484,
        5.3006720542907715
    ],
    "tpr_0": [
        1.996924877166748,
        0.7489091753959656
    ],
    "tpr_1": [
        1.7980170249938965,
        0.9660813212394714
    ],
    "fnr_0": [
        44.749305725097656,
        4.834940433502197
    ],
    "fnr_1": [
        27.138324737548828,
        4.976977825164795
    ],
    "par_0": [
        53.25376510620117,
        5.259720325469971
    ],
    "par_1": [
        71.06365966796875,
        5.211910724639893
    ],
    "fpr_0": [
        0.0038082515820860863,
        0.008906494826078415
    ],
    "fpr_1": [
        0.0015420200070366263,
        0.007710099685937166
    ],
    "tnr_0": [
        86.33075714111328,
        4.445977210998535
    ],
    "tnr_1": [
        83.13916778564453,
        5.464323043823242
    ],
    "nar_0": [
        13.665427207946777,
        4.448765277862549
    ],
    "nar_1": [
        16.859289169311523,
        5.464876174926758
    ]
}