{
    "cov": [
        97.74505615234375,
        2.2845828533172607
    ],
    "acc": [
        77.66095733642578,
        0.8488104939460754
    ],
    "pos_0": [
        1.8509845733642578,
        2.0351617336273193
    ],
    "pos_1": [
        0.6334673166275024,
        0.8365553617477417
    ],
    "neg_0": [
        95.56645202636719,
        1.375269889831543
    ],
    "neg_1": [
        97.7963638305664,
        1.2380671501159668
    ],
    "abs_0": [
        2.5825610160827637,
        2.589905261993408
    ],
    "abs_1": [
        1.5701721906661987,
        1.6735745668411255
    ],
    "tpr_0": [
        5.27293062210083,
        5.716388702392578
    ],
    "tpr_1": [
        4.504209041595459,
        5.747883319854736
    ],
    "fnr_0": [
        87.44441223144531,
        3.5950427055358887
    ],
    "fnr_1": [
        86.07478332519531,
        6.443535327911377
    ],
    "par_0": [
        7.28265905380249,
        7.201093673706055
    ],
    "par_1": [
        9.421012878417969,
        9.598062515258789
    ],
    "fpr_0": [
        0.300565242767334,
        0.40685853362083435
    ],
    "fpr_1": [
        0.13827170431613922,
        0.2399958074092865
    ],
    "tnr_0": [
        99.25423431396484,
        0.4634913206100464
    ],
    "tnr_1": [
        99.30518341064453,
        0.6209810376167297
    ],
    "nar_0": [
        0.44519123435020447,
        0.558210551738739
    ],
    "nar_1": [
        0.5565467476844788,
        0.6956040263175964
    ]
}