{
    "cov": [
        69.81757354736328,
        3.3073959350585938
    ],
    "acc": [
        91.70339965820312,
        1.0733497142791748
    ],
    "pos_0": [
        4.6061787605285645,
        1.0189578533172607
    ],
    "pos_1": [
        1.1525169610977173,
        0.2813877463340759
    ],
    "neg_0": [
        56.002323150634766,
        4.276079177856445
    ],
    "neg_1": [
        87.88644409179688,
        1.511802315711975
    ],
    "abs_0": [
        39.3914909362793,
        4.390179634094238
    ],
    "abs_1": [
        10.961037635803223,
        1.5531879663467407
    ],
    "tpr_0": [
        14.325773239135742,
        2.9862849712371826
    ],
    "tpr_1": [
        9.720532417297363,
        2.356476306915283
    ],
    "fnr_0": [
        20.35334014892578,
        4.468039512634277
    ],
    "fnr_1": [
        38.49021530151367,
        4.805302619934082
    ],
    "par_0": [
        65.32088470458984,
        5.393768310546875
    ],
    "par_1": [
        51.78924560546875,
        5.41847562789917
    ],
    "fpr_0": [
        0.18895427882671356,
        0.15121546387672424
    ],
    "fpr_1": [
        0.046487849205732346,
        0.03888348862528801
    ],
    "tnr_0": [
        72.20220184326172,
        4.184704780578613
    ],
    "tnr_1": [
        94.2662124633789,
        1.154240369796753
    ],
    "nar_0": [
        27.60884666442871,
        4.1880879402160645
    ],
    "nar_1": [
        5.687297344207764,
        1.1467169523239136
    ]
}