{
    "cov": [
        68.27727508544922,
        2.395925521850586
    ],
    "acc": [
        87.78740692138672,
        0.64845871925354
    ],
    "pos_0": [
        0.5869723558425903,
        0.2613622844219208
    ],
    "pos_1": [
        0.16833147406578064,
        0.09360341727733612
    ],
    "neg_0": [
        66.9573974609375,
        2.4728846549987793
    ],
    "neg_1": [
        69.64340209960938,
        2.6662240028381348
    ],
    "abs_0": [
        32.45562744140625,
        2.4550719261169434
    ],
    "abs_1": [
        30.18826675415039,
        2.6724624633789062
    ],
    "tpr_0": [
        1.8766593933105469,
        0.8322320580482483
    ],
    "tpr_1": [
        1.4721593856811523,
        0.8244383931159973
    ],
    "fnr_0": [
        36.17020034790039,
        3.0312342643737793
    ],
    "fnr_1": [
        19.11276626586914,
        3.1200053691864014
    ],
    "par_0": [
        61.9531364440918,
        3.1018011569976807
    ],
    "par_1": [
        79.41507720947266,
        3.35825777053833
    ],
    "fpr_0": [
        0.0009562514605931938,
        0.00478125736117363
    ],
    "fpr_1": [
        0.0,
        0.0
    ],
    "tnr_0": [
        80.95330810546875,
        2.3587872982025146
    ],
    "tnr_1": [
        76.1585693359375,
        2.80086612701416
    ],
    "nar_0": [
        19.045732498168945,
        2.3574881553649902
    ],
    "nar_1": [
        23.8414249420166,
        2.8008649349212646
    ]
}