{
    "cov": [
        0.0309563297778368,
        0.14583644270896912
    ],
    "acc": [
        8.0,
        27.68874740600586
    ],
    "pos_0": [
        0.0,
        0.0
    ],
    "pos_1": [
        0.0,
        0.0
    ],
    "neg_0": [
        0.04368031397461891,
        0.20528188347816467
    ],
    "neg_1": [
        0.004122294485569,
        0.02061147429049015
    ],
    "abs_0": [
        99.95631408691406,
        0.20528270304203033
    ],
    "abs_1": [
        99.99588012695312,
        0.020611684769392014
    ],
    "tpr_0": [
        0.0,
        0.0
    ],
    "tpr_1": [
        0.0,
        0.0
    ],
    "fnr_0": [
        0.0,
        0.0
    ],
    "fnr_1": [
        0.0,
        0.0
    ],
    "par_0": [
        100.0,
        0.0
    ],
    "par_1": [
        100.0,
        0.0
    ],
    "fpr_0": [
        0.0,
        0.0
    ],
    "fpr_1": [
        0.0,
        0.0
    ],
    "tnr_0": [
        0.06318376213312149,
        0.2969115674495697
    ],
    "tnr_1": [
        0.0047003524377942085,
        0.023501763120293617
    ],
    "nar_0": [
        99.93681335449219,
        0.29691144824028015
    ],
    "nar_1": [
        99.99530029296875,
        0.023500805720686913
    ]
}