{
    "cov": [
        55.57987594604492,
        4.092007160186768
    ],
    "acc": [
        93.04387664794922,
        1.1493748426437378
    ],
    "pos_0": [
        1.4035985469818115,
        0.4759417474269867
    ],
    "pos_1": [
        0.45065122842788696,
        0.2220236212015152
    ],
    "neg_0": [
        50.42227554321289,
        3.749910593032837
    ],
    "neg_1": [
        62.957977294921875,
        4.732769012451172
    ],
    "abs_0": [
        48.17412567138672,
        3.9776644706726074
    ],
    "abs_1": [
        36.591365814208984,
        4.808307647705078
    ],
    "tpr_0": [
        4.47378396987915,
        1.5533188581466675
    ],
    "tpr_1": [
        3.8820457458496094,
        1.87480628490448
    ],
    "fnr_0": [
        15.880528450012207,
        3.8191471099853516
    ],
    "fnr_1": [
        14.407487869262695,
        3.8886866569519043
    ],
    "par_0": [
        79.64568328857422,
        4.534445285797119
    ],
    "par_1": [
        81.71046447753906,
        4.333093166351318
    ],
    "fpr_0": [
        0.015244335867464542,
        0.019438738003373146
    ],
    "fpr_1": [
        0.007746789138764143,
        0.015814151614904404
    ],
    "tnr_0": [
        66.11563110351562,
        3.8135576248168945
    ],
    "tnr_1": [
        69.22575378417969,
        5.127001762390137
    ],
    "nar_0": [
        33.86912155151367,
        3.8123388290405273
    ],
    "nar_1": [
        30.76649284362793,
        5.130864143371582
    ]
}