{
    "cov": [
        12.70270824432373,
        5.856881618499756
    ],
    "acc": [
        83.02281951904297,
        36.982234954833984
    ],
    "pos_0": [
        0.0,
        0.0
    ],
    "pos_1": [
        0.0,
        0.0
    ],
    "neg_0": [
        11.931097030639648,
        5.4546074867248535
    ],
    "neg_1": [
        14.314462661743164,
        6.777405738830566
    ],
    "abs_0": [
        88.06890106201172,
        5.454607963562012
    ],
    "abs_1": [
        85.68553161621094,
        6.777404308319092
    ],
    "tpr_0": [
        0.0,
        0.0
    ],
    "tpr_1": [
        0.0,
        0.0
    ],
    "fnr_0": [
        0.603856086730957,
        0.328717440366745
    ],
    "fnr_1": [
        0.6074637770652771,
        0.647215723991394
    ],
    "par_0": [
        99.3961410522461,
        0.32871708273887634
    ],
    "par_1": [
        99.39253997802734,
        0.6472148299217224
    ],
    "fpr_0": [
        0.0,
        0.0
    ],
    "fpr_1": [
        0.0,
        0.0
    ],
    "tnr_0": [
        17.08311653137207,
        7.798867225646973
    ],
    "tnr_1": [
        16.081512451171875,
        7.594438552856445
    ],
    "nar_0": [
        82.9168701171875,
        7.7988667488098145
    ],
    "nar_1": [
        83.91848754882812,
        7.5944390296936035
    ]
}