{
    "cov": [
        25.69773292541504,
        2.2722036838531494
    ],
    "acc": [
        98.94995880126953,
        0.2553505599498749
    ],
    "pos_0": [
        1.7561306953430176,
        0.45727384090423584
    ],
    "pos_1": [
        0.3842180669307709,
        0.14626871049404144
    ],
    "neg_0": [
        16.16851806640625,
        1.1867485046386719
    ],
    "neg_1": [
        41.538536071777344,
        5.379268646240234
    ],
    "abs_0": [
        82.0753402709961,
        1.3798617124557495
    ],
    "abs_1": [
        58.07724380493164,
        5.3834710121154785
    ],
    "tpr_0": [
        5.574735164642334,
        1.4964723587036133
    ],
    "tpr_1": [
        3.2512645721435547,
        1.2362608909606934
    ],
    "fnr_0": [
        0.4813322424888611,
        0.17017397284507751
    ],
    "fnr_1": [
        4.136396408081055,
        1.7157471179962158
    ],
    "par_0": [
        93.94392395019531,
        1.5043314695358276
    ],
    "par_1": [
        92.61233520507812,
        1.796737551689148
    ],
    "fpr_0": [
        0.023845847696065903,
        0.025032153353095055
    ],
    "fpr_1": [
        0.015515998005867004,
        0.02245156839489937
    ],
    "tnr_0": [
        23.296205520629883,
        1.6952829360961914
    ],
    "tnr_1": [
        46.36796188354492,
        5.969428062438965
    ],
    "nar_0": [
        76.67994689941406,
        1.692997932434082
    ],
    "nar_1": [
        53.61652374267578,
        5.965694427490234
    ]
}