{
    "cov": [
        97.6132583618164,
        1.4348480701446533
    ],
    "acc": [
        81.94828796386719,
        0.5915700793266296
    ],
    "pos_0": [
        12.522589683532715,
        1.2851159572601318
    ],
    "pos_1": [
        1.87103271484375,
        0.5207594037055969
    ],
    "neg_0": [
        84.24826049804688,
        1.6897084712982178
    ],
    "neg_1": [
        97.50055694580078,
        0.714357852935791
    ],
    "abs_0": [
        3.2291533946990967,
        1.8085813522338867
    ],
    "abs_1": [
        0.6284119486808777,
        0.8897647261619568
    ],
    "tpr_0": [
        32.36020278930664,
        2.800060272216797
    ],
    "tpr_1": [
        14.892444610595703,
        4.205786228179932
    ],
    "fnr_0": [
        61.25502395629883,
        3.0927233695983887
    ],
    "fnr_1": [
        81.00702667236328,
        4.731010437011719
    ],
    "par_0": [
        6.384775638580322,
        3.6355600357055664
    ],
    "par_1": [
        4.100531578063965,
        5.878252029418945
    ],
    "fpr_0": [
        3.50738263130188,
        0.6813943982124329
    ],
    "fpr_1": [
        0.19281639158725739,
        0.0944913774728775
    ],
    "tnr_0": [
        94.69657897949219,
        1.1052302122116089
    ],
    "tnr_1": [
        99.62676239013672,
        0.2680990695953369
    ],
    "nar_0": [
        1.7960283756256104,
        1.0260167121887207
    ],
    "nar_1": [
        0.18042059242725372,
        0.2773665487766266
    ]
}