{
    "cov": [
        1.8476507663726807,
        3.8299448490142822
    ],
    "acc": [
        31.866519927978516,
        47.4113883972168
    ],
    "pos_0": [
        0.0,
        0.0
    ],
    "pos_1": [
        0.0,
        0.0
    ],
    "neg_0": [
        2.1780285835266113,
        4.309564590454102
    ],
    "neg_1": [
        1.1657897233963013,
        2.9701762199401855
    ],
    "abs_0": [
        97.82196807861328,
        4.309563636779785
    ],
    "abs_1": [
        98.8342056274414,
        2.9701766967773438
    ],
    "tpr_0": [
        0.0,
        0.0
    ],
    "tpr_1": [
        0.0,
        0.0
    ],
    "fnr_0": [
        0.05003419145941734,
        0.1336459070444107
    ],
    "fnr_1": [
        0.047835443168878555,
        0.18724235892295837
    ],
    "par_0": [
        99.94995880126953,
        0.13364718854427338
    ],
    "par_1": [
        99.95216369628906,
        0.18724404275417328
    ],
    "fpr_0": [
        0.0,
        0.0
    ],
    "fpr_1": [
        0.0,
        0.0
    ],
    "tnr_0": [
        3.15175724029541,
        6.241868495941162
    ],
    "tnr_1": [
        1.3053040504455566,
        3.328242301940918
    ],
    "nar_0": [
        96.8482437133789,
        6.241869926452637
    ],
    "nar_1": [
        98.69469451904297,
        3.3282434940338135
    ]
}