{
    "cov": [
        94.12714385986328,
        5.417303085327148
    ],
    "acc": [
        80.65618133544922,
        0.9283422827720642
    ],
    "pos_0": [
        3.4704267978668213,
        3.339008331298828
    ],
    "pos_1": [
        2.2335684299468994,
        2.301976442337036
    ],
    "neg_0": [
        90.3568115234375,
        2.9636359214782715
    ],
    "neg_1": [
        92.51736450195312,
        2.3676681518554688
    ],
    "abs_0": [
        6.172749996185303,
        6.03704833984375
    ],
    "abs_1": [
        5.249075889587402,
        4.288486480712891
    ],
    "tpr_0": [
        10.22495174407959,
        9.83986759185791
    ],
    "tpr_1": [
        15.5282564163208,
        15.762153625488281
    ],
    "fnr_0": [
        74.47643280029297,
        5.774718761444092
    ],
    "fnr_1": [
        58.72520065307617,
        7.972006320953369
    ],
    "par_0": [
        15.298611640930176,
        14.924598693847656
    ],
    "par_1": [
        25.74654769897461,
        20.248525619506836
    ],
    "fpr_0": [
        0.3752380907535553,
        0.38827067613601685
    ],
    "fpr_1": [
        0.5515270233154297,
        0.631637454032898
    ],
    "tnr_0": [
        97.56575775146484,
        1.7850415706634521
    ],
    "tnr_1": [
        96.88851165771484,
        1.6897379159927368
    ],
    "nar_0": [
        2.059008836746216,
        2.0976040363311768
    ],
    "nar_1": [
        2.559952735900879,
        2.1835737228393555
    ]
}