{
    "cov": [
        74.11343383789062,
        2.5838632583618164
    ],
    "acc": [
        86.35517120361328,
        0.6323773860931396
    ],
    "pos_0": [
        0.6297034025192261,
        0.27178823947906494
    ],
    "pos_1": [
        0.19723555445671082,
        0.11045557260513306
    ],
    "neg_0": [
        72.4505844116211,
        2.658968687057495
    ],
    "neg_1": [
        76.07872772216797,
        2.6431803703308105
    ],
    "abs_0": [
        26.919706344604492,
        2.7088723182678223
    ],
    "abs_1": [
        23.72403335571289,
        2.6872568130493164
    ],
    "tpr_0": [
        2.0123157501220703,
        0.8612857460975647
    ],
    "tpr_1": [
        1.7319927215576172,
        0.973993182182312
    ],
    "fnr_0": [
        43.36738586425781,
        3.0207111835479736
    ],
    "fnr_1": [
        25.903644561767578,
        3.3272221088409424
    ],
    "par_0": [
        54.62029266357422,
        3.148979425430298
    ],
    "par_1": [
        72.36436462402344,
        3.6964378356933594
    ],
    "fpr_0": [
        0.0019165320554748178,
        0.00663441326469183
    ],
    "fpr_1": [
        0.0,
        0.0
    ],
    "tnr_0": [
        85.66856384277344,
        2.615945816040039
    ],
    "tnr_1": [
        82.55294036865234,
        2.7801637649536133
    ],
    "nar_0": [
        14.329521179199219,
        2.61708664894104
    ],
    "nar_1": [
        17.447059631347656,
        2.780162811279297
    ]
}