{
    "cov": [
        87.1686019897461,
        2.6790924072265625
    ],
    "acc": [
        82.07911682128906,
        1.148775339126587
    ],
    "pos_0": [
        0.5168944597244263,
        0.33540308475494385
    ],
    "pos_1": [
        0.17330604791641235,
        0.13344630599021912
    ],
    "neg_0": [
        86.49132537841797,
        2.7646803855895996
    ],
    "neg_1": [
        87.33165740966797,
        2.3953635692596436
    ],
    "abs_0": [
        12.991774559020996,
        2.85349178314209
    ],
    "abs_1": [
        12.495038986206055,
        2.451043128967285
    ],
    "tpr_0": [
        1.6358355283737183,
        1.0546293258666992
    ],
    "tpr_1": [
        1.5236278772354126,
        1.198403000831604
    ],
    "fnr_0": [
        66.59367370605469,
        5.5037970542907715
    ],
    "fnr_1": [
        42.488338470458984,
        6.21864652633667
    ],
    "par_0": [
        31.770498275756836,
        5.780435562133789
    ],
    "par_1": [
        55.9880256652832,
        6.435579776763916
    ],
    "fpr_0": [
        0.004798872396349907,
        0.015603766776621342
    ],
    "fpr_1": [
        0.0,
        0.0
    ],
    "tnr_0": [
        95.52220153808594,
        1.6646360158920288
    ],
    "tnr_1": [
        93.1246566772461,
        2.0141100883483887
    ],
    "nar_0": [
        4.4730024337768555,
        1.6656171083450317
    ],
    "nar_1": [
        6.875335693359375,
        2.014111042022705
    ]
}