{
    "cov": [
        93.93962860107422,
        0.3902134597301483
    ],
    "acc": [
        78.94131469726562,
        0.4369073510169983
    ],
    "pos_0": [
        4.395122051239014,
        0.37842756509780884
    ],
    "pos_1": [
        4.5572028160095215,
        0.6076223254203796
    ],
    "neg_0": [
        89.5595932006836,
        0.5319082736968994
    ],
    "neg_1": [
        89.34894561767578,
        0.9089509844779968
    ],
    "abs_0": [
        6.045295238494873,
        0.48698288202285767
    ],
    "abs_1": [
        6.093843460083008,
        0.5934624075889587
    ],
    "tpr_0": [
        12.575096130371094,
        1.0459617376327515
    ],
    "tpr_1": [
        21.831958770751953,
        2.741985559463501
    ],
    "fnr_0": [
        77.32234191894531,
        1.1918734312057495
    ],
    "fnr_1": [
        69.18339538574219,
        2.614919900894165
    ],
    "par_0": [
        10.102555274963379,
        1.014051914215088
    ],
    "par_1": [
        8.984646797180176,
        1.319291353225708
    ],
    "fpr_0": [
        0.7043636441230774,
        0.16405443847179413
    ],
    "fpr_1": [
        2.340989112854004,
        0.44271960854530334
    ],
    "tnr_0": [
        95.0826187133789,
        0.3668988049030304
    ],
    "tnr_1": [
        91.93522644042969,
        0.8390352129936218
    ],
    "nar_0": [
        4.213017463684082,
        0.37558233737945557
    ],
    "nar_1": [
        5.723780632019043,
        0.6207519173622131
    ]
}