{
    "cov": [
        79.922607421875,
        2.790210485458374
    ],
    "acc": [
        84.0105972290039,
        1.0241140127182007
    ],
    "pos_0": [
        0.0,
        0.0
    ],
    "pos_1": [
        0.0,
        0.0
    ],
    "neg_0": [
        78.94764709472656,
        2.862194299697876
    ],
    "neg_1": [
        81.95343780517578,
        3.017362356185913
    ],
    "abs_0": [
        21.052343368530273,
        2.8621926307678223
    ],
    "abs_1": [
        18.04655647277832,
        3.017364025115967
    ],
    "tpr_0": [
        0.0,
        0.0
    ],
    "tpr_1": [
        0.0,
        0.0
    ],
    "fnr_0": [
        54.205116271972656,
        4.5360426902771
    ],
    "fnr_1": [
        36.5461540222168,
        8.099753379821777
    ],
    "par_0": [
        45.79487991333008,
        4.5360426902771
    ],
    "par_1": [
        63.45384216308594,
        8.099752426147461
    ],
    "fpr_0": [
        0.0,
        0.0
    ],
    "fpr_1": [
        0.0,
        0.0
    ],
    "tnr_0": [
        90.19511413574219,
        2.2274749279022217
    ],
    "tnr_1": [
        87.82121276855469,
        2.534818172454834
    ],
    "nar_0": [
        9.804874420166016,
        2.2274746894836426
    ],
    "nar_1": [
        12.17878246307373,
        2.534818410873413
    ]
}