{
    "cov": [
        71.43924713134766,
        2.858635425567627
    ],
    "acc": [
        91.07906341552734,
        1.0893052816390991
    ],
    "pos_0": [
        4.690131187438965,
        0.8808547854423523
    ],
    "pos_1": [
        1.1371454000473022,
        0.3197072148323059
    ],
    "neg_0": [
        57.80656433105469,
        3.9491608142852783
    ],
    "neg_1": [
        88.94738006591797,
        1.9488857984542847
    ],
    "abs_0": [
        37.503299713134766,
        3.816962480545044
    ],
    "abs_1": [
        9.915474891662598,
        1.9374423027038574
    ],
    "tpr_0": [
        14.465486526489258,
        2.5063464641571045
    ],
    "tpr_1": [
        9.646915435791016,
        2.726872205734253
    ],
    "fnr_0": [
        22.32618522644043,
        4.0240325927734375
    ],
    "fnr_1": [
        41.90644454956055,
        7.1558990478515625
    ],
    "par_0": [
        63.20832443237305,
        4.101257801055908
    ],
    "par_1": [
        48.44663619995117,
        7.260633945465088
    ],
    "fpr_0": [
        0.25102874636650085,
        0.19391800463199615
    ],
    "fpr_1": [
        0.04167095571756363,
        0.034995343536138535
    ],
    "tnr_0": [
        73.9317855834961,
        4.000247001647949
    ],
    "tnr_1": [
        95.02204895019531,
        1.3434545993804932
    ],
    "nar_0": [
        25.817182540893555,
        3.9404823780059814
    ],
    "nar_1": [
        4.936282157897949,
        1.3412094116210938
    ]
}