{
    "cov": [
        50.824100494384766,
        1.7508066892623901
    ],
    "acc": [
        96.29544067382812,
        0.5085645914077759
    ],
    "pos_0": [
        2.5093092918395996,
        0.20803634822368622
    ],
    "pos_1": [
        0.796882688999176,
        0.22661855816841125
    ],
    "neg_0": [
        34.52216339111328,
        2.1567723751068115
    ],
    "neg_1": [
        78.80162811279297,
        2.051394462585449
    ],
    "abs_0": [
        62.96852493286133,
        2.098989486694336
    ],
    "abs_1": [
        20.4014835357666,
        2.005918264389038
    ],
    "tpr_0": [
        7.983017444610596,
        0.6895993947982788
    ],
    "tpr_1": [
        6.790444850921631,
        1.8854398727416992
    ],
    "fnr_0": [
        4.912315368652344,
        1.2091299295425415
    ],
    "fnr_1": [
        22.410751342773438,
        3.39461612701416
    ],
    "par_0": [
        87.10466766357422,
        1.1091383695602417
    ],
    "par_1": [
        70.79879760742188,
        3.3041210174560547
    ],
    "fpr_0": [
        0.02381388656795025,
        0.024968091398477554
    ],
    "fpr_1": [
        0.023286471143364906,
        0.025225812569260597
    ],
    "tnr_0": [
        47.97758865356445,
        2.66538667678833
    ],
    "tnr_1": [
        86.07998657226562,
        2.091089963912964
    ],
    "nar_0": [
        51.99860382080078,
        2.6624674797058105
    ],
    "nar_1": [
        13.896720886230469,
        2.0846452713012695
    ]
}