{
    "cov": [
        26.347373962402344,
        3.1543617248535156
    ],
    "acc": [
        98.54447174072266,
        0.20405158400535583
    ],
    "pos_0": [
        0.005218525417149067,
        0.02609262801706791
    ],
    "pos_1": [
        0.006865774281322956,
        0.034328870475292206
    ],
    "neg_0": [
        15.792323112487793,
        1.8274726867675781
    ],
    "neg_1": [
        48.35045623779297,
        6.345946788787842
    ],
    "abs_0": [
        84.20246124267578,
        1.8303066492080688
    ],
    "abs_1": [
        51.64267349243164,
        6.349078178405762
    ],
    "tpr_0": [
        0.016657989472150803,
        0.08328995108604431
    ],
    "tpr_1": [
        0.0602409653365612,
        0.3012048304080963
    ],
    "fnr_0": [
        0.5169063210487366,
        0.16094936430454254
    ],
    "fnr_1": [
        7.437869548797607,
        1.6086196899414062
    ],
    "par_0": [
        99.4664306640625,
        0.18157288432121277
    ],
    "par_1": [
        92.50189208984375,
        1.7298492193222046
    ],
    "fpr_0": [
        0.0,
        0.0
    ],
    "fpr_1": [
        0.0,
        0.0
    ],
    "tnr_0": [
        22.72777557373047,
        2.5476438999176025
    ],
    "tnr_1": [
        53.6188850402832,
        6.916864395141602
    ],
    "nar_0": [
        77.27222442626953,
        2.5476434230804443
    ],
    "nar_1": [
        46.38111114501953,
        6.916863918304443
    ]
}