{
    "cov": [
        80.4152603149414,
        3.52801251411438
    ],
    "acc": [
        87.21136474609375,
        1.095313310623169
    ],
    "pos_0": [
        5.395842552185059,
        2.5423974990844727
    ],
    "pos_1": [
        0.656044065952301,
        0.526709258556366
    ],
    "neg_0": [
        68.37418365478516,
        3.7102572917938232
    ],
    "neg_1": [
        93.62999725341797,
        1.9010456800460815
    ],
    "abs_0": [
        26.22997283935547,
        4.784675121307373
    ],
    "abs_1": [
        5.713954925537109,
        2.1458775997161865
    ],
    "tpr_0": [
        15.450060844421387,
        7.278817653656006
    ],
    "tpr_1": [
        5.270115852355957,
        4.381060600280762
    ],
    "fnr_0": [
        35.980445861816406,
        5.198757648468018
    ],
    "fnr_1": [
        62.063934326171875,
        9.106831550598145
    ],
    "par_0": [
        48.569496154785156,
        9.380472183227539
    ],
    "par_1": [
        32.66594696044922,
        11.150665283203125
    ],
    "fpr_0": [
        0.8415263891220093,
        0.49376797676086426
    ],
    "fpr_1": [
        0.06941898167133331,
        0.06957730650901794
    ],
    "tnr_0": [
        83.09685516357422,
        2.988879680633545
    ],
    "tnr_1": [
        97.70491790771484,
        0.9940590858459473
    ],
    "nar_0": [
        16.061614990234375,
        3.064164400100708
    ],
    "nar_1": [
        2.225654363632202,
        1.020806074142456
    ]
}