{
    "cov": [
        85.74327850341797,
        2.4892771244049072
    ],
    "acc": [
        86.5323257446289,
        0.7097194194793701
    ],
    "pos_0": [
        8.802605628967285,
        1.860421895980835
    ],
    "pos_1": [
        2.01534104347229,
        0.4016450047492981
    ],
    "neg_0": [
        72.37303924560547,
        3.2712175846099854
    ],
    "neg_1": [
        93.2706298828125,
        1.132415771484375
    ],
    "abs_0": [
        18.824359893798828,
        3.1600394248962402
    ],
    "abs_1": [
        4.71402645111084,
        1.2694494724273682
    ],
    "tpr_0": [
        24.657909393310547,
        4.41319465637207
    ],
    "tpr_1": [
        16.591903686523438,
        3.1090381145477295
    ],
    "fnr_0": [
        40.81867218017578,
        4.228116512298584
    ],
    "fnr_1": [
        58.48408126831055,
        5.283039569854736
    ],
    "par_0": [
        34.523414611816406,
        4.905911922454834
    ],
    "par_1": [
        24.924007415771484,
        6.159550666809082
    ],
    "fpr_0": [
        1.59168541431427,
        0.7036367058753967
    ],
    "fpr_1": [
        0.13695667684078217,
        0.09397997707128525
    ],
    "tnr_0": [
        86.71819305419922,
        2.76863169670105
    ],
    "tnr_1": [
        97.7618408203125,
        0.6469579935073853
    ],
    "nar_0": [
        11.690116882324219,
        2.6146140098571777
    ],
    "nar_1": [
        2.101198196411133,
        0.6595679521560669
    ]
}