{
    "cov": [
        67.5838623046875,
        2.352128505706787
    ],
    "acc": [
        92.37374114990234,
        0.7681105732917786
    ],
    "pos_0": [
        4.218183517456055,
        0.826511025428772
    ],
    "pos_1": [
        1.086485743522644,
        0.33079978823661804
    ],
    "neg_0": [
        53.34965515136719,
        3.160008192062378
    ],
    "neg_1": [
        87.42244720458984,
        1.6454466581344604
    ],
    "abs_0": [
        42.43215560913086,
        3.2351388931274414
    ],
    "abs_1": [
        11.491063117980957,
        1.6186798810958862
    ],
    "tpr_0": [
        13.168304443359375,
        2.4806087017059326
    ],
    "tpr_1": [
        9.22525405883789,
        2.7191665172576904
    ],
    "fnr_0": [
        17.61806297302246,
        2.931386947631836
    ],
    "fnr_1": [
        36.83916473388672,
        5.933117866516113
    ],
    "par_0": [
        69.21363830566406,
        3.669813394546509
    ],
    "par_1": [
        53.935585021972656,
        5.816583156585693
    ],
    "fpr_0": [
        0.15292248129844666,
        0.10179697722196579
    ],
    "fpr_1": [
        0.035658497363328934,
        0.031709231436252594
    ],
    "tnr_0": [
        69.58352661132812,
        3.324948310852051
    ],
    "tnr_1": [
        93.95308685302734,
        1.1775273084640503
    ],
    "nar_0": [
        30.263553619384766,
        3.3322713375091553
    ],
    "nar_1": [
        6.011255741119385,
        1.1775639057159424
    ]
}