{
    "cov": [
        75.57722473144531,
        2.555000066757202
    ],
    "acc": [
        87.97608947753906,
        0.8433873057365417
    ],
    "pos_0": [
        2.122861623764038,
        0.5582123398780823
    ],
    "pos_1": [
        0.6971268057823181,
        0.2831977307796478
    ],
    "neg_0": [
        68.7972412109375,
        3.2519145011901855
    ],
    "neg_1": [
        84.59919738769531,
        1.6243048906326294
    ],
    "abs_0": [
        29.079891204833984,
        3.269021987915039
    ],
    "abs_1": [
        14.7036714553833,
        1.5630165338516235
    ],
    "tpr_0": [
        6.689431190490723,
        1.6899577379226685
    ],
    "tpr_1": [
        5.78843879699707,
        2.2219951152801514
    ],
    "fnr_0": [
        36.94615936279297,
        4.297088623046875
    ],
    "fnr_1": [
        34.33435821533203,
        3.758350372314453
    ],
    "par_0": [
        56.36440658569336,
        4.587411880493164
    ],
    "par_1": [
        59.877201080322266,
        3.849693775177002
    ],
    "fpr_0": [
        0.04762329161167145,
        0.09031973779201508
    ],
    "fpr_1": [
        0.03874078020453453,
        0.044672973453998566
    ],
    "tnr_0": [
        83.27672576904297,
        2.737334966659546
    ],
    "tnr_1": [
        91.08686065673828,
        1.5723037719726562
    ],
    "nar_0": [
        16.67564582824707,
        2.7244136333465576
    ],
    "nar_1": [
        8.874395370483398,
        1.5626596212387085
    ]
}