{
    "cov": [
        12.172470092773438,
        5.406883716583252
    ],
    "acc": [
        86.95568084716797,
        32.774688720703125
    ],
    "pos_0": [
        0.0,
        0.0
    ],
    "pos_1": [
        0.0,
        0.0
    ],
    "neg_0": [
        12.5438232421875,
        5.339046478271484
    ],
    "neg_1": [
        11.399592399597168,
        5.951144218444824
    ],
    "abs_0": [
        87.45616912841797,
        5.339045524597168
    ],
    "abs_1": [
        88.60041046142578,
        5.951145172119141
    ],
    "tpr_0": [
        0.0,
        0.0
    ],
    "tpr_1": [
        0.0,
        0.0
    ],
    "fnr_0": [
        0.6460493803024292,
        0.34054034948349
    ],
    "fnr_1": [
        0.42209967970848083,
        0.5308841466903687
    ],
    "par_0": [
        99.35394287109375,
        0.34054210782051086
    ],
    "par_1": [
        99.57789611816406,
        0.5308828949928284
    ],
    "fpr_0": [
        0.0,
        0.0
    ],
    "fpr_1": [
        0.0,
        0.0
    ],
    "tnr_0": [
        17.98231315612793,
        7.6548285484313965
    ],
    "tnr_1": [
        12.804265022277832,
        6.662877082824707
    ],
    "nar_0": [
        82.01769256591797,
        7.654826641082764
    ],
    "nar_1": [
        87.19573974609375,
        6.662877082824707
    ]
}