{
    "cov": [
        18.52161407470703,
        2.7967710494995117
    ],
    "acc": [
        99.40023040771484,
        0.23601427674293518
    ],
    "pos_0": [
        1.0420856475830078,
        0.3652952313423157
    ],
    "pos_1": [
        0.283891886472702,
        0.09793248027563095
    ],
    "neg_0": [
        12.514223098754883,
        2.0036301612854004
    ],
    "neg_1": [
        28.5947265625,
        4.4617509841918945
    ],
    "abs_0": [
        86.44368743896484,
        2.189896821975708
    ],
    "abs_1": [
        71.12138366699219,
        4.5039801597595215
    ],
    "tpr_0": [
        3.2957029342651367,
        1.140405297279358
    ],
    "tpr_1": [
        2.4346892833709717,
        0.8819093108177185
    ],
    "fnr_0": [
        0.20506341755390167,
        0.08884111791849136
    ],
    "fnr_1": [
        1.6191173791885376,
        0.9096260666847229
    ],
    "par_0": [
        96.49923706054688,
        1.146862268447876
    ],
    "par_1": [
        95.9461898803711,
        1.2594102621078491
    ],
    "fpr_0": [
        0.016223059967160225,
        0.020370574668049812
    ],
    "fpr_1": [
        0.007740543223917484,
        0.015801094472408295
    ],
    "tnr_0": [
        18.1152286529541,
        2.9351806640625
    ],
    "tnr_1": [
        32.06995391845703,
        4.930787563323975
    ],
    "nar_0": [
        81.86854553222656,
        2.936070680618286
    ],
    "nar_1": [
        67.92230987548828,
        4.934119701385498
    ]
}