{
    "cov": [
        74.065673828125,
        2.233380079269409
    ],
    "acc": [
        86.06285858154297,
        1.0377988815307617
    ],
    "pos_0": [
        0.0,
        0.0
    ],
    "pos_1": [
        0.0,
        0.0
    ],
    "neg_0": [
        69.82130432128906,
        2.5915639400482178
    ],
    "neg_1": [
        82.91968536376953,
        2.3113832473754883
    ],
    "abs_0": [
        30.17869758605957,
        2.5915656089782715
    ],
    "abs_1": [
        17.080305099487305,
        2.3113832473754883
    ],
    "tpr_0": [
        0.0,
        0.0
    ],
    "tpr_1": [
        0.0,
        0.0
    ],
    "fnr_0": [
        41.71795654296875,
        3.895563840866089
    ],
    "fnr_1": [
        41.19198989868164,
        6.100074291229248
    ],
    "par_0": [
        58.282039642333984,
        3.895563840866089
    ],
    "par_1": [
        58.808006286621094,
        6.100074291229248
    ],
    "fpr_0": [
        0.0,
        0.0
    ],
    "fpr_1": [
        0.0,
        0.0
    ],
    "tnr_0": [
        82.59423828125,
        2.1388099193573
    ],
    "tnr_1": [
        88.30345153808594,
        2.1845579147338867
    ],
    "nar_0": [
        17.40576171875,
        2.1388115882873535
    ],
    "nar_1": [
        11.69654369354248,
        2.184556484222412
    ]
}