{
    "cov": [
        78.56407165527344,
        1.1405394077301025
    ],
    "acc": [
        84.53951263427734,
        0.697320282459259
    ],
    "pos_0": [
        0.03095669113099575,
        0.1547834724187851
    ],
    "pos_1": [
        0.017496634274721146,
        0.08748317509889603
    ],
    "neg_0": [
        77.17112731933594,
        1.3684885501861572
    ],
    "neg_1": [
        81.39259338378906,
        1.0033347606658936
    ],
    "abs_0": [
        22.797914505004883,
        1.3579541444778442
    ],
    "abs_1": [
        18.589908599853516,
        0.997358500957489
    ],
    "tpr_0": [
        0.09863588213920593,
        0.49317941069602966
    ],
    "tpr_1": [
        0.16403785347938538,
        0.8201892971992493
    ],
    "fnr_0": [
        51.26442337036133,
        2.523218870162964
    ],
    "fnr_1": [
        35.69356918334961,
        4.504526615142822
    ],
    "par_0": [
        48.63694381713867,
        2.4811229705810547
    ],
    "par_1": [
        64.14238739013672,
        4.421082973480225
    ],
    "fpr_0": [
        0.0,
        0.0
    ],
    "fpr_1": [
        0.0,
        0.0
    ],
    "tnr_0": [
        88.9443130493164,
        0.9738942384719849
    ],
    "tnr_1": [
        87.2900390625,
        1.0572705268859863
    ],
    "nar_0": [
        11.05568790435791,
        0.9738929271697998
    ],
    "nar_1": [
        12.70995807647705,
        1.0572707653045654
    ]
}