{
    "cov": [
        88.56429290771484,
        1.7248802185058594
    ],
    "acc": [
        85.6021499633789,
        0.6318352818489075
    ],
    "pos_0": [
        10.177044868469238,
        2.3591177463531494
    ],
    "pos_1": [
        2.1721911430358887,
        0.452144980430603
    ],
    "neg_0": [
        74.61959075927734,
        2.62935733795166
    ],
    "neg_1": [
        94.25948333740234,
        1.1575199365615845
    ],
    "abs_0": [
        15.203364372253418,
        2.3822741508483887
    ],
    "abs_1": [
        3.5683281421661377,
        0.8883834481239319
    ],
    "tpr_0": [
        27.729618072509766,
        5.033876419067383
    ],
    "tpr_1": [
        17.487220764160156,
        3.257120132446289
    ],
    "fnr_0": [
        44.13886642456055,
        3.868316411972046
    ],
    "fnr_1": [
        63.45696258544922,
        5.371783256530762
    ],
    "par_0": [
        28.131513595581055,
        4.2603535652160645
    ],
    "par_1": [
        19.055818557739258,
        3.6798229217529297
    ],
    "fpr_0": [
        2.204639434814453,
        1.2876309156417847
    ],
    "fpr_1": [
        0.19562819600105286,
        0.12269638478755951
    ],
    "tnr_0": [
        88.46969604492188,
        2.1779961585998535
    ],
    "tnr_1": [
        98.23491668701172,
        0.6572051644325256
    ],
    "nar_0": [
        9.325662612915039,
        1.8127778768539429
    ],
    "nar_1": [
        1.569447636604309,
        0.5863261222839355
    ]
}