{
    "cov": [
        68.45285034179688,
        3.8257458209991455
    ],
    "acc": [
        87.52759552001953,
        0.6651739478111267
    ],
    "pos_0": [
        0.6181522011756897,
        0.23241469264030457
    ],
    "pos_1": [
        0.19280162453651428,
        0.09169528633356094
    ],
    "neg_0": [
        67.24506378173828,
        3.8073089122772217
    ],
    "neg_1": [
        69.4933853149414,
        4.22748327255249
    ],
    "abs_0": [
        32.13677978515625,
        3.7729172706604004
    ],
    "abs_1": [
        30.313812255859375,
        4.219318866729736
    ],
    "tpr_0": [
        1.9681848287582397,
        0.7362548112869263
    ],
    "tpr_1": [
        1.6785671710968018,
        0.7916424870491028
    ],
    "fnr_0": [
        36.85970687866211,
        3.8602559566497803
    ],
    "fnr_1": [
        20.708805084228516,
        3.2500314712524414
    ],
    "par_0": [
        61.1721076965332,
        3.7751352787017822
    ],
    "par_1": [
        77.61262512207031,
        3.076786994934082
    ],
    "fpr_0": [
        0.004803525283932686,
        0.013889586552977562
    ],
    "fpr_1": [
        0.0,
        0.0
    ],
    "tnr_0": [
        81.05714416503906,
        3.807091474533081
    ],
    "tnr_1": [
        75.78654479980469,
        4.640658855438232
    ],
    "nar_0": [
        18.938053131103516,
        3.8082473278045654
    ],
    "nar_1": [
        24.213451385498047,
        4.640659809112549
    ]
}