{
    "cov": [
        84.69430541992188,
        4.430876731872559
    ],
    "acc": [
        84.59149169921875,
        1.376877784729004
    ],
    "pos_0": [
        2.9832983016967773,
        0.7905422449111938
    ],
    "pos_1": [
        2.073889970779419,
        0.747328519821167
    ],
    "neg_0": [
        81.44473266601562,
        4.526024341583252
    ],
    "neg_1": [
        83.17924499511719,
        3.220789670944214
    ],
    "abs_0": [
        15.571962356567383,
        4.9452691078186035
    ],
    "abs_1": [
        14.746862411499023,
        3.4879629611968994
    ],
    "tpr_0": [
        9.393314361572266,
        2.5086593627929688
    ],
    "tpr_1": [
        16.43276023864746,
        5.660144805908203
    ],
    "fnr_0": [
        56.18284606933594,
        7.572141170501709
    ],
    "fnr_1": [
        31.066852569580078,
        7.4454569816589355
    ],
    "par_0": [
        34.42383575439453,
        8.950013160705566
    ],
    "par_1": [
        52.50038528442383,
        9.03290843963623
    ],
    "fpr_0": [
        0.07518301159143448,
        0.0541461743414402
    ],
    "fpr_1": [
        0.21563345193862915,
        0.13606013357639313
    ],
    "tnr_0": [
        92.94441223144531,
        3.0241305828094482
    ],
    "tnr_1": [
        89.90424346923828,
        2.861016273498535
    ],
    "nar_0": [
        6.980399131774902,
        3.036137104034424
    ],
    "nar_1": [
        9.880123138427734,
        2.925419569015503
    ]
}