{
    "cov": [
        64.82476043701172,
        3.9853649139404297
    ],
    "acc": [
        88.40544891357422,
        0.5672752261161804
    ],
    "pos_0": [
        0.5847374200820923,
        0.27748027443885803
    ],
    "pos_1": [
        0.18858081102371216,
        0.10251475125551224
    ],
    "neg_0": [
        63.73466491699219,
        3.4342708587646484
    ],
    "neg_1": [
        65.69403076171875,
        5.304185390472412
    ],
    "abs_0": [
        35.68059539794922,
        3.500654458999634
    ],
    "abs_1": [
        34.11738204956055,
        5.327785015106201
    ],
    "tpr_0": [
        1.8667892217636108,
        0.8814873695373535
    ],
    "tpr_1": [
        1.6575514078140259,
        0.9096632599830627
    ],
    "fnr_0": [
        32.62972640991211,
        3.1119675636291504
    ],
    "fnr_1": [
        17.144699096679688,
        2.9149951934814453
    ],
    "par_0": [
        65.50347900390625,
        3.291961431503296
    ],
    "par_1": [
        81.19773864746094,
        3.1579883098602295
    ],
    "fpr_0": [
        0.0028446048963814974,
        0.00786223728209734
    ],
    "fpr_1": [
        0.0,
        0.0
    ],
    "tnr_0": [
        77.87016296386719,
        3.6422200202941895
    ],
    "tnr_1": [
        71.95381927490234,
        5.723838806152344
    ],
    "nar_0": [
        22.126996994018555,
        3.643961191177368
    ],
    "nar_1": [
        28.04617691040039,
        5.723840236663818
    ]
}