{
    "cov": [
        76.99324798583984,
        2.8194873332977295
    ],
    "acc": [
        87.55570220947266,
        0.8727347254753113
    ],
    "pos_0": [
        2.2160232067108154,
        0.6762816905975342
    ],
    "pos_1": [
        0.7529635429382324,
        0.30694469809532166
    ],
    "neg_0": [
        70.46939086914062,
        3.124145746231079
    ],
    "neg_1": [
        85.23651885986328,
        2.192235231399536
    ],
    "abs_0": [
        27.314584732055664,
        3.3845717906951904
    ],
    "abs_1": [
        14.010512351989746,
        2.177988290786743
    ],
    "tpr_0": [
        7.020138263702393,
        2.186426877975464
    ],
    "tpr_1": [
        6.308785915374756,
        2.6903533935546875
    ],
    "fnr_0": [
        39.07363510131836,
        3.8403830528259277
    ],
    "fnr_1": [
        35.4558219909668,
        4.986873626708984
    ],
    "par_0": [
        53.906219482421875,
        4.774818420410156
    ],
    "par_1": [
        58.235389709472656,
        4.521836280822754
    ],
    "fpr_0": [
        0.03906818479299545,
        0.029205258935689926
    ],
    "fpr_1": [
        0.04159942641854286,
        0.03659982234239578
    ],
    "tnr_0": [
        84.73776245117188,
        2.8297903537750244
    ],
    "tnr_1": [
        91.65726470947266,
        2.0722689628601074
    ],
    "nar_0": [
        15.223170280456543,
        2.8335843086242676
    ],
    "nar_1": [
        8.301142692565918,
        2.065579652786255
    ]
}