{
    "cov": [
        100.0,
        0.0
    ],
    "acc": [
        78.95854187011719,
        0.9135846495628357
    ],
    "pos_0": [
        7.075440406799316,
        2.628225564956665
    ],
    "pos_1": [
        2.406541585922241,
        1.2759186029434204
    ],
    "neg_0": [
        92.92454528808594,
        2.6282267570495605
    ],
    "neg_1": [
        97.59345245361328,
        1.2759193181991577
    ],
    "abs_0": [
        0.0,
        0.0
    ],
    "abs_1": [
        0.0,
        0.0
    ],
    "tpr_0": [
        19.287181854248047,
        5.976147174835205
    ],
    "tpr_1": [
        16.175668716430664,
        6.778995037078857
    ],
    "fnr_0": [
        80.71281433105469,
        5.976145267486572
    ],
    "fnr_1": [
        83.82433319091797,
        6.778995990753174
    ],
    "par_0": [
        0.0,
        0.0
    ],
    "par_1": [
        0.0,
        0.0
    ],
    "fpr_0": [
        1.5273445844650269,
        1.2143888473510742
    ],
    "fpr_1": [
        0.6209763884544373,
        0.5923089981079102
    ],
    "tnr_0": [
        98.47265625,
        1.2143888473510742
    ],
    "tnr_1": [
        99.37902069091797,
        0.592308759689331
    ],
    "nar_0": [
        0.0,
        0.0
    ],
    "nar_1": [
        0.0,
        0.0
    ]
}