{
    "cov": [
        55.73643112182617,
        1.5121852159500122
    ],
    "acc": [
        95.30974578857422,
        0.5157566666603088
    ],
    "pos_0": [
        2.6630566120147705,
        0.22299452126026154
    ],
    "pos_1": [
        0.8457220196723938,
        0.2086639553308487
    ],
    "neg_0": [
        39.9488525390625,
        1.919811487197876
    ],
    "neg_1": [
        82.27957916259766,
        1.7370426654815674
    ],
    "abs_0": [
        57.38808822631836,
        1.8670531511306763
    ],
    "abs_1": [
        16.874698638916016,
        1.6557140350341797
    ],
    "tpr_0": [
        8.463261604309082,
        0.6731582880020142
    ],
    "tpr_1": [
        7.183261394500732,
        1.6562196016311646
    ],
    "fnr_0": [
        7.551297664642334,
        1.2568336725234985
    ],
    "fnr_1": [
        27.0554141998291,
        3.0787899494171143
    ],
    "par_0": [
        83.98543548583984,
        1.3399863243103027
    ],
    "par_1": [
        65.7613296508789,
        2.9826250076293945
    ],
    "fpr_0": [
        0.026715854182839394,
        0.028048094362020493
    ],
    "fpr_1": [
        0.026421327143907547,
        0.029419464990496635
    ],
    "tnr_0": [
        54.667728424072266,
        2.2706475257873535
    ],
    "tnr_1": [
        89.40806579589844,
        1.6647433042526245
    ],
    "nar_0": [
        45.30555725097656,
        2.277859687805176
    ],
    "nar_1": [
        10.565503120422363,
        1.6640387773513794
    ]
}