{
    "cov": [
        20.73897361755371,
        5.559894561767578
    ],
    "acc": [
        93.56906127929688,
        19.5103702545166
    ],
    "pos_0": [
        0.0,
        0.0
    ],
    "pos_1": [
        0.0,
        0.0
    ],
    "neg_0": [
        20.682043075561523,
        5.626856327056885
    ],
    "neg_1": [
        20.854589462280273,
        5.693641185760498
    ],
    "abs_0": [
        79.31795501708984,
        5.626856803894043
    ],
    "abs_1": [
        79.14540100097656,
        5.693642616271973
    ],
    "tpr_0": [
        0.0,
        0.0
    ],
    "tpr_1": [
        0.0,
        0.0
    ],
    "fnr_0": [
        2.2697465419769287,
        1.1547662019729614
    ],
    "fnr_1": [
        1.6594696044921875,
        1.0675877332687378
    ],
    "par_0": [
        97.73025512695312,
        1.1547654867172241
    ],
    "par_1": [
        98.34052276611328,
        1.0675890445709229
    ],
    "fpr_0": [
        0.0,
        0.0
    ],
    "fpr_1": [
        0.0,
        0.0
    ],
    "tnr_0": [
        29.073863983154297,
        7.798126220703125
    ],
    "tnr_1": [
        23.342069625854492,
        6.355462074279785
    ],
    "nar_0": [
        70.92613220214844,
        7.798127174377441
    ],
    "nar_1": [
        76.6579360961914,
        6.355460166931152
    ]
}