{
    "cov": [
        50.50746154785156,
        1.7544413805007935
    ],
    "acc": [
        95.29755401611328,
        0.6007126569747925
    ],
    "pos_0": [
        0.030403172597289085,
        0.15201586484909058
    ],
    "pos_1": [
        0.006682258564978838,
        0.03341129422187805
    ],
    "neg_0": [
        34.9921875,
        2.057650089263916
    ],
    "neg_1": [
        82.82048034667969,
        1.7272753715515137
    ],
    "abs_0": [
        64.97740936279297,
        2.033951997756958
    ],
    "abs_1": [
        17.17283821105957,
        1.7191203832626343
    ],
    "tpr_0": [
        0.09892473369836807,
        0.49462366104125977
    ],
    "tpr_1": [
        0.05681817978620529,
        0.28409087657928467
    ],
    "fnr_0": [
        5.6746344566345215,
        1.104461431503296
    ],
    "fnr_1": [
        31.861791610717773,
        4.8755903244018555
    ],
    "par_0": [
        94.2264404296875,
        1.0766832828521729
    ],
    "par_1": [
        68.08139038085938,
        4.792974948883057
    ],
    "fpr_0": [
        0.0,
        0.0
    ],
    "fpr_1": [
        0.0,
        0.0
    ],
    "tnr_0": [
        48.31296157836914,
        2.599593162536621
    ],
    "tnr_1": [
        89.4022445678711,
        1.5138717889785767
    ],
    "nar_0": [
        51.687034606933594,
        2.599593162536621
    ],
    "nar_1": [
        10.597748756408691,
        1.5138717889785767
    ]
}