{
    "cov": [
        62.78032302856445,
        0.7002885341644287
    ],
    "acc": [
        84.87723541259766,
        0.5319150686264038
    ],
    "pos_0": [
        2.472191572189331,
        0.3915325999259949
    ],
    "pos_1": [
        2.4381935596466064,
        0.4220801889896393
    ],
    "neg_0": [
        60.42427062988281,
        1.012076497077942
    ],
    "neg_1": [
        60.10027313232422,
        0.989937424659729
    ],
    "abs_0": [
        37.103538513183594,
        0.8586044907569885
    ],
    "abs_1": [
        37.46153259277344,
        1.1957485675811768
    ],
    "tpr_0": [
        7.817617416381836,
        1.231921672821045
    ],
    "tpr_1": [
        15.67123031616211,
        2.431791305541992
    ],
    "fnr_0": [
        39.12766647338867,
        1.326458215713501
    ],
    "fnr_1": [
        28.20209312438965,
        3.203188419342041
    ],
    "par_0": [
        53.054718017578125,
        1.2885055541992188
    ],
    "par_1": [
        56.126670837402344,
        4.489562511444092
    ],
    "fpr_0": [
        0.05983847752213478,
        0.0348447747528553
    ],
    "fpr_1": [
        0.7387499213218689,
        0.2722579538822174
    ],
    "tnr_0": [
        70.03359985351562,
        1.1160932779312134
    ],
    "tnr_1": [
        64.1849594116211,
        0.9665858149528503
    ],
    "nar_0": [
        29.906557083129883,
        1.1122697591781616
    ],
    "nar_1": [
        35.0762939453125,
        1.0365227460861206
    ]
}