{
    "cov": [
        92.90259552001953,
        0.30684444308280945
    ],
    "acc": [
        79.15568542480469,
        0.4504416882991791
    ],
    "pos_0": [
        4.170434474945068,
        0.3773849606513977
    ],
    "pos_1": [
        4.322044849395752,
        0.5896276831626892
    ],
    "neg_0": [
        88.7329330444336,
        0.5476949214935303
    ],
    "neg_1": [
        88.57614135742188,
        0.8331556916236877
    ],
    "abs_0": [
        7.096638202667236,
        0.4011762738227844
    ],
    "abs_1": [
        7.101812839508057,
        0.6054144501686096
    ],
    "tpr_0": [
        12.120903015136719,
        1.0389587879180908
    ],
    "tpr_1": [
        21.317007064819336,
        2.9032976627349854
    ],
    "fnr_0": [
        76.06547546386719,
        1.262886643409729
    ],
    "fnr_1": [
        68.09857177734375,
        2.771326780319214
    ],
    "par_0": [
        11.813623428344727,
        0.8320580720901489
    ],
    "par_1": [
        10.584421157836914,
        1.5109783411026
    ],
    "fpr_0": [
        0.5825956463813782,
        0.1515035182237625
    ],
    "fpr_1": [
        2.141319990158081,
        0.40480077266693115
    ],
    "tnr_0": [
        94.44863891601562,
        0.3856000006198883
    ],
    "tnr_1": [
        91.20316314697266,
        0.7173775434494019
    ],
    "nar_0": [
        4.968759536743164,
        0.3698033094406128
    ],
    "nar_1": [
        6.655508518218994,
        0.6159499883651733
    ]
}