{
    "cov": [
        29.9776668548584,
        3.249293804168701
    ],
    "acc": [
        98.00806427001953,
        0.5232864022254944
    ],
    "pos_0": [
        0.6913592219352722,
        0.10289405286312103
    ],
    "pos_1": [
        0.21424667537212372,
        0.08128110319375992
    ],
    "neg_0": [
        27.350799560546875,
        3.0466341972351074
    ],
    "neg_1": [
        33.80030822753906,
        3.9881808757781982
    ],
    "abs_0": [
        71.95783233642578,
        3.041306495666504
    ],
    "abs_1": [
        65.98544311523438,
        3.9747302532196045
    ],
    "tpr_0": [
        2.2127718925476074,
        0.3268580734729767
    ],
    "tpr_1": [
        1.881472110748291,
        0.7438712120056152
    ],
    "fnr_0": [
        2.424705982208252,
        0.8043932914733887
    ],
    "fnr_1": [
        2.6548168659210205,
        1.7617790699005127
    ],
    "par_0": [
        95.36251831054688,
        0.8725231885910034
    ],
    "par_1": [
        95.46370697021484,
        1.8411808013916016
    ],
    "fpr_0": [
        0.0,
        0.0
    ],
    "fpr_1": [
        0.0,
        0.0
    ],
    "tnr_0": [
        38.66490936279297,
        3.939791679382324
    ],
    "tnr_1": [
        37.82291030883789,
        4.389926433563232
    ],
    "nar_0": [
        61.335086822509766,
        3.9397919178009033
    ],
    "nar_1": [
        62.17708969116211,
        4.389927864074707
    ]
}