{
    "cov": [
        20.96053123474121,
        2.347202777862549
    ],
    "acc": [
        99.07439422607422,
        0.3062686622142792
    ],
    "pos_0": [
        0.6965133547782898,
        0.10300110280513763
    ],
    "pos_1": [
        0.21987329423427582,
        0.07938870042562485
    ],
    "neg_0": [
        18.771183013916016,
        2.1537790298461914
    ],
    "neg_1": [
        23.85506248474121,
        3.009042739868164
    ],
    "abs_0": [
        80.53230285644531,
        2.132984161376953
    ],
    "abs_1": [
        75.92506408691406,
        3.0177724361419678
    ],
    "tpr_0": [
        2.228919267654419,
        0.32513079047203064
    ],
    "tpr_1": [
        1.9300227165222168,
        0.7258518934249878
    ],
    "fnr_0": [
        0.7589338421821594,
        0.33318498730659485
    ],
    "fnr_1": [
        0.9896970987319946,
        0.4898197054862976
    ],
    "par_0": [
        97.01214599609375,
        0.3993551433086395
    ],
    "par_1": [
        97.08028411865234,
        0.8008704781532288
    ],
    "fpr_0": [
        0.0,
        0.0
    ],
    "fpr_1": [
        0.0,
        0.0
    ],
    "tnr_0": [
        26.956274032592773,
        3.0024573802948
    ],
    "tnr_1": [
        26.80021858215332,
        3.3375489711761475
    ],
    "nar_0": [
        73.0437240600586,
        3.0024573802948
    ],
    "nar_1": [
        73.19977569580078,
        3.337547779083252
    ]
}