{
    "cov": [
        47.80409240722656,
        0.7682897448539734
    ],
    "acc": [
        88.1570816040039,
        0.5313618183135986
    ],
    "pos_0": [
        2.0569846630096436,
        0.3489154875278473
    ],
    "pos_1": [
        2.0620131492614746,
        0.3601059317588806
    ],
    "neg_0": [
        45.68336868286133,
        0.9323218464851379
    ],
    "neg_1": [
        45.87459945678711,
        1.2509053945541382
    ],
    "abs_0": [
        52.259647369384766,
        0.810117244720459
    ],
    "abs_1": [
        52.063392639160156,
        1.3366416692733765
    ],
    "tpr_0": [
        6.5049028396606445,
        1.1254388093948364
    ],
    "tpr_1": [
        14.531769752502441,
        2.455538034439087
    ],
    "fnr_0": [
        23.297382354736328,
        1.1708109378814697
    ],
    "fnr_1": [
        16.697795867919922,
        2.14947247505188
    ],
    "par_0": [
        70.19771575927734,
        1.2717816829681396
    ],
    "par_1": [
        68.77043151855469,
        3.4731128215789795
    ],
    "fpr_0": [
        0.051236897706985474,
        0.03317749872803688
    ],
    "fpr_1": [
        0.4613799750804901,
        0.1846790760755539
    ],
    "tnr_0": [
        55.783546447753906,
        0.9735700488090515
    ],
    "tnr_1": [
        49.615196228027344,
        1.3424278497695923
    ],
    "nar_0": [
        44.165218353271484,
        0.9634047746658325
    ],
    "nar_1": [
        49.923423767089844,
        1.3397879600524902
    ]
}