{
    "cov": [
        64.36174774169922,
        3.7140207290649414
    ],
    "acc": [
        91.15105438232422,
        0.919275164604187
    ],
    "pos_0": [
        2.0380194187164307,
        0.5035305619239807
    ],
    "pos_1": [
        0.6603356599807739,
        0.3004209101200104
    ],
    "neg_0": [
        58.00351333618164,
        3.7369272708892822
    ],
    "neg_1": [
        72.71515655517578,
        4.2083539962768555
    ],
    "abs_0": [
        39.958465576171875,
        3.7009429931640625
    ],
    "abs_1": [
        26.624502182006836,
        4.2219557762146
    ],
    "tpr_0": [
        6.4751763343811035,
        1.6108970642089844
    ],
    "tpr_1": [
        5.571513652801514,
        2.516237497329712
    ],
    "fnr_0": [
        23.431447982788086,
        3.691453456878662
    ],
    "fnr_1": [
        20.445556640625,
        4.315025806427002
    ],
    "par_0": [
        70.09337615966797,
        3.885904550552368
    ],
    "par_1": [
        73.98291778564453,
        4.749375343322754
    ],
    "fpr_0": [
        0.02284724824130535,
        0.024364372715353966
    ],
    "fpr_1": [
        0.0261672493070364,
        0.0378199964761734
    ],
    "tnr_0": [
        73.71461486816406,
        3.732693672180176
    ],
    "tnr_1": [
        79.46651458740234,
        4.4549970626831055
    ],
    "nar_0": [
        26.262531280517578,
        3.7302346229553223
    ],
    "nar_1": [
        20.5073184967041,
        4.455719947814941
    ]
}