{
    "cov": [
        4.1906023025512695,
        5.504984378814697
    ],
    "acc": [
        43.76593780517578,
        50.393585205078125
    ],
    "pos_0": [
        0.0,
        0.0
    ],
    "pos_1": [
        0.0,
        0.0
    ],
    "neg_0": [
        4.3929009437561035,
        5.581394195556641
    ],
    "neg_1": [
        3.7697136402130127,
        5.524775981903076
    ],
    "abs_0": [
        95.60709381103516,
        5.581395149230957
    ],
    "abs_1": [
        96.23027801513672,
        5.524775981903076
    ],
    "tpr_0": [
        0.0,
        0.0
    ],
    "tpr_1": [
        0.0,
        0.0
    ],
    "fnr_0": [
        0.1221679300069809,
        0.23171888291835785
    ],
    "fnr_1": [
        0.04873937368392944,
        0.11408030986785889
    ],
    "par_0": [
        99.8778305053711,
        0.2317187786102295
    ],
    "par_1": [
        99.95125579833984,
        0.11408180743455887
    ],
    "fpr_0": [
        0.0,
        0.0
    ],
    "fpr_1": [
        0.0,
        0.0
    ],
    "tnr_0": [
        6.350976943969727,
        8.05291748046875
    ],
    "tnr_1": [
        4.242695331573486,
        6.2158660888671875
    ],
    "nar_0": [
        93.6490249633789,
        8.05291748046875
    ],
    "nar_1": [
        95.7573013305664,
        6.215867519378662
    ]
}