{
    "cov": [
        28.349365234375,
        3.594609260559082
    ],
    "acc": [
        98.31574249267578,
        0.2953542172908783
    ],
    "pos_0": [
        0.0,
        0.0
    ],
    "pos_1": [
        0.0,
        0.0
    ],
    "neg_0": [
        16.937015533447266,
        2.289828062057495
    ],
    "neg_1": [
        52.17483139038086,
        6.7197489738464355
    ],
    "abs_0": [
        83.06298828125,
        2.2898266315460205
    ],
    "abs_1": [
        47.825164794921875,
        6.719749450683594
    ],
    "tpr_0": [
        0.0,
        0.0
    ],
    "tpr_1": [
        0.0,
        0.0
    ],
    "fnr_0": [
        0.6284658908843994,
        0.2803840935230255
    ],
    "fnr_1": [
        9.458144187927246,
        2.496241331100464
    ],
    "par_0": [
        99.37152862548828,
        0.2803826630115509
    ],
    "par_1": [
        90.54185485839844,
        2.4962403774261475
    ],
    "fpr_0": [
        0.0,
        0.0
    ],
    "fpr_1": [
        0.0,
        0.0
    ],
    "tnr_0": [
        24.345775604248047,
        3.2133095264434814
    ],
    "tnr_1": [
        57.68223190307617,
        7.287466049194336
    ],
    "nar_0": [
        75.65422821044922,
        3.213310480117798
    ],
    "nar_1": [
        42.31776809692383,
        7.287466049194336
    ]
}