{
    "cov": [
        70.46014404296875,
        6.190558910369873
    ],
    "acc": [
        88.09599304199219,
        0.8395411968231201
    ],
    "pos_0": [
        1.6895239353179932,
        0.7275605797767639
    ],
    "pos_1": [
        0.9645639061927795,
        0.6097854971885681
    ],
    "neg_0": [
        68.03898620605469,
        5.204040050506592
    ],
    "neg_1": [
        71.02361297607422,
        6.928502082824707
    ],
    "abs_0": [
        30.271488189697266,
        5.7589521408081055
    ],
    "abs_1": [
        28.011816024780273,
        7.317588806152344
    ],
    "tpr_0": [
        5.352419853210449,
        2.3071436882019043
    ],
    "tpr_1": [
        7.935150146484375,
        4.90257453918457
    ],
    "fnr_0": [
        36.51612091064453,
        5.03861665725708
    ],
    "fnr_1": [
        18.291616439819336,
        3.5066230297088623
    ],
    "par_0": [
        58.13145446777344,
        6.782625675201416
    ],
    "par_1": [
        73.77323150634766,
        7.221240997314453
    ],
    "fpr_0": [
        0.026650061830878258,
        0.026031149551272392
    ],
    "fpr_1": [
        0.06037290021777153,
        0.056060127913951874
    ],
    "tnr_0": [
        82.36573791503906,
        5.37286901473999
    ],
    "tnr_1": [
        77.83411407470703,
        7.545526504516602
    ],
    "nar_0": [
        17.607608795166016,
        5.388613700866699
    ],
    "nar_1": [
        22.105506896972656,
        7.567677974700928
    ]
}