{
    "cov": [
        94.9881591796875,
        4.861074924468994
    ],
    "acc": [
        80.18240356445312,
        0.9411075711250305
    ],
    "pos_0": [
        3.497833728790283,
        3.1710941791534424
    ],
    "pos_1": [
        2.529883623123169,
        2.5523383617401123
    ],
    "neg_0": [
        91.1620101928711,
        2.52842116355896
    ],
    "neg_1": [
        93.14572143554688,
        2.195812463760376
    ],
    "abs_0": [
        5.340147018432617,
        5.326989650726318
    ],
    "abs_1": [
        4.324399948120117,
        4.06635856628418
    ],
    "tpr_0": [
        10.224142074584961,
        9.2703857421875
    ],
    "tpr_1": [
        16.580835342407227,
        15.956361770629883
    ],
    "fnr_0": [
        76.44377899169922,
        5.250671863555908
    ],
    "fnr_1": [
        61.78348159790039,
        9.550434112548828
    ],
    "par_0": [
        13.332076072692871,
        13.33523178100586
    ],
    "par_1": [
        21.635683059692383,
        20.33245277404785
    ],
    "fpr_0": [
        0.44857290387153625,
        0.4691741168498993
    ],
    "fpr_1": [
        0.728400707244873,
        0.87740159034729
    ],
    "tnr_0": [
        97.85376739501953,
        1.334241271018982
    ],
    "tnr_1": [
        97.19944763183594,
        1.3509241342544556
    ],
    "nar_0": [
        1.6976560354232788,
        1.6940511465072632
    ],
    "nar_1": [
        2.072152614593506,
        1.9480104446411133
    ]
}