{
    "cov": [
        81.12017059326172,
        1.8397356271743774
    ],
    "acc": [
        83.77165985107422,
        0.8435153961181641
    ],
    "pos_0": [
        0.0,
        0.0
    ],
    "pos_1": [
        0.0,
        0.0
    ],
    "neg_0": [
        79.94012451171875,
        1.9409105777740479
    ],
    "neg_1": [
        83.58769226074219,
        2.093515634536743
    ],
    "abs_0": [
        20.059877395629883,
        1.9409104585647583
    ],
    "abs_1": [
        16.412303924560547,
        2.0935161113739014
    ],
    "tpr_0": [
        0.0,
        0.0
    ],
    "tpr_1": [
        0.0,
        0.0
    ],
    "fnr_0": [
        55.60499954223633,
        3.2630412578582764
    ],
    "fnr_1": [
        38.44141387939453,
        5.8192973136901855
    ],
    "par_0": [
        44.39500045776367,
        3.2630412578582764
    ],
    "par_1": [
        61.5585823059082,
        5.819297790527344
    ],
    "fpr_0": [
        0.0,
        0.0
    ],
    "fpr_1": [
        0.0,
        0.0
    ],
    "tnr_0": [
        90.9941177368164,
        1.4837510585784912
    ],
    "tnr_1": [
        89.40755462646484,
        1.9584366083145142
    ],
    "nar_0": [
        9.005885124206543,
        1.4837510585784912
    ],
    "nar_1": [
        10.592435836791992,
        1.958437204360962
    ]
}