{
    "cov": [
        75.19159698486328,
        2.3280086517333984
    ],
    "acc": [
        85.60161590576172,
        0.9681331515312195
    ],
    "pos_0": [
        0.026346122846007347,
        0.13173061609268188
    ],
    "pos_1": [
        0.017496634274721146,
        0.08748317509889603
    ],
    "neg_0": [
        73.94636535644531,
        2.3555197715759277
    ],
    "neg_1": [
        77.72240447998047,
        2.581368923187256
    ],
    "abs_0": [
        26.027284622192383,
        2.4006383419036865
    ],
    "abs_1": [
        22.260095596313477,
        2.602741241455078
    ],
    "tpr_0": [
        0.08394543826580048,
        0.4197271764278412
    ],
    "tpr_1": [
        0.16403785347938538,
        0.8201892971992493
    ],
    "fnr_0": [
        46.224891662597656,
        3.879577159881592
    ],
    "fnr_1": [
        29.1986083984375,
        6.169766426086426
    ],
    "par_0": [
        53.691162109375,
        4.012299060821533
    ],
    "par_1": [
        70.6373519897461,
        6.381750583648682
    ],
    "fpr_0": [
        0.0,
        0.0
    ],
    "fpr_1": [
        0.0,
        0.0
    ],
    "tnr_0": [
        86.5452880859375,
        1.8053888082504272
    ],
    "tnr_1": [
        83.99351501464844,
        2.242189407348633
    ],
    "nar_0": [
        13.45470142364502,
        1.8053878545761108
    ],
    "nar_1": [
        16.006479263305664,
        2.2421891689300537
    ]
}