{
    "cov": [
        52.953895568847656,
        3.1590042114257812
    ],
    "acc": [
        90.05665588378906,
        0.728083074092865
    ],
    "pos_0": [
        0.0,
        0.0
    ],
    "pos_1": [
        0.0,
        0.0
    ],
    "neg_0": [
        52.27621841430664,
        3.019317865371704
    ],
    "neg_1": [
        54.37234878540039,
        3.972036838531494
    ],
    "abs_0": [
        47.723777770996094,
        3.019317865371704
    ],
    "abs_1": [
        45.62765121459961,
        3.972036838531494
    ],
    "tpr_0": [
        0.0,
        0.0
    ],
    "tpr_1": [
        0.0,
        0.0
    ],
    "fnr_0": [
        22.685150146484375,
        2.6728901863098145
    ],
    "fnr_1": [
        13.111201286315918,
        2.546292304992676
    ],
    "par_0": [
        77.31484985351562,
        2.6728904247283936
    ],
    "par_1": [
        86.8887939453125,
        2.546290874481201
    ],
    "fpr_0": [
        0.0,
        0.0
    ],
    "fpr_1": [
        0.0,
        0.0
    ],
    "tnr_0": [
        65.72376251220703,
        3.2199108600616455
    ],
    "tnr_1": [
        59.70392608642578,
        4.503367900848389
    ],
    "nar_0": [
        34.2762336730957,
        3.219911575317383
    ],
    "nar_1": [
        40.29607391357422,
        4.503367900848389
    ]
}