{
    "cov": [
        87.52104949951172,
        1.3322484493255615
    ],
    "acc": [
        85.90402221679688,
        0.5339961647987366
    ],
    "pos_0": [
        9.274450302124023,
        1.9567787647247314
    ],
    "pos_1": [
        1.9956170320510864,
        0.3728571832180023
    ],
    "neg_0": [
        74.13311004638672,
        1.815930962562561
    ],
    "neg_1": [
        94.10345458984375,
        1.2306214570999146
    ],
    "abs_0": [
        16.592439651489258,
        1.7043603658676147
    ],
    "abs_1": [
        3.900926351547241,
        1.1535563468933105
    ],
    "tpr_0": [
        25.67495346069336,
        4.387386322021484
    ],
    "tpr_1": [
        16.311349868774414,
        2.5674376487731934
    ],
    "fnr_0": [
        43.28742218017578,
        2.7044506072998047
    ],
    "fnr_1": [
        62.46316146850586,
        5.6551079750061035
    ],
    "par_0": [
        31.037626266479492,
        3.601600170135498
    ],
    "par_1": [
        21.225488662719727,
        5.63815450668335
    ],
    "fpr_0": [
        1.8161039352416992,
        0.8627992272377014
    ],
    "fpr_1": [
        0.14372660219669342,
        0.08322566002607346
    ],
    "tnr_0": [
        88.15288543701172,
        1.434336543083191
    ],
    "tnr_1": [
        98.18890380859375,
        0.684935986995697
    ],
    "nar_0": [
        10.030998229980469,
        1.203933835029602
    ],
    "nar_1": [
        1.6673672199249268,
        0.6486279368400574
    ]
}