{
    "cov": [
        17.386842727661133,
        4.4291558265686035
    ],
    "acc": [
        94.29534912109375,
        19.649314880371094
    ],
    "pos_0": [
        0.0,
        0.0
    ],
    "pos_1": [
        0.0,
        0.0
    ],
    "neg_0": [
        17.515790939331055,
        4.330043315887451
    ],
    "neg_1": [
        17.12051010131836,
        4.893832206726074
    ],
    "abs_0": [
        82.48420715332031,
        4.330042362213135
    ],
    "abs_1": [
        82.8794937133789,
        4.893832206726074
    ],
    "tpr_0": [
        0.0,
        0.0
    ],
    "tpr_1": [
        0.0,
        0.0
    ],
    "fnr_0": [
        1.28439462184906,
        0.48154416680336
    ],
    "fnr_1": [
        1.1152335405349731,
        0.8961042761802673
    ],
    "par_0": [
        98.71560668945312,
        0.4815438985824585
    ],
    "par_1": [
        98.884765625,
        0.8961043357849121
    ],
    "fpr_0": [
        0.0,
        0.0
    ],
    "fpr_1": [
        0.0,
        0.0
    ],
    "tnr_0": [
        24.89533233642578,
        6.116382122039795
    ],
    "tnr_1": [
        19.197383880615234,
        5.4864702224731445
    ],
    "nar_0": [
        75.10466766357422,
        6.116382598876953
    ],
    "nar_1": [
        80.8026123046875,
        5.486471176147461
    ]
}