{
    "cov": [
        77.82111358642578,
        2.294556140899658
    ],
    "acc": [
        87.34222412109375,
        0.9167159795761108
    ],
    "pos_0": [
        2.390800952911377,
        0.5717540979385376
    ],
    "pos_1": [
        0.7389481663703918,
        0.32157838344573975
    ],
    "neg_0": [
        71.07469940185547,
        2.78220272064209
    ],
    "neg_1": [
        86.18425750732422,
        1.625661015510559
    ],
    "abs_0": [
        26.534502029418945,
        2.9225521087646484
    ],
    "abs_1": [
        13.07679271697998,
        1.660009741783142
    ],
    "tpr_0": [
        7.519495487213135,
        1.837943434715271
    ],
    "tpr_1": [
        6.163986682891846,
        2.6486947536468506
    ],
    "fnr_0": [
        39.883541107177734,
        3.7525198459625244
    ],
    "fnr_1": [
        37.60161209106445,
        5.242359638214111
    ],
    "par_0": [
        52.59695816040039,
        4.189138412475586
    ],
    "par_1": [
        56.234397888183594,
        5.171087265014648
    ],
    "fpr_0": [
        0.06460519880056381,
        0.056087031960487366
    ],
    "fpr_1": [
        0.03999248892068863,
        0.04606451094150543
    ],
    "tnr_0": [
        85.24610900878906,
        2.5269360542297363
    ],
    "tnr_1": [
        92.45003509521484,
        1.519697666168213
    ],
    "nar_0": [
        14.689284324645996,
        2.5211055278778076
    ],
    "nar_1": [
        7.5099616050720215,
        1.5263409614562988
    ]
}