{
    "cov": [
        24.65892791748047,
        3.455980062484741
    ],
    "acc": [
        97.05438995361328,
        0.9343880414962769
    ],
    "pos_0": [
        0.0,
        0.0
    ],
    "pos_1": [
        0.0,
        0.0
    ],
    "neg_0": [
        24.578203201293945,
        3.590005874633789
    ],
    "neg_1": [
        24.828388214111328,
        3.585157632827759
    ],
    "abs_0": [
        75.42179870605469,
        3.5900042057037354
    ],
    "abs_1": [
        75.1716079711914,
        3.5851571559906006
    ],
    "tpr_0": [
        0.0,
        0.0
    ],
    "tpr_1": [
        0.0,
        0.0
    ],
    "fnr_0": [
        3.167255401611328,
        1.3497395515441895
    ],
    "fnr_1": [
        2.0580224990844727,
        1.0442270040512085
    ],
    "par_0": [
        96.8327407836914,
        1.3497413396835327
    ],
    "par_1": [
        97.94197082519531,
        1.0442265272140503
    ],
    "fpr_0": [
        0.0,
        0.0
    ],
    "fpr_1": [
        0.0,
        0.0
    ],
    "tnr_0": [
        34.31101989746094,
        4.76286506652832
    ],
    "tnr_1": [
        27.769672393798828,
        3.996643543243408
    ],
    "nar_0": [
        65.68898010253906,
        4.7628655433654785
    ],
    "nar_1": [
        72.2303237915039,
        3.9966440200805664
    ]
}