{
    "cov": [
        65.30901336669922,
        2.675076961517334
    ],
    "acc": [
        91.4124984741211,
        1.0178399085998535
    ],
    "pos_0": [
        0.9011104106903076,
        1.5011979341506958
    ],
    "pos_1": [
        0.07923948764801025,
        0.12788327038288116
    ],
    "neg_0": [
        52.79658126831055,
        2.921591281890869
    ],
    "neg_1": [
        89.46438598632812,
        1.7198461294174194
    ],
    "abs_0": [
        46.302303314208984,
        3.53515887260437
    ],
    "abs_1": [
        10.456378936767578,
        1.7009412050247192
    ],
    "tpr_0": [
        2.7053239345550537,
        4.5379838943481445
    ],
    "tpr_1": [
        0.6470058560371399,
        1.1299885511398315
    ],
    "fnr_0": [
        18.290267944335938,
        3.087942600250244
    ],
    "fnr_1": [
        46.6214485168457,
        7.0897908210754395
    ],
    "par_0": [
        79.00440979003906,
        5.564902305603027
    ],
    "par_1": [
        52.73154830932617,
        7.058610439300537
    ],
    "fpr_0": [
        0.07966986298561096,
        0.1424289345741272
    ],
    "fpr_1": [
        0.006196535192430019,
        0.02411503531038761
    ],
    "tnr_0": [
        68.48062896728516,
        2.9020273685455322
    ],
    "tnr_1": [
        94.99758911132812,
        1.0993434190750122
    ],
    "nar_0": [
        31.439697265625,
        2.9413235187530518
    ],
    "nar_1": [
        4.996220111846924,
        1.0946143865585327
    ]
}