{
    "cov": [
        92.50016021728516,
        1.3031930923461914
    ],
    "acc": [
        82.14968872070312,
        0.6859999299049377
    ],
    "pos_0": [
        4.305171012878418,
        0.4528648555278778
    ],
    "pos_1": [
        3.1182820796966553,
        0.5144226551055908
    ],
    "neg_0": [
        88.65660095214844,
        1.6797268390655518
    ],
    "neg_1": [
        88.42101287841797,
        1.3323752880096436
    ],
    "abs_0": [
        7.038229942321777,
        1.4452064037322998
    ],
    "abs_1": [
        8.460707664489746,
        1.2260609865188599
    ],
    "tpr_0": [
        13.378693580627441,
        1.3331927061080933
    ],
    "tpr_1": [
        23.209943771362305,
        3.157518148422241
    ],
    "fnr_0": [
        69.77052307128906,
        3.296288251876831
    ],
    "fnr_1": [
        41.693817138671875,
        5.013826370239258
    ],
    "par_0": [
        16.850770950317383,
        2.661634683609009
    ],
    "par_1": [
        35.09623718261719,
        4.249764442443848
    ],
    "fpr_0": [
        0.18247339129447937,
        0.09302768856287003
    ],
    "fpr_1": [
        0.5233115553855896,
        0.19857458770275116
    ],
    "tnr_0": [
        97.2352294921875,
        1.060188889503479
    ],
    "tnr_1": [
        94.45560455322266,
        0.96274334192276
    ],
    "nar_0": [
        2.5822954177856445,
        0.9978442192077637
    ],
    "nar_1": [
        5.021084308624268,
        0.9384574294090271
    ]
}