{
    "cov": [
        85.52569580078125,
        0.5282468199729919
    ],
    "acc": [
        80.51296997070312,
        0.4587075710296631
    ],
    "pos_0": [
        3.430610418319702,
        0.30349549651145935
    ],
    "pos_1": [
        3.5035760402679443,
        0.5964682102203369
    ],
    "neg_0": [
        82.33110046386719,
        0.7820665240287781
    ],
    "neg_1": [
        81.53126525878906,
        0.7273132801055908
    ],
    "abs_0": [
        14.238293647766113,
        0.7139909863471985
    ],
    "abs_1": [
        14.965158462524414,
        0.7073107957839966
    ],
    "tpr_0": [
        10.460127830505371,
        0.9144909977912903
    ],
    "tpr_1": [
        19.124282836914062,
        2.935878276824951
    ],
    "fnr_0": [
        65.93689727783203,
        1.4825862646102905
    ],
    "fnr_1": [
        61.67626953125,
        2.7398810386657715
    ],
    "par_0": [
        23.60297393798828,
        1.2201533317565918
    ],
    "par_1": [
        19.19945526123047,
        2.0517568588256836
    ],
    "fpr_0": [
        0.2586573660373688,
        0.07383561879396439
    ],
    "fpr_1": [
        1.4983793497085571,
        0.3930181562900543
    ],
    "tnr_0": [
        89.72645568847656,
        0.6626394391059875
    ],
    "tnr_1": [
        84.07797241210938,
        0.7618445754051208
    ],
    "nar_0": [
        10.014888763427734,
        0.6608496904373169
    ],
    "nar_1": [
        14.4236478805542,
        0.780989408493042
    ]
}