{
    "cov": [
        83.93189239501953,
        2.4842019081115723
    ],
    "acc": [
        83.26544952392578,
        1.1240475177764893
    ],
    "pos_0": [
        0.5788136720657349,
        0.2854089140892029
    ],
    "pos_1": [
        0.18799659609794617,
        0.12511250376701355
    ],
    "neg_0": [
        82.79627990722656,
        2.6486315727233887
    ],
    "neg_1": [
        84.907470703125,
        2.335397720336914
    ],
    "abs_0": [
        16.624902725219727,
        2.6426002979278564
    ],
    "abs_1": [
        14.90453052520752,
        2.3480305671691895
    ],
    "tpr_0": [
        1.846914291381836,
        0.9099590182304382
    ],
    "tpr_1": [
        1.6474653482437134,
        1.1233038902282715
    ],
    "fnr_0": [
        59.782142639160156,
        4.96603536605835
    ],
    "fnr_1": [
        38.676761627197266,
        5.213866233825684
    ],
    "par_0": [
        38.37093734741211,
        5.039334774017334
    ],
    "par_1": [
        59.6757698059082,
        5.337206840515137
    ],
    "fpr_0": [
        0.002872340613976121,
        0.00793969165533781
    ],
    "fpr_1": [
        0.0,
        0.0
    ],
    "tnr_0": [
        93.24858093261719,
        1.756630301475525
    ],
    "tnr_1": [
        90.8731689453125,
        2.1248040199279785
    ],
    "nar_0": [
        6.748544216156006,
        1.7567362785339355
    ],
    "nar_1": [
        9.1268310546875,
        2.1248040199279785
    ]
}