{
    "cov": [
        95.80718231201172,
        2.854257583618164
    ],
    "acc": [
        78.58960723876953,
        0.9300710558891296
    ],
    "pos_0": [
        1.6548513174057007,
        2.0589439868927
    ],
    "pos_1": [
        0.44561243057250977,
        0.6056892275810242
    ],
    "neg_0": [
        93.8607406616211,
        1.6035555601119995
    ],
    "neg_1": [
        95.971435546875,
        2.059136390686035
    ],
    "abs_0": [
        4.484410762786865,
        3.137643337249756
    ],
    "abs_1": [
        3.582949638366699,
        2.4411890506744385
    ],
    "tpr_0": [
        4.950493335723877,
        6.211068630218506
    ],
    "tpr_1": [
        3.2013955116271973,
        4.264444351196289
    ],
    "fnr_0": [
        83.14137268066406,
        3.7240636348724365
    ],
    "fnr_1": [
        76.99994659423828,
        9.09287166595459
    ],
    "par_0": [
        11.908124923706055,
        8.280204772949219
    ],
    "par_1": [
        19.798654556274414,
        11.80783748626709
    ],
    "fpr_0": [
        0.16525590419769287,
        0.21552543342113495
    ],
    "fpr_1": [
        0.09395816922187805,
        0.15484096109867096
    ],
    "tnr_0": [
        98.72378540039062,
        0.747560441493988
    ],
    "tnr_1": [
        98.4220199584961,
        1.212897777557373
    ],
    "nar_0": [
        1.110957145690918,
        0.8808881640434265
    ],
    "nar_1": [
        1.4840208292007446,
        1.2851431369781494
    ]
}