{
    "cov": [
        96.90214538574219,
        1.272810935974121
    ],
    "acc": [
        80.96669006347656,
        0.6853523850440979
    ],
    "pos_0": [
        6.329783916473389,
        1.0537937879562378
    ],
    "pos_1": [
        2.2358572483062744,
        0.4872572124004364
    ],
    "neg_0": [
        89.89443969726562,
        1.9412941932678223
    ],
    "neg_1": [
        96.08052825927734,
        0.8758015036582947
    ],
    "abs_0": [
        3.775768995285034,
        1.564792275428772
    ],
    "abs_1": [
        1.6836193799972534,
        0.7377238273620605
    ],
    "tpr_0": [
        18.645448684692383,
        2.7877349853515625
    ],
    "tpr_1": [
        17.612621307373047,
        3.5551772117614746
    ],
    "fnr_0": [
        72.60478210449219,
        3.9157121181488037
    ],
    "fnr_1": [
        72.84864807128906,
        4.392884254455566
    ],
    "par_0": [
        8.74976921081543,
        3.2897815704345703
    ],
    "par_1": [
        9.538726806640625,
        3.777231216430664
    ],
    "fpr_0": [
        0.7360073924064636,
        0.3324528634548187
    ],
    "fpr_1": [
        0.25208842754364014,
        0.15488924086093903
    ],
    "tnr_0": [
        97.75328063964844,
        1.0670965909957886
    ],
    "tnr_1": [
        99.08019256591797,
        0.46217992901802063
    ],
    "nar_0": [
        1.5107038021087646,
        0.8422420024871826
    ],
    "nar_1": [
        0.6677224040031433,
        0.3851605951786041
    ]
}