{
    "cov": [
        3.931011915206909,
        2.11244797706604
    ],
    "acc": [
        99.92314147949219,
        0.13314546644687653
    ],
    "pos_0": [
        0.15757717192173004,
        0.22243522107601166
    ],
    "pos_1": [
        0.061580512672662735,
        0.08702709525823593
    ],
    "neg_0": [
        2.955580949783325,
        1.5962424278259277
    ],
    "neg_1": [
        5.575272560119629,
        3.192887544631958
    ],
    "abs_0": [
        96.88683319091797,
        1.6544103622436523
    ],
    "abs_1": [
        94.36315155029297,
        3.2265725135803223
    ],
    "tpr_0": [
        0.5059441328048706,
        0.7109236121177673
    ],
    "tpr_1": [
        0.540158748626709,
        0.7597433924674988
    ],
    "fnr_0": [
        0.0189112089574337,
        0.033524151891469955
    ],
    "fnr_1": [
        0.0,
        0.0
    ],
    "par_0": [
        99.47513580322266,
        0.7096120715141296
    ],
    "par_1": [
        99.4598388671875,
        0.7597436308860779
    ],
    "fpr_0": [
        0.0,
        0.0
    ],
    "fpr_1": [
        0.0,
        0.0
    ],
    "tnr_0": [
        4.2956109046936035,
        2.3229925632476807
    ],
    "tnr_1": [
        6.291359901428223,
        3.599550724029541
    ],
    "nar_0": [
        95.70438385009766,
        2.3229942321777344
    ],
    "nar_1": [
        93.70863342285156,
        3.599551200866699
    ]
}