{
    "cov": [
        34.02410125732422,
        3.3520290851593018
    ],
    "acc": [
        95.9844741821289,
        0.6078482866287231
    ],
    "pos_0": [
        0.7297371029853821,
        0.13520745933055878
    ],
    "pos_1": [
        0.23931899666786194,
        0.10376600921154022
    ],
    "neg_0": [
        34.2965202331543,
        2.739489793777466
    ],
    "neg_1": [
        31.6942138671875,
        4.740769863128662
    ],
    "abs_0": [
        64.97373962402344,
        2.7988953590393066
    ],
    "abs_1": [
        68.06645965576172,
        4.771895885467529
    ],
    "tpr_0": [
        2.3208932876586914,
        0.4232836663722992
    ],
    "tpr_1": [
        2.0824217796325684,
        0.882404088973999
    ],
    "fnr_0": [
        5.8950934410095215,
        1.0981853008270264
    ],
    "fnr_1": [
        3.249603748321533,
        1.4142255783081055
    ],
    "par_0": [
        91.78401184082031,
        1.2637296915054321
    ],
    "par_1": [
        94.66796875,
        1.8056936264038086
    ],
    "fpr_0": [
        0.006687654182314873,
        0.014717026613652706
    ],
    "fpr_1": [
        0.0015667842235416174,
        0.00783392135053873
    ],
    "tnr_0": [
        47.200653076171875,
        3.6279869079589844
    ],
    "tnr_1": [
        35.36965560913086,
        5.280486106872559
    ],
    "nar_0": [
        52.79265594482422,
        3.632310152053833
    ],
    "nar_1": [
        64.62876892089844,
        5.282367706298828
    ]
}