{
    "cov": [
        1.907352089881897,
        3.134533405303955
    ],
    "acc": [
        63.88887405395508,
        48.90522384643555
    ],
    "pos_0": [
        0.2765369117259979,
        0.3236405849456787
    ],
    "pos_1": [
        0.10024568438529968,
        0.10840488225221634
    ],
    "neg_0": [
        2.2557156085968018,
        3.9145987033843994
    ],
    "neg_1": [
        0.4851077198982239,
        0.9908007383346558
    ],
    "abs_0": [
        97.4677505493164,
        4.156383514404297
    ],
    "abs_1": [
        99.4146499633789,
        1.0449062585830688
    ],
    "tpr_0": [
        0.8859707713127136,
        1.0353307723999023
    ],
    "tpr_1": [
        0.8801321387290955,
        0.9530268907546997
    ],
    "fnr_0": [
        0.03577716276049614,
        0.07606406509876251
    ],
    "fnr_1": [
        0.012048193253576756,
        0.0602409653365612
    ],
    "par_0": [
        99.0782470703125,
        1.0820420980453491
    ],
    "par_1": [
        99.10781860351562,
        0.9748231172561646
    ],
    "fpr_0": [
        0.0,
        0.0
    ],
    "fpr_1": [
        0.0,
        0.0
    ],
    "tnr_0": [
        3.2524783611297607,
        5.634327411651611
    ],
    "tnr_1": [
        0.5470523834228516,
        1.114930510520935
    ],
    "nar_0": [
        96.74752044677734,
        5.634328842163086
    ],
    "nar_1": [
        99.45294952392578,
        1.11492919921875
    ]
}