{
    "cov": [
        13.37888240814209,
        3.103809118270874
    ],
    "acc": [
        99.26885223388672,
        0.2819770872592926
    ],
    "pos_0": [
        0.0,
        0.0
    ],
    "pos_1": [
        0.0,
        0.0
    ],
    "neg_0": [
        9.272432327270508,
        1.599792718887329
    ],
    "neg_1": [
        21.950408935546875,
        6.6199631690979
    ],
    "abs_0": [
        90.72756958007812,
        1.599793553352356
    ],
    "abs_1": [
        78.04959106445312,
        6.619963645935059
    ],
    "tpr_0": [
        0.0,
        0.0
    ],
    "tpr_1": [
        0.0,
        0.0
    ],
    "fnr_0": [
        0.15263792872428894,
        0.09536916017532349
    ],
    "fnr_1": [
        1.8740934133529663,
        1.0978353023529053
    ],
    "par_0": [
        99.84735870361328,
        0.09536836296319962
    ],
    "par_1": [
        98.12590789794922,
        1.0978351831436157
    ],
    "fpr_0": [
        0.0,
        0.0
    ],
    "fpr_1": [
        0.0,
        0.0
    ],
    "tnr_0": [
        13.417112350463867,
        2.291632652282715
    ],
    "tnr_1": [
        24.54322052001953,
        7.383546352386475
    ],
    "nar_0": [
        86.5828857421875,
        2.2916312217712402
    ],
    "nar_1": [
        75.45677185058594,
        7.383546352386475
    ]
}