{
    "cov": [
        24.4302921295166,
        4.061525821685791
    ],
    "acc": [
        97.57369232177734,
        0.5823001265525818
    ],
    "pos_0": [
        0.6623755693435669,
        0.15372906625270844
    ],
    "pos_1": [
        0.1954612135887146,
        0.06817840784788132
    ],
    "neg_0": [
        25.55543327331543,
        3.539104461669922
    ],
    "neg_1": [
        20.51243782043457,
        5.440523147583008
    ],
    "abs_0": [
        73.78218841552734,
        3.5673370361328125
    ],
    "abs_1": [
        79.29209899902344,
        5.4607062339782715
    ],
    "tpr_0": [
        2.1136090755462646,
        0.48880618810653687
    ],
    "tpr_1": [
        1.7120596170425415,
        0.5980769395828247
    ],
    "fnr_0": [
        2.5598812103271484,
        0.8858621716499329
    ],
    "fnr_1": [
        1.6687577962875366,
        0.9419542551040649
    ],
    "par_0": [
        95.32649993896484,
        0.9510975480079651
    ],
    "par_1": [
        96.61917877197266,
        1.0664564371109009
    ],
    "fpr_0": [
        0.003805542131885886,
        0.011260761879384518
    ],
    "fpr_1": [
        0.0,
        0.0
    ],
    "tnr_0": [
        36.013916015625,
        4.877994537353516
    ],
    "tnr_1": [
        22.945709228515625,
        6.080398082733154
    ],
    "nar_0": [
        63.98227310180664,
        4.882121562957764
    ],
    "nar_1": [
        77.05428314208984,
        6.0803985595703125
    ]
}