{
    "cov": [
        58.186405181884766,
        1.9015918970108032
    ],
    "acc": [
        93.3551254272461,
        0.6896664500236511
    ],
    "pos_0": [
        0.06718260794878006,
        0.3359130620956421
    ],
    "pos_1": [
        0.017496634274721146,
        0.08748317509889603
    ],
    "neg_0": [
        44.09394454956055,
        2.6557421684265137
    ],
    "neg_1": [
        87.44097137451172,
        1.4166834354400635
    ],
    "abs_0": [
        55.83887481689453,
        2.71034574508667
    ],
    "abs_1": [
        12.541522979736328,
        1.3977237939834595
    ],
    "tpr_0": [
        0.21406085789203644,
        1.070304274559021
    ],
    "tpr_1": [
        0.16403785347938538,
        0.8201892971992493
    ],
    "fnr_0": [
        11.198662757873535,
        2.062107801437378
    ],
    "fnr_1": [
        40.67543411254883,
        5.802656650543213
    ],
    "par_0": [
        88.58727264404297,
        2.2285053730010986
    ],
    "par_1": [
        59.160526275634766,
        5.587799072265625
    ],
    "fpr_0": [
        0.0,
        0.0
    ],
    "fpr_1": [
        0.0,
        0.0
    ],
    "tnr_0": [
        59.04656982421875,
        3.1594982147216797
    ],
    "tnr_1": [
        93.48249816894531,
        0.9479000568389893
    ],
    "nar_0": [
        40.95342254638672,
        3.1594982147216797
    ],
    "nar_1": [
        6.5175042152404785,
        0.9478996396064758
    ]
}