{
    "cov": [
        85.43504333496094,
        2.4306583404541016
    ],
    "acc": [
        82.79855346679688,
        1.041400671005249
    ],
    "pos_0": [
        0.6640870571136475,
        0.24612769484519958
    ],
    "pos_1": [
        0.19921118021011353,
        0.11558445543050766
    ],
    "neg_0": [
        84.23587036132812,
        2.7925238609313965
    ],
    "neg_1": [
        86.35804748535156,
        2.0865983963012695
    ],
    "abs_0": [
        15.100043296813965,
        2.7134158611297607
    ],
    "abs_1": [
        13.442745208740234,
        2.085346221923828
    ],
    "tpr_0": [
        2.1207613945007324,
        0.7787666320800781
    ],
    "tpr_1": [
        1.7508492469787598,
        1.044744610786438
    ],
    "fnr_0": [
        62.454715728759766,
        5.096455097198486
    ],
    "fnr_1": [
        41.13899230957031,
        6.4544901847839355
    ],
    "par_0": [
        35.42451477050781,
        4.84525728225708
    ],
    "par_1": [
        57.11015319824219,
        6.233278274536133
    ],
    "fpr_0": [
        0.0019431625260040164,
        0.009715812280774117
    ],
    "fpr_1": [
        0.0015420200070366263,
        0.007710099685937166
    ],
    "tnr_0": [
        94.13445281982422,
        1.8091120719909668
    ],
    "tnr_1": [
        92.19384765625,
        1.7096259593963623
    ],
    "nar_0": [
        5.863603591918945,
        1.8114596605300903
    ],
    "nar_1": [
        7.804605484008789,
        1.7078864574432373
    ]
}