{
    "cov": [
        54.65251159667969,
        1.9963606595993042
    ],
    "acc": [
        94.39840698242188,
        0.8162708878517151
    ],
    "pos_0": [
        0.027277154847979546,
        0.13638578355312347
    ],
    "pos_1": [
        0.011088010855019093,
        0.05544005706906319
    ],
    "neg_0": [
        39.98698806762695,
        2.2665605545043945
    ],
    "neg_1": [
        85.20375061035156,
        1.8366587162017822
    ],
    "abs_0": [
        59.98573684692383,
        2.2474210262298584
    ],
    "abs_1": [
        14.78515625,
        1.830951452255249
    ],
    "tpr_0": [
        0.08805031329393387,
        0.44025155901908875
    ],
    "tpr_1": [
        0.09221901744604111,
        0.46109509468078613
    ],
    "fnr_0": [
        8.382137298583984,
        1.8238755464553833
    ],
    "fnr_1": [
        35.03226089477539,
        5.568630218505859
    ],
    "par_0": [
        91.52981567382812,
        1.7925829887390137
    ],
    "par_1": [
        64.87551879882812,
        5.5948076248168945
    ],
    "fpr_0": [
        0.0,
        0.0
    ],
    "fpr_1": [
        0.0,
        0.0
    ],
    "tnr_0": [
        54.35203552246094,
        2.7686047554016113
    ],
    "tnr_1": [
        91.67837524414062,
        1.509539008140564
    ],
    "nar_0": [
        45.64796447753906,
        2.7686047554016113
    ],
    "nar_1": [
        8.321615219116211,
        1.509540319442749
    ]
}