{
    "cov": [
        63.80807113647461,
        0.6648918390274048
    ],
    "acc": [
        84.68156433105469,
        0.5541133284568787
    ],
    "pos_0": [
        2.5502066612243652,
        0.372417688369751
    ],
    "pos_1": [
        2.5320892333984375,
        0.4549529254436493
    ],
    "neg_0": [
        61.43315505981445,
        0.8241268396377563
    ],
    "neg_1": [
        60.91470718383789,
        1.0615359544754028
    ],
    "abs_0": [
        36.016639709472656,
        0.6678705811500549
    ],
    "abs_1": [
        36.55320358276367,
        1.3744374513626099
    ],
    "tpr_0": [
        8.066336631774902,
        1.167529821395874
    ],
    "tpr_1": [
        16.021533966064453,
        2.649416208267212
    ],
    "fnr_0": [
        39.96012496948242,
        1.273788332939148
    ],
    "fnr_1": [
        30.568174362182617,
        3.8609731197357178
    ],
    "par_0": [
        51.973541259765625,
        1.200938105583191
    ],
    "par_1": [
        53.41029357910156,
        5.34956169128418
    ],
    "fpr_0": [
        0.06079816818237305,
        0.03342970088124275
    ],
    "fpr_1": [
        0.8001483082771301,
        0.27902427315711975
    ],
    "tnr_0": [
        71.121337890625,
        0.8351473808288574
    ],
    "tnr_1": [
        64.7997817993164,
        0.9527511596679688
    ],
    "nar_0": [
        28.817869186401367,
        0.832099974155426
    ],
    "nar_1": [
        34.40007019042969,
        1.0740278959274292
    ]
}