{
    "cov": [
        91.89607238769531,
        1.2527899742126465
    ],
    "acc": [
        82.24827575683594,
        0.6524409055709839
    ],
    "pos_0": [
        3.8816347122192383,
        0.5493682622909546
    ],
    "pos_1": [
        2.93013858795166,
        0.48062336444854736
    ],
    "neg_0": [
        88.5187759399414,
        1.3170779943466187
    ],
    "neg_1": [
        87.91795349121094,
        1.1897351741790771
    ],
    "abs_0": [
        7.599587440490723,
        1.365837574005127
    ],
    "abs_1": [
        9.151902198791504,
        1.1325507164001465
    ],
    "tpr_0": [
        12.113259315490723,
        1.7168008089065552
    ],
    "tpr_1": [
        22.252958297729492,
        2.9948201179504395
    ],
    "fnr_0": [
        69.34208679199219,
        2.7486929893493652
    ],
    "fnr_1": [
        39.80569076538086,
        5.02055025100708
    ],
    "par_0": [
        18.544649124145508,
        3.006842851638794
    ],
    "par_1": [
        37.941349029541016,
        4.6695451736450195
    ],
    "fpr_0": [
        0.14556193351745605,
        0.07708669453859329
    ],
    "fpr_1": [
        0.43700942397117615,
        0.23797772824764252
    ],
    "tnr_0": [
        97.23165893554688,
        0.7617944478988647
    ],
    "tnr_1": [
        94.12349700927734,
        0.8765310049057007
    ],
    "nar_0": [
        2.6227757930755615,
        0.7286204695701599
    ],
    "nar_1": [
        5.439492225646973,
        0.832739531993866
    ]
}