{
    "cov": [
        80.67485046386719,
        7.30073356628418
    ],
    "acc": [
        85.37354278564453,
        1.6248325109481812
    ],
    "pos_0": [
        2.317014694213867,
        0.8338754177093506
    ],
    "pos_1": [
        1.544936180114746,
        0.8198639750480652
    ],
    "neg_0": [
        77.95030975341797,
        6.918417453765869
    ],
    "neg_1": [
        79.98051452636719,
        6.278065204620361
    ],
    "abs_0": [
        19.732667922973633,
        7.55787992477417
    ],
    "abs_1": [
        18.474546432495117,
        6.874090671539307
    ],
    "tpr_0": [
        7.334011077880859,
        2.6485352516174316
    ],
    "tpr_1": [
        12.503026962280273,
        6.667251110076904
    ],
    "fnr_0": [
        51.20433044433594,
        9.775728225708008
    ],
    "fnr_1": [
        28.111595153808594,
        7.008040428161621
    ],
    "par_0": [
        41.4616584777832,
        11.85930347442627
    ],
    "par_1": [
        59.3853759765625,
        11.177852630615234
    ],
    "fpr_0": [
        0.042745016515254974,
        0.04120149835944176
    ],
    "fpr_1": [
        0.13534435629844666,
        0.0939682349562645
    ],
    "tnr_0": [
        90.11798858642578,
        5.626826763153076
    ],
    "tnr_1": [
        86.67353057861328,
        6.308498859405518
    ],
    "nar_0": [
        9.839268684387207,
        5.638550758361816
    ],
    "nar_1": [
        13.191121101379395,
        6.371709823608398
    ]
}