{
    "cov": [
        88.15478515625,
        4.309758186340332
    ],
    "acc": [
        81.73904418945312,
        1.416454792022705
    ],
    "pos_0": [
        0.8523914813995361,
        1.8747421503067017
    ],
    "pos_1": [
        0.25760188698768616,
        0.6040945053100586
    ],
    "neg_0": [
        84.40489959716797,
        3.7557907104492188
    ],
    "neg_1": [
        93.95559692382812,
        2.2734017372131348
    ],
    "abs_0": [
        14.742704391479492,
        5.169937610626221
    ],
    "abs_1": [
        5.786802291870117,
        2.667719841003418
    ],
    "tpr_0": [
        2.4644737243652344,
        5.349741458892822
    ],
    "tpr_1": [
        1.9613698720932007,
        4.5074028968811035
    ],
    "fnr_0": [
        64.05528259277344,
        6.928389549255371
    ],
    "fnr_1": [
        68.8063735961914,
        9.878512382507324
    ],
    "par_0": [
        33.480247497558594,
        11.056302070617676
    ],
    "par_1": [
        29.23225212097168,
        12.57243537902832
    ],
    "fpr_0": [
        0.11565093696117401,
        0.28634244203567505
    ],
    "fpr_1": [
        0.03874989226460457,
        0.10615388303995132
    ],
    "tnr_0": [
        93.64854431152344,
        2.359870672225952
    ],
    "tnr_1": [
        97.19131469726562,
        1.3725848197937012
    ],
    "nar_0": [
        6.235804080963135,
        2.5630857944488525
    ],
    "nar_1": [
        2.769932508468628,
        1.4336824417114258
    ]
}