{
    "cov": [
        73.89363861083984,
        2.5555217266082764
    ],
    "acc": [
        85.74467468261719,
        0.9793137907981873
    ],
    "pos_0": [
        0.0,
        0.0
    ],
    "pos_1": [
        0.0,
        0.0
    ],
    "neg_0": [
        73.12325286865234,
        2.4707117080688477
    ],
    "neg_1": [
        75.50804138183594,
        3.0543901920318604
    ],
    "abs_0": [
        26.87674331665039,
        2.470710277557373
    ],
    "abs_1": [
        24.491947174072266,
        3.0543901920318604
    ],
    "tpr_0": [
        0.0,
        0.0
    ],
    "tpr_1": [
        0.0,
        0.0
    ],
    "fnr_0": [
        45.28329849243164,
        3.866081476211548
    ],
    "fnr_1": [
        26.719999313354492,
        6.6662678718566895
    ],
    "par_0": [
        54.716697692871094,
        3.866081476211548
    ],
    "par_1": [
        73.27999114990234,
        6.666266918182373
    ],
    "fpr_0": [
        0.0,
        0.0
    ],
    "fpr_1": [
        0.0,
        0.0
    ],
    "tnr_0": [
        85.7742919921875,
        1.8864002227783203
    ],
    "tnr_1": [
        81.80933380126953,
        2.839846134185791
    ],
    "nar_0": [
        14.225704193115234,
        1.8863990306854248
    ],
    "nar_1": [
        18.1906681060791,
        2.8398470878601074
    ]
}