{
    "cov": [
        27.628080368041992,
        0.8531545996665955
    ],
    "acc": [
        93.23135375976562,
        0.5342002511024475
    ],
    "pos_0": [
        1.5119612216949463,
        0.28636664152145386
    ],
    "pos_1": [
        1.6078475713729858,
        0.29799243807792664
    ],
    "neg_0": [
        25.978496551513672,
        1.1916369199752808
    ],
    "neg_1": [
        26.308120727539062,
        1.048264980316162
    ],
    "abs_0": [
        72.5095443725586,
        1.0381113290786743
    ],
    "abs_1": [
        72.08403015136719,
        1.0873334407806396
    ],
    "tpr_0": [
        4.779131889343262,
        0.9204580783843994
    ],
    "tpr_1": [
        12.926473617553711,
        2.5181920528411865
    ],
    "fnr_0": [
        7.5844526290893555,
        0.8613389730453491
    ],
    "fnr_1": [
        5.954273700714111,
        0.8880141377449036
    ],
    "par_0": [
        87.63641357421875,
        0.8099117279052734
    ],
    "par_1": [
        81.11925506591797,
        2.888636827468872
    ],
    "fpr_0": [
        0.0389181412756443,
        0.027214964851737022
    ],
    "fpr_1": [
        0.15498162806034088,
        0.05240365117788315
    ],
    "tnr_0": [
        34.27578353881836,
        1.3683031797409058
    ],
    "tnr_1": [
        28.9219970703125,
        1.1277906894683838
    ],
    "nar_0": [
        65.68529510498047,
        1.3669655323028564
    ],
    "nar_1": [
        70.92301940917969,
        1.1309465169906616
    ]
}