{
    "cov": [
        46.66047668457031,
        0.7756114602088928
    ],
    "acc": [
        88.45281982421875,
        0.5116695761680603
    ],
    "pos_0": [
        2.0072336196899414,
        0.3520568013191223
    ],
    "pos_1": [
        2.0225696563720703,
        0.33342045545578003
    ],
    "neg_0": [
        44.48955535888672,
        0.929287850856781
    ],
    "neg_1": [
        44.97566223144531,
        1.1914656162261963
    ],
    "abs_0": [
        53.50320816040039,
        0.7861400842666626
    ],
    "abs_1": [
        53.001766204833984,
        1.2435787916183472
    ],
    "tpr_0": [
        6.344278335571289,
        1.1353867053985596
    ],
    "tpr_1": [
        14.434711456298828,
        2.397535800933838
    ],
    "fnr_0": [
        22.198556900024414,
        1.1408085823059082
    ],
    "fnr_1": [
        15.800518035888672,
        2.034337282180786
    ],
    "par_0": [
        71.45716094970703,
        1.3964592218399048
    ],
    "par_1": [
        69.7647705078125,
        3.366987943649292
    ],
    "fpr_0": [
        0.051236897706985474,
        0.03317749872803688
    ],
    "fpr_1": [
        0.4292333722114563,
        0.15310508012771606
    ],
    "tnr_0": [
        54.548988342285156,
        1.1090402603149414
    ],
    "tnr_1": [
        48.716495513916016,
        1.237172245979309
    ],
    "nar_0": [
        45.3997688293457,
        1.1004232168197632
    ],
    "nar_1": [
        50.85426712036133,
        1.2256722450256348
    ]
}