{
    "cov": [
        29.9719181060791,
        3.5954768657684326
    ],
    "acc": [
        96.54036712646484,
        0.949074923992157
    ],
    "pos_0": [
        0.5276063680648804,
        0.26027047634124756
    ],
    "pos_1": [
        0.15681439638137817,
        0.12260295450687408
    ],
    "neg_0": [
        30.521690368652344,
        3.584430456161499
    ],
    "neg_1": [
        27.556425094604492,
        4.121686935424805
    ],
    "abs_0": [
        68.95069885253906,
        3.6200737953186035
    ],
    "abs_1": [
        72.28675842285156,
        4.144496917724609
    ],
    "tpr_0": [
        1.6857967376708984,
        0.8286793231964111
    ],
    "tpr_1": [
        1.3740041255950928,
        1.0894651412963867
    ],
    "fnr_0": [
        4.589143753051758,
        1.549334168434143
    ],
    "fnr_1": [
        2.3579559326171875,
        1.074573040008545
    ],
    "par_0": [
        93.72505950927734,
        1.7744534015655518
    ],
    "par_1": [
        96.2680435180664,
        1.7027579545974731
    ],
    "fpr_0": [
        0.0,
        0.0
    ],
    "fpr_1": [
        0.0,
        0.0
    ],
    "tnr_0": [
        42.30710220336914,
        4.611785888671875
    ],
    "tnr_1": [
        30.806501388549805,
        4.5634026527404785
    ],
    "nar_0": [
        57.692893981933594,
        4.611785411834717
    ],
    "nar_1": [
        69.19349670410156,
        4.563403129577637
    ]
}