{
    "cov": [
        31.374685287475586,
        3.637510299682617
    ],
    "acc": [
        95.10711669921875,
        0.9261741042137146
    ],
    "pos_0": [
        0.0,
        0.0
    ],
    "pos_1": [
        0.0,
        0.0
    ],
    "neg_0": [
        31.56972312927246,
        3.4857771396636963
    ],
    "neg_1": [
        30.97355842590332,
        4.181837558746338
    ],
    "abs_0": [
        68.4302749633789,
        3.485776662826538
    ],
    "abs_1": [
        69.02643585205078,
        4.181840419769287
    ],
    "tpr_0": [
        0.0,
        0.0
    ],
    "tpr_1": [
        0.0,
        0.0
    ],
    "fnr_0": [
        6.697530746459961,
        1.634036898612976
    ],
    "fnr_1": [
        3.7717645168304443,
        1.51297128200531
    ],
    "par_0": [
        93.3024673461914,
        1.6340373754501343
    ],
    "par_1": [
        96.22823333740234,
        1.5129719972610474
    ],
    "fpr_0": [
        0.0,
        0.0
    ],
    "fpr_1": [
        0.0,
        0.0
    ],
    "tnr_0": [
        42.87574768066406,
        4.495383262634277
    ],
    "tnr_1": [
        34.48116683959961,
        4.592357635498047
    ],
    "nar_0": [
        57.12425231933594,
        4.495382785797119
    ],
    "nar_1": [
        65.51883697509766,
        4.592357635498047
    ]
}