{
    "cov": [
        73.19491577148438,
        2.624981641769409
    ],
    "acc": [
        86.56136322021484,
        0.6622641086578369
    ],
    "pos_0": [
        0.6225460767745972,
        0.248233363032341
    ],
    "pos_1": [
        0.20083209872245789,
        0.1020083874464035
    ],
    "neg_0": [
        71.61588287353516,
        2.470369815826416
    ],
    "neg_1": [
        74.99707794189453,
        3.1893534660339355
    ],
    "abs_0": [
        27.761571884155273,
        2.5033392906188965
    ],
    "abs_1": [
        24.80208969116211,
        3.200901985168457
    ],
    "tpr_0": [
        1.9796884059906006,
        0.7843774557113647
    ],
    "tpr_1": [
        1.7656306028366089,
        0.9175884127616882
    ],
    "fnr_0": [
        42.25752258300781,
        2.8164422512054443
    ],
    "fnr_1": [
        24.723798751831055,
        3.536790609359741
    ],
    "par_0": [
        55.762786865234375,
        2.994483709335327
    ],
    "par_1": [
        73.51056671142578,
        3.5942249298095703
    ],
    "fpr_0": [
        0.004819083493202925,
        0.015629226341843605
    ],
    "fpr_1": [
        0.0,
        0.0
    ],
    "tnr_0": [
        84.95539093017578,
        2.4712347984313965
    ],
    "tnr_1": [
        81.4863052368164,
        3.2934069633483887
    ],
    "nar_0": [
        15.039790153503418,
        2.476344108581543
    ],
    "nar_1": [
        18.513689041137695,
        3.2934069633483887
    ]
}