{
    "cov": [
        95.94692993164062,
        0.26020383834838867
    ],
    "acc": [
        78.53833770751953,
        0.4228270947933197
    ],
    "pos_0": [
        4.919443130493164,
        0.3811883330345154
    ],
    "pos_1": [
        5.029332637786865,
        0.6130668520927429
    ],
    "neg_0": [
        91.00239562988281,
        0.5342279076576233
    ],
    "neg_1": [
        90.96673583984375,
        0.7924471497535706
    ],
    "abs_0": [
        4.0781636238098145,
        0.3490595519542694
    ],
    "abs_1": [
        4.003939151763916,
        0.5476971864700317
    ],
    "tpr_0": [
        13.45556354522705,
        0.963687002658844
    ],
    "tpr_1": [
        22.75811195373535,
        2.4843590259552
    ],
    "fnr_0": [
        79.47034454345703,
        1.1778287887573242
    ],
    "fnr_1": [
        71.10997772216797,
        2.738161563873291
    ],
    "par_0": [
        7.074084281921387,
        0.6879019737243652
    ],
    "par_1": [
        6.1319050788879395,
        1.085365891456604
    ],
    "fpr_0": [
        1.0677728652954102,
        0.21165455877780914
    ],
    "fpr_1": [
        2.7540760040283203,
        0.5021148324012756
    ],
    "tnr_0": [
        96.20671081542969,
        0.3374307155609131
    ],
    "tnr_1": [
        93.51631927490234,
        0.7034134864807129
    ],
    "nar_0": [
        2.725520610809326,
        0.3050101101398468
    ],
    "nar_1": [
        3.7296080589294434,
        0.5328307151794434
    ]
}