{
    "cov": [
        45.38507843017578,
        2.415079355239868
    ],
    "acc": [
        96.26832580566406,
        0.6840021014213562
    ],
    "pos_0": [
        0.024135682731866837,
        0.12067841738462448
    ],
    "pos_1": [
        0.006865774281322956,
        0.034328870475292206
    ],
    "neg_0": [
        29.577011108398438,
        2.494260311126709
    ],
    "neg_1": [
        78.32997131347656,
        2.9055092334747314
    ],
    "abs_0": [
        70.39884948730469,
        2.4965765476226807
    ],
    "abs_1": [
        21.663166046142578,
        2.9157698154449463
    ],
    "tpr_0": [
        0.07704320549964905,
        0.38521602749824524
    ],
    "tpr_1": [
        0.0602409653365612,
        0.3012048304080963
    ],
    "fnr_0": [
        3.4930596351623535,
        1.0728949308395386
    ],
    "fnr_1": [
        25.999603271484375,
        5.199429988861084
    ],
    "par_0": [
        96.42989349365234,
        1.2141278982162476
    ],
    "par_1": [
        73.94015502929688,
        5.332525253295898
    ],
    "fpr_0": [
        0.0,
        0.0
    ],
    "fpr_1": [
        0.0,
        0.0
    ],
    "tnr_0": [
        41.43408966064453,
        3.310401678085327
    ],
    "tnr_1": [
        85.08413696289062,
        2.826702356338501
    ],
    "nar_0": [
        58.5659065246582,
        3.310401678085327
    ],
    "nar_1": [
        14.915851593017578,
        2.8267016410827637
    ]
}