{
    "cov": [
        7.223437786102295,
        4.682785511016846
    ],
    "acc": [
        83.40562438964844,
        37.15392303466797
    ],
    "pos_0": [
        0.0,
        0.0
    ],
    "pos_1": [
        0.0,
        0.0
    ],
    "neg_0": [
        8.721850395202637,
        5.408426284790039
    ],
    "neg_1": [
        4.100921630859375,
        3.61896014213562
    ],
    "abs_0": [
        91.27814483642578,
        5.408426761627197
    ],
    "abs_1": [
        95.89907836914062,
        3.618959426879883
    ],
    "tpr_0": [
        0.0,
        0.0
    ],
    "tpr_1": [
        0.0,
        0.0
    ],
    "fnr_0": [
        0.273257315158844,
        0.22917985916137695
    ],
    "fnr_1": [
        0.09555524587631226,
        0.20685695111751556
    ],
    "par_0": [
        99.72673797607422,
        0.22917966544628143
    ],
    "par_1": [
        99.9044418334961,
        0.20685724914073944
    ],
    "fpr_0": [
        0.0,
        0.0
    ],
    "fpr_1": [
        0.0,
        0.0
    ],
    "tnr_0": [
        12.542332649230957,
        7.7675700187683105
    ],
    "tnr_1": [
        4.612820148468018,
        4.066662788391113
    ],
    "nar_0": [
        87.4576644897461,
        7.767570972442627
    ],
    "nar_1": [
        95.38717651367188,
        4.066661834716797
    ]
}