{
    "cov": [
        26.623329162597656,
        0.8664199113845825
    ],
    "acc": [
        93.45100402832031,
        0.45802879333496094
    ],
    "pos_0": [
        1.4988512992858887,
        0.28826016187667847
    ],
    "pos_1": [
        1.5928375720977783,
        0.29322007298469543
    ],
    "neg_0": [
        25.001998901367188,
        1.1407357454299927
    ],
    "neg_1": [
        25.286115646362305,
        1.0605690479278564
    ],
    "abs_0": [
        73.49915313720703,
        0.9928373694419861
    ],
    "abs_1": [
        73.12104797363281,
        1.104576826095581
    ],
    "tpr_0": [
        4.738788604736328,
        0.9213667511940002
    ],
    "tpr_1": [
        12.842153549194336,
        2.4850082397460938
    ],
    "fnr_0": [
        7.044537544250488,
        0.7320701479911804
    ],
    "fnr_1": [
        5.625066757202148,
        0.888634979724884
    ],
    "par_0": [
        88.21666717529297,
        0.8124356269836426
    ],
    "par_1": [
        81.53278350830078,
        2.8702127933502197
    ],
    "fpr_0": [
        0.037974968552589417,
        0.026464493945240974
    ],
    "fpr_1": [
        0.1488514542579651,
        0.047335654497146606
    ],
    "tnr_0": [
        33.101322174072266,
        1.3545030355453491
    ],
    "tnr_1": [
        27.808679580688477,
        1.117785930633545
    ],
    "nar_0": [
        66.86070251464844,
        1.3522840738296509
    ],
    "nar_1": [
        72.04247283935547,
        1.1293858289718628
    ]
}