{
    "cov": [
        73.12504577636719,
        3.5488200187683105
    ],
    "acc": [
        90.5858383178711,
        1.4224340915679932
    ],
    "pos_0": [
        4.9565205574035645,
        1.1117357015609741
    ],
    "pos_1": [
        1.2582231760025024,
        0.43405961990356445
    ],
    "neg_0": [
        59.9680061340332,
        5.107594013214111
    ],
    "neg_1": [
        88.98062133789062,
        1.6710443496704102
    ],
    "abs_0": [
        35.07547378540039,
        4.738490581512451
    ],
    "abs_1": [
        9.761157989501953,
        1.6471889019012451
    ],
    "tpr_0": [
        15.229429244995117,
        3.04394793510437
    ],
    "tpr_1": [
        10.582572937011719,
        3.3231306076049805
    ],
    "fnr_0": [
        24.80411720275879,
        6.0443596839904785
    ],
    "fnr_1": [
        41.93455123901367,
        5.887481212615967
    ],
    "par_0": [
        59.96644973754883,
        5.480212688446045
    ],
    "par_1": [
        47.48286819458008,
        6.561851978302002
    ],
    "fpr_0": [
        0.2810091972351074,
        0.209916889667511
    ],
    "fpr_1": [
        0.04952051118016243,
        0.057317495346069336
    ],
    "tnr_0": [
        75.94876098632812,
        4.566016674041748
    ],
    "tnr_1": [
        95.0580825805664,
        1.1592134237289429
    ],
    "nar_0": [
        23.77022933959961,
        4.502035617828369
    ],
    "nar_1": [
        4.892400741577148,
        1.153705358505249
    ]
}