{
    "cov": [
        88.18840026855469,
        1.6309248208999634
    ],
    "acc": [
        85.87423706054688,
        0.6522663831710815
    ],
    "pos_0": [
        10.473222732543945,
        1.6550450325012207
    ],
    "pos_1": [
        2.2338883876800537,
        0.5200086236000061
    ],
    "neg_0": [
        73.92558288574219,
        2.271047592163086
    ],
    "neg_1": [
        93.85254669189453,
        1.4772361516952515
    ],
    "abs_0": [
        15.60119342803955,
        2.238476514816284
    ],
    "abs_1": [
        3.9135680198669434,
        1.1482369899749756
    ],
    "tpr_0": [
        28.629159927368164,
        3.6563422679901123
    ],
    "tpr_1": [
        17.835208892822266,
        3.520169496536255
    ],
    "fnr_0": [
        43.08409881591797,
        3.2926502227783203
    ],
    "fnr_1": [
        61.18553161621094,
        7.339258670806885
    ],
    "par_0": [
        28.286733627319336,
        3.9997849464416504
    ],
    "par_1": [
        20.97925567626953,
        5.092709541320801
    ],
    "fpr_0": [
        2.2207565307617188,
        0.7747761607170105
    ],
    "fpr_1": [
        0.21765349805355072,
        0.13091762363910675
    ],
    "tnr_0": [
        87.94253540039062,
        1.8932491540908813
    ],
    "tnr_1": [
        98.06598663330078,
        0.7589277029037476
    ],
    "nar_0": [
        9.836697578430176,
        1.662755012512207
    ],
    "nar_1": [
        1.7163606882095337,
        0.6845862865447998
    ]
}