{
    "cov": [
        0.018131565302610397,
        0.09065782278776169
    ],
    "acc": [
        4.0,
        20.0
    ],
    "pos_0": [
        0.0233311727643013,
        0.1166558638215065
    ],
    "pos_1": [
        0.006961363833397627,
        0.03480682149529457
    ],
    "neg_0": [
        0.0,
        0.0
    ],
    "neg_1": [
        0.0,
        0.0
    ],
    "abs_0": [
        99.97666931152344,
        0.11665595322847366
    ],
    "abs_1": [
        99.99303436279297,
        0.034808095544576645
    ],
    "tpr_0": [
        0.07407407462596893,
        0.37037035822868347
    ],
    "tpr_1": [
        0.061349689960479736,
        0.30674847960472107
    ],
    "fnr_0": [
        0.0,
        0.0
    ],
    "fnr_1": [
        0.0,
        0.0
    ],
    "par_0": [
        99.9259262084961,
        0.37037086486816406
    ],
    "par_1": [
        99.93865203857422,
        0.3067494034767151
    ],
    "fpr_0": [
        0.0,
        0.0
    ],
    "fpr_1": [
        0.0,
        0.0
    ],
    "tnr_0": [
        0.0,
        0.0
    ],
    "tnr_1": [
        0.0,
        0.0
    ],
    "nar_0": [
        100.0,
        0.0
    ],
    "nar_1": [
        100.0,
        0.0
    ]
}