{
    "cov": [
        7.9049201011657715,
        7.173372268676758
    ],
    "acc": [
        55.419925689697266,
        50.13815689086914
    ],
    "pos_0": [
        0.0,
        0.0
    ],
    "pos_1": [
        0.0,
        0.0
    ],
    "neg_0": [
        7.620081424713135,
        6.91135311126709
    ],
    "neg_1": [
        8.498894691467285,
        7.760420322418213
    ],
    "abs_0": [
        92.37992095947266,
        6.91135311126709
    ],
    "abs_1": [
        91.5010986328125,
        7.7604193687438965
    ],
    "tpr_0": [
        0.0,
        0.0
    ],
    "tpr_1": [
        0.0,
        0.0
    ],
    "fnr_0": [
        0.3318618834018707,
        0.34090420603752136
    ],
    "fnr_1": [
        0.329025536775589,
        0.4881036877632141
    ],
    "par_0": [
        99.66814422607422,
        0.340903639793396
    ],
    "par_1": [
        99.67097473144531,
        0.4881039559841156
    ],
    "fpr_0": [
        0.0,
        0.0
    ],
    "fpr_1": [
        0.0,
        0.0
    ],
    "tnr_0": [
        10.948748588562012,
        9.92636489868164
    ],
    "tnr_1": [
        9.550188064575195,
        8.715031623840332
    ],
    "nar_0": [
        89.0512466430664,
        9.92636489868164
    ],
    "nar_1": [
        90.44981384277344,
        8.715032577514648
    ]
}