{
    "cov": [
        68.00221252441406,
        4.690155029296875
    ],
    "acc": [
        90.19939422607422,
        0.9423103332519531
    ],
    "pos_0": [
        2.1460764408111572,
        0.4794199466705322
    ],
    "pos_1": [
        0.6774125695228577,
        0.20652306079864502
    ],
    "neg_0": [
        61.49563217163086,
        4.096461772918701
    ],
    "neg_1": [
        76.42839050292969,
        6.066303253173828
    ],
    "abs_0": [
        36.35829162597656,
        4.260456562042236
    ],
    "abs_1": [
        22.894189834594727,
        6.141678333282471
    ],
    "tpr_0": [
        6.821422576904297,
        1.526946783065796
    ],
    "tpr_1": [
        5.654931545257568,
        1.6570205688476562
    ],
    "fnr_0": [
        27.286659240722656,
        4.283773899078369
    ],
    "fnr_1": [
        24.820775985717773,
        4.679521083831787
    ],
    "par_0": [
        65.89191436767578,
        4.911757469177246
    ],
    "par_1": [
        69.5242919921875,
        5.305120944976807
    ],
    "fpr_0": [
        0.022910485044121742,
        0.026380673050880432
    ],
    "fpr_1": [
        0.03407198563218117,
        0.037524789571762085
    ],
    "tnr_0": [
        77.04151916503906,
        3.983092784881592
    ],
    "tnr_1": [
        83.0873794555664,
        6.313109874725342
    ],
    "nar_0": [
        22.935564041137695,
        3.9877724647521973
    ],
    "nar_1": [
        16.878543853759766,
        6.322000980377197
    ]
}