{
    "cov": [
        22.79402732849121,
        1.9283857345581055
    ],
    "acc": [
        98.90384674072266,
        0.2941683232784271
    ],
    "pos_0": [
        0.6743614673614502,
        0.16577385365962982
    ],
    "pos_1": [
        0.20886479318141937,
        0.086456298828125
    ],
    "neg_0": [
        20.470972061157227,
        1.7671138048171997
    ],
    "neg_1": [
        26.025529861450195,
        2.634510040283203
    ],
    "abs_0": [
        78.85466766357422,
        1.7545387744903564
    ],
    "abs_1": [
        73.7656021118164,
        2.6357269287109375
    ],
    "tpr_0": [
        2.154897451400757,
        0.5276108980178833
    ],
    "tpr_1": [
        1.8345073461532593,
        0.7901515364646912
    ],
    "fnr_0": [
        0.9679940342903137,
        0.3260328471660614
    ],
    "fnr_1": [
        1.2865338325500488,
        0.6451325416564941
    ],
    "par_0": [
        96.87710571289062,
        0.6425681114196777
    ],
    "par_1": [
        96.87895965576172,
        0.96216881275177
    ],
    "fpr_0": [
        0.0,
        0.0
    ],
    "fpr_1": [
        0.0,
        0.0
    ],
    "tnr_0": [
        29.329891204833984,
        2.407158851623535
    ],
    "tnr_1": [
        29.217348098754883,
        2.9246537685394287
    ],
    "nar_0": [
        70.67010498046875,
        2.4071578979492188
    ],
    "nar_1": [
        70.78264617919922,
        2.9246554374694824
    ]
}