{
    "cov": [
        79.29729461669922,
        1.5019729137420654
    ],
    "acc": [
        84.80646514892578,
        0.6686538457870483
    ],
    "pos_0": [
        0.6239159107208252,
        0.2626311779022217
    ],
    "pos_1": [
        0.20355361700057983,
        0.11429566144943237
    ],
    "neg_0": [
        77.87738037109375,
        1.7441738843917847
    ],
    "neg_1": [
        80.75591278076172,
        1.486467719078064
    ],
    "abs_0": [
        21.498699188232422,
        1.7452080249786377
    ],
    "abs_1": [
        19.040529251098633,
        1.505934476852417
    ],
    "tpr_0": [
        1.9894839525222778,
        0.8313771486282349
    ],
    "tpr_1": [
        1.7850457429885864,
        1.0235719680786133
    ],
    "fnr_0": [
        51.40521240234375,
        2.700105667114258
    ],
    "fnr_1": [
        32.19070053100586,
        3.377852201461792
    ],
    "par_0": [
        46.60530090332031,
        2.8175947666168213
    ],
    "par_1": [
        66.02425384521484,
        3.2804949283599854
    ],
    "fpr_0": [
        0.0018994251731783152,
        0.006574257276952267
    ],
    "fpr_1": [
        0.0015420200070366263,
        0.007710099685937166
    ],
    "tnr_0": [
        89.90705108642578,
        1.420615553855896
    ],
    "tnr_1": [
        87.01897430419922,
        1.4904747009277344
    ],
    "nar_0": [
        10.091052055358887,
        1.4197618961334229
    ],
    "nar_1": [
        12.979480743408203,
        1.4906100034713745
    ]
}