{
    "cov": [
        91.25969696044922,
        3.120645046234131
    ],
    "acc": [
        83.2296371459961,
        1.4136621952056885
    ],
    "pos_0": [
        5.639271259307861,
        1.2073924541473389
    ],
    "pos_1": [
        1.9665840864181519,
        0.6773810982704163
    ],
    "neg_0": [
        83.77015686035156,
        3.7954695224761963
    ],
    "neg_1": [
        93.15496063232422,
        1.9316617250442505
    ],
    "abs_0": [
        10.590571403503418,
        3.7649152278900146
    ],
    "abs_1": [
        4.878452777862549,
        1.9461686611175537
    ],
    "tpr_0": [
        16.773630142211914,
        3.0453028678894043
    ],
    "tpr_1": [
        15.382381439208984,
        4.796963214874268
    ],
    "fnr_0": [
        60.52771759033203,
        6.866652488708496
    ],
    "fnr_1": [
        59.77255630493164,
        9.047341346740723
    ],
    "par_0": [
        22.69864845275879,
        7.109465599060059
    ],
    "par_1": [
        24.84505844116211,
        9.316271781921387
    ],
    "fpr_0": [
        0.5841410160064697,
        0.44247010350227356
    ],
    "fpr_1": [
        0.2337213009595871,
        0.17846885323524475
    ],
    "tnr_0": [
        94.33277130126953,
        2.44801664352417
    ],
    "tnr_1": [
        97.45401000976562,
        1.106081247329712
    ],
    "nar_0": [
        5.0830817222595215,
        2.3441543579101562
    ],
    "nar_1": [
        2.3122708797454834,
        1.0785603523254395
    ]
}