{
    "cov": [
        63.30657958984375,
        1.8267079591751099
    ],
    "acc": [
        93.64422607421875,
        0.7022380828857422
    ],
    "pos_0": [
        3.704625368118286,
        0.7757826447486877
    ],
    "pos_1": [
        1.1459617614746094,
        0.3957015573978424
    ],
    "neg_0": [
        48.32748031616211,
        2.3436076641082764
    ],
    "neg_1": [
        85.68224334716797,
        1.3714635372161865
    ],
    "abs_0": [
        47.96788787841797,
        2.325150489807129
    ],
    "abs_1": [
        13.171792030334473,
        1.3887089490890503
    ],
    "tpr_0": [
        11.673165321350098,
        2.3274829387664795
    ],
    "tpr_1": [
        9.725234031677246,
        3.2470531463623047
    ],
    "fnr_0": [
        13.132725715637207,
        2.154625177383423
    ],
    "fnr_1": [
        32.49339294433594,
        4.292964935302734
    ],
    "par_0": [
        75.19410705566406,
        3.100691556930542
    ],
    "par_1": [
        57.7813720703125,
        5.324588775634766
    ],
    "fpr_0": [
        0.08466214686632156,
        0.07131770253181458
    ],
    "fpr_1": [
        0.038743939250707626,
        0.04757251590490341
    ],
    "tnr_0": [
        64.31871032714844,
        2.6411590576171875
    ],
    "tnr_1": [
        92.54765319824219,
        1.1619824171066284
    ],
    "nar_0": [
        35.59663009643555,
        2.6291136741638184
    ],
    "nar_1": [
        7.413604736328125,
        1.162459373474121
    ]
}