{
    "cov": [
        90.9943618774414,
        4.655170917510986
    ],
    "acc": [
        80.68628692626953,
        1.1681560277938843
    ],
    "pos_0": [
        1.2566401958465576,
        2.311497449874878
    ],
    "pos_1": [
        0.4537404775619507,
        0.8469694256782532
    ],
    "neg_0": [
        87.55266571044922,
        3.6229023933410645
    ],
    "neg_1": [
        95.10880279541016,
        1.9164565801620483
    ],
    "abs_0": [
        11.190692901611328,
        5.698934555053711
    ],
    "abs_1": [
        4.437447547912598,
        2.603543996810913
    ],
    "tpr_0": [
        3.619704484939575,
        6.649175643920898
    ],
    "tpr_1": [
        3.3186604976654053,
        6.183197498321533
    ],
    "fnr_0": [
        70.0484619140625,
        7.143618106842041
    ],
    "fnr_1": [
        73.37216186523438,
        8.173691749572754
    ],
    "par_0": [
        26.331832885742188,
        13.209033012390137
    ],
    "par_1": [
        23.309173583984375,
        13.104565620422363
    ],
    "fpr_0": [
        0.17763634026050568,
        0.3382210433483124
    ],
    "fpr_1": [
        0.09530097991228104,
        0.19047309458255768
    ],
    "tnr_0": [
        95.50792694091797,
        2.0494110584259033
    ],
    "tnr_1": [
        97.92401885986328,
        1.123907446861267
    ],
    "nar_0": [
        4.3144330978393555,
        2.334157943725586
    ],
    "nar_1": [
        1.9806715250015259,
        1.2652465105056763
    ]
}