{
    "cov": [
        11.653731346130371,
        6.173620700836182
    ],
    "acc": [
        79.10743713378906,
        40.37062454223633
    ],
    "pos_0": [
        0.0,
        0.0
    ],
    "pos_1": [
        0.0,
        0.0
    ],
    "neg_0": [
        11.126911163330078,
        5.845720291137695
    ],
    "neg_1": [
        12.755227088928223,
        7.020684242248535
    ],
    "abs_0": [
        88.87308502197266,
        5.845719337463379
    ],
    "abs_1": [
        87.24476623535156,
        7.02068567276001
    ],
    "tpr_0": [
        0.0,
        0.0
    ],
    "tpr_1": [
        0.0,
        0.0
    ],
    "fnr_0": [
        0.5319790244102478,
        0.34306180477142334
    ],
    "fnr_1": [
        0.5521019101142883,
        0.48729318380355835
    ],
    "par_0": [
        99.468017578125,
        0.34306225180625916
    ],
    "par_1": [
        99.44789123535156,
        0.4872921407222748
    ],
    "fpr_0": [
        0.0,
        0.0
    ],
    "fpr_1": [
        0.0,
        0.0
    ],
    "tnr_0": [
        15.938227653503418,
        8.353999137878418
    ],
    "tnr_1": [
        14.351181030273438,
        7.902631759643555
    ],
    "nar_0": [
        84.06177520751953,
        8.353999137878418
    ],
    "nar_1": [
        85.6488037109375,
        7.9026312828063965
    ]
}