{
    "cov": [
        1.0697623491287231,
        2.391742706298828
    ],
    "acc": [
        31.906829833984375,
        47.4713134765625
    ],
    "pos_0": [
        0.0,
        0.0
    ],
    "pos_1": [
        0.0,
        0.0
    ],
    "neg_0": [
        1.4758058786392212,
        3.168478012084961
    ],
    "neg_1": [
        0.22690781950950623,
        1.022463083267212
    ],
    "abs_0": [
        98.52420043945312,
        3.1684775352478027
    ],
    "abs_1": [
        99.7730941772461,
        1.0224635601043701
    ],
    "tpr_0": [
        0.0,
        0.0
    ],
    "tpr_1": [
        0.0,
        0.0
    ],
    "fnr_0": [
        0.02904435805976391,
        0.09138311445713043
    ],
    "fnr_1": [
        0.0,
        0.0
    ],
    "par_0": [
        99.97095489501953,
        0.091384157538414
    ],
    "par_1": [
        100.0,
        0.0
    ],
    "fpr_0": [
        0.0,
        0.0
    ],
    "fpr_1": [
        0.0,
        0.0
    ],
    "tnr_0": [
        2.1449382305145264,
        4.60018253326416
    ],
    "tnr_1": [
        0.25591567158699036,
        1.1531633138656616
    ],
    "nar_0": [
        97.85505676269531,
        4.600182056427002
    ],
    "nar_1": [
        99.74407958984375,
        1.1531620025634766
    ]
}