{
    "cov": [
        37.88258361816406,
        1.8441104888916016
    ],
    "acc": [
        97.92599487304688,
        0.3030186891555786
    ],
    "pos_0": [
        2.271651268005371,
        0.3342299461364746
    ],
    "pos_1": [
        0.5915530920028687,
        0.21964509785175323
    ],
    "neg_0": [
        23.2186279296875,
        1.6554278135299683
    ],
    "neg_1": [
        63.16203308105469,
        3.8210947513580322
    ],
    "abs_0": [
        74.50971984863281,
        1.5990314483642578
    ],
    "abs_1": [
        36.24641036987305,
        3.891629457473755
    ],
    "tpr_0": [
        7.216440200805664,
        1.0699995756149292
    ],
    "tpr_1": [
        5.007096767425537,
        1.794718623161316
    ],
    "fnr_0": [
        1.6237902641296387,
        0.4229235351085663
    ],
    "fnr_1": [
        11.465418815612793,
        2.200532913208008
    ],
    "par_0": [
        91.1597671508789,
        0.97034752368927
    ],
    "par_1": [
        83.52748107910156,
        2.70866322517395
    ],
    "fpr_0": [
        0.02667745016515255,
        0.025285454466938972
    ],
    "fpr_1": [
        0.021688222885131836,
        0.02264878898859024
    ],
    "tnr_0": [
        33.033538818359375,
        2.2914130687713623
    ],
    "tnr_1": [
        69.8355941772461,
        4.179437637329102
    ],
    "nar_0": [
        66.93978118896484,
        2.29193377494812
    ],
    "nar_1": [
        30.142719268798828,
        4.18354606628418
    ]
}