{
    "cov": [
        98.80773162841797,
        0.9474300742149353
    ],
    "acc": [
        81.62250518798828,
        0.49643516540527344
    ],
    "pos_0": [
        13.62703800201416,
        1.5278716087341309
    ],
    "pos_1": [
        1.9679032564163208,
        0.48080873489379883
    ],
    "neg_0": [
        84.7785415649414,
        1.4173675775527954
    ],
    "neg_1": [
        97.67784881591797,
        0.517977237701416
    ],
    "abs_0": [
        1.5944149494171143,
        1.2497156858444214
    ],
    "abs_1": [
        0.354240745306015,
        0.5328977704048157
    ],
    "tpr_0": [
        34.6014518737793,
        3.2775566577911377
    ],
    "tpr_1": [
        15.576167106628418,
        3.659166097640991
    ],
    "fnr_0": [
        62.25287628173828,
        2.91605806350708
    ],
    "fnr_1": [
        82.10382843017578,
        3.7190003395080566
    ],
    "par_0": [
        3.1456663608551025,
        2.4946670532226562
    ],
    "par_1": [
        2.3200061321258545,
        3.685713529586792
    ],
    "fpr_0": [
        4.098089218139648,
        0.8492555618286133
    ],
    "fpr_1": [
        0.20846164226531982,
        0.10995587706565857
    ],
    "tnr_0": [
        95.0126953125,
        0.855685830116272
    ],
    "tnr_1": [
        99.68730163574219,
        0.16706492006778717
    ],
    "nar_0": [
        0.8892140984535217,
        0.7088736295700073
    ],
    "nar_1": [
        0.10423734784126282,
        0.15067462623119354
    ]
}