{
    "cov": [
        15.423768997192383,
        2.774528980255127
    ],
    "acc": [
        98.97650146484375,
        0.2839592397212982
    ],
    "pos_0": [
        0.6945458650588989,
        0.10134384781122208
    ],
    "pos_1": [
        0.21307994425296783,
        0.08204459398984909
    ],
    "neg_0": [
        16.889463424682617,
        2.4616236686706543
    ],
    "neg_1": [
        10.699572563171387,
        3.804032802581787
    ],
    "abs_0": [
        82.4159927368164,
        2.4644973278045654
    ],
    "abs_1": [
        89.08734130859375,
        3.804316997528076
    ],
    "tpr_0": [
        2.2225279808044434,
        0.31927645206451416
    ],
    "tpr_1": [
        1.870024561882019,
        0.7474433183670044
    ],
    "fnr_0": [
        0.6881574392318726,
        0.2691669762134552
    ],
    "fnr_1": [
        0.4219200313091278,
        0.4987439215183258
    ],
    "par_0": [
        97.08931732177734,
        0.4091353714466095
    ],
    "par_1": [
        97.70804595947266,
        0.9391347169876099
    ],
    "fpr_0": [
        0.0,
        0.0
    ],
    "fpr_1": [
        0.0,
        0.0
    ],
    "tnr_0": [
        24.247167587280273,
        3.455953598022461
    ],
    "tnr_1": [
        12.03114128112793,
        4.267951488494873
    ],
    "nar_0": [
        75.7528305053711,
        3.4559545516967773
    ],
    "nar_1": [
        87.96885681152344,
        4.267951965332031
    ]
}