{
    "cov": [
        94.8196792602539,
        2.3855607509613037
    ],
    "acc": [
        81.73133850097656,
        1.0394062995910645
    ],
    "pos_0": [
        5.880885601043701,
        0.9463870525360107
    ],
    "pos_1": [
        2.0340898036956787,
        0.50778728723526
    ],
    "neg_0": [
        87.79287719726562,
        2.922989845275879
    ],
    "neg_1": [
        95.17971801757812,
        1.4979825019836426
    ],
    "abs_0": [
        6.326231002807617,
        2.89341139793396
    ],
    "abs_1": [
        2.786191701889038,
        1.4550837278366089
    ],
    "tpr_0": [
        17.393798828125,
        2.603436231613159
    ],
    "tpr_1": [
        16.130470275878906,
        3.989051103591919
    ],
    "fnr_0": [
        68.32209014892578,
        5.775880813598633
    ],
    "fnr_1": [
        68.6357421875,
        7.099191665649414
    ],
    "par_0": [
        14.28410816192627,
        5.946114540100098
    ],
    "par_1": [
        15.233790397644043,
        7.389183044433594
    ],
    "fpr_0": [
        0.657110869884491,
        0.293445885181427
    ],
    "fpr_1": [
        0.21581274271011353,
        0.10650249570608139
    ],
    "tnr_0": [
        96.63982391357422,
        1.6983124017715454
    ],
    "tnr_1": [
        98.61046600341797,
        0.8129451870918274
    ],
    "nar_0": [
        2.703064441680908,
        1.5702317953109741
    ],
    "nar_1": [
        1.1737195253372192,
        0.7612454295158386
    ]
}