{
    "cov": [
        92.56251525878906,
        4.999776840209961
    ],
    "acc": [
        80.21730041503906,
        1.4212837219238281
    ],
    "pos_0": [
        1.9131197929382324,
        2.937037706375122
    ],
    "pos_1": [
        0.6090134978294373,
        0.9970033764839172
    ],
    "neg_0": [
        88.85379791259766,
        3.7567367553710938
    ],
    "neg_1": [
        95.69950866699219,
        2.1475372314453125
    ],
    "abs_0": [
        9.233081817626953,
        6.120748996734619
    ],
    "abs_1": [
        3.6914775371551514,
        2.8184635639190674
    ],
    "tpr_0": [
        5.356993198394775,
        8.223699569702148
    ],
    "tpr_1": [
        4.311999797821045,
        7.046099662780762
    ],
    "fnr_0": [
        72.66162109375,
        7.431543827056885
    ],
    "fnr_1": [
        76.20111846923828,
        9.491211891174316
    ],
    "par_0": [
        21.98138427734375,
        14.216665267944336
    ],
    "par_1": [
        19.48687744140625,
        14.080290794372559
    ],
    "fpr_0": [
        0.31865331530570984,
        0.5083640813827515
    ],
    "fpr_1": [
        0.12618669867515564,
        0.2190031111240387
    ],
    "tnr_0": [
        96.19194793701172,
        2.232598066329956
    ],
    "tnr_1": [
        98.20941162109375,
        1.2787197828292847
    ],
    "nar_0": [
        3.4893951416015625,
        2.585327386856079
    ],
    "nar_1": [
        1.664395809173584,
        1.4164217710494995
    ]
}