{
    "cov": [
        62.143943786621094,
        2.5427725315093994
    ],
    "acc": [
        92.27787780761719,
        1.083419919013977
    ],
    "pos_0": [
        0.5127049684524536,
        1.064652681350708
    ],
    "pos_1": [
        0.0520201176404953,
        0.10847549140453339
    ],
    "neg_0": [
        48.91353988647461,
        3.2192370891571045
    ],
    "neg_1": [
        88.62598419189453,
        1.7759252786636353
    ],
    "abs_0": [
        50.573753356933594,
        3.496183395385742
    ],
    "abs_1": [
        11.321996688842773,
        1.7529373168945312
    ],
    "tpr_0": [
        1.565879464149475,
        3.264439582824707
    ],
    "tpr_1": [
        0.44034311175346375,
        0.9202443361282349
    ],
    "fnr_0": [
        15.024425506591797,
        3.0528292655944824
    ],
    "fnr_1": [
        43.85749053955078,
        7.5762939453125
    ],
    "par_0": [
        83.40969848632812,
        4.295710563659668
    ],
    "par_1": [
        55.70216751098633,
        7.442079544067383
    ],
    "fpr_0": [
        0.04092421382665634,
        0.09210686385631561
    ],
    "fpr_1": [
        0.0,
        0.0
    ],
    "tnr_0": [
        64.31114196777344,
        3.4603192806243896
    ],
    "tnr_1": [
        94.4139175415039,
        1.0502675771713257
    ],
    "nar_0": [
        35.64792251586914,
        3.484708309173584
    ],
    "nar_1": [
        5.586081504821777,
        1.0502662658691406
    ]
}