{
    "cov": [
        53.386844635009766,
        2.487039089202881
    ],
    "acc": [
        90.12098693847656,
        0.9953300356864929
    ],
    "pos_0": [
        0.0,
        0.0
    ],
    "pos_1": [
        0.0,
        0.0
    ],
    "neg_0": [
        52.88688278198242,
        2.510193347930908
    ],
    "neg_1": [
        54.43075942993164,
        2.949016571044922
    ],
    "abs_0": [
        47.11311340332031,
        2.510193347930908
    ],
    "abs_1": [
        45.569236755371094,
        2.949016571044922
    ],
    "tpr_0": [
        0.0,
        0.0
    ],
    "tpr_1": [
        0.0,
        0.0
    ],
    "fnr_0": [
        22.774675369262695,
        2.862659215927124
    ],
    "fnr_1": [
        12.8643798828125,
        3.537153959274292
    ],
    "par_0": [
        77.2253189086914,
        2.8626599311828613
    ],
    "par_1": [
        87.1356201171875,
        3.5371530055999756
    ],
    "fpr_0": [
        0.0,
        0.0
    ],
    "fpr_1": [
        0.0,
        0.0
    ],
    "tnr_0": [
        66.57304382324219,
        2.6127495765686035
    ],
    "tnr_1": [
        59.79341125488281,
        3.1202807426452637
    ],
    "nar_0": [
        33.42695617675781,
        2.6127495765686035
    ],
    "nar_1": [
        40.20658493041992,
        3.1202807426452637
    ]
}