{
    "cov": [
        79.03902435302734,
        1.6042611598968506
    ],
    "acc": [
        84.12712860107422,
        0.7387745976448059
    ],
    "pos_0": [
        0.0,
        0.0
    ],
    "pos_1": [
        0.0,
        0.0
    ],
    "neg_0": [
        78.10518646240234,
        1.731343388557434
    ],
    "neg_1": [
        80.99640655517578,
        1.8946589231491089
    ],
    "abs_0": [
        21.894817352294922,
        1.7313416004180908
    ],
    "abs_1": [
        19.003591537475586,
        1.8946601152420044
    ],
    "tpr_0": [
        0.0,
        0.0
    ],
    "tpr_1": [
        0.0,
        0.0
    ],
    "fnr_0": [
        53.07937240600586,
        2.873173713684082
    ],
    "fnr_1": [
        36.22554016113281,
        6.412930011749268
    ],
    "par_0": [
        46.920623779296875,
        2.873173713684082
    ],
    "par_1": [
        63.77445983886719,
        6.412930965423584
    ],
    "fpr_0": [
        0.0,
        0.0
    ],
    "fpr_1": [
        0.0,
        0.0
    ],
    "tnr_0": [
        89.4789810180664,
        1.3705806732177734
    ],
    "tnr_1": [
        86.77474212646484,
        1.6534115076065063
    ],
    "nar_0": [
        10.521010398864746,
        1.3705811500549316
    ],
    "nar_1": [
        13.22525405883789,
        1.6534117460250854
    ]
}