{
    "cov": [
        76.59568786621094,
        0.7379232048988342
    ],
    "acc": [
        81.91413879394531,
        0.43855518102645874
    ],
    "pos_0": [
        3.072800636291504,
        0.32503530383110046
    ],
    "pos_1": [
        3.0997097492218018,
        0.572446882724762
    ],
    "neg_0": [
        73.56864929199219,
        0.9252825379371643
    ],
    "neg_1": [
        73.39888000488281,
        1.3804837465286255
    ],
    "abs_0": [
        23.358556747436523,
        0.8145530819892883
    ],
    "abs_1": [
        23.501405715942383,
        1.5086437463760376
    ],
    "tpr_0": [
        9.671224594116211,
        0.9990517497062683
    ],
    "tpr_1": [
        17.81102752685547,
        2.7996649742126465
    ],
    "fnr_0": [
        56.181705474853516,
        1.5423493385314941
    ],
    "fnr_1": [
        45.251564025878906,
        3.0856661796569824
    ],
    "par_0": [
        34.147064208984375,
        1.1745129823684692
    ],
    "par_1": [
        36.937408447265625,
        3.02306866645813
    ],
    "fpr_0": [
        0.09511297941207886,
        0.04699159413576126
    ],
    "fpr_1": [
        1.2101645469665527,
        0.37286096811294556
    ],
    "tnr_0": [
        81.41557312011719,
        0.8280341625213623
    ],
    "tnr_1": [
        77.00703430175781,
        1.4152419567108154
    ],
    "nar_0": [
        18.489316940307617,
        0.8259914517402649
    ],
    "nar_1": [
        21.782798767089844,
        1.5069985389709473
    ]
}