{
    "cov": [
        18.28325080871582,
        4.209507465362549
    ],
    "acc": [
        94.51790618896484,
        19.69349479675293
    ],
    "pos_0": [
        0.0,
        0.0
    ],
    "pos_1": [
        0.0,
        0.0
    ],
    "neg_0": [
        16.629024505615234,
        3.808364152908325
    ],
    "neg_1": [
        21.73407745361328,
        5.337922096252441
    ],
    "abs_0": [
        83.3709716796875,
        3.808366298675537
    ],
    "abs_1": [
        78.26592254638672,
        5.337921619415283
    ],
    "tpr_0": [
        0.0,
        0.0
    ],
    "tpr_1": [
        0.0,
        0.0
    ],
    "fnr_0": [
        1.0765070915222168,
        0.34878697991371155
    ],
    "fnr_1": [
        1.4696149826049805,
        0.6635673642158508
    ],
    "par_0": [
        98.92349243164062,
        0.34878799319267273
    ],
    "par_1": [
        98.53038787841797,
        0.6635652184486389
    ],
    "fpr_0": [
        0.0,
        0.0
    ],
    "fpr_1": [
        0.0,
        0.0
    ],
    "tnr_0": [
        23.68904685974121,
        5.427003860473633
    ],
    "tnr_1": [
        24.341876983642578,
        5.977004051208496
    ],
    "nar_0": [
        76.31094360351562,
        5.427001953125
    ],
    "nar_1": [
        75.65812683105469,
        5.977004528045654
    ]
}