{
    "cov": [
        35.07484817504883,
        2.950622081756592
    ],
    "acc": [
        94.15421295166016,
        1.0037556886672974
    ],
    "pos_0": [
        0.0,
        0.0
    ],
    "pos_1": [
        0.0,
        0.0
    ],
    "neg_0": [
        35.123165130615234,
        2.8664298057556152
    ],
    "neg_1": [
        34.97145080566406,
        3.566740036010742
    ],
    "abs_0": [
        64.8768310546875,
        2.8664302825927734
    ],
    "abs_1": [
        65.0285415649414,
        3.566739320755005
    ],
    "tpr_0": [
        0.0,
        0.0
    ],
    "tpr_1": [
        0.0,
        0.0
    ],
    "fnr_0": [
        8.893418312072754,
        2.0587830543518066
    ],
    "fnr_1": [
        5.191503047943115,
        1.5976014137268066
    ],
    "par_0": [
        91.10658264160156,
        2.0587823390960693
    ],
    "par_1": [
        94.8084945678711,
        1.5976020097732544
    ],
    "fpr_0": [
        0.0,
        0.0
    ],
    "fpr_1": [
        0.0,
        0.0
    ],
    "tnr_0": [
        47.041961669921875,
        3.3358659744262695
    ],
    "tnr_1": [
        38.816734313964844,
        3.849123001098633
    ],
    "nar_0": [
        52.95803451538086,
        3.3358659744262695
    ],
    "nar_1": [
        61.183265686035156,
        3.84912371635437
    ]
}