{
    "cov": [
        78.5238265991211,
        0.7730928659439087
    ],
    "acc": [
        81.74964141845703,
        0.45222073793411255
    ],
    "pos_0": [
        3.1114859580993652,
        0.31825587153434753
    ],
    "pos_1": [
        3.1474194526672363,
        0.5690097212791443
    ],
    "neg_0": [
        75.64000701904297,
        0.818552553653717
    ],
    "neg_1": [
        74.89725494384766,
        1.8572582006454468
    ],
    "abs_0": [
        21.248502731323242,
        0.7251867651939392
    ],
    "abs_1": [
        21.955324172973633,
        1.7789297103881836
    ],
    "tpr_0": [
        9.770927429199219,
        0.9975718855857849
    ],
    "tpr_1": [
        17.990270614624023,
        2.8217124938964844
    ],
    "fnr_0": [
        58.17430114746094,
        1.356997013092041
    ],
    "fnr_1": [
        46.44009780883789,
        3.9688544273376465
    ],
    "par_0": [
        32.05477523803711,
        1.0230019092559814
    ],
    "par_1": [
        35.56963348388672,
        3.7635347843170166
    ],
    "fpr_0": [
        0.10648376494646072,
        0.04979267343878746
    ],
    "fpr_1": [
        1.2407495975494385,
        0.36609357595443726
    ],
    "tnr_0": [
        83.52136993408203,
        0.8373731970787048
    ],
    "tnr_1": [
        78.54591369628906,
        1.8484917879104614
    ],
    "nar_0": [
        16.372148513793945,
        0.8335630893707275
    ],
    "nar_1": [
        20.213340759277344,
        1.7810405492782593
    ]
}