{
    "cov": [
        38.80376052856445,
        0.700302243232727
    ],
    "acc": [
        89.38794708251953,
        0.4506252408027649
    ],
    "pos_0": [
        1.7032846212387085,
        0.3300919532775879
    ],
    "pos_1": [
        1.7559341192245483,
        0.31963470578193665
    ],
    "neg_0": [
        37.03752136230469,
        0.893812894821167
    ],
    "neg_1": [
        37.18132400512695,
        1.1796869039535522
    ],
    "abs_0": [
        61.259193420410156,
        0.7545298933982849
    ],
    "abs_1": [
        61.062740325927734,
        1.238700032234192
    ],
    "tpr_0": [
        5.388871669769287,
        1.0691688060760498
    ],
    "tpr_1": [
        13.540185928344727,
        2.521484851837158
    ],
    "fnr_0": [
        17.396270751953125,
        0.8294218182563782
    ],
    "fnr_1": [
        10.249980926513672,
        1.531310796737671
    ],
    "par_0": [
        77.21485900878906,
        1.0602868795394897
    ],
    "par_1": [
        76.20983123779297,
        2.9457197189331055
    ],
    "fpr_0": [
        0.04174668714404106,
        0.03148139268159866
    ],
    "fpr_1": [
        0.24387657642364502,
        0.0980788990855217
    ],
    "tnr_0": [
        45.896812438964844,
        0.9555838108062744
    ],
    "tnr_1": [
        40.635704040527344,
        1.2169488668441772
    ],
    "nar_0": [
        54.061439514160156,
        0.9463056921958923
    ],
    "nar_1": [
        59.120418548583984,
        1.2143036127090454
    ]
}