{
    "cov": [
        40.16495132446289,
        2.297184467315674
    ],
    "acc": [
        97.09346771240234,
        0.49213409423828125
    ],
    "pos_0": [
        0.0013074030866846442,
        0.006537015549838543
    ],
    "pos_1": [
        0.0,
        0.0
    ],
    "neg_0": [
        24.791561126708984,
        1.8537615537643433
    ],
    "neg_1": [
        72.25040435791016,
        3.8016624450683594
    ],
    "abs_0": [
        75.2071304321289,
        1.8545055389404297
    ],
    "abs_1": [
        27.74959373474121,
        3.8016624450683594
    ],
    "tpr_0": [
        0.004312668461352587,
        0.021563341841101646
    ],
    "tpr_1": [
        0.0,
        0.0
    ],
    "fnr_0": [
        1.9361112117767334,
        0.5652569532394409
    ],
    "fnr_1": [
        20.633207321166992,
        4.332239151000977
    ],
    "par_0": [
        98.0595703125,
        0.5695436596870422
    ],
    "par_1": [
        79.3667984008789,
        4.332238674163818
    ],
    "fpr_0": [
        0.0,
        0.0
    ],
    "fpr_1": [
        0.0,
        0.0
    ],
    "tnr_0": [
        35.17989730834961,
        2.5218913555145264
    ],
    "tnr_1": [
        78.91117858886719,
        3.8321850299835205
    ],
    "nar_0": [
        64.82009887695312,
        2.5218920707702637
    ],
    "nar_1": [
        21.088817596435547,
        3.832183837890625
    ]
}