{
    "cov": [
        83.08368682861328,
        2.849677801132202
    ],
    "acc": [
        87.38652038574219,
        1.0645456314086914
    ],
    "pos_0": [
        7.842582702636719,
        1.3980886936187744
    ],
    "pos_1": [
        1.7621430158615112,
        0.4099385440349579
    ],
    "neg_0": [
        69.82342529296875,
        3.490363359451294
    ],
    "neg_1": [
        92.6279067993164,
        1.3286031484603882
    ],
    "abs_0": [
        22.333984375,
        3.6932425498962402
    ],
    "abs_1": [
        5.609946250915527,
        1.3865251541137695
    ],
    "tpr_0": [
        22.506765365600586,
        3.4120848178863525
    ],
    "tpr_1": [
        14.622241020202637,
        3.2065927982330322
    ],
    "fnr_0": [
        37.20146560668945,
        4.745446681976318
    ],
    "fnr_1": [
        55.84531021118164,
        6.549009323120117
    ],
    "par_0": [
        40.291770935058594,
        5.702584743499756
    ],
    "par_1": [
        29.53244400024414,
        7.571008682250977
    ],
    "fpr_0": [
        1.1830657720565796,
        0.5592662692070007
    ],
    "fpr_1": [
        0.1021663099527359,
        0.07148479670286179
    ],
    "tnr_0": [
        84.65011596679688,
        2.9310126304626465
    ],
    "tnr_1": [
        97.37501525878906,
        0.7230671644210815
    ],
    "nar_0": [
        14.166815757751465,
        2.9411165714263916
    ],
    "nar_1": [
        2.5228111743927,
        0.7104313373565674
    ]
}