{
    "cov": [
        84.5121078491211,
        2.1788015365600586
    ],
    "acc": [
        82.49938201904297,
        0.9347593784332275
    ],
    "pos_0": [
        0.0,
        0.0
    ],
    "pos_1": [
        0.0,
        0.0
    ],
    "neg_0": [
        83.82316589355469,
        2.2181038856506348
    ],
    "neg_1": [
        85.95795440673828,
        2.4809799194335938
    ],
    "abs_0": [
        16.17683982849121,
        2.218104124069214
    ],
    "abs_1": [
        14.042037963867188,
        2.4809796810150146
    ],
    "tpr_0": [
        0.0,
        0.0
    ],
    "tpr_1": [
        0.0,
        0.0
    ],
    "fnr_0": [
        62.51547622680664,
        3.9498965740203857
    ],
    "fnr_1": [
        43.19524383544922,
        8.090923309326172
    ],
    "par_0": [
        37.48452377319336,
        3.949896812438965
    ],
    "par_1": [
        56.80475616455078,
        8.090923309326172
    ],
    "fpr_0": [
        0.0,
        0.0
    ],
    "fpr_1": [
        0.0,
        0.0
    ],
    "tnr_0": [
        93.5008544921875,
        1.5421602725982666
    ],
    "tnr_1": [
        91.48054504394531,
        2.0915400981903076
    ],
    "nar_0": [
        6.499143123626709,
        1.5421602725982666
    ],
    "nar_1": [
        8.519448280334473,
        2.091538906097412
    ]
}