{
    "cov": [
        58.47783660888672,
        2.1689350605010986
    ],
    "acc": [
        94.68280792236328,
        0.7638161182403564
    ],
    "pos_0": [
        2.7108821868896484,
        0.2536933720111847
    ],
    "pos_1": [
        0.8840545415878296,
        0.2343197613954544
    ],
    "neg_0": [
        43.341880798339844,
        2.9215633869171143
    ],
    "neg_1": [
        83.51782989501953,
        1.636397123336792
    ],
    "abs_0": [
        53.947235107421875,
        2.8189961910247803
    ],
    "abs_1": [
        15.598114967346191,
        1.6159379482269287
    ],
    "tpr_0": [
        8.611641883850098,
        0.7947753667831421
    ],
    "tpr_1": [
        7.51864767074585,
        1.8776848316192627
    ],
    "fnr_0": [
        9.57491397857666,
        2.1397805213928223
    ],
    "fnr_1": [
        29.039926528930664,
        4.067285537719727
    ],
    "par_0": [
        81.81344604492188,
        1.9938668012619019
    ],
    "par_1": [
        63.4414176940918,
        4.251237869262695
    ],
    "fpr_0": [
        0.029599880799651146,
        0.026288649067282677
    ],
    "fpr_1": [
        0.02638844959437847,
        0.029183916747570038
    ],
    "tnr_0": [
        58.685550689697266,
        3.4041810035705566
    ],
    "tnr_1": [
        90.54962921142578,
        1.4613832235336304
    ],
    "nar_0": [
        41.28484344482422,
        3.397139310836792
    ],
    "nar_1": [
        9.423986434936523,
        1.463883399963379
    ]
}