{
    "cov": [
        29.018022537231445,
        3.9070019721984863
    ],
    "acc": [
        96.76093292236328,
        1.1334420442581177
    ],
    "pos_0": [
        0.0,
        0.0
    ],
    "pos_1": [
        0.0,
        0.0
    ],
    "neg_0": [
        26.741161346435547,
        4.094461917877197
    ],
    "neg_1": [
        33.770957946777344,
        4.165897846221924
    ],
    "abs_0": [
        73.25884246826172,
        4.094460964202881
    ],
    "abs_1": [
        66.22904205322266,
        4.165897846221924
    ],
    "tpr_0": [
        0.0,
        0.0
    ],
    "tpr_1": [
        0.0,
        0.0
    ],
    "fnr_0": [
        3.8598294258117676,
        1.8842509984970093
    ],
    "fnr_1": [
        4.2453508377075195,
        2.0000228881835938
    ],
    "par_0": [
        96.14017486572266,
        1.884252667427063
    ],
    "par_1": [
        95.75464630126953,
        2.000023126602173
    ],
    "fpr_0": [
        0.0,
        0.0
    ],
    "fpr_1": [
        0.0,
        0.0
    ],
    "tnr_0": [
        37.13496398925781,
        5.165673732757568
    ],
    "tnr_1": [
        37.58677673339844,
        4.605356216430664
    ],
    "nar_0": [
        62.86503601074219,
        5.165673732757568
    ],
    "nar_1": [
        62.4132194519043,
        4.605356216430664
    ]
}