{
    "cov": [
        96.33609771728516,
        1.4529058933258057
    ],
    "acc": [
        81.33277130126953,
        0.7628218531608582
    ],
    "pos_0": [
        6.736086368560791,
        1.0707882642745972
    ],
    "pos_1": [
        2.27241849899292,
        0.5447503924369812
    ],
    "neg_0": [
        88.81465911865234,
        2.042534828186035
    ],
    "neg_1": [
        95.70382690429688,
        1.1002761125564575
    ],
    "abs_0": [
        4.449256896972656,
        1.7354873418807983
    ],
    "abs_1": [
        2.0237483978271484,
        0.9199474453926086
    ],
    "tpr_0": [
        19.559553146362305,
        2.691204786300659
    ],
    "tpr_1": [
        17.61641502380371,
        3.833376407623291
    ],
    "fnr_0": [
        70.27442169189453,
        4.180660247802734
    ],
    "fnr_1": [
        71.14034271240234,
        5.302601337432861
    ],
    "par_0": [
        10.166023254394531,
        3.765139579772949
    ],
    "par_1": [
        11.243242263793945,
        4.495251178741455
    ],
    "fpr_0": [
        0.914874255657196,
        0.44351866841316223
    ],
    "fpr_1": [
        0.2931509017944336,
        0.17872916162014008
    ],
    "tnr_0": [
        97.24046325683594,
        1.1114763021469116
    ],
    "tnr_1": [
        98.87116241455078,
        0.6225804090499878
    ],
    "nar_0": [
        1.84465491771698,
        0.8493939638137817
    ],
    "nar_1": [
        0.8356850743293762,
        0.5234225988388062
    ]
}