{
    "cov": [
        21.745494842529297,
        0.7600318789482117
    ],
    "acc": [
        94.51339721679688,
        0.40016525983810425
    ],
    "pos_0": [
        1.4230679273605347,
        0.2821027636528015
    ],
    "pos_1": [
        1.5098581314086914,
        0.29088330268859863
    ],
    "neg_0": [
        20.159326553344727,
        1.1356616020202637
    ],
    "neg_1": [
        20.573362350463867,
        1.0105901956558228
    ],
    "abs_0": [
        78.41761016845703,
        0.9820767641067505
    ],
    "abs_1": [
        77.91677856445312,
        1.0595009326934814
    ],
    "tpr_0": [
        4.495443820953369,
        0.9113688468933105
    ],
    "tpr_1": [
        12.339315414428711,
        2.550197124481201
    ],
    "fnr_0": [
        4.7404704093933105,
        0.5591173768043518
    ],
    "fnr_1": [
        4.0222578048706055,
        0.745112419128418
    ],
    "par_0": [
        90.76408386230469,
        0.8620249629020691
    ],
    "par_1": [
        83.638427734375,
        2.8745675086975098
    ],
    "fpr_0": [
        0.037974968552589417,
        0.026464493945240974
    ],
    "fpr_1": [
        0.1196737214922905,
        0.04315363988280296
    ],
    "tnr_0": [
        27.114158630371094,
        1.428880214691162
    ],
    "tnr_1": [
        22.697721481323242,
        1.1056634187698364
    ],
    "nar_0": [
        72.84786987304688,
        1.4282567501068115
    ],
    "nar_1": [
        77.1825942993164,
        1.1142476797103882
    ]
}