{
    "cov": [
        81.79945373535156,
        2.319291591644287
    ],
    "acc": [
        83.37336730957031,
        0.8623539209365845
    ],
    "pos_0": [
        0.0,
        0.0
    ],
    "pos_1": [
        0.0,
        0.0
    ],
    "neg_0": [
        81.002197265625,
        2.623373508453369
    ],
    "neg_1": [
        83.4628677368164,
        2.082301616668701
    ],
    "abs_0": [
        18.997798919677734,
        2.6233739852905273
    ],
    "abs_1": [
        16.537128448486328,
        2.082301378250122
    ],
    "tpr_0": [
        0.0,
        0.0
    ],
    "tpr_1": [
        0.0,
        0.0
    ],
    "fnr_0": [
        57.656150817871094,
        4.157571792602539
    ],
    "fnr_1": [
        38.69425964355469,
        4.914518356323242
    ],
    "par_0": [
        42.34384536743164,
        4.157571315765381
    ],
    "par_1": [
        61.30574035644531,
        4.914517402648926
    ],
    "fpr_0": [
        0.0,
        0.0
    ],
    "fpr_1": [
        0.0,
        0.0
    ],
    "tnr_0": [
        91.60994720458984,
        1.9816664457321167
    ],
    "tnr_1": [
        89.239501953125,
        2.0923876762390137
    ],
    "nar_0": [
        8.390047073364258,
        1.9816672801971436
    ],
    "nar_1": [
        10.760501861572266,
        2.0923874378204346
    ]
}