{
    "cov": [
        79.46578216552734,
        2.838855504989624
    ],
    "acc": [
        86.916259765625,
        1.0259153842926025
    ],
    "pos_0": [
        2.813788652420044,
        0.8003902435302734
    ],
    "pos_1": [
        0.9289404153823853,
        0.37859123945236206
    ],
    "neg_0": [
        72.60321807861328,
        3.4592249393463135
    ],
    "neg_1": [
        86.99996185302734,
        1.6440739631652832
    ],
    "abs_0": [
        24.582998275756836,
        3.681368112564087
    ],
    "abs_1": [
        12.071098327636719,
        1.7192914485931396
    ],
    "tpr_0": [
        8.778712272644043,
        2.460308790206909
    ],
    "tpr_1": [
        7.6463623046875,
        2.969818115234375
    ],
    "fnr_0": [
        42.07701873779297,
        4.90610408782959
    ],
    "fnr_1": [
        39.39564514160156,
        4.269044399261475
    ],
    "par_0": [
        49.14426803588867,
        5.6677632331848145
    ],
    "par_1": [
        52.95799255371094,
        5.069855213165283
    ],
    "fpr_0": [
        0.1099758893251419,
        0.11230165511369705
    ],
    "fpr_1": [
        0.06624588370323181,
        0.0729747861623764
    ],
    "tnr_0": [
        86.47419738769531,
        2.948554754257202
    ],
    "tnr_1": [
        93.14796447753906,
        1.4729362726211548
    ],
    "nar_0": [
        13.41583251953125,
        2.937577486038208
    ],
    "nar_1": [
        6.785776615142822,
        1.4737131595611572
    ]
}