{
    "cov": [
        14.967826843261719,
        3.0688741207122803
    ],
    "acc": [
        99.54719543457031,
        0.2256217747926712
    ],
    "pos_0": [
        0.5538784861564636,
        0.27018603682518005
    ],
    "pos_1": [
        0.14292879402637482,
        0.11973493546247482
    ],
    "neg_0": [
        13.504267692565918,
        2.5000507831573486
    ],
    "neg_1": [
        16.720191955566406,
        3.9751996994018555
    ],
    "abs_0": [
        85.94185638427734,
        2.657691478729248
    ],
    "abs_1": [
        83.13687133789062,
        4.042355537414551
    ],
    "tpr_0": [
        1.7772701978683472,
        0.8663412928581238
    ],
    "tpr_1": [
        1.2718480825424194,
        1.085432767868042
    ],
    "fnr_0": [
        0.27915510535240173,
        0.15245787799358368
    ],
    "fnr_1": [
        0.3607522249221802,
        0.4407144784927368
    ],
    "par_0": [
        97.94357299804688,
        0.9250418543815613
    ],
    "par_1": [
        98.36740112304688,
        1.18720543384552
    ],
    "fpr_0": [
        0.0,
        0.0
    ],
    "fpr_1": [
        0.0,
        0.0
    ],
    "tnr_0": [
        19.506189346313477,
        3.5289063453674316
    ],
    "tnr_1": [
        18.82132911682129,
        4.424292087554932
    ],
    "nar_0": [
        80.49380493164062,
        3.5289058685302734
    ],
    "nar_1": [
        81.17867279052734,
        4.424293041229248
    ]
}