{
    "cov": [
        84.06501007080078,
        2.0117733478546143
    ],
    "acc": [
        82.96334075927734,
        0.6867307424545288
    ],
    "pos_0": [
        0.1721777468919754,
        0.7367949485778809
    ],
    "pos_1": [
        0.14546522498130798,
        0.6721737384796143
    ],
    "neg_0": [
        82.67749786376953,
        1.7521547079086304
    ],
    "neg_1": [
        86.45822143554688,
        1.451257586479187
    ],
    "abs_0": [
        17.150320053100586,
        2.219866991043091
    ],
    "abs_1": [
        13.396312713623047,
        1.8148399591445923
    ],
    "tpr_0": [
        0.5378913283348083,
        2.2862675189971924
    ],
    "tpr_1": [
        1.0197510719299316,
        4.616425514221191
    ],
    "fnr_0": [
        60.25312805175781,
        3.007882595062256
    ],
    "fnr_1": [
        42.94697189331055,
        5.258705139160156
    ],
    "par_0": [
        39.20897674560547,
        4.575316905975342
    ],
    "par_1": [
        56.03327560424805,
        7.481651306152344
    ],
    "fpr_0": [
        0.008468595333397388,
        0.04234297573566437
    ],
    "fpr_1": [
        0.026782197877764702,
        0.13391098380088806
    ],
    "tnr_0": [
        92.86908721923828,
        1.2114131450653076
    ],
    "tnr_1": [
        92.07357025146484,
        1.3394875526428223
    ],
    "nar_0": [
        7.122441291809082,
        1.2335577011108398
    ],
    "nar_1": [
        7.899637222290039,
        1.4031165838241577
    ]
}