{
    "cov": [
        99.69706726074219,
        1.5146484375
    ],
    "acc": [
        79.75594329833984,
        0.5138454437255859
    ],
    "pos_0": [
        6.39341402053833,
        1.555464267730713
    ],
    "pos_1": [
        5.154861927032471,
        1.6920466423034668
    ],
    "neg_0": [
        93.31002044677734,
        0.8173765540122986
    ],
    "neg_1": [
        94.52877044677734,
        1.4027376174926758
    ],
    "abs_0": [
        0.2965618371963501,
        1.4828091859817505
    ],
    "abs_1": [
        0.31636863946914673,
        1.5818432569503784
    ],
    "tpr_0": [
        18.760515213012695,
        4.404190540313721
    ],
    "tpr_1": [
        33.328521728515625,
        10.013607025146484
    ],
    "fnr_0": [
        80.40777587890625,
        2.045367479324341
    ],
    "fnr_1": [
        64.92449188232422,
        7.434407711029053
    ],
    "par_0": [
        0.8317046165466309,
        4.158523082733154
    ],
    "par_1": [
        1.7469878196716309,
        8.734939575195312
    ],
    "fpr_0": [
        0.7588658928871155,
        0.3419385850429535
    ],
    "fpr_1": [
        1.5268642902374268,
        0.6868430972099304
    ],
    "tnr_0": [
        99.17407989501953,
        0.35116690397262573
    ],
    "tnr_1": [
        98.34114074707031,
        0.6981568336486816
    ],
    "nar_0": [
        0.06705471128225327,
        0.3352735638618469
    ],
    "nar_1": [
        0.1319875717163086,
        0.6599379181861877
    ]
}