{
    "cov": [
        78.33145141601562,
        1.618911862373352
    ],
    "acc": [
        84.63206481933594,
        0.7091728448867798
    ],
    "pos_0": [
        0.026823682710528374,
        0.13411840796470642
    ],
    "pos_1": [
        0.010917775332927704,
        0.05458887666463852
    ],
    "neg_0": [
        76.980712890625,
        1.7351762056350708
    ],
    "neg_1": [
        81.08485412597656,
        1.7021714448928833
    ],
    "abs_0": [
        22.992460250854492,
        1.7504078149795532
    ],
    "abs_1": [
        18.904220581054688,
        1.70609712600708
    ],
    "tpr_0": [
        0.0840594545006752,
        0.4202972948551178
    ],
    "tpr_1": [
        0.09065155684947968,
        0.45325779914855957
    ],
    "fnr_0": [
        51.01316452026367,
        2.8645217418670654
    ],
    "fnr_1": [
        34.246177673339844,
        5.127716064453125
    ],
    "par_0": [
        48.90277099609375,
        2.9637248516082764
    ],
    "par_1": [
        65.66316986083984,
        5.301875114440918
    ],
    "fpr_0": [
        0.0,
        0.0
    ],
    "fpr_1": [
        0.0,
        0.0
    ],
    "tnr_0": [
        88.78343200683594,
        1.318780779838562
    ],
    "tnr_1": [
        87.1263198852539,
        1.6632903814315796
    ],
    "nar_0": [
        11.216569900512695,
        1.318779468536377
    ],
    "nar_1": [
        12.87368392944336,
        1.6632901430130005
    ]
}