{
    "cov": [
        71.48479461669922,
        2.4984335899353027
    ],
    "acc": [
        86.9495849609375,
        0.585550844669342
    ],
    "pos_0": [
        0.6916022896766663,
        0.16460692882537842
    ],
    "pos_1": [
        0.21873337030410767,
        0.08820554614067078
    ],
    "neg_0": [
        69.98564910888672,
        2.2558786869049072
    ],
    "neg_1": [
        72.96051025390625,
        3.332340955734253
    ],
    "abs_0": [
        29.32274627685547,
        2.273759365081787
    ],
    "abs_1": [
        26.82075309753418,
        3.344026565551758
    ],
    "tpr_0": [
        2.200429677963257,
        0.5218284726142883
    ],
    "tpr_1": [
        1.9248727560043335,
        0.7993279099464417
    ],
    "fnr_0": [
        40.170406341552734,
        2.528806209564209
    ],
    "fnr_1": [
        22.91509246826172,
        3.968080997467041
    ],
    "par_0": [
        57.62915802001953,
        2.598447322845459
    ],
    "par_1": [
        75.1600341796875,
        3.9861037731170654
    ],
    "fpr_0": [
        0.005716072861105204,
        0.012465815991163254
    ],
    "fpr_1": [
        0.0,
        0.0
    ],
    "tnr_0": [
        83.53453063964844,
        2.1603009700775146
    ],
    "tnr_1": [
        79.42015838623047,
        3.4546589851379395
    ],
    "nar_0": [
        16.459754943847656,
        2.1603262424468994
    ],
    "nar_1": [
        20.579833984375,
        3.454657793045044
    ]
}