{
    "cov": [
        66.95720672607422,
        3.168968677520752
    ],
    "acc": [
        87.33525085449219,
        1.1921533346176147
    ],
    "pos_0": [
        0.0,
        0.0
    ],
    "pos_1": [
        0.0,
        0.0
    ],
    "neg_0": [
        66.26148986816406,
        3.406461715698242
    ],
    "neg_1": [
        68.41275024414062,
        3.099912166595459
    ],
    "abs_0": [
        33.73851013183594,
        3.4064624309539795
    ],
    "abs_1": [
        31.587242126464844,
        3.0999128818511963
    ],
    "tpr_0": [
        0.0,
        0.0
    ],
    "tpr_1": [
        0.0,
        0.0
    ],
    "fnr_0": [
        36.67230987548828,
        4.790249824523926
    ],
    "fnr_1": [
        20.619413375854492,
        4.670286178588867
    ],
    "par_0": [
        63.32768249511719,
        4.790248394012451
    ],
    "par_1": [
        79.3805923461914,
        4.670284748077393
    ],
    "fpr_0": [
        0.0,
        0.0
    ],
    "fpr_1": [
        0.0,
        0.0
    ],
    "tnr_0": [
        79.70768737792969,
        2.9164834022521973
    ],
    "tnr_1": [
        74.5840072631836,
        3.1376121044158936
    ],
    "nar_0": [
        20.29231071472168,
        2.916483163833618
    ],
    "nar_1": [
        25.415990829467773,
        3.1376121044158936
    ]
}