{
    "cov": [
        77.60353088378906,
        3.4941158294677734
    ],
    "acc": [
        89.07662200927734,
        1.2597744464874268
    ],
    "pos_0": [
        5.94979190826416,
        1.028869390487671
    ],
    "pos_1": [
        1.3214727640151978,
        0.3820382356643677
    ],
    "neg_0": [
        64.25498962402344,
        4.776547431945801
    ],
    "neg_1": [
        91.7205810546875,
        2.087791681289673
    ],
    "abs_0": [
        29.79522132873535,
        4.585915565490723
    ],
    "abs_1": [
        6.957944393157959,
        2.092423439025879
    ],
    "tpr_0": [
        17.863962173461914,
        2.7127280235290527
    ],
    "tpr_1": [
        11.14736557006836,
        3.164928436279297
    ],
    "fnr_0": [
        29.892560958862305,
        5.391782283782959
    ],
    "fnr_1": [
        52.29402160644531,
        9.350275039672852
    ],
    "par_0": [
        52.24347686767578,
        5.475217819213867
    ],
    "par_1": [
        36.55860900878906,
        9.532670974731445
    ],
    "fpr_0": [
        0.5321988463401794,
        0.2932298481464386
    ],
    "fpr_1": [
        0.055588655173778534,
        0.04472745209932327
    ],
    "tnr_0": [
        79.87294006347656,
        4.546914100646973
    ],
    "tnr_1": [
        96.80602264404297,
        1.2325464487075806
    ],
    "nar_0": [
        19.594863891601562,
        4.441841125488281
    ],
    "nar_1": [
        3.1383910179138184,
        1.2256485223770142
    ]
}