{
    "cov": [
        70.84355926513672,
        2.3794021606445312
    ],
    "acc": [
        87.07674407958984,
        0.6982243061065674
    ],
    "pos_0": [
        0.6427072882652283,
        0.21190111339092255
    ],
    "pos_1": [
        0.1935388147830963,
        0.09436076134443283
    ],
    "neg_0": [
        69.46237182617188,
        2.497941017150879
    ],
    "neg_1": [
        72.19615936279297,
        2.387742280960083
    ],
    "abs_0": [
        29.894926071166992,
        2.5502872467041016
    ],
    "abs_1": [
        27.610301971435547,
        2.3969550132751465
    ],
    "tpr_0": [
        2.0503273010253906,
        0.6685696244239807
    ],
    "tpr_1": [
        1.7005140781402588,
        0.8679510951042175
    ],
    "fnr_0": [
        39.448631286621094,
        3.1001062393188477
    ],
    "fnr_1": [
        22.47515106201172,
        3.18912410736084
    ],
    "par_0": [
        58.50104522705078,
        3.2495391368865967
    ],
    "par_1": [
        75.82433319091797,
        3.1519272327423096
    ],
    "fpr_0": [
        0.0028515500016510487,
        0.007881369441747665
    ],
    "fpr_1": [
        0.0,
        0.0
    ],
    "tnr_0": [
        83.10257720947266,
        2.366956949234009
    ],
    "tnr_1": [
        78.61457061767578,
        2.4700522422790527
    ],
    "nar_0": [
        16.894561767578125,
        2.369757652282715
    ],
    "nar_1": [
        21.385419845581055,
        2.4700522422790527
    ]
}