{
    "cov": [
        43.02532196044922,
        3.781872510910034
    ],
    "acc": [
        95.47026824951172,
        0.9861261248588562
    ],
    "pos_0": [
        0.7859722971916199,
        0.15706408023834229
    ],
    "pos_1": [
        0.24566075205802917,
        0.08774299919605255
    ],
    "neg_0": [
        39.21222686767578,
        3.6440837383270264
    ],
    "neg_1": [
        49.10087966918945,
        4.276089668273926
    ],
    "abs_0": [
        60.001800537109375,
        3.652858018875122
    ],
    "abs_1": [
        50.65346145629883,
        4.277017593383789
    ],
    "tpr_0": [
        2.4979329109191895,
        0.4855068624019623
    ],
    "tpr_1": [
        2.131399393081665,
        0.7945556044578552
    ],
    "fnr_0": [
        7.903754711151123,
        2.5178773403167725
    ],
    "fnr_1": [
        8.185866355895996,
        2.222317934036255
    ],
    "par_0": [
        89.59830474853516,
        2.5339126586914062
    ],
    "par_1": [
        89.68273162841797,
        2.124385118484497
    ],
    "fpr_0": [
        0.007687738165259361,
        0.016683783382177353
    ],
    "fpr_1": [
        0.0030424045398831367,
        0.010530048049986362
    ],
    "tnr_0": [
        53.43712615966797,
        4.2631611824035645
    ],
    "tnr_1": [
        54.3859748840332,
        4.661443710327148
    ],
    "nar_0": [
        46.55518341064453,
        4.264404296875
    ],
    "nar_1": [
        45.61098098754883,
        4.663938045501709
    ]
}