{
    "cov": [
        26.407073974609375,
        3.0266692638397217
    ],
    "acc": [
        97.26618194580078,
        0.7363213300704956
    ],
    "pos_0": [
        0.5080747604370117,
        0.30430975556373596
    ],
    "pos_1": [
        0.15155471861362457,
        0.11063042283058167
    ],
    "neg_0": [
        27.23577880859375,
        2.920239210128784
    ],
    "neg_1": [
        23.456180572509766,
        3.620999813079834
    ],
    "abs_0": [
        72.25614929199219,
        3.048143148422241
    ],
    "abs_1": [
        76.39226531982422,
        3.655989646911621
    ],
    "tpr_0": [
        1.6233657598495483,
        0.9672662019729614
    ],
    "tpr_1": [
        1.3451873064041138,
        1.0095611810684204
    ],
    "fnr_0": [
        3.21090030670166,
        1.1168217658996582
    ],
    "fnr_1": [
        1.5372979640960693,
        0.9152703881263733
    ],
    "par_0": [
        95.16574096679688,
        1.6630704402923584
    ],
    "par_1": [
        97.11751556396484,
        1.4614871740341187
    ],
    "fpr_0": [
        0.0,
        0.0
    ],
    "fpr_1": [
        0.0,
        0.0
    ],
    "tnr_0": [
        38.149505615234375,
        3.7834713459014893
    ],
    "tnr_1": [
        26.278881072998047,
        3.9880053997039795
    ],
    "nar_0": [
        61.85049057006836,
        3.7834713459014893
    ],
    "nar_1": [
        73.72111511230469,
        3.988004207611084
    ]
}