{
    "cov": [
        2.60431170463562,
        4.955589771270752
    ],
    "acc": [
        23.815746307373047,
        43.2545051574707
    ],
    "pos_0": [
        0.10197789967060089,
        0.23922844231128693
    ],
    "pos_1": [
        0.03141380101442337,
        0.07565654814243317
    ],
    "neg_0": [
        3.070648670196533,
        5.7983808517456055
    ],
    "neg_1": [
        1.3958185911178589,
        2.830846071243286
    ],
    "abs_0": [
        96.8273696899414,
        5.980512619018555
    ],
    "abs_1": [
        98.57276153564453,
        2.888644218444824
    ],
    "tpr_0": [
        0.32383543252944946,
        0.759311854839325
    ],
    "tpr_1": [
        0.266150563955307,
        0.6390734314918518
    ],
    "fnr_0": [
        0.08335108309984207,
        0.17382046580314636
    ],
    "fnr_1": [
        0.09164077788591385,
        0.25015997886657715
    ],
    "par_0": [
        99.59281158447266,
        0.9098705649375916
    ],
    "par_1": [
        99.64220428466797,
        0.7854135036468506
    ],
    "fpr_0": [
        0.0,
        0.0
    ],
    "fpr_1": [
        0.0,
        0.0
    ],
    "tnr_0": [
        4.4459404945373535,
        8.384458541870117
    ],
    "tnr_1": [
        1.5667614936828613,
        3.1773972511291504
    ],
    "nar_0": [
        95.55406188964844,
        8.384458541870117
    ],
    "nar_1": [
        98.43324279785156,
        3.177396535873413
    ]
}