{
    "cov": [
        1.9679381847381592,
        0.2411041557788849
    ],
    "acc": [
        97.36528015136719,
        1.0172795057296753
    ],
    "pos_0": [
        0.8610801100730896,
        0.2982843220233917
    ],
    "pos_1": [
        0.9526498317718506,
        0.2764243483543396
    ],
    "neg_0": [
        1.0455185174942017,
        0.22924941778182983
    ],
    "neg_1": [
        1.142907738685608,
        0.36148393154144287
    ],
    "abs_0": [
        98.09339904785156,
        0.229831263422966
    ],
    "abs_1": [
        97.90443420410156,
        0.49656254053115845
    ],
    "tpr_0": [
        2.7137701511383057,
        0.9414125084877014
    ],
    "tpr_1": [
        8.039390563964844,
        2.3326215744018555
    ],
    "fnr_0": [
        0.11170151829719543,
        0.09315279871225357
    ],
    "fnr_1": [
        0.1303878277540207,
        0.17238859832286835
    ],
    "par_0": [
        97.17453002929688,
        0.91986483335495
    ],
    "par_1": [
        91.83021545410156,
        2.41572642326355
    ],
    "fpr_0": [
        0.024702217429876328,
        0.022175459191203117
    ],
    "fpr_1": [
        0.04143920913338661,
        0.02911137416958809
    ],
    "tnr_0": [
        1.4660638570785522,
        0.3133520483970642
    ],
    "tnr_1": [
        1.2720887660980225,
        0.4063628911972046
    ],
    "nar_0": [
        98.50923919677734,
        0.3067207932472229
    ],
    "nar_1": [
        98.68647766113281,
        0.4136015474796295
    ]
}