{
    "cov": [
        25.256826400756836,
        3.0856878757476807
    ],
    "acc": [
        97.5665054321289,
        0.785947859287262
    ],
    "pos_0": [
        0.5307344794273376,
        0.28926873207092285
    ],
    "pos_1": [
        0.17730017006397247,
        0.11593510210514069
    ],
    "neg_0": [
        26.087074279785156,
        3.1731269359588623
    ],
    "neg_1": [
        22.229509353637695,
        3.3320062160491943
    ],
    "abs_0": [
        73.38218688964844,
        3.2141904830932617
    ],
    "abs_1": [
        77.59319305419922,
        3.3742871284484863
    ],
    "tpr_0": [
        1.698028802871704,
        0.9234219789505005
    ],
    "tpr_1": [
        1.564392328262329,
        1.0377148389816284
    ],
    "fnr_0": [
        2.6762521266937256,
        1.029945969581604
    ],
    "fnr_1": [
        1.716549038887024,
        0.9974939823150635
    ],
    "par_0": [
        95.62571716308594,
        1.3482096195220947
    ],
    "par_1": [
        96.71904754638672,
        1.5229146480560303
    ],
    "fpr_0": [
        0.0,
        0.0
    ],
    "fpr_1": [
        0.0,
        0.0
    ],
    "tnr_0": [
        36.719879150390625,
        4.16876220703125
    ],
    "tnr_1": [
        24.8768310546875,
        3.6515486240386963
    ],
    "nar_0": [
        63.28011703491211,
        4.168763637542725
    ],
    "nar_1": [
        75.1231689453125,
        3.6515462398529053
    ]
}