{
    "cov": [
        97.01095581054688,
        2.440107822418213
    ],
    "acc": [
        78.02407836914062,
        0.8671281337738037
    ],
    "pos_0": [
        1.756663203239441,
        2.10404634475708
    ],
    "pos_1": [
        0.48906585574150085,
        0.7700141668319702
    ],
    "neg_0": [
        94.90933227539062,
        1.5550203323364258
    ],
    "neg_1": [
        97.24842834472656,
        1.394386887550354
    ],
    "abs_0": [
        3.3340067863464355,
        2.790896415710449
    ],
    "abs_1": [
        2.2625091075897217,
        1.8292735815048218
    ],
    "tpr_0": [
        5.002692222595215,
        5.90441370010376
    ],
    "tpr_1": [
        3.3755276203155518,
        5.175875186920166
    ],
    "fnr_0": [
        85.65767669677734,
        3.850581407546997
    ],
    "fnr_1": [
        82.85917663574219,
        7.592200756072998
    ],
    "par_0": [
        9.339618682861328,
        7.600398063659668
    ],
    "par_1": [
        13.765291213989258,
        10.598206520080566
    ],
    "fpr_0": [
        0.2760535478591919,
        0.404085636138916
    ],
    "fpr_1": [
        0.12043309956789017,
        0.2290554940700531
    ],
    "tnr_0": [
        99.11083984375,
        0.5812773704528809
    ],
    "tnr_1": [
        99.09915924072266,
        0.7292789220809937
    ],
    "nar_0": [
        0.613115131855011,
        0.6824696660041809
    ],
    "nar_1": [
        0.7804051041603088,
        0.8131110668182373
    ]
}