{
    "cov": [
        40.50900650024414,
        2.607548475265503
    ],
    "acc": [
        92.9437255859375,
        1.2063484191894531
    ],
    "pos_0": [
        0.0,
        0.0
    ],
    "pos_1": [
        0.0,
        0.0
    ],
    "neg_0": [
        40.30403137207031,
        2.7717902660369873
    ],
    "neg_1": [
        40.93857192993164,
        3.2273876667022705
    ],
    "abs_0": [
        59.69596481323242,
        2.7717905044555664
    ],
    "abs_1": [
        59.061424255371094,
        3.2273876667022705
    ],
    "tpr_0": [
        0.0,
        0.0
    ],
    "tpr_1": [
        0.0,
        0.0
    ],
    "fnr_0": [
        12.28111743927002,
        2.6421782970428467
    ],
    "fnr_1": [
        7.66311502456665,
        2.25988507270813
    ],
    "par_0": [
        87.71888732910156,
        2.6421802043914795
    ],
    "par_1": [
        92.33688354492188,
        2.2598867416381836
    ],
    "fpr_0": [
        0.0,
        0.0
    ],
    "fpr_1": [
        0.0,
        0.0
    ],
    "tnr_0": [
        53.04237365722656,
        3.119807243347168
    ],
    "tnr_1": [
        45.23241424560547,
        3.446565628051758
    ],
    "nar_0": [
        46.95762634277344,
        3.119807243347168
    ],
    "nar_1": [
        54.767581939697266,
        3.446565628051758
    ]
}