{
    "cov": [
        45.698612213134766,
        0.7481029629707336
    ],
    "acc": [
        88.54927825927734,
        0.5117267370223999
    ],
    "pos_0": [
        1.9679269790649414,
        0.33208805322647095
    ],
    "pos_1": [
        2.0034468173980713,
        0.3261057734489441
    ],
    "neg_0": [
        43.58879470825195,
        0.8707018494606018
    ],
    "neg_1": [
        43.98838806152344,
        1.250421166419983
    ],
    "abs_0": [
        54.44327163696289,
        0.7626191973686218
    ],
    "abs_1": [
        54.00816345214844,
        1.2937194108963013
    ],
    "tpr_0": [
        6.2187371253967285,
        1.0759055614471436
    ],
    "tpr_1": [
        14.388668060302734,
        2.4065301418304443
    ],
    "fnr_0": [
        21.614355087280273,
        1.1121762990951538
    ],
    "fnr_1": [
        15.039079666137695,
        2.106431722640991
    ],
    "par_0": [
        72.16690063476562,
        1.3743013143539429
    ],
    "par_1": [
        70.57225036621094,
        3.3253448009490967
    ],
    "fpr_0": [
        0.051236897706985474,
        0.03317749872803688
    ],
    "fpr_1": [
        0.4138515889644623,
        0.14466091990470886
    ],
    "tnr_0": [
        53.5043830871582,
        1.0925285816192627
    ],
    "tnr_1": [
        47.69996643066406,
        1.2715858221054077
    ],
    "nar_0": [
        46.44438171386719,
        1.088245153427124
    ],
    "nar_1": [
        51.88618469238281,
        1.278363585472107
    ]
}