{
    "cov": [
        34.561859130859375,
        1.0797057151794434
    ],
    "acc": [
        90.09886932373047,
        0.6060330867767334
    ],
    "pos_0": [
        1.5945075750350952,
        0.3049522340297699
    ],
    "pos_1": [
        1.674466848373413,
        0.3116491436958313
    ],
    "neg_0": [
        32.858524322509766,
        1.4509884119033813
    ],
    "neg_1": [
        33.112403869628906,
        1.086026906967163
    ],
    "abs_0": [
        65.54696655273438,
        1.3387330770492554
    ],
    "abs_1": [
        65.21312713623047,
        1.1324042081832886
    ],
    "tpr_0": [
        5.040111541748047,
        0.9759474992752075
    ],
    "tpr_1": [
        13.19006061553955,
        2.5388948917388916
    ],
    "fnr_0": [
        14.456521034240723,
        1.3061199188232422
    ],
    "fnr_1": [
        8.665731430053711,
        1.3515287637710571
    ],
    "par_0": [
        80.50336456298828,
        1.3033045530319214
    ],
    "par_1": [
        78.14421081542969,
        2.7289233207702637
    ],
    "fpr_0": [
        0.04081035777926445,
        0.031671855598688126
    ],
    "fpr_1": [
        0.1962866336107254,
        0.08021803200244904
    ],
    "tnr_0": [
        41.15994644165039,
        1.4547464847564697
    ],
    "tnr_1": [
        36.25028991699219,
        1.0886130332946777
    ],
    "nar_0": [
        58.79924774169922,
        1.449863314628601
    ],
    "nar_1": [
        63.553428649902344,
        1.083418369293213
    ]
}