{
    "cov": [
        98.52293395996094,
        3.117469310760498
    ],
    "acc": [
        79.11974334716797,
        0.8920987248420715
    ],
    "pos_0": [
        5.797936916351318,
        3.329946756362915
    ],
    "pos_1": [
        1.8642830848693848,
        1.2692134380340576
    ],
    "neg_0": [
        92.35904693603516,
        2.0698177814483643
    ],
    "neg_1": [
        97.42417907714844,
        1.0583596229553223
    ],
    "abs_0": [
        1.843010663986206,
        3.9051449298858643
    ],
    "abs_1": [
        0.7115359902381897,
        1.49856698513031
    ],
    "tpr_0": [
        15.856694221496582,
        8.90802001953125
    ],
    "tpr_1": [
        12.557019233703613,
        8.111550331115723
    ],
    "fnr_0": [
        79.45094299316406,
        4.648001670837402
    ],
    "fnr_1": [
        83.19734191894531,
        5.620229721069336
    ],
    "par_0": [
        4.692363739013672,
        9.775172233581543
    ],
    "par_1": [
        4.245635509490967,
        8.723249435424805
    ],
    "fpr_0": [
        1.233715534210205,
        0.872164249420166
    ],
    "fpr_1": [
        0.47277382016181946,
        0.4094942510128021
    ],
    "tnr_0": [
        98.21512603759766,
        1.0059714317321777
    ],
    "tnr_1": [
        99.2577133178711,
        0.5583619475364685
    ],
    "nar_0": [
        0.551151692867279,
        1.2906713485717773
    ],
    "nar_1": [
        0.26951563358306885,
        0.63630211353302
    ]
}