{
    "cov": [
        56.69209289550781,
        3.7272980213165283
    ],
    "acc": [
        90.53868103027344,
        0.8274653553962708
    ],
    "pos_0": [
        0.523773193359375,
        0.3086536228656769
    ],
    "pos_1": [
        0.17244498431682587,
        0.1252048760652542
    ],
    "neg_0": [
        56.04541015625,
        3.349550485610962
    ],
    "neg_1": [
        56.77946472167969,
        4.408421516418457
    ],
    "abs_0": [
        43.430809020996094,
        3.481522798538208
    ],
    "abs_1": [
        43.04808807373047,
        4.4749345779418945
    ],
    "tpr_0": [
        1.6774523258209229,
        0.9868932366371155
    ],
    "tpr_1": [
        1.5197290182113647,
        1.115717887878418
    ],
    "fnr_0": [
        23.42278289794922,
        3.181373357772827
    ],
    "fnr_1": [
        11.647809982299805,
        2.1529300212860107
    ],
    "par_0": [
        74.8997573852539,
        3.618344783782959
    ],
    "par_1": [
        86.83245849609375,
        2.528773069381714
    ],
    "fpr_0": [
        0.0009409550111740828,
        0.0047047752887010574
    ],
    "fpr_1": [
        0.0,
        0.0
    ],
    "tnr_0": [
        70.86334991455078,
        3.4568612575531006
    ],
    "tnr_1": [
        62.60856246948242,
        4.871673107147217
    ],
    "nar_0": [
        29.13570785522461,
        3.4583287239074707
    ],
    "nar_1": [
        37.39143371582031,
        4.871674060821533
    ]
}