{
    "cov": [
        59.72139358520508,
        1.8765112161636353
    ],
    "acc": [
        94.40257263183594,
        0.5572545528411865
    ],
    "pos_0": [
        2.8626065254211426,
        0.41437870264053345
    ],
    "pos_1": [
        0.934232234954834,
        0.28759875893592834
    ],
    "neg_0": [
        44.90093231201172,
        2.3962574005126953
    ],
    "neg_1": [
        83.73514556884766,
        1.5542263984680176
    ],
    "abs_0": [
        52.23645782470703,
        2.410893678665161
    ],
    "abs_1": [
        15.330620765686035,
        1.5660115480422974
    ],
    "tpr_0": [
        9.091985702514648,
        1.3573002815246582
    ],
    "tpr_1": [
        7.918764591217041,
        2.2036681175231934
    ],
    "fnr_0": [
        10.625335693359375,
        1.4855468273162842
    ],
    "fnr_1": [
        29.069963455200195,
        3.4255785942077637
    ],
    "par_0": [
        80.28267669677734,
        1.8618237972259521
    ],
    "par_1": [
        63.011268615722656,
        3.900665283203125
    ],
    "fpr_0": [
        0.035337913781404495,
        0.029616227373480797
    ],
    "fpr_1": [
        0.031032251194119453,
        0.03730730339884758
    ],
    "tnr_0": [
        60.47468566894531,
        2.861469030380249
    ],
    "tnr_1": [
        90.79032135009766,
        1.5521422624588013
    ],
    "nar_0": [
        39.48997497558594,
        2.854243755340576
    ],
    "nar_1": [
        9.178641319274902,
        1.5502758026123047
    ]
}