{
    "cov": [
        90.11475372314453,
        2.02929425239563
    ],
    "acc": [
        84.39141082763672,
        0.8421542048454285
    ],
    "pos_0": [
        9.147774696350098,
        0.7376807332038879
    ],
    "pos_1": [
        1.3353731632232666,
        0.5455262064933777
    ],
    "neg_0": [
        77.58006286621094,
        2.5510287284851074
    ],
    "neg_1": [
        95.83921813964844,
        1.1202547550201416
    ],
    "abs_0": [
        13.272162437438965,
        2.6765904426574707
    ],
    "abs_1": [
        2.8254027366638184,
        1.347618579864502
    ],
    "tpr_0": [
        24.913114547729492,
        1.6183232069015503
    ],
    "tpr_1": [
        10.6051025390625,
        4.278835296630859
    ],
    "fnr_0": [
        49.42559814453125,
        4.059657096862793
    ],
    "fnr_1": [
        72.19013977050781,
        6.353525161743164
    ],
    "par_0": [
        25.66128158569336,
        4.476055145263672
    ],
    "par_1": [
        17.20475959777832,
        8.493658065795898
    ],
    "fpr_0": [
        1.9832910299301147,
        0.412402868270874
    ],
    "fpr_1": [
        0.1359264850616455,
        0.08825621008872986
    ],
    "tnr_0": [
        90.3740005493164,
        1.9557394981384277
    ],
    "tnr_1": [
        98.88505554199219,
        0.5286089181900024
    ],
    "nar_0": [
        7.642698764801025,
        1.9299527406692505
    ],
    "nar_1": [
        0.9790173172950745,
        0.5576061010360718
    ]
}