{
    "cov": [
        20.80486488342285,
        0.7545287013053894
    ],
    "acc": [
        94.6080093383789,
        0.48710012435913086
    ],
    "pos_0": [
        1.4138634204864502,
        0.28709638118743896
    ],
    "pos_1": [
        1.4975619316101074,
        0.2904253304004669
    ],
    "neg_0": [
        19.238454818725586,
        1.0456199645996094
    ],
    "neg_1": [
        19.6234188079834,
        1.0651308298110962
    ],
    "abs_0": [
        79.3476791381836,
        0.8795952200889587
    ],
    "abs_1": [
        78.87902069091797,
        1.1276500225067139
    ],
    "tpr_0": [
        4.465617656707764,
        0.927003026008606
    ],
    "tpr_1": [
        12.252913475036621,
        2.5076181888580322
    ],
    "fnr_0": [
        4.455838203430176,
        0.6076656579971313
    ],
    "fnr_1": [
        3.7447807788848877,
        0.7462503910064697
    ],
    "par_0": [
        91.07853698730469,
        0.7981287837028503
    ],
    "par_1": [
        84.00230407714844,
        2.8444645404815674
    ],
    "fpr_0": [
        0.037974968552589417,
        0.026464493945240974
    ],
    "fpr_1": [
        0.11660678684711456,
        0.04341226816177368
    ],
    "tnr_0": [
        25.906343460083008,
        1.2644802331924438
    ],
    "tnr_1": [
        21.661176681518555,
        1.1636451482772827
    ],
    "nar_0": [
        74.0556869506836,
        1.2613509893417358
    ],
    "nar_1": [
        78.22221374511719,
        1.1726974248886108
    ]
}