{
    "cov": [
        98.68081665039062,
        3.1275534629821777
    ],
    "acc": [
        79.71395111083984,
        0.6628282070159912
    ],
    "pos_0": [
        5.544315814971924,
        2.628734827041626
    ],
    "pos_1": [
        4.712339878082275,
        2.3832290172576904
    ],
    "neg_0": [
        93.0197525024414,
        1.4190502166748047
    ],
    "neg_1": [
        94.21522521972656,
        1.2697516679763794
    ],
    "abs_0": [
        1.4359256029129028,
        3.4125583171844482
    ],
    "abs_1": [
        1.072435736656189,
        2.528350353240967
    ],
    "tpr_0": [
        16.2579345703125,
        7.646862506866455
    ],
    "tpr_1": [
        29.735858917236328,
        14.470623970031738
    ],
    "fnr_0": [
        79.97734832763672,
        3.2118544578552246
    ],
    "fnr_1": [
        64.47715759277344,
        6.096275329589844
    ],
    "par_0": [
        3.76471209526062,
        8.908138275146484
    ],
    "par_1": [
        5.78698205947876,
        13.539161682128906
    ],
    "fpr_0": [
        0.6743259429931641,
        0.39998844265937805
    ],
    "fpr_1": [
        1.4706252813339233,
        0.9047256112098694
    ],
    "tnr_0": [
        98.94461822509766,
        0.7161956429481506
    ],
    "tnr_1": [
        98.0419692993164,
        0.8404644727706909
    ],
    "nar_0": [
        0.3810593783855438,
        0.9391064643859863
    ],
    "nar_1": [
        0.4874037802219391,
        1.1733696460723877
    ]
}