{
    "cov": [
        77.95732879638672,
        1.972726583480835
    ],
    "acc": [
        85.27501678466797,
        0.6401233077049255
    ],
    "pos_0": [
        0.6716217398643494,
        0.17471246421337128
    ],
    "pos_1": [
        0.21876287460327148,
        0.09881225973367691
    ],
    "neg_0": [
        76.40215301513672,
        2.1087381839752197
    ],
    "neg_1": [
        79.58667755126953,
        2.1508986949920654
    ],
    "abs_0": [
        22.926227569580078,
        2.082138776779175
    ],
    "abs_1": [
        20.194555282592773,
        2.170609712600708
    ],
    "tpr_0": [
        2.1437699794769287,
        0.5458777546882629
    ],
    "tpr_1": [
        1.9057667255401611,
        0.8674251437187195
    ],
    "fnr_0": [
        49.11307144165039,
        3.1562485694885254
    ],
    "fnr_1": [
        30.084823608398438,
        3.999662160873413
    ],
    "par_0": [
        48.7431526184082,
        3.1217079162597656
    ],
    "par_1": [
        68.00940704345703,
        4.298854351043701
    ],
    "fpr_0": [
        0.0019278326071798801,
        0.006672638468444347
    ],
    "fpr_1": [
        0.0015420200070366263,
        0.007710099685937166
    ],
    "tnr_0": [
        88.80402374267578,
        1.6955604553222656
    ],
    "tnr_1": [
        85.97474670410156,
        2.0684828758239746
    ],
    "nar_0": [
        11.194047927856445,
        1.6970415115356445
    ],
    "nar_1": [
        14.023713111877441,
        2.0692384243011475
    ]
}