{
    "cov": [
        89.97722625732422,
        4.536015510559082
    ],
    "acc": [
        81.41423034667969,
        0.9183514714241028
    ],
    "pos_0": [
        1.6520353555679321,
        2.587099313735962
    ],
    "pos_1": [
        1.0129889249801636,
        1.623059868812561
    ],
    "neg_0": [
        87.61857604980469,
        2.794036865234375
    ],
    "neg_1": [
        90.4251937866211,
        2.528513193130493
    ],
    "abs_0": [
        10.729392051696777,
        5.0411529541015625
    ],
    "abs_1": [
        8.561822891235352,
        3.676356315612793
    ],
    "tpr_0": [
        4.962214469909668,
        7.75475549697876
    ],
    "tpr_1": [
        7.329357147216797,
        11.552908897399902
    ],
    "fnr_0": [
        69.41727447509766,
        5.42197847366333
    ],
    "fnr_1": [
        53.15160369873047,
        9.379606246948242
    ],
    "par_0": [
        25.620512008666992,
        12.186882019042969
    ],
    "par_1": [
        39.51903533935547,
        16.78411865234375
    ],
    "fpr_0": [
        0.13859795033931732,
        0.24162963032722473
    ],
    "fpr_1": [
        0.1884349137544632,
        0.32560086250305176
    ],
    "tnr_0": [
        95.8946762084961,
        1.6724544763565063
    ],
    "tnr_1": [
        95.23507690429688,
        1.8476535081863403
    ],
    "nar_0": [
        3.9667229652404785,
        1.865556001663208
    ],
    "nar_1": [
        4.576479911804199,
        2.0596346855163574
    ]
}