{
    "cov": [
        31.625429153442383,
        3.71459698677063
    ],
    "acc": [
        96.21622467041016,
        1.0245611667633057
    ],
    "pos_0": [
        0.4540736973285675,
        0.3085884153842926
    ],
    "pos_1": [
        0.14780756831169128,
        0.12467009574174881
    ],
    "neg_0": [
        32.15907287597656,
        3.6937899589538574
    ],
    "neg_1": [
        29.406898498535156,
        4.070352554321289
    ],
    "abs_0": [
        67.38684844970703,
        3.7549033164978027
    ],
    "abs_1": [
        70.4452896118164,
        4.102234363555908
    ],
    "tpr_0": [
        1.4506179094314575,
        0.9831867218017578
    ],
    "tpr_1": [
        1.3047033548355103,
        1.1239712238311768
    ],
    "fnr_0": [
        5.319835186004639,
        2.023408889770508
    ],
    "fnr_1": [
        2.8064000606536865,
        1.4067041873931885
    ],
    "par_0": [
        93.22954559326172,
        2.302912473678589
    ],
    "par_1": [
        95.8888931274414,
        1.736515760421753
    ],
    "fpr_0": [
        0.0,
        0.0
    ],
    "fpr_1": [
        0.0,
        0.0
    ],
    "tnr_0": [
        44.355560302734375,
        4.485095977783203
    ],
    "tnr_1": [
        32.83551025390625,
        4.429927349090576
    ],
    "nar_0": [
        55.64443588256836,
        4.4850969314575195
    ],
    "nar_1": [
        67.16448974609375,
        4.429925918579102
    ]
}