{
    "cov": [
        56.69873046875,
        4.166815280914307
    ],
    "acc": [
        90.83877563476562,
        0.6218729019165039
    ],
    "pos_0": [
        0.9787036180496216,
        0.3820992410182953
    ],
    "pos_1": [
        0.39570876955986023,
        0.3025374114513397
    ],
    "neg_0": [
        55.28974533081055,
        3.8477511405944824
    ],
    "neg_1": [
        57.2001953125,
        4.586744785308838
    ],
    "abs_0": [
        43.73155212402344,
        4.012575149536133
    ],
    "abs_1": [
        42.40410232543945,
        4.7418341636657715
    ],
    "tpr_0": [
        3.1086690425872803,
        1.2306689023971558
    ],
    "tpr_1": [
        3.4135618209838867,
        2.5427379608154297
    ],
    "fnr_0": [
        22.642616271972656,
        2.6070852279663086
    ],
    "fnr_1": [
        11.083419799804688,
        1.6028358936309814
    ],
    "par_0": [
        74.24871063232422,
        3.0467324256896973
    ],
    "par_1": [
        85.50301361083984,
        3.339210271835327
    ],
    "fpr_0": [
        0.01240740530192852,
        0.015647148713469505
    ],
    "fpr_1": [
        0.007711685728281736,
        0.01574191264808178
    ],
    "tnr_0": [
        70.12432098388672,
        4.473294734954834
    ],
    "tnr_1": [
        63.15359878540039,
        5.133044242858887
    ],
    "nar_0": [
        29.86326026916504,
        4.4727959632873535
    ],
    "nar_1": [
        36.838687896728516,
        5.137390613555908
    ]
}