{
    "cov": [
        18.739635467529297,
        0.6387874484062195
    ],
    "acc": [
        95.35804748535156,
        0.6361072063446045
    ],
    "pos_0": [
        1.3954970836639404,
        0.2908429801464081
    ],
    "pos_1": [
        1.4745773077011108,
        0.30121558904647827
    ],
    "neg_0": [
        17.227521896362305,
        0.9375919103622437
    ],
    "neg_1": [
        17.50641441345215,
        1.0458850860595703
    ],
    "abs_0": [
        81.3769760131836,
        0.8014956116676331
    ],
    "abs_1": [
        81.01901245117188,
        1.0656617879867554
    ],
    "tpr_0": [
        4.406525135040283,
        0.9378666281700134
    ],
    "tpr_1": [
        12.132533073425293,
        2.5568597316741943
    ],
    "fnr_0": [
        3.3686156272888184,
        0.6398298740386963
    ],
    "fnr_1": [
        3.1711461544036865,
        0.80982905626297
    ],
    "par_0": [
        92.224853515625,
        0.7674742341041565
    ],
    "par_1": [
        84.69631958007812,
        2.872854709625244
    ],
    "fpr_0": [
        0.037974968552589417,
        0.026464493945240974
    ],
    "fpr_1": [
        0.10592829436063766,
        0.04473654553294182
    ],
    "tnr_0": [
        23.478187561035156,
        1.1089082956314087
    ],
    "tnr_1": [
        19.346466064453125,
        1.1340628862380981
    ],
    "nar_0": [
        76.48384094238281,
        1.1069971323013306
    ],
    "nar_1": [
        80.54761505126953,
        1.1456847190856934
    ]
}