{
    "cov": [
        34.18507385253906,
        3.191399335861206
    ],
    "acc": [
        98.31304168701172,
        0.3391934335231781
    ],
    "pos_0": [
        2.1889140605926514,
        0.5617603659629822
    ],
    "pos_1": [
        0.5466781258583069,
        0.22286063432693481
    ],
    "neg_0": [
        20.842180252075195,
        1.7757889032363892
    ],
    "neg_1": [
        56.94978713989258,
        6.469358921051025
    ],
    "abs_0": [
        76.96890258789062,
        2.1263577938079834
    ],
    "abs_1": [
        42.5035285949707,
        6.549591541290283
    ],
    "tpr_0": [
        6.964780807495117,
        1.7862151861190796
    ],
    "tpr_1": [
        4.646665096282959,
        1.8501665592193604
    ],
    "fnr_0": [
        1.1570829153060913,
        0.3980153501033783
    ],
    "fnr_1": [
        8.742605209350586,
        2.581369400024414
    ],
    "par_0": [
        91.87813568115234,
        1.9534751176834106
    ],
    "par_1": [
        86.6107177734375,
        3.309199333190918
    ],
    "fpr_0": [
        0.02193380333483219,
        0.024951601400971413
    ],
    "fpr_1": [
        0.01867848075926304,
        0.02556251734495163
    ],
    "tnr_0": [
        29.788164138793945,
        2.455892562866211
    ],
    "tnr_1": [
        63.16963577270508,
        7.001476764678955
    ],
    "nar_0": [
        70.18990325927734,
        2.455282688140869
    ],
    "nar_1": [
        36.811683654785156,
        7.0047926902771
    ]
}