{
    "cov": [
        29.86622428894043,
        2.1145949363708496
    ],
    "acc": [
        98.70819854736328,
        0.26401472091674805
    ],
    "pos_0": [
        2.083672285079956,
        0.5602287650108337
    ],
    "pos_1": [
        0.5428475737571716,
        0.23169492185115814
    ],
    "neg_0": [
        18.368528366088867,
        1.4824461936950684
    ],
    "neg_1": [
        48.964900970458984,
        4.119838714599609
    ],
    "abs_0": [
        79.54779815673828,
        1.7460250854492188
    ],
    "abs_1": [
        50.49224853515625,
        4.229399681091309
    ],
    "tpr_0": [
        6.601373195648193,
        1.7282754182815552
    ],
    "tpr_1": [
        4.589155673980713,
        2.0139145851135254
    ],
    "fnr_0": [
        0.7346914410591125,
        0.24005945026874542
    ],
    "fnr_1": [
        5.746468544006348,
        1.84035062789917
    ],
    "par_0": [
        92.66393280029297,
        1.7925773859024048
    ],
    "par_1": [
        89.66437530517578,
        2.6790308952331543
    ],
    "fpr_0": [
        0.023845847696065903,
        0.025032153353095055
    ],
    "fpr_1": [
        0.02329830639064312,
        0.025233224034309387
    ],
    "tnr_0": [
        26.384252548217773,
        2.1048777103424072
    ],
    "tnr_1": [
        54.54368591308594,
        4.5531535148620605
    ],
    "nar_0": [
        73.59190368652344,
        2.1127970218658447
    ],
    "nar_1": [
        45.43301010131836,
        4.562012672424316
    ]
}