{
    "cov": [
        93.23604583740234,
        1.9126834869384766
    ],
    "acc": [
        79.47589874267578,
        1.1678369045257568
    ],
    "pos_0": [
        0.6130924820899963,
        0.44238314032554626
    ],
    "pos_1": [
        0.20221750438213348,
        0.15282751619815826
    ],
    "neg_0": [
        92.53633880615234,
        1.9757535457611084
    ],
    "neg_1": [
        93.21505737304688,
        2.1594457626342773
    ],
    "abs_0": [
        6.850569725036621,
        1.8830922842025757
    ],
    "abs_1": [
        6.58272123336792,
        2.1281015872955322
    ],
    "tpr_0": [
        1.941649317741394,
        1.3911988735198975
    ],
    "tpr_1": [
        1.7759472131729126,
        1.371942400932312
    ],
    "fnr_0": [
        79.56094360351562,
        4.8533172607421875
    ],
    "fnr_1": [
        63.260623931884766,
        10.49399471282959
    ],
    "par_0": [
        18.497406005859375,
        4.521166801452637
    ],
    "par_1": [
        34.96342086791992,
        10.017624855041504
    ],
    "fpr_0": [
        0.0076419697143137455,
        0.01663742959499359
    ],
    "fpr_1": [
        0.001552192377857864,
        0.007760962005704641
    ],
    "tnr_0": [
        98.42649841308594,
        0.7761446833610535
    ],
    "tnr_1": [
        97.08767700195312,
        1.135590672492981
    ],
    "nar_0": [
        1.565854787826538,
        0.7755197286605835
    ],
    "nar_1": [
        2.910778522491455,
        1.1365580558776855
    ]
}