{
    "cov": [
        11.075732231140137,
        3.3874671459198
    ],
    "acc": [
        99.2392349243164,
        0.28860947489738464
    ],
    "pos_0": [
        0.6520560383796692,
        0.180740088224411
    ],
    "pos_1": [
        0.18137158453464508,
        0.09467680752277374
    ],
    "neg_0": [
        12.876564979553223,
        3.4662675857543945
    ],
    "neg_1": [
        5.772621154785156,
        3.528418779373169
    ],
    "abs_0": [
        86.47137451171875,
        3.55100154876709
    ],
    "abs_1": [
        94.04600524902344,
        3.5646493434906006
    ],
    "tpr_0": [
        2.0891385078430176,
        0.577224612236023
    ],
    "tpr_1": [
        1.597998023033142,
        0.8527704477310181
    ],
    "fnr_0": [
        0.38977017998695374,
        0.16820774972438812
    ],
    "fnr_1": [
        0.20682930946350098,
        0.40779194235801697
    ],
    "par_0": [
        97.5210952758789,
        0.6475167274475098
    ],
    "par_1": [
        98.19517517089844,
        0.9227124452590942
    ],
    "fpr_0": [
        0.0,
        0.0
    ],
    "fpr_1": [
        0.0,
        0.0
    ],
    "tnr_0": [
        18.533803939819336,
        4.94281530380249
    ],
    "tnr_1": [
        6.491617679595947,
        3.968160629272461
    ],
    "nar_0": [
        81.46619415283203,
        4.942813396453857
    ],
    "nar_1": [
        93.50837707519531,
        3.9681596755981445
    ]
}