{
    "cov": [
        56.15256881713867,
        1.7341539859771729
    ],
    "acc": [
        85.6485366821289,
        0.9572077989578247
    ],
    "pos_0": [
        2.228024959564209,
        0.36550408601760864
    ],
    "pos_1": [
        2.2181894779205322,
        0.37906304001808167
    ],
    "neg_0": [
        53.82955551147461,
        2.471100330352783
    ],
    "neg_1": [
        54.12749099731445,
        1.1016358137130737
    ],
    "abs_0": [
        43.94241714477539,
        2.447057008743286
    ],
    "abs_1": [
        43.654327392578125,
        1.1400619745254517
    ],
    "tpr_0": [
        7.050279140472412,
        1.1836408376693726
    ],
    "tpr_1": [
        14.992816925048828,
        2.3933639526367188
    ],
    "fnr_0": [
        33.63520431518555,
        3.2619664669036865
    ],
    "fnr_1": [
        22.183212280273438,
        1.7327244281768799
    ],
    "par_0": [
        59.31452178955078,
        3.26417875289917
    ],
    "par_1": [
        62.823974609375,
        3.0667481422424316
    ],
    "fpr_0": [
        0.05313898250460625,
        0.03428296372294426
    ],
    "fpr_1": [
        0.5780383348464966,
        0.23144496977329254
    ],
    "tnr_0": [
        62.93955993652344,
        2.2201688289642334
    ],
    "tnr_1": [
        58.22336959838867,
        1.1761212348937988
    ],
    "nar_0": [
        37.007301330566406,
        2.2097702026367188
    ],
    "nar_1": [
        41.19858932495117,
        1.1358096599578857
    ]
}