{
    "cov": [
        36.70270538330078,
        3.1257083415985107
    ],
    "acc": [
        97.53050231933594,
        0.5304056406021118
    ],
    "pos_0": [
        0.0006537015433423221,
        0.0032685077749192715
    ],
    "pos_1": [
        0.0,
        0.0
    ],
    "neg_0": [
        22.191869735717773,
        2.418137788772583
    ],
    "neg_1": [
        67.00224304199219,
        5.2873125076293945
    ],
    "abs_0": [
        77.80747985839844,
        2.4183077812194824
    ],
    "abs_1": [
        32.99775314331055,
        5.287313938140869
    ],
    "tpr_0": [
        0.0021563342306762934,
        0.010781670920550823
    ],
    "tpr_1": [
        0.0,
        0.0
    ],
    "fnr_0": [
        1.3937435150146484,
        0.5499987602233887
    ],
    "fnr_1": [
        16.7735538482666,
        4.667492389678955
    ],
    "par_0": [
        98.6041030883789,
        0.5518941879272461
    ],
    "par_1": [
        83.2264404296875,
        4.6674933433532715
    ],
    "fpr_0": [
        0.0,
        0.0
    ],
    "fpr_1": [
        0.0,
        0.0
    ],
    "tnr_0": [
        31.643577575683594,
        3.3354239463806152
    ],
    "tnr_1": [
        73.48497009277344,
        5.517077922821045
    ],
    "nar_0": [
        68.3564224243164,
        3.3354241847991943
    ],
    "nar_1": [
        26.51502799987793,
        5.517078876495361
    ]
}