{
    "cov": [
        52.368377685546875,
        4.257340431213379
    ],
    "acc": [
        93.80300903320312,
        0.8218710422515869
    ],
    "pos_0": [
        1.3622556924819946,
        0.5787578821182251
    ],
    "pos_1": [
        0.4107441306114197,
        0.2255852371454239
    ],
    "neg_0": [
        47.455047607421875,
        3.8536899089813232
    ],
    "neg_1": [
        59.36008834838867,
        4.6598639488220215
    ],
    "abs_0": [
        51.18269348144531,
        4.200445175170898
    ],
    "abs_1": [
        40.22917556762695,
        4.7081193923950195
    ],
    "tpr_0": [
        4.345434188842773,
        1.8814066648483276
    ],
    "tpr_1": [
        3.534987211227417,
        1.9542756080627441
    ],
    "fnr_0": [
        13.314802169799805,
        2.935673236846924
    ],
    "fnr_1": [
        12.234389305114746,
        3.142800807952881
    ],
    "par_0": [
        82.33976745605469,
        4.121945858001709
    ],
    "par_1": [
        84.23062133789062,
        3.4601635932922363
    ],
    "fpr_0": [
        0.01340422686189413,
        0.01979229785501957
    ],
    "fpr_1": [
        0.009313574060797691,
        0.01691659539937973
    ],
    "tnr_0": [
        62.96616744995117,
        4.234996318817139
    ],
    "tnr_1": [
        65.43997192382812,
        4.932497024536133
    ],
    "nar_0": [
        37.02042770385742,
        4.238494873046875
    ],
    "nar_1": [
        34.55071258544922,
        4.924481391906738
    ]
}