{
    "cov": [
        6.238584995269775,
        6.509856224060059
    ],
    "acc": [
        51.49986267089844,
        50.500450134277344
    ],
    "pos_0": [
        0.21204645931720734,
        0.32512399554252625
    ],
    "pos_1": [
        0.07679809629917145,
        0.11998563259840012
    ],
    "neg_0": [
        7.3189592361450195,
        7.518898010253906
    ],
    "neg_1": [
        3.447683572769165,
        4.1687822341918945
    ],
    "abs_0": [
        92.46897888183594,
        7.747066974639893
    ],
    "abs_1": [
        96.47551727294922,
        4.249566078186035
    ],
    "tpr_0": [
        0.6793565154075623,
        1.0403335094451904
    ],
    "tpr_1": [
        0.6650575399398804,
        1.0401921272277832
    ],
    "fnr_0": [
        0.2761297821998596,
        0.3239315152168274
    ],
    "fnr_1": [
        0.07134059816598892,
        0.17790010571479797
    ],
    "par_0": [
        99.04450988769531,
        1.227355718612671
    ],
    "par_1": [
        99.26360321044922,
        1.075423002243042
    ],
    "fpr_0": [
        0.0,
        0.0
    ],
    "fpr_1": [
        0.0,
        0.0
    ],
    "tnr_0": [
        10.517776489257812,
        10.792797088623047
    ],
    "tnr_1": [
        3.8845787048339844,
        4.701024532318115
    ],
    "nar_0": [
        89.48221588134766,
        10.792797088623047
    ],
    "nar_1": [
        96.11542510986328,
        4.701023101806641
    ]
}