{
    "cov": [
        77.3753433227539,
        2.9301130771636963
    ],
    "acc": [
        87.46074676513672,
        0.9975963830947876
    ],
    "pos_0": [
        2.2314534187316895,
        0.5768006443977356
    ],
    "pos_1": [
        0.6811206936836243,
        0.23807881772518158
    ],
    "neg_0": [
        70.86824798583984,
        3.3639323711395264
    ],
    "neg_1": [
        85.61382293701172,
        3.043710231781006
    ],
    "abs_0": [
        26.900299072265625,
        3.229954957962036
    ],
    "abs_1": [
        13.705058097839355,
        2.939363956451416
    ],
    "tpr_0": [
        7.021289348602295,
        1.7815154790878296
    ],
    "tpr_1": [
        5.703510761260986,
        1.8561235666275024
    ],
    "fnr_0": [
        39.52947235107422,
        4.39082670211792
    ],
    "fnr_1": [
        36.081687927246094,
        5.156863212585449
    ],
    "par_0": [
        53.449241638183594,
        4.062295436859131
    ],
    "par_1": [
        58.21480178833008,
        4.977641582489014
    ],
    "fpr_0": [
        0.05527367442846298,
        0.0527573898434639
    ],
    "fpr_1": [
        0.033959951251745224,
        0.05467505007982254
    ],
    "tnr_0": [
        85.10997772216797,
        2.979858875274658
    ],
    "tnr_1": [
        92.00485229492188,
        3.0117764472961426
    ],
    "nar_0": [
        14.834750175476074,
        2.9573264122009277
    ],
    "nar_1": [
        7.96118688583374,
        2.9743576049804688
    ]
}