{
    "cov": [
        78.7024917602539,
        1.9368579387664795
    ],
    "acc": [
        85.09020233154297,
        0.7358357310295105
    ],
    "pos_0": [
        0.6305734515190125,
        0.22376900911331177
    ],
    "pos_1": [
        0.21047143638134003,
        0.11374218761920929
    ],
    "neg_0": [
        77.19328308105469,
        2.0261330604553223
    ],
    "neg_1": [
        80.33167266845703,
        2.0508792400360107
    ],
    "abs_0": [
        22.1761417388916,
        2.0365426540374756
    ],
    "abs_1": [
        19.457855224609375,
        2.0873942375183105
    ],
    "tpr_0": [
        2.006002426147461,
        0.7046484351158142
    ],
    "tpr_1": [
        1.8379995822906494,
        1.0129661560058594
    ],
    "fnr_0": [
        50.17287826538086,
        3.0906853675842285
    ],
    "fnr_1": [
        30.75228500366211,
        4.015718460083008
    ],
    "par_0": [
        47.82111358642578,
        3.13564395904541
    ],
    "par_1": [
        67.40971374511719,
        3.9985294342041016
    ],
    "fpr_0": [
        0.004797841887921095,
        0.009794522076845169
    ],
    "fpr_1": [
        0.0015420200070366263,
        0.007710099685937166
    ],
    "tnr_0": [
        89.46897888183594,
        1.6932858228683472
    ],
    "tnr_1": [
        86.72563171386719,
        2.1784980297088623
    ],
    "nar_0": [
        10.526209831237793,
        1.694117784500122
    ],
    "nar_1": [
        13.272822380065918,
        2.1788060665130615
    ]
}