{
    "cov": [
        79.45118713378906,
        7.79345703125
    ],
    "acc": [
        85.81233978271484,
        1.694227695465088
    ],
    "pos_0": [
        2.4627041816711426,
        0.8658290505409241
    ],
    "pos_1": [
        1.5874102115631104,
        0.7489699721336365
    ],
    "neg_0": [
        76.56010437011719,
        7.067455768585205
    ],
    "neg_1": [
        78.76155853271484,
        7.811493396759033
    ],
    "abs_0": [
        20.977191925048828,
        7.780489921569824
    ],
    "abs_1": [
        19.651029586791992,
        8.370893478393555
    ],
    "tpr_0": [
        7.795631408691406,
        2.7413861751556396
    ],
    "tpr_1": [
        12.953414916992188,
        5.982966423034668
    ],
    "fnr_0": [
        49.07940673828125,
        9.898125648498535
    ],
    "fnr_1": [
        25.885663986206055,
        6.006839275360107
    ],
    "par_0": [
        43.124961853027344,
        12.105095863342285
    ],
    "par_1": [
        61.16091537475586,
        10.367018699645996
    ],
    "fpr_0": [
        0.04181141406297684,
        0.03388828784227371
    ],
    "fpr_1": [
        0.11893870681524277,
        0.10281043499708176
    ],
    "tnr_0": [
        89.0508804321289,
        5.887829780578613
    ],
    "tnr_1": [
        85.58895111083984,
        8.208992958068848
    ],
    "nar_0": [
        10.90731430053711,
        5.902090549468994
    ],
    "nar_1": [
        14.292101860046387,
        8.259950637817383
    ]
}