{
    "cov": [
        66.51100158691406,
        4.054582118988037
    ],
    "acc": [
        88.0381851196289,
        1.357394814491272
    ],
    "pos_0": [
        0.0,
        0.0
    ],
    "pos_1": [
        0.0,
        0.0
    ],
    "neg_0": [
        62.39723587036133,
        4.405489444732666
    ],
    "neg_1": [
        75.10808563232422,
        3.931807518005371
    ],
    "abs_0": [
        37.60276412963867,
        4.40548849105835
    ],
    "abs_1": [
        24.89191436767578,
        3.931809186935425
    ],
    "tpr_0": [
        0.0,
        0.0
    ],
    "tpr_1": [
        0.0,
        0.0
    ],
    "fnr_0": [
        32.61247634887695,
        5.4864630699157715
    ],
    "fnr_1": [
        30.15563201904297,
        6.206765174865723
    ],
    "par_0": [
        67.38751983642578,
        5.4864630699157715
    ],
    "par_1": [
        69.84436798095703,
        6.206765651702881
    ],
    "fpr_0": [
        0.0,
        0.0
    ],
    "fpr_1": [
        0.0,
        0.0
    ],
    "tnr_0": [
        75.93900299072266,
        4.00253963470459
    ],
    "tnr_1": [
        80.90863800048828,
        3.7750258445739746
    ],
    "nar_0": [
        24.060998916625977,
        4.002539157867432
    ],
    "nar_1": [
        19.09136390686035,
        3.775027275085449
    ]
}