{
    "cov": [
        100.0,
        0.0
    ],
    "acc": [
        79.68203735351562,
        0.5339443683624268
    ],
    "pos_0": [
        6.611971378326416,
        0.7252436876296997
    ],
    "pos_1": [
        5.77346658706665,
        1.0687745809555054
    ],
    "neg_0": [
        93.38802337646484,
        0.7252419590950012
    ],
    "neg_1": [
        94.2265396118164,
        1.0687752962112427
    ],
    "abs_0": [
        0.0,
        0.0
    ],
    "abs_1": [
        0.0,
        0.0
    ],
    "tpr_0": [
        19.368677139282227,
        1.8377468585968018
    ],
    "tpr_1": [
        36.04763412475586,
        5.507464408874512
    ],
    "fnr_0": [
        80.63131713867188,
        1.8377467393875122
    ],
    "fnr_1": [
        63.952362060546875,
        5.507465362548828
    ],
    "par_0": [
        0.0,
        0.0
    ],
    "par_1": [
        0.0,
        0.0
    ],
    "fpr_0": [
        0.8174044489860535,
        0.29469165205955505
    ],
    "fpr_1": [
        1.8653101921081543,
        0.5413768291473389
    ],
    "tnr_0": [
        99.1825942993164,
        0.2946919798851013
    ],
    "tnr_1": [
        98.13468170166016,
        0.5413768291473389
    ],
    "nar_0": [
        0.0,
        0.0
    ],
    "nar_1": [
        0.0,
        0.0
    ]
}