{
    "cov": [
        90.10591888427734,
        2.873117685317993
    ],
    "acc": [
        80.90838623046875,
        1.5261521339416504
    ],
    "pos_0": [
        0.5972720384597778,
        0.39750534296035767
    ],
    "pos_1": [
        0.19645698368549347,
        0.14633776247501373
    ],
    "neg_0": [
        89.36257934570312,
        3.143808126449585
    ],
    "neg_1": [
        90.22042846679688,
        2.82167649269104
    ],
    "abs_0": [
        10.040141105651855,
        3.0130958557128906
    ],
    "abs_1": [
        9.583112716674805,
        2.7527577877044678
    ],
    "tpr_0": [
        1.8859795331954956,
        1.2447245121002197
    ],
    "tpr_1": [
        1.7377344369888306,
        1.3183009624481201
    ],
    "fnr_0": [
        72.54536437988281,
        6.892382621765137
    ],
    "fnr_1": [
        51.49757385253906,
        12.55616283416748
    ],
    "par_0": [
        25.56865692138672,
        6.431975841522217
    ],
    "par_1": [
        46.76469039916992,
        11.807080268859863
    ],
    "fpr_0": [
        0.008629781194031239,
        0.01822020299732685
    ],
    "fpr_1": [
        0.0,
        0.0
    ],
    "tnr_0": [
        97.00533294677734,
        1.5354139804840088
    ],
    "tnr_1": [
        95.19400024414062,
        1.7755285501480103
    ],
    "nar_0": [
        2.986049175262451,
        1.5406790971755981
    ],
    "nar_1": [
        4.805995941162109,
        1.7755281925201416
    ]
}