{
    "cov": [
        57.52128219604492,
        1.7781537771224976
    ],
    "acc": [
        89.33155822753906,
        0.8863409161567688
    ],
    "pos_0": [
        0.0,
        0.0
    ],
    "pos_1": [
        0.0,
        0.0
    ],
    "neg_0": [
        56.81034851074219,
        1.8483004570007324
    ],
    "neg_1": [
        59.00944137573242,
        2.1152758598327637
    ],
    "abs_0": [
        43.18964767456055,
        1.8483004570007324
    ],
    "abs_1": [
        40.99055480957031,
        2.1152758598327637
    ],
    "tpr_0": [
        0.0,
        0.0
    ],
    "tpr_1": [
        0.0,
        0.0
    ],
    "fnr_0": [
        26.520362854003906,
        2.353025197982788
    ],
    "fnr_1": [
        14.516036033630371,
        2.8435606956481934
    ],
    "par_0": [
        73.47962951660156,
        2.3530237674713135
    ],
    "par_1": [
        85.48396301269531,
        2.8435606956481934
    ],
    "fpr_0": [
        0.0,
        0.0
    ],
    "fpr_1": [
        0.0,
        0.0
    ],
    "tnr_0": [
        70.572998046875,
        1.866645336151123
    ],
    "tnr_1": [
        64.74757385253906,
        2.3137166500091553
    ],
    "nar_0": [
        29.427001953125,
        1.8666459321975708
    ],
    "nar_1": [
        35.25242614746094,
        2.3137166500091553
    ]
}