{
    "cov": [
        42.56406784057617,
        7.661752700805664
    ],
    "acc": [
        93.46360778808594,
        0.8126912117004395
    ],
    "pos_0": [
        0.6917630434036255,
        0.28167080879211426
    ],
    "pos_1": [
        0.2312973588705063,
        0.16705118119716644
    ],
    "neg_0": [
        42.65275192260742,
        6.160791397094727
    ],
    "neg_1": [
        40.72319412231445,
        10.446948051452637
    ],
    "abs_0": [
        56.65547561645508,
        6.356180667877197
    ],
    "abs_1": [
        59.045501708984375,
        10.557149887084961
    ],
    "tpr_0": [
        2.2100026607513428,
        0.8919714689254761
    ],
    "tpr_1": [
        1.990071415901184,
        1.3640897274017334
    ],
    "fnr_0": [
        12.236833572387695,
        3.065397262573242
    ],
    "fnr_1": [
        5.983705997467041,
        2.271787405014038
    ],
    "par_0": [
        85.55316162109375,
        3.6684987545013428
    ],
    "par_1": [
        92.02622985839844,
        3.1067187786102295
    ],
    "fpr_0": [
        0.002874559024348855,
        0.007945708930492401
    ],
    "fpr_1": [
        0.003108804114162922,
        0.01076023280620575
    ],
    "tnr_0": [
        56.456790924072266,
        7.575008392333984
    ],
    "tnr_1": [
        45.20466613769531,
        11.605488777160645
    ],
    "nar_0": [
        43.54033279418945,
        7.5783915519714355
    ],
    "nar_1": [
        54.7922248840332,
        11.606980323791504
    ]
}