{
    "cov": [
        85.27274322509766,
        2.4142141342163086
    ],
    "acc": [
        86.59738159179688,
        0.7852916121482849
    ],
    "pos_0": [
        8.191094398498535,
        1.5814636945724487
    ],
    "pos_1": [
        1.9122363328933716,
        0.4679132103919983
    ],
    "neg_0": [
        72.3521499633789,
        3.3115646839141846
    ],
    "neg_1": [
        93.24734497070312,
        1.1597425937652588
    ],
    "abs_0": [
        19.45675277709961,
        3.1087210178375244
    ],
    "abs_1": [
        4.840414524078369,
        1.1876192092895508
    ],
    "tpr_0": [
        23.251667022705078,
        3.7273757457733154
    ],
    "tpr_1": [
        15.769943237304688,
        3.5323615074157715
    ],
    "fnr_0": [
        40.79093933105469,
        4.289923191070557
    ],
    "fnr_1": [
        58.580711364746094,
        4.646979808807373
    ],
    "par_0": [
        35.957393646240234,
        4.385612964630127
    ],
    "par_1": [
        25.649343490600586,
        5.693447113037109
    ],
    "fpr_0": [
        1.3465025424957275,
        0.6908766031265259
    ],
    "fpr_1": [
        0.12482807040214539,
        0.10606808960437775
    ],
    "tnr_0": [
        86.69513702392578,
        2.871824026107788
    ],
    "tnr_1": [
        97.728515625,
        0.7087334394454956
    ],
    "nar_0": [
        11.958356857299805,
        2.7774832248687744
    ],
    "nar_1": [
        2.146651268005371,
        0.6724382042884827
    ]
}