{
    "cov": [
        70.6750717163086,
        3.162296772003174
    ],
    "acc": [
        86.41716766357422,
        1.0211225748062134
    ],
    "pos_0": [
        0.0,
        0.0
    ],
    "pos_1": [
        0.0,
        0.0
    ],
    "neg_0": [
        69.80584716796875,
        3.0284063816070557
    ],
    "neg_1": [
        72.49178314208984,
        3.8171873092651367
    ],
    "abs_0": [
        30.194149017333984,
        3.0284066200256348
    ],
    "abs_1": [
        27.508216857910156,
        3.8171873092651367
    ],
    "tpr_0": [
        0.0,
        0.0
    ],
    "tpr_1": [
        0.0,
        0.0
    ],
    "fnr_0": [
        41.18058395385742,
        4.089012145996094
    ],
    "fnr_1": [
        24.78299331665039,
        5.829916954040527
    ],
    "par_0": [
        58.81941223144531,
        4.0890116691589355
    ],
    "par_1": [
        75.21701049804688,
        5.829916954040527
    ],
    "fpr_0": [
        0.0,
        0.0
    ],
    "fpr_1": [
        0.0,
        0.0
    ],
    "tnr_0": [
        82.81439208984375,
        2.8592586517333984
    ],
    "tnr_1": [
        78.64458465576172,
        3.913085699081421
    ],
    "nar_0": [
        17.185606002807617,
        2.8592584133148193
    ],
    "nar_1": [
        21.355409622192383,
        3.913086414337158
    ]
}