{
    "cov": [
        90.84930419921875,
        1.7806602716445923
    ],
    "acc": [
        80.47325897216797,
        1.1728895902633667
    ],
    "pos_0": [
        0.4714869260787964,
        0.42437946796417236
    ],
    "pos_1": [
        0.15039297938346863,
        0.16074469685554504
    ],
    "neg_0": [
        90.35384368896484,
        1.9816303253173828
    ],
    "neg_1": [
        90.74784088134766,
        1.9511409997940063
    ],
    "abs_0": [
        9.174664497375488,
        1.795852780342102
    ],
    "abs_1": [
        9.101767539978027,
        1.88699471950531
    ],
    "tpr_0": [
        1.5038567781448364,
        1.3453168869018555
    ],
    "tpr_1": [
        1.3447680473327637,
        1.4587633609771729
    ],
    "fnr_0": [
        74.61660766601562,
        4.677032470703125
    ],
    "fnr_1": [
        53.59309768676758,
        8.36745548248291
    ],
    "par_0": [
        23.879535675048828,
        4.048517227172852
    ],
    "par_1": [
        45.06212615966797,
        7.633242130279541
    ],
    "fpr_0": [
        0.0028384721372276545,
        0.007845165207982063
    ],
    "fpr_1": [
        0.0,
        0.0
    ],
    "tnr_0": [
        97.49986267089844,
        0.8627343773841858
    ],
    "tnr_1": [
        95.52713012695312,
        1.300057053565979
    ],
    "nar_0": [
        2.4973018169403076,
        0.8608578443527222
    ],
    "nar_1": [
        4.472872734069824,
        1.3000566959381104
    ]
}