{
    "cov": [
        17.055953979492188,
        0.5469383597373962
    ],
    "acc": [
        99.44985961914062,
        0.19507569074630737
    ],
    "pos_0": [
        0.22181837260723114,
        0.052770696580410004
    ],
    "pos_1": [
        0.2807494103908539,
        0.24751412868499756
    ],
    "neg_0": [
        16.853431701660156,
        0.6037657260894775
    ],
    "neg_1": [
        16.490278244018555,
        2.438094139099121
    ],
    "abs_0": [
        82.92474365234375,
        0.6116523742675781
    ],
    "abs_1": [
        83.22897338867188,
        2.4320762157440186
    ],
    "tpr_0": [
        1.4786100387573242,
        0.38405516743659973
    ],
    "tpr_1": [
        0.47445833683013916,
        0.5574250221252441
    ],
    "fnr_0": [
        0.14690141379833221,
        0.14242859184741974
    ],
    "fnr_1": [
        0.0,
        0.0
    ],
    "par_0": [
        98.3744888305664,
        0.4214441180229187
    ],
    "par_1": [
        99.52554321289062,
        0.5574246644973755
    ],
    "fpr_0": [
        0.08398611098527908,
        0.036641981452703476
    ],
    "fpr_1": [
        0.20320165157318115,
        0.21866030991077423
    ],
    "tnr_0": [
        18.688003540039062,
        0.6649550199508667
    ],
    "tnr_1": [
        23.010475158691406,
        3.3480613231658936
    ],
    "nar_0": [
        81.22801208496094,
        0.6798596382141113
    ],
    "nar_1": [
        76.78632354736328,
        3.312511444091797
    ]
}