{
    "cov": [
        95.05996704101562,
        1.4140597581863403
    ],
    "acc": [
        91.72293090820312,
        0.8205946683883667
    ],
    "pos_0": [
        1.014785647392273,
        0.42843854427337646
    ],
    "pos_1": [
        0.06217292696237564,
        0.14466620981693268
    ],
    "neg_0": [
        94.37212371826172,
        1.3363053798675537
    ],
    "neg_1": [
        90.54439544677734,
        4.290717601776123
    ],
    "abs_0": [
        4.613088130950928,
        1.3017277717590332
    ],
    "abs_1": [
        9.393425941467285,
        4.287188529968262
    ],
    "tpr_0": [
        7.774932861328125,
        3.074211597442627
    ],
    "tpr_1": [
        0.16746047139167786,
        0.4060801565647125
    ],
    "fnr_0": [
        65.99024200439453,
        7.03164529800415
    ],
    "fnr_1": [
        76.98554229736328,
        8.820591926574707
    ],
    "par_0": [
        26.23482322692871,
        6.708327770233154
    ],
    "par_1": [
        22.846996307373047,
        8.818817138671875
    ],
    "fpr_0": [
        0.2635447382926941,
        0.14604364335536957
    ],
    "fpr_1": [
        0.018608273938298225,
        0.06441178917884827
    ],
    "tnr_0": [
        97.51866912841797,
        0.7748783230781555
    ],
    "tnr_1": [
        95.93976593017578,
        2.7922322750091553
    ],
    "nar_0": [
        2.2177786827087402,
        0.7678683996200562
    ],
    "nar_1": [
        4.041627407073975,
        2.791078567504883
    ]
}