{
    "cov": [
        74.27093505859375,
        5.273788928985596
    ],
    "acc": [
        97.22727966308594,
        0.5153250694274902
    ],
    "pos_0": [
        0.03179582580924034,
        0.04187927395105362
    ],
    "pos_1": [
        0.006825938820838928,
        0.03412969410419464
    ],
    "neg_0": [
        74.47647094726562,
        5.161172389984131
    ],
    "neg_1": [
        70.9819107055664,
        7.295101642608643
    ],
    "abs_0": [
        25.49172592163086,
        5.174887180328369
    ],
    "abs_1": [
        29.011260986328125,
        7.298348903656006
    ],
    "tpr_0": [
        0.1456707864999771,
        0.23921243846416473
    ],
    "tpr_1": [
        0.022346368059515953,
        0.11173184216022491
    ],
    "fnr_0": [
        13.111639022827148,
        4.371360778808594
    ],
    "fnr_1": [
        42.27644348144531,
        8.585737228393555
    ],
    "par_0": [
        86.74269104003906,
        4.301143169403076
    ],
    "par_1": [
        57.70120620727539,
        8.611153602600098
    ],
    "fpr_0": [
        0.019113458693027496,
        0.023188641294836998
    ],
    "fpr_1": [
        0.0,
        0.0
    ],
    "tnr_0": [
        81.29792022705078,
        5.678308010101318
    ],
    "tnr_1": [
        82.42011260986328,
        7.151266574859619
    ],
    "nar_0": [
        18.682966232299805,
        5.686755657196045
    ],
    "nar_1": [
        17.57988929748535,
        7.151266098022461
    ]
}