{
    "cov": [
        95.07550811767578,
        1.6191684007644653
    ],
    "acc": [
        91.80318450927734,
        0.8929290175437927
    ],
    "pos_0": [
        0.6593287587165833,
        0.4109453558921814
    ],
    "pos_1": [
        0.2034463882446289,
        0.2684989869594574
    ],
    "neg_0": [
        94.48710632324219,
        1.6691057682037354
    ],
    "neg_1": [
        93.90644073486328,
        2.373176336288452
    ],
    "abs_0": [
        4.853564262390137,
        1.6163688898086548
    ],
    "abs_1": [
        5.890103816986084,
        2.3203232288360596
    ],
    "tpr_0": [
        5.272383213043213,
        3.273207902908325
    ],
    "tpr_1": [
        0.6192208528518677,
        0.8676372766494751
    ],
    "fnr_0": [
        64.88428497314453,
        9.077034950256348
    ],
    "fnr_1": [
        83.67510223388672,
        6.283329010009766
    ],
    "par_0": [
        29.84332847595215,
        8.491765022277832
    ],
    "par_1": [
        15.705668449401855,
        6.093123435974121
    ],
    "fpr_0": [
        0.15111930668354034,
        0.11641194671392441
    ],
    "fpr_1": [
        0.03849988430738449,
        0.11185233294963837
    ],
    "tnr_0": [
        97.77355194091797,
        0.906769335269928
    ],
    "tnr_1": [
        98.03199005126953,
        1.0493371486663818
    ],
    "nar_0": [
        2.0753304958343506,
        0.8936617970466614
    ],
    "nar_1": [
        1.9295023679733276,
        1.0325168371200562
    ]
}