{
    "cov": [
        76.69483184814453,
        10.796332359313965
    ],
    "acc": [
        96.264892578125,
        1.3291815519332886
    ],
    "pos_0": [
        0.11605897545814514,
        0.1419980376958847
    ],
    "pos_1": [
        0.014696381986141205,
        0.050948936492204666
    ],
    "neg_0": [
        77.271484375,
        10.900114059448242
    ],
    "neg_1": [
        67.24861145019531,
        10.295429229736328
    ],
    "abs_0": [
        22.612462997436523,
        10.90465259552002
    ],
    "abs_1": [
        32.736690521240234,
        10.297600746154785
    ],
    "tpr_0": [
        0.8909088969230652,
        1.1885333061218262
    ],
    "tpr_1": [
        0.0,
        0.0
    ],
    "fnr_0": [
        23.36343002319336,
        12.002876281738281
    ],
    "fnr_1": [
        40.847015380859375,
        12.86674976348877
    ],
    "par_0": [
        75.74565887451172,
        12.007624626159668
    ],
    "par_1": [
        59.152976989746094,
        12.86674976348877
    ],
    "fpr_0": [
        0.028361663222312927,
        0.03600360080599785
    ],
    "fpr_1": [
        0.020403137430548668,
        0.07075390219688416
    ],
    "tnr_0": [
        83.26722717285156,
        10.89578628540039
    ],
    "tnr_1": [
        77.78575134277344,
        9.685708045959473
    ],
    "nar_0": [
        16.70442008972168,
        10.904271125793457
    ],
    "nar_1": [
        22.19384002685547,
        9.68729305267334
    ]
}