{
    "cov": [
        42.60597229003906,
        16.815881729125977
    ],
    "acc": [
        99.77579498291016,
        0.18499986827373505
    ],
    "pos_0": [
        0.0005213084514252841,
        0.0026065425481647253
    ],
    "pos_1": [
        0.014814813621342182,
        0.07407407462596893
    ],
    "neg_0": [
        44.44970703125,
        17.556591033935547
    ],
    "neg_1": [
        17.369827270507812,
        7.077151775360107
    ],
    "abs_0": [
        55.54976272583008,
        17.555866241455078
    ],
    "abs_1": [
        82.6153564453125,
        7.090529918670654
    ],
    "tpr_0": [
        0.00495662959292531,
        0.024783147498965263
    ],
    "tpr_1": [
        0.05298013240098953,
        0.26490065455436707
    ],
    "fnr_0": [
        1.170755386352539,
        1.1453160047531128
    ],
    "fnr_1": [
        0.33740872144699097,
        0.5392304062843323
    ],
    "par_0": [
        98.82428741455078,
        1.140856385231018
    ],
    "par_1": [
        99.60960388183594,
        0.5689460635185242
    ],
    "fpr_0": [
        0.0,
        0.0
    ],
    "fpr_1": [
        0.0,
        0.0
    ],
    "tnr_0": [
        49.2672119140625,
        19.440839767456055
    ],
    "tnr_1": [
        24.210296630859375,
        9.994857788085938
    ],
    "nar_0": [
        50.73278045654297,
        19.440839767456055
    ],
    "nar_1": [
        75.78970336914062,
        9.994858741760254
    ]
}