{
    "cov": [
        71.85433197021484,
        5.078376770019531
    ],
    "acc": [
        98.63436126708984,
        0.598495602607727
    ],
    "pos_0": [
        0.013517010025680065,
        0.03006509132683277
    ],
    "pos_1": [
        0.14104308187961578,
        0.3139677345752716
    ],
    "neg_0": [
        74.53318786621094,
        5.0476202964782715
    ],
    "neg_1": [
        34.86397171020508,
        5.749237537384033
    ],
    "abs_0": [
        25.453290939331055,
        5.054951190948486
    ],
    "abs_1": [
        64.99498748779297,
        5.800423622131348
    ],
    "tpr_0": [
        0.10520806908607483,
        0.2072085291147232
    ],
    "tpr_1": [
        0.4346114993095398,
        0.9416693449020386
    ],
    "fnr_0": [
        9.935079574584961,
        4.81212854385376
    ],
    "fnr_1": [
        4.008240222930908,
        3.138293504714966
    ],
    "par_0": [
        89.95970153808594,
        4.855647087097168
    ],
    "par_1": [
        95.55714416503906,
        3.2910733222961426
    ],
    "fpr_0": [
        0.003458145074546337,
        0.011971643194556236
    ],
    "fpr_1": [
        0.029508931562304497,
        0.08179520070552826
    ],
    "tnr_0": [
        81.71717834472656,
        5.112233638763428
    ],
    "tnr_1": [
        47.136287689208984,
        6.953176975250244
    ],
    "nar_0": [
        18.279361724853516,
        5.113404750823975
    ],
    "nar_1": [
        52.834197998046875,
        6.962639331817627
    ]
}