{
    "cov": [
        96.90701293945312,
        1.6906344890594482
    ],
    "acc": [
        90.93199157714844,
        0.8416013121604919
    ],
    "pos_0": [
        1.3730233907699585,
        0.30949392914772034
    ],
    "pos_1": [
        0.13190574944019318,
        0.21774668991565704
    ],
    "neg_0": [
        95.86155700683594,
        1.5460680723190308
    ],
    "neg_1": [
        92.29011535644531,
        4.589738368988037
    ],
    "abs_0": [
        2.765418529510498,
        1.581528902053833
    ],
    "abs_1": [
        7.57798433303833,
        4.575037479400635
    ],
    "tpr_0": [
        10.14699649810791,
        2.3173201084136963
    ],
    "tpr_1": [
        0.34045544266700745,
        0.6329943537712097
    ],
    "fnr_0": [
        73.81843566894531,
        7.7010884284973145
    ],
    "fnr_1": [
        81.09285736083984,
        10.37678050994873
    ],
    "par_0": [
        16.034564971923828,
        8.047040939331055
    ],
    "par_1": [
        18.566679000854492,
        10.31361198425293
    ],
    "fpr_0": [
        0.39660412073135376,
        0.11682520806789398
    ],
    "fpr_1": [
        0.04929084703326225,
        0.12310735136270523
    ],
    "tnr_0": [
        98.30764770507812,
        0.8831019997596741
    ],
    "tnr_1": [
        96.6944351196289,
        2.529309034347534
    ],
    "nar_0": [
        1.2957525253295898,
        0.8857204914093018
    ],
    "nar_1": [
        3.256275177001953,
        2.5276060104370117
    ]
}