{
    "cov": [
        98.57732391357422,
        0.5943086743354797
    ],
    "acc": [
        90.97698211669922,
        0.5138576030731201
    ],
    "pos_0": [
        2.594655990600586,
        0.5286888480186462
    ],
    "pos_1": [
        13.12532901763916,
        1.7737270593643188
    ],
    "neg_0": [
        96.09913635253906,
        0.767910897731781
    ],
    "neg_1": [
        83.86217498779297,
        2.8647799491882324
    ],
    "abs_0": [
        1.3062103986740112,
        0.5431337952613831
    ],
    "abs_1": [
        3.0124881267547607,
        1.6400983333587646
    ],
    "tpr_0": [
        18.94894027709961,
        3.6743648052215576
    ],
    "tpr_1": [
        32.69715118408203,
        4.5304999351501465
    ],
    "fnr_0": [
        72.91451263427734,
        5.18705415725708
    ],
    "fnr_1": [
        61.093994140625,
        6.380117893218994
    ],
    "par_0": [
        8.13654899597168,
        3.6861889362335205
    ],
    "par_1": [
        6.208856105804443,
        3.54375958442688
    ],
    "fpr_0": [
        0.77532559633255,
        0.19438613951206207
    ],
    "fpr_1": [
        5.341004371643066,
        1.522195816040039
    ],
    "tnr_0": [
        98.67649841308594,
        0.30072951316833496
    ],
    "tnr_1": [
        92.92970275878906,
        1.9719806909561157
    ],
    "nar_0": [
        0.5481662750244141,
        0.21871443092823029
    ],
    "nar_1": [
        1.7292848825454712,
        1.0578596591949463
    ]
}