{
    "cov": [
        68.01213073730469,
        4.831775665283203
    ],
    "acc": [
        97.94513702392578,
        0.6925405859947205
    ],
    "pos_0": [
        0.046371426433324814,
        0.06380943208932877
    ],
    "pos_1": [
        0.0,
        0.0
    ],
    "neg_0": [
        68.2670669555664,
        4.661428451538086
    ],
    "neg_1": [
        63.884700775146484,
        7.953990936279297
    ],
    "abs_0": [
        31.686567306518555,
        4.669686794281006
    ],
    "abs_1": [
        36.11529541015625,
        7.953991413116455
    ],
    "tpr_0": [
        0.2291586995124817,
        0.43230387568473816
    ],
    "tpr_1": [
        0.0,
        0.0
    ],
    "fnr_0": [
        7.995926856994629,
        5.050997257232666
    ],
    "fnr_1": [
        32.85082244873047,
        10.423490524291992
    ],
    "par_0": [
        91.77491760253906,
        4.951472759246826
    ],
    "par_1": [
        67.149169921875,
        10.423489570617676
    ],
    "fpr_0": [
        0.0260772705078125,
        0.026779580861330032
    ],
    "fpr_1": [
        0.0,
        0.0
    ],
    "tnr_0": [
        74.97445678710938,
        5.216466903686523
    ],
    "tnr_1": [
        76.25096893310547,
        7.239131450653076
    ],
    "nar_0": [
        24.999467849731445,
        5.221240520477295
    ],
    "nar_1": [
        23.749027252197266,
        7.239131927490234
    ]
}