{
    "cov": [
        63.34595489501953,
        19.78529930114746
    ],
    "acc": [
        97.31017303466797,
        1.63820481300354
    ],
    "pos_0": [
        0.05468408763408661,
        0.06874895840883255
    ],
    "pos_1": [
        0.0,
        0.0
    ],
    "neg_0": [
        63.70256805419922,
        20.41950798034668
    ],
    "neg_1": [
        57.680301666259766,
        12.311165809631348
    ],
    "abs_0": [
        36.24274826049805,
        20.441923141479492
    ],
    "abs_1": [
        42.31969451904297,
        12.311166763305664
    ],
    "tpr_0": [
        0.43926742672920227,
        0.5719037652015686
    ],
    "tpr_1": [
        0.0,
        0.0
    ],
    "fnr_0": [
        14.737771987915039,
        14.197521209716797
    ],
    "fnr_1": [
        29.375892639160156,
        14.941965103149414
    ],
    "par_0": [
        84.82295989990234,
        14.420696258544922
    ],
    "par_1": [
        70.62410736083984,
        14.941967010498047
    ],
    "fpr_0": [
        0.011574084870517254,
        0.018218208104372025
    ],
    "fpr_1": [
        0.0,
        0.0
    ],
    "tnr_0": [
        69.14315032958984,
        21.413330078125
    ],
    "tnr_1": [
        68.97371673583984,
        11.543232917785645
    ],
    "nar_0": [
        30.84527015686035,
        21.417551040649414
    ],
    "nar_1": [
        31.02627944946289,
        11.543231964111328
    ]
}