{
    "cov": [
        92.7166748046875,
        1.5021179914474487
    ],
    "acc": [
        93.36671447753906,
        0.7676652669906616
    ],
    "pos_0": [
        1.2662767171859741,
        0.26583054661750793
    ],
    "pos_1": [
        7.604352951049805,
        1.4383474588394165
    ],
    "neg_0": [
        92.42118835449219,
        1.4618414640426636
    ],
    "neg_1": [
        71.7785873413086,
        4.853443145751953
    ],
    "abs_0": [
        6.312526702880859,
        1.3987858295440674
    ],
    "abs_1": [
        20.6170597076416,
        4.592001438140869
    ],
    "tpr_0": [
        9.745282173156738,
        1.9752322435379028
    ],
    "tpr_1": [
        19.708215713500977,
        4.227660179138184
    ],
    "fnr_0": [
        53.15000534057617,
        7.339223384857178
    ],
    "fnr_1": [
        40.892478942871094,
        7.513984203338623
    ],
    "par_0": [
        37.10470962524414,
        6.748271942138672
    ],
    "par_1": [
        39.39929962158203,
        7.424137115478516
    ],
    "fpr_0": [
        0.3248269259929657,
        0.10160958021879196
    ],
    "fpr_1": [
        2.776747941970825,
        0.8845967054367065
    ],
    "tnr_0": [
        96.7880859375,
        0.8126960396766663
    ],
    "tnr_1": [
        84.10917663574219,
        4.696612358093262
    ],
    "nar_0": [
        2.887079954147339,
        0.8102291226387024
    ],
    "nar_1": [
        13.114081382751465,
        4.436047554016113
    ]
}