{
    "cov": [
        44.07622528076172,
        0.9230878353118896
    ],
    "acc": [
        99.19332885742188,
        0.07987289875745773
    ],
    "pos_0": [
        0.4107610583305359,
        0.06325292587280273
    ],
    "pos_1": [
        0.4555038511753082,
        0.32899540662765503
    ],
    "neg_0": [
        43.685359954833984,
        0.952899158000946
    ],
    "neg_1": [
        43.34463882446289,
        3.0578131675720215
    ],
    "abs_0": [
        55.90387725830078,
        0.9647155404090881
    ],
    "abs_1": [
        56.19984817504883,
        3.127800464630127
    ],
    "tpr_0": [
        2.793811321258545,
        0.477314829826355
    ],
    "tpr_1": [
        0.9670426249504089,
        0.9270167946815491
    ],
    "fnr_0": [
        0.8741203546524048,
        0.2796921730041504
    ],
    "fnr_1": [
        6.998135566711426,
        1.7070508003234863
    ],
    "par_0": [
        96.33207702636719,
        0.4343384802341461
    ],
    "par_1": [
        92.03482055664062,
        1.857285737991333
    ],
    "fpr_0": [
        0.14944101870059967,
        0.0431184358894825
    ],
    "fpr_1": [
        0.2528385818004608,
        0.2051078826189041
    ],
    "tnr_0": [
        48.386592864990234,
        1.030529499053955
    ],
    "tnr_1": [
        57.73040008544922,
        3.583151340484619
    ],
    "nar_0": [
        51.46397018432617,
        1.0470325946807861
    ],
    "nar_1": [
        42.01675796508789,
        3.5921072959899902
    ]
}