{
    "cov": [
        61.2187385559082,
        3.7941808700561523
    ],
    "acc": [
        99.59058380126953,
        0.6151869893074036
    ],
    "pos_0": [
        0.007309103850275278,
        0.010032244957983494
    ],
    "pos_1": [
        0.006633499171584845,
        0.03316749632358551
    ],
    "neg_0": [
        63.66621398925781,
        3.7705087661743164
    ],
    "neg_1": [
        27.617687225341797,
        5.135922908782959
    ],
    "abs_0": [
        36.32647705078125,
        3.76589035987854
    ],
    "abs_1": [
        72.37567901611328,
        5.131224155426025
    ],
    "tpr_0": [
        0.021291198208928108,
        0.04981090873479843
    ],
    "tpr_1": [
        0.023952094838023186,
        0.11976048350334167
    ],
    "fnr_0": [
        2.467597723007202,
        3.3597216606140137
    ],
    "fnr_1": [
        0.2931613028049469,
        0.5143469572067261
    ],
    "par_0": [
        97.5111083984375,
        3.3497958183288574
    ],
    "par_1": [
        99.68289184570312,
        0.5423532724380493
    ],
    "fpr_0": [
        0.005800986662507057,
        0.008382988162338734
    ],
    "fpr_1": [
        0.0,
        0.0
    ],
    "tnr_0": [
        70.46562957763672,
        4.259703636169434
    ],
    "tnr_1": [
        38.43642044067383,
        6.844357490539551
    ],
    "nar_0": [
        29.528566360473633,
        4.2582292556762695
    ],
    "nar_1": [
        61.56357955932617,
        6.844357490539551
    ]
}