{
    "cov": [
        90.86136627197266,
        1.3183554410934448
    ],
    "acc": [
        92.6287841796875,
        0.5203378796577454
    ],
    "pos_0": [
        0.0,
        0.0
    ],
    "pos_1": [
        0.0,
        0.0
    ],
    "neg_0": [
        91.44677734375,
        1.268996238708496
    ],
    "neg_1": [
        82.84085083007812,
        3.1496663093566895
    ],
    "abs_0": [
        8.553227424621582,
        1.268996000289917
    ],
    "abs_1": [
        17.159147262573242,
        3.1496684551239014
    ],
    "tpr_0": [
        0.0,
        0.0
    ],
    "tpr_1": [
        0.0,
        0.0
    ],
    "fnr_0": [
        58.91788864135742,
        4.5417633056640625
    ],
    "fnr_1": [
        62.30659103393555,
        6.4845499992370605
    ],
    "par_0": [
        41.08210754394531,
        4.541762828826904
    ],
    "par_1": [
        37.69340896606445,
        6.484550476074219
    ],
    "fpr_0": [
        0.0,
        0.0
    ],
    "fpr_1": [
        0.0,
        0.0
    ],
    "tnr_0": [
        95.06619262695312,
        0.9401503801345825
    ],
    "tnr_1": [
        91.02396392822266,
        2.457429885864258
    ],
    "nar_0": [
        4.933809757232666,
        0.9401519298553467
    ],
    "nar_1": [
        8.976035118103027,
        2.457430839538574
    ]
}