{
    "cov": [
        73.72760772705078,
        7.193221569061279
    ],
    "acc": [
        95.12730407714844,
        1.113555669784546
    ],
    "pos_0": [
        0.0,
        0.0
    ],
    "pos_1": [
        0.0,
        0.0
    ],
    "neg_0": [
        74.65261840820312,
        7.146963596343994
    ],
    "neg_1": [
        61.11517333984375,
        8.453808784484863
    ],
    "abs_0": [
        25.347379684448242,
        7.146960258483887
    ],
    "abs_1": [
        38.884822845458984,
        8.453807830810547
    ],
    "tpr_0": [
        0.0,
        0.0
    ],
    "tpr_1": [
        0.0,
        0.0
    ],
    "fnr_0": [
        32.3400764465332,
        9.672475814819336
    ],
    "fnr_1": [
        33.02722930908203,
        10.265044212341309
    ],
    "par_0": [
        67.65991973876953,
        9.672477722167969
    ],
    "par_1": [
        66.97277069091797,
        10.265046119689941
    ],
    "fpr_0": [
        0.0,
        0.0
    ],
    "fpr_1": [
        0.0,
        0.0
    ],
    "tnr_0": [
        79.35647583007812,
        6.991269588470459
    ],
    "tnr_1": [
        72.3319091796875,
        8.037267684936523
    ],
    "nar_0": [
        20.64352035522461,
        6.991268634796143
    ],
    "nar_1": [
        27.6680908203125,
        8.037266731262207
    ]
}