{
    "cov": [
        63.40907669067383,
        20.88912010192871
    ],
    "acc": [
        97.37452697753906,
        1.590073585510254
    ],
    "pos_0": [
        0.06723083555698395,
        0.11579757183790207
    ],
    "pos_1": [
        0.014159291982650757,
        0.07079645991325378
    ],
    "neg_0": [
        63.76865768432617,
        21.314626693725586
    ],
    "neg_1": [
        57.5342903137207,
        15.725982666015625
    ],
    "abs_0": [
        36.16411209106445,
        21.334978103637695
    ],
    "abs_1": [
        42.45155334472656,
        15.73791217803955
    ],
    "tpr_0": [
        0.49352508783340454,
        0.816498875617981
    ],
    "tpr_1": [
        0.054794520139694214,
        0.27397260069847107
    ],
    "fnr_0": [
        14.263345718383789,
        13.545555114746094
    ],
    "fnr_1": [
        29.868234634399414,
        16.806745529174805
    ],
    "par_0": [
        85.24312591552734,
        13.451666831970215
    ],
    "par_1": [
        70.07697296142578,
        16.82616424560547
    ],
    "fpr_0": [
        0.01914943940937519,
        0.038608748465776443
    ],
    "fpr_1": [
        0.0,
        0.0
    ],
    "tnr_0": [
        69.28624725341797,
        22.482177734375
    ],
    "tnr_1": [
        68.56073760986328,
        15.885233879089355
    ],
    "nar_0": [
        30.69460678100586,
        22.490394592285156
    ],
    "nar_1": [
        31.43926239013672,
        15.885233879089355
    ]
}