{
    "cov": [
        62.76329040527344,
        20.29995346069336
    ],
    "acc": [
        97.24261474609375,
        1.214315414428711
    ],
    "pos_0": [
        0.07040108740329742,
        0.0765947550535202
    ],
    "pos_1": [
        0.013855814933776855,
        0.04796191677451134
    ],
    "neg_0": [
        63.0090217590332,
        20.808902740478516
    ],
    "neg_1": [
        58.53303527832031,
        13.797959327697754
    ],
    "abs_0": [
        36.92057800292969,
        20.835599899291992
    ],
    "abs_1": [
        41.45310592651367,
        13.794381141662598
    ],
    "tpr_0": [
        0.5487460494041443,
        0.6332312822341919
    ],
    "tpr_1": [
        0.023121386766433716,
        0.11560694128274918
    ],
    "fnr_0": [
        14.027445793151855,
        11.08836841583252
    ],
    "fnr_1": [
        31.818195343017578,
        14.49574089050293
    ],
    "par_0": [
        85.4238052368164,
        11.376542091369629
    ],
    "par_1": [
        68.15868377685547,
        14.51630973815918
    ],
    "fpr_0": [
        0.017957566305994987,
        0.027210783213377
    ],
    "fpr_1": [
        0.009828009642660618,
        0.049140047281980515
    ],
    "tnr_0": [
        68.460693359375,
        22.02789306640625
    ],
    "tnr_1": [
        69.19227600097656,
        13.941629409790039
    ],
    "nar_0": [
        31.521352767944336,
        22.03385353088379
    ],
    "nar_1": [
        30.797889709472656,
        13.92463493347168
    ]
}