{
    "cov": [
        68.01310729980469,
        9.278074264526367
    ],
    "acc": [
        98.52457427978516,
        0.9746291041374207
    ],
    "pos_0": [
        0.08284801244735718,
        0.0839550644159317
    ],
    "pos_1": [
        0.36193138360977173,
        0.3108665645122528
    ],
    "neg_0": [
        70.5224609375,
        9.33795166015625
    ],
    "neg_1": [
        32.18735885620117,
        8.576231002807617
    ],
    "abs_0": [
        29.39468765258789,
        9.387589454650879
    ],
    "abs_1": [
        67.4507064819336,
        8.7019681930542
    ],
    "tpr_0": [
        0.5579294562339783,
        0.6190763115882874
    ],
    "tpr_1": [
        1.0449942350387573,
        0.9413794875144958
    ],
    "fnr_0": [
        9.81545639038086,
        6.719198226928711
    ],
    "fnr_1": [
        2.805192470550537,
        2.4317750930786133
    ],
    "par_0": [
        89.6266098022461,
        6.81118106842041
    ],
    "par_1": [
        96.14981079101562,
        2.5986359119415283
    ],
    "fpr_0": [
        0.029571836814284325,
        0.03181755915284157
    ],
    "fpr_1": [
        0.08825204521417618,
        0.17048762738704681
    ],
    "tnr_0": [
        77.27338409423828,
        10.283082008361816
    ],
    "tnr_1": [
        43.871307373046875,
        11.19039249420166
    ],
    "nar_0": [
        22.697046279907227,
        10.29914665222168
    ],
    "nar_1": [
        56.04043960571289,
        11.212141990661621
    ]
}