{
    "cov": [
        35.28574752807617,
        17.22681427001953
    ],
    "acc": [
        97.94390106201172,
        1.1272921562194824
    ],
    "pos_0": [
        0.0,
        0.0
    ],
    "pos_1": [
        0.0,
        0.0
    ],
    "neg_0": [
        35.59232711791992,
        17.663333892822266
    ],
    "neg_1": [
        31.069602966308594,
        12.39155387878418
    ],
    "abs_0": [
        64.40766906738281,
        17.663333892822266
    ],
    "abs_1": [
        68.93038940429688,
        12.391551971435547
    ],
    "tpr_0": [
        0.0,
        0.0
    ],
    "tpr_1": [
        0.0,
        0.0
    ],
    "fnr_0": [
        7.871964454650879,
        6.741539001464844
    ],
    "fnr_1": [
        6.980855464935303,
        6.804840087890625
    ],
    "par_0": [
        92.12803649902344,
        6.741540431976318
    ],
    "par_1": [
        93.0191421508789,
        6.804840087890625
    ],
    "fpr_0": [
        0.0,
        0.0
    ],
    "fpr_1": [
        0.0,
        0.0
    ],
    "tnr_0": [
        38.68632507324219,
        18.999595642089844
    ],
    "tnr_1": [
        40.62647247314453,
        14.939379692077637
    ],
    "nar_0": [
        61.31367111206055,
        18.99959373474121
    ],
    "nar_1": [
        59.3735237121582,
        14.93937873840332
    ]
}