{
    "cov": [
        98.74823760986328,
        0.6395921111106873
    ],
    "acc": [
        90.22513580322266,
        0.4772437810897827
    ],
    "pos_0": [
        1.854763150215149,
        0.32256317138671875
    ],
    "pos_1": [
        0.26167595386505127,
        0.23349346220493317
    ],
    "neg_0": [
        97.05369567871094,
        0.6929831504821777
    ],
    "neg_1": [
        96.29800415039062,
        2.9596145153045654
    ],
    "abs_0": [
        1.0915400981903076,
        0.5207903981208801
    ],
    "abs_1": [
        3.4403069019317627,
        2.9437315464019775
    ],
    "tpr_0": [
        13.721513748168945,
        2.184997797012329
    ],
    "tpr_1": [
        0.7249612808227539,
        0.7015988826751709
    ],
    "fnr_0": [
        79.85951232910156,
        3.9108316898345947
    ],
    "fnr_1": [
        90.3758316040039,
        7.753457546234131
    ],
    "par_0": [
        6.418981552124023,
        2.9179611206054688
    ],
    "par_1": [
        8.899209022521973,
        7.6788740158081055
    ],
    "fpr_0": [
        0.5348936915397644,
        0.13796085119247437
    ],
    "fpr_1": [
        0.0769490972161293,
        0.14974811673164368
    ],
    "tnr_0": [
        98.9633560180664,
        0.3760940432548523
    ],
    "tnr_1": [
        98.67129516601562,
        1.2615023851394653
    ],
    "nar_0": [
        0.5017386674880981,
        0.2894405722618103
    ],
    "nar_1": [
        1.2517509460449219,
        1.261980414390564
    ]
}