{
    "cov": [
        74.4127197265625,
        4.266656398773193
    ],
    "acc": [
        97.13121032714844,
        0.6885873675346375
    ],
    "pos_0": [
        0.038582272827625275,
        0.04616737365722656
    ],
    "pos_1": [
        0.0,
        0.0
    ],
    "neg_0": [
        74.64464569091797,
        4.1587724685668945
    ],
    "neg_1": [
        70.69147491455078,
        7.306207656860352
    ],
    "abs_0": [
        25.3167667388916,
        4.160752296447754
    ],
    "abs_1": [
        29.30851936340332,
        7.306207656860352
    ],
    "tpr_0": [
        0.18695421516895294,
        0.2766757309436798
    ],
    "tpr_1": [
        0.0,
        0.0
    ],
    "fnr_0": [
        14.126185417175293,
        6.325802326202393
    ],
    "fnr_1": [
        42.10885238647461,
        8.991084098815918
    ],
    "par_0": [
        85.68685150146484,
        6.220955848693848
    ],
    "par_1": [
        57.89114761352539,
        8.99108600616455
    ],
    "fpr_0": [
        0.02205616421997547,
        0.026592036709189415
    ],
    "fpr_1": [
        0.0,
        0.0
    ],
    "tnr_0": [
        81.38209533691406,
        4.451868057250977
    ],
    "tnr_1": [
        82.1167984008789,
        6.831303596496582
    ],
    "nar_0": [
        18.595842361450195,
        4.454952716827393
    ],
    "nar_1": [
        17.883207321166992,
        6.831303119659424
    ]
}