{
    "cov": [
        98.13595581054688,
        1.5696468353271484
    ],
    "acc": [
        89.91673278808594,
        0.9440895915031433
    ],
    "pos_0": [
        0.17227835953235626,
        0.5152794718742371
    ],
    "pos_1": [
        0.22111083567142487,
        0.6263989806175232
    ],
    "neg_0": [
        98.15521240234375,
        1.285159707069397
    ],
    "neg_1": [
        95.31187438964844,
        4.429993629455566
    ],
    "abs_0": [
        1.6725094318389893,
        1.373854398727417
    ],
    "abs_1": [
        4.467016696929932,
        4.570409774780273
    ],
    "tpr_0": [
        1.3016654253005981,
        3.8656795024871826
    ],
    "tpr_1": [
        0.5436564683914185,
        1.5681021213531494
    ],
    "fnr_0": [
        87.47212982177734,
        8.360947608947754
    ],
    "fnr_1": [
        87.82276153564453,
        11.664029121398926
    ],
    "par_0": [
        11.226208686828613,
        8.912093162536621
    ],
    "par_1": [
        11.633573532104492,
        12.04679012298584
    ],
    "fpr_0": [
        0.04683978110551834,
        0.14112600684165955
    ],
    "fpr_1": [
        0.09033000469207764,
        0.24982130527496338
    ],
    "tnr_0": [
        99.33678436279297,
        0.5333257913589478
    ],
    "tnr_1": [
        98.32097625732422,
        1.6925839185714722
    ],
    "nar_0": [
        0.616373598575592,
        0.5633661150932312
    ],
    "nar_1": [
        1.5886950492858887,
        1.7276631593704224
    ]
}