{
    "cov": [
        81.11094665527344,
        3.7014150619506836
    ],
    "acc": [
        96.8877944946289,
        1.0594792366027832
    ],
    "pos_0": [
        0.1312343031167984,
        0.16456712782382965
    ],
    "pos_1": [
        1.3670040369033813,
        1.2632255554199219
    ],
    "neg_0": [
        83.48287200927734,
        3.5253708362579346
    ],
    "neg_1": [
        45.56177520751953,
        5.866219997406006
    ],
    "abs_0": [
        16.38589096069336,
        3.553363084793091
    ],
    "abs_1": [
        53.07121276855469,
        6.173238754272461
    ],
    "tpr_0": [
        1.0591920614242554,
        1.382199764251709
    ],
    "tpr_1": [
        3.6527295112609863,
        3.3232579231262207
    ],
    "fnr_0": [
        24.478235244750977,
        9.266948699951172
    ],
    "fnr_1": [
        11.689911842346191,
        5.565162658691406
    ],
    "par_0": [
        74.46257019042969,
        9.365700721740723
    ],
    "par_1": [
        84.65736389160156,
        7.483185291290283
    ],
    "fpr_0": [
        0.02946530468761921,
        0.03667733818292618
    ],
    "fpr_1": [
        0.4504365921020508,
        0.47751736640930176
    ],
    "tnr_0": [
        90.04088592529297,
        2.9547812938690186
    ],
    "tnr_1": [
        59.07136154174805,
        6.751154899597168
    ],
    "nar_0": [
        9.929643630981445,
        2.9636943340301514
    ],
    "nar_1": [
        40.47819900512695,
        6.754400730133057
    ]
}