{
    "cov": [
        95.08181762695312,
        1.684049129486084
    ],
    "acc": [
        91.2363052368164,
        0.7720727324485779
    ],
    "pos_0": [
        0.0,
        0.0
    ],
    "pos_1": [
        0.0,
        0.0
    ],
    "neg_0": [
        95.5367202758789,
        1.6364363431930542
    ],
    "neg_1": [
        88.85902404785156,
        3.045133352279663
    ],
    "abs_0": [
        4.463280200958252,
        1.6364370584487915
    ],
    "abs_1": [
        11.140978813171387,
        3.0451343059539795
    ],
    "tpr_0": [
        0.0,
        0.0
    ],
    "tpr_1": [
        0.0,
        0.0
    ],
    "fnr_0": [
        74.40941619873047,
        7.2901716232299805
    ],
    "fnr_1": [
        72.34282684326172,
        6.820197105407715
    ],
    "par_0": [
        25.590587615966797,
        7.290172100067139
    ],
    "par_1": [
        27.657167434692383,
        6.820197582244873
    ],
    "fpr_0": [
        0.0,
        0.0
    ],
    "fpr_1": [
        0.0,
        0.0
    ],
    "tnr_0": [
        97.88115692138672,
        1.0297073125839233
    ],
    "tnr_1": [
        95.50240325927734,
        1.8293079137802124
    ],
    "nar_0": [
        2.1188337802886963,
        1.029707431793213
    ],
    "nar_1": [
        4.497598648071289,
        1.8293057680130005
    ]
}