{
    "cov": [
        57.83588409423828,
        2.44352650642395
    ],
    "acc": [
        99.82017517089844,
        0.07188006490468979
    ],
    "pos_0": [
        0.0036575354170054197,
        0.009627592749893665
    ],
    "pos_1": [
        0.0,
        0.0
    ],
    "neg_0": [
        60.18645477294922,
        2.5295052528381348
    ],
    "neg_1": [
        25.64426040649414,
        2.869317054748535
    ],
    "abs_0": [
        39.80988693237305,
        2.5245888233184814
    ],
    "abs_1": [
        74.35574340820312,
        2.8693175315856934
    ],
    "tpr_0": [
        0.0,
        0.0
    ],
    "tpr_1": [
        0.0,
        0.0
    ],
    "fnr_0": [
        1.0497844219207764,
        0.5155132412910461
    ],
    "fnr_1": [
        0.20576469600200653,
        0.3652968108654022
    ],
    "par_0": [
        98.95021057128906,
        0.5155136585235596
    ],
    "par_1": [
        99.79423522949219,
        0.36529743671417236
    ],
    "fpr_0": [
        0.004076642449945211,
        0.010739285498857498
    ],
    "fpr_1": [
        0.0,
        0.0
    ],
    "tnr_0": [
        66.76110076904297,
        2.7289490699768066
    ],
    "tnr_1": [
        35.752288818359375,
        3.660210371017456
    ],
    "nar_0": [
        33.23482131958008,
        2.7236452102661133
    ],
    "nar_1": [
        64.24771118164062,
        3.6602089405059814
    ]
}