{
    "cov": [
        68.01165008544922,
        13.456396102905273
    ],
    "acc": [
        97.80376434326172,
        0.6683061718940735
    ],
    "pos_0": [
        0.03231417015194893,
        0.055684417486190796
    ],
    "pos_1": [
        0.0,
        0.0
    ],
    "neg_0": [
        68.19991302490234,
        13.712763786315918
    ],
    "neg_1": [
        64.97530364990234,
        10.844635963439941
    ],
    "abs_0": [
        31.767778396606445,
        13.725485801696777
    ],
    "abs_1": [
        35.02470016479492,
        10.844635963439941
    ],
    "tpr_0": [
        0.15438058972358704,
        0.2906649708747864
    ],
    "tpr_1": [
        0.0,
        0.0
    ],
    "fnr_0": [
        9.271355628967285,
        4.84641695022583
    ],
    "fnr_1": [
        34.86855697631836,
        12.88597297668457
    ],
    "par_0": [
        90.57426452636719,
        4.82295560836792
    ],
    "par_1": [
        65.13143920898438,
        12.88597297668457
    ],
    "fpr_0": [
        0.018574435263872147,
        0.032667119055986404
    ],
    "fpr_1": [
        0.0,
        0.0
    ],
    "tnr_0": [
        74.75660705566406,
        14.918586730957031
    ],
    "tnr_1": [
        76.9573745727539,
        10.7365140914917
    ],
    "nar_0": [
        25.22481918334961,
        14.926220893859863
    ],
    "nar_1": [
        23.042621612548828,
        10.7365140914917
    ]
}