{
    "cov": [
        63.57319641113281,
        8.097257614135742
    ],
    "acc": [
        99.13784790039062,
        0.8361162543296814
    ],
    "pos_0": [
        0.053709764033555984,
        0.06947673112154007
    ],
    "pos_1": [
        0.1484917402267456,
        0.2779257893562317
    ],
    "neg_0": [
        66.01725769042969,
        8.271204948425293
    ],
    "neg_1": [
        29.269737243652344,
        6.849549293518066
    ],
    "abs_0": [
        33.92902755737305,
        8.257081031799316
    ],
    "abs_1": [
        70.5817642211914,
        6.819399833679199
    ],
    "tpr_0": [
        0.3248690664768219,
        0.4666345417499542
    ],
    "tpr_1": [
        0.4802076518535614,
        0.8485040664672852
    ],
    "fnr_0": [
        5.056920051574707,
        4.738792419433594
    ],
    "fnr_1": [
        1.1299152374267578,
        1.1165581941604614
    ],
    "par_0": [
        94.61820983886719,
        4.621524810791016
    ],
    "par_1": [
        98.3898696899414,
        1.1929619312286377
    ],
    "fpr_0": [
        0.02431219071149826,
        0.03115079365670681
    ],
    "fpr_1": [
        0.019704433158040047,
        0.09852217137813568
    ],
    "tnr_0": [
        72.78372955322266,
        9.279586791992188
    ],
    "tnr_1": [
        40.42534637451172,
        9.210649490356445
    ],
    "nar_0": [
        27.19195556640625,
        9.273185729980469
    ],
    "nar_1": [
        59.5549430847168,
        9.205615997314453
    ]
}