{
    "cov": [
        89.15706634521484,
        3.3378357887268066
    ],
    "acc": [
        92.79633331298828,
        0.8419927358627319
    ],
    "pos_0": [
        0.0,
        0.0
    ],
    "pos_1": [
        0.0,
        0.0
    ],
    "neg_0": [
        89.8924560546875,
        3.2357451915740967
    ],
    "neg_1": [
        79.08760833740234,
        6.007370948791504
    ],
    "abs_0": [
        10.107544898986816,
        3.2357447147369385
    ],
    "abs_1": [
        20.91238784790039,
        6.007371425628662
    ],
    "tpr_0": [
        0.0,
        0.0
    ],
    "tpr_1": [
        0.0,
        0.0
    ],
    "fnr_0": [
        56.92401123046875,
        8.904447555541992
    ],
    "fnr_1": [
        58.63798522949219,
        9.230753898620605
    ],
    "par_0": [
        43.075984954833984,
        8.904448509216309
    ],
    "par_1": [
        41.36201095581055,
        9.230753898620605
    ],
    "fpr_0": [
        0.0,
        0.0
    ],
    "fpr_1": [
        0.0,
        0.0
    ],
    "tnr_0": [
        93.56062316894531,
        2.709608793258667
    ],
    "tnr_1": [
        87.21781158447266,
        5.168385028839111
    ],
    "nar_0": [
        6.4393768310546875,
        2.7096078395843506
    ],
    "nar_1": [
        12.782184600830078,
        5.1683855056762695
    ]
}