{
    "cov": [
        29.0850830078125,
        0.7530462741851807
    ],
    "acc": [
        99.5014419555664,
        0.12701231241226196
    ],
    "pos_0": [
        0.29071953892707825,
        0.058542098850011826
    ],
    "pos_1": [
        0.3220551311969757,
        0.24951595067977905
    ],
    "neg_0": [
        28.824813842773438,
        0.7786858677864075
    ],
    "neg_1": [
        28.342348098754883,
        2.9579975605010986
    ],
    "abs_0": [
        70.88446044921875,
        0.7872403264045715
    ],
    "abs_1": [
        71.3355941772461,
        2.967803955078125
    ],
    "tpr_0": [
        1.9432902336120605,
        0.38441020250320435
    ],
    "tpr_1": [
        0.5988178849220276,
        0.7087768316268921
    ],
    "fnr_0": [
        0.34193721413612366,
        0.1871757060289383
    ],
    "fnr_1": [
        0.578660786151886,
        0.5608017444610596
    ],
    "par_0": [
        97.71477508544922,
        0.4026212990283966
    ],
    "par_1": [
        98.8225326538086,
        0.7638934850692749
    ],
    "fpr_0": [
        0.10947083681821823,
        0.043224968016147614
    ],
    "fpr_1": [
        0.21300555765628815,
        0.21462734043598175
    ],
    "tnr_0": [
        31.95240020751953,
        0.8457878232002258
    ],
    "tnr_1": [
        39.319847106933594,
        3.9660160541534424
    ],
    "nar_0": [
        67.9381332397461,
        0.8609105944633484
    ],
    "nar_1": [
        60.46714782714844,
        3.954439401626587
    ]
}