{
    "cov": [
        99.0269546508789,
        1.2649041414260864
    ],
    "acc": [
        89.57062530517578,
        0.8491330146789551
    ],
    "pos_0": [
        0.49320465326309204,
        0.8483101725578308
    ],
    "pos_1": [
        1.1513848304748535,
        2.1039011478424072
    ],
    "neg_0": [
        98.6002426147461,
        1.0937799215316772
    ],
    "neg_1": [
        96.96653747558594,
        3.2433321475982666
    ],
    "abs_0": [
        0.9065467119216919,
        1.1484341621398926
    ],
    "abs_1": [
        1.882071614265442,
        3.1948513984680176
    ],
    "tpr_0": [
        3.6537601947784424,
        6.254018783569336
    ],
    "tpr_1": [
        3.015808343887329,
        5.424316883087158
    ],
    "fnr_0": [
        90.1297836303711,
        7.444833755493164
    ],
    "fnr_1": [
        91.90807342529297,
        8.564509391784668
    ],
    "par_0": [
        6.2164483070373535,
        7.696131706237793
    ],
    "par_1": [
        5.076117038726807,
        8.44600772857666
    ],
    "fpr_0": [
        0.14584340155124664,
        0.25834497809410095
    ],
    "fpr_1": [
        0.3618142902851105,
        0.7929178476333618
    ],
    "tnr_0": [
        99.53290557861328,
        0.4290983974933624
    ],
    "tnr_1": [
        98.98599243164062,
        1.3208426237106323
    ],
    "nar_0": [
        0.32123884558677673,
        0.45460256934165955
    ],
    "nar_1": [
        0.6521960496902466,
        1.2678782939910889
    ]
}