{
    "cov": [
        37.070518493652344,
        0.8688222765922546
    ],
    "acc": [
        99.37213134765625,
        0.10937117040157318
    ],
    "pos_0": [
        0.3356092572212219,
        0.05853006988763809
    ],
    "pos_1": [
        0.3361431956291199,
        0.24600347876548767
    ],
    "neg_0": [
        36.7546501159668,
        0.8438307642936707
    ],
    "neg_1": [
        36.465904235839844,
        2.614103317260742
    ],
    "abs_0": [
        62.90974426269531,
        0.8603649735450745
    ],
    "abs_1": [
        63.19795227050781,
        2.6023452281951904
    ],
    "tpr_0": [
        2.2285304069519043,
        0.39191892743110657
    ],
    "tpr_1": [
        0.6246243119239807,
        0.697724461555481
    ],
    "fnr_0": [
        0.535957396030426,
        0.26672446727752686
    ],
    "fnr_1": [
        3.3156914710998535,
        1.3704545497894287
    ],
    "par_0": [
        97.23550415039062,
        0.40999335050582886
    ],
    "par_1": [
        96.05967712402344,
        1.4803179502487183
    ],
    "fpr_0": [
        0.1280093640089035,
        0.04434056207537651
    ],
    "fpr_1": [
        0.22250674664974213,
        0.21001297235488892
    ],
    "tnr_0": [
        40.7317008972168,
        0.9159985780715942
    ],
    "tnr_1": [
        49.5828742980957,
        3.2417356967926025
    ],
    "nar_0": [
        59.140289306640625,
        0.930796205997467
    ],
    "nar_1": [
        50.194618225097656,
        3.2319576740264893
    ]
}