{
    "cov": [
        62.952171325683594,
        6.4205756187438965
    ],
    "acc": [
        98.39421844482422,
        0.5998872518539429
    ],
    "pos_0": [
        0.044274453073740005,
        0.049153298139572144
    ],
    "pos_1": [
        0.0,
        0.0
    ],
    "neg_0": [
        63.238826751708984,
        6.378360748291016
    ],
    "neg_1": [
        58.42848587036133,
        7.63233757019043
    ],
    "abs_0": [
        36.71689224243164,
        6.395352363586426
    ],
    "abs_1": [
        41.57151412963867,
        7.632338047027588
    ],
    "tpr_0": [
        0.23016482591629028,
        0.3146761357784271
    ],
    "tpr_1": [
        0.0,
        0.0
    ],
    "fnr_0": [
        5.440461158752441,
        4.042162895202637
    ],
    "fnr_1": [
        26.09481430053711,
        8.33946704864502
    ],
    "par_0": [
        94.32937622070312,
        3.977121353149414
    ],
    "par_1": [
        73.90518188476562,
        8.33946704864502
    ],
    "fpr_0": [
        0.023754199966788292,
        0.024002069607377052
    ],
    "fpr_1": [
        0.0,
        0.0
    ],
    "tnr_0": [
        69.66840362548828,
        6.918067932128906
    ],
    "tnr_1": [
        71.31827545166016,
        7.806982517242432
    ],
    "nar_0": [
        30.30784034729004,
        6.928080081939697
    ],
    "nar_1": [
        28.68172264099121,
        7.806982517242432
    ]
}