{
    "cov": [
        86.03836059570312,
        2.471376895904541
    ],
    "acc": [
        95.57990264892578,
        0.8247926235198975
    ],
    "pos_0": [
        0.35497426986694336,
        0.254564106464386
    ],
    "pos_1": [
        2.652529239654541,
        1.2274597883224487
    ],
    "neg_0": [
        87.6981430053711,
        2.352701425552368
    ],
    "neg_1": [
        55.805198669433594,
        4.051904678344727
    ],
    "abs_0": [
        11.946874618530273,
        2.365799903869629
    ],
    "abs_1": [
        41.54227066040039,
        4.73333740234375
    ],
    "tpr_0": [
        2.8266546726226807,
        2.0635390281677246
    ],
    "tpr_1": [
        7.19329833984375,
        3.470944404602051
    ],
    "fnr_0": [
        35.473079681396484,
        7.454307556152344
    ],
    "fnr_1": [
        21.03455924987793,
        6.101467132568359
    ],
    "par_0": [
        61.70026397705078,
        7.688077449798584
    ],
    "par_1": [
        71.77214050292969,
        8.082235336303711
    ],
    "fpr_0": [
        0.08110105246305466,
        0.062388524413108826
    ],
    "fpr_1": [
        0.8433416485786438,
        0.5445508360862732
    ],
    "tnr_0": [
        93.51005554199219,
        1.7463685274124146
    ],
    "tnr_1": [
        69.65904998779297,
        3.980719804763794
    ],
    "nar_0": [
        6.408831596374512,
        1.753507375717163
    ],
    "nar_1": [
        29.497602462768555,
        4.150987148284912
    ]
}