{
    "cov": [
        92.04855346679688,
        0.8942446708679199
    ],
    "acc": [
        93.9195327758789,
        0.4351557791233063
    ],
    "pos_0": [
        1.7558082342147827,
        0.4472992718219757
    ],
    "pos_1": [
        6.641355991363525,
        1.5334500074386597
    ],
    "neg_0": [
        91.29527282714844,
        0.6713215708732605
    ],
    "neg_1": [
        71.71170043945312,
        3.461041212081909
    ],
    "abs_0": [
        6.948922157287598,
        0.7592104077339172
    ],
    "abs_1": [
        21.646940231323242,
        3.4708926677703857
    ],
    "tpr_0": [
        12.981059074401855,
        3.252502679824829
    ],
    "tpr_1": [
        18.35727882385254,
        4.156010150909424
    ],
    "fnr_0": [
        46.351131439208984,
        3.3707456588745117
    ],
    "fnr_1": [
        38.70659255981445,
        5.662242412567139
    ],
    "par_0": [
        40.667808532714844,
        4.379249572753906
    ],
    "par_1": [
        42.93613052368164,
        6.143263816833496
    ],
    "fpr_0": [
        0.5082811713218689,
        0.1525678187608719
    ],
    "fpr_1": [
        1.9544146060943604,
        0.6877641081809998
    ],
    "tnr_0": [
        96.28834533691406,
        0.4682845175266266
    ],
    "tnr_1": [
        84.87767028808594,
        3.3272223472595215
    ],
    "nar_0": [
        3.203373432159424,
        0.45377421379089355
    ],
    "nar_1": [
        13.167903900146484,
        3.141613483428955
    ]
}