{
    "cov": [
        55.25758743286133,
        7.8989129066467285
    ],
    "acc": [
        97.58145904541016,
        1.3365979194641113
    ],
    "pos_0": [
        0.0,
        0.0
    ],
    "pos_1": [
        0.0,
        0.0
    ],
    "neg_0": [
        56.4040412902832,
        8.265168190002441
    ],
    "neg_1": [
        39.570735931396484,
        4.307602882385254
    ],
    "abs_0": [
        43.59595489501953,
        8.265168190002441
    ],
    "abs_1": [
        60.42926025390625,
        4.307602882385254
    ],
    "tpr_0": [
        0.0,
        0.0
    ],
    "tpr_1": [
        0.0,
        0.0
    ],
    "fnr_0": [
        12.30489730834961,
        7.553989410400391
    ],
    "fnr_1": [
        9.186084747314453,
        3.0325541496276855
    ],
    "par_0": [
        87.69510650634766,
        7.553988456726074
    ],
    "par_1": [
        90.81391143798828,
        3.032554864883423
    ],
    "fpr_0": [
        0.0,
        0.0
    ],
    "fpr_1": [
        0.0,
        0.0
    ],
    "tnr_0": [
        61.30188751220703,
        8.990774154663086
    ],
    "tnr_1": [
        51.73444366455078,
        5.7917070388793945
    ],
    "nar_0": [
        38.6981086730957,
        8.990774154663086
    ],
    "nar_1": [
        48.26555633544922,
        5.7917070388793945
    ]
}