{
    "cov": [
        0.5972323417663574,
        1.6760469675064087
    ],
    "acc": [
        15.956047058105469,
        37.313926696777344
    ],
    "pos_0": [
        0.001567066297866404,
        0.0043311575427651405
    ],
    "pos_1": [
        0.0,
        0.0
    ],
    "neg_0": [
        0.45368945598602295,
        1.3531378507614136
    ],
    "neg_1": [
        2.494563579559326,
        6.291849613189697
    ],
    "abs_0": [
        99.54474639892578,
        1.356909155845642
    ],
    "abs_1": [
        97.50542449951172,
        6.2918500900268555
    ],
    "tpr_0": [
        0.005319148767739534,
        0.026595745235681534
    ],
    "tpr_1": [
        0.0,
        0.0
    ],
    "fnr_0": [
        0.0,
        0.0
    ],
    "fnr_1": [
        0.023952094838023186,
        0.11976048350334167
    ],
    "par_0": [
        99.99467468261719,
        0.02659684792160988
    ],
    "par_1": [
        99.97604370117188,
        0.1197609081864357
    ],
    "fpr_0": [
        0.0011614555260166526,
        0.004019934684038162
    ],
    "fpr_1": [
        0.0,
        0.0
    ],
    "tnr_0": [
        0.5039523243904114,
        1.5027481317520142
    ],
    "tnr_1": [
        3.5024752616882324,
        8.895169258117676
    ],
    "nar_0": [
        99.49488067626953,
        1.5053393840789795
    ],
    "nar_1": [
        96.49752044677734,
        8.895169258117676
    ]
}