{
    "cov": [
        99.55571746826172,
        0.37918326258659363
    ],
    "acc": [
        89.8765869140625,
        0.3804500699043274
    ],
    "pos_0": [
        2.01926326751709,
        0.3833819031715393
    ],
    "pos_1": [
        0.5865787863731384,
        0.8445388674736023
    ],
    "neg_0": [
        97.625,
        0.49432045221328735
    ],
    "neg_1": [
        97.76004791259766,
        2.9038476943969727
    ],
    "abs_0": [
        0.35573360323905945,
        0.27633047103881836
    ],
    "abs_1": [
        1.6533738374710083,
        2.2963454723358154
    ],
    "tpr_0": [
        14.788925170898438,
        2.5714166164398193
    ],
    "tpr_1": [
        1.6712833642959595,
        2.3334991931915283
    ],
    "fnr_0": [
        83.00688171386719,
        3.0521180629730225
    ],
    "fnr_1": [
        94.24488830566406,
        7.1495442390441895
    ],
    "par_0": [
        2.2041919231414795,
        1.5548642873764038
    ],
    "par_1": [
        4.083829879760742,
        5.366767406463623
    ],
    "fpr_0": [
        0.600869357585907,
        0.16297101974487305
    ],
    "fpr_1": [
        0.13390421867370605,
        0.253795862197876
    ],
    "tnr_0": [
        99.24860382080078,
        0.24004055559635162
    ],
    "tnr_1": [
        99.20763397216797,
        1.2153033018112183
    ],
    "nar_0": [
        0.15052348375320435,
        0.15028253197669983
    ],
    "nar_1": [
        0.6584562063217163,
        1.141355037689209
    ]
}