{
    "cov": [
        87.53289031982422,
        3.373138427734375
    ],
    "acc": [
        93.2218246459961,
        0.703874945640564
    ],
    "pos_0": [
        0.0,
        0.0
    ],
    "pos_1": [
        0.0,
        0.0
    ],
    "neg_0": [
        88.32674407958984,
        3.2828898429870605
    ],
    "neg_1": [
        76.69888305664062,
        5.9649176597595215
    ],
    "abs_0": [
        11.67325496673584,
        3.2828900814056396
    ],
    "abs_1": [
        23.30110740661621,
        5.964916706085205
    ],
    "tpr_0": [
        0.0,
        0.0
    ],
    "tpr_1": [
        0.0,
        0.0
    ],
    "fnr_0": [
        52.69438171386719,
        7.471203327178955
    ],
    "fnr_1": [
        53.76240158081055,
        9.034832000732422
    ],
    "par_0": [
        47.30561447143555,
        7.471203327178955
    ],
    "par_1": [
        46.23759841918945,
        9.034832000732422
    ],
    "fpr_0": [
        0.0,
        0.0
    ],
    "fpr_1": [
        0.0,
        0.0
    ],
    "tnr_0": [
        92.28853607177734,
        2.87271785736084
    ],
    "tnr_1": [
        85.88680267333984,
        4.7877960205078125
    ],
    "nar_0": [
        7.711460590362549,
        2.8727190494537354
    ],
    "nar_1": [
        14.113195419311523,
        4.787796497344971
    ]
}