{
    "cov": [
        95.61592864990234,
        1.1863012313842773
    ],
    "acc": [
        91.71332550048828,
        0.7289538979530334
    ],
    "pos_0": [
        1.0663872957229614,
        0.6112043857574463
    ],
    "pos_1": [
        0.5377406477928162,
        0.517603874206543
    ],
    "neg_0": [
        94.62745666503906,
        1.2339789867401123
    ],
    "neg_1": [
        94.00212860107422,
        1.7722445726394653
    ],
    "abs_0": [
        4.306153297424316,
        1.1748570203781128
    ],
    "abs_1": [
        5.460139274597168,
        1.7504116296768188
    ],
    "tpr_0": [
        8.087005615234375,
        4.29007625579834
    ],
    "tpr_1": [
        1.6160846948623657,
        1.4976823329925537
    ],
    "fnr_0": [
        64.96929168701172,
        7.105443000793457
    ],
    "fnr_1": [
        83.6366195678711,
        4.837462425231934
    ],
    "par_0": [
        26.943700790405273,
        6.649280548095703
    ],
    "par_1": [
        14.747297286987305,
        4.84346866607666
    ],
    "fpr_0": [
        0.2860480546951294,
        0.206808403134346
    ],
    "fpr_1": [
        0.09968329966068268,
        0.16048745810985565
    ],
    "tnr_0": [
        97.92081451416016,
        0.6313449740409851
    ],
    "tnr_1": [
        98.1357192993164,
        0.868655800819397
    ],
    "nar_0": [
        1.7931307554244995,
        0.6172439455986023
    ],
    "nar_1": [
        1.76459801197052,
        0.8507779836654663
    ]
}