{
    "cov": [
        59.37217712402344,
        13.914911270141602
    ],
    "acc": [
        96.62361907958984,
        1.2737858295440674
    ],
    "pos_0": [
        0.0,
        0.0
    ],
    "pos_1": [
        0.0,
        0.0
    ],
    "neg_0": [
        60.23751449584961,
        14.206319808959961
    ],
    "neg_1": [
        47.54591369628906,
        10.88581657409668
    ],
    "abs_0": [
        39.762481689453125,
        14.206319808959961
    ],
    "abs_1": [
        52.45408248901367,
        10.885817527770996
    ],
    "tpr_0": [
        0.0,
        0.0
    ],
    "tpr_1": [
        0.0,
        0.0
    ],
    "fnr_0": [
        19.31025505065918,
        9.041139602661133
    ],
    "fnr_1": [
        18.348840713500977,
        10.617560386657715
    ],
    "par_0": [
        80.68974304199219,
        9.041141510009766
    ],
    "par_1": [
        81.65116119384766,
        10.617559432983398
    ],
    "fpr_0": [
        0.0,
        0.0
    ],
    "fpr_1": [
        0.0,
        0.0
    ],
    "tnr_0": [
        64.78543853759766,
        14.904544830322266
    ],
    "tnr_1": [
        59.18297576904297,
        11.150813102722168
    ],
    "nar_0": [
        35.214561462402344,
        14.904544830322266
    ],
    "nar_1": [
        40.81702423095703,
        11.150813102722168
    ]
}