{
    "cov": [
        72.87059783935547,
        5.008388996124268
    ],
    "acc": [
        97.42579650878906,
        0.6952099800109863
    ],
    "pos_0": [
        0.043246522545814514,
        0.05813245475292206
    ],
    "pos_1": [
        0.007017543539404869,
        0.035087719559669495
    ],
    "neg_0": [
        73.10107421875,
        4.944826126098633
    ],
    "neg_1": [
        69.129150390625,
        7.3524861335754395
    ],
    "abs_0": [
        26.855674743652344,
        4.9596757888793945
    ],
    "abs_1": [
        30.863826751708984,
        7.342789649963379
    ],
    "tpr_0": [
        0.21347004175186157,
        0.33024948835372925
    ],
    "tpr_1": [
        0.0,
        0.0
    ],
    "fnr_0": [
        11.699808120727539,
        5.46291446685791
    ],
    "fnr_1": [
        39.935935974121094,
        9.37115478515625
    ],
    "par_0": [
        88.08671569824219,
        5.42828893661499
    ],
    "par_1": [
        60.06406021118164,
        9.371155738830566
    ],
    "fpr_0": [
        0.02430873177945614,
        0.03061661310493946
    ],
    "fpr_1": [
        0.01005025114864111,
        0.05025125667452812
    ],
    "tnr_0": [
        79.9350357055664,
        5.438126087188721
    ],
    "tnr_1": [
        80.7563705444336,
        6.7588934898376465
    ],
    "nar_0": [
        20.040651321411133,
        5.446823596954346
    ],
    "nar_1": [
        19.23357582092285,
        6.750353813171387
    ]
}