{
    "cov": [
        98.68802642822266,
        0.5475959777832031
    ],
    "acc": [
        90.26193237304688,
        0.4131200611591339
    ],
    "pos_0": [
        1.714153528213501,
        0.4480627775192261
    ],
    "pos_1": [
        0.3158043622970581,
        0.41831350326538086
    ],
    "neg_0": [
        97.2158203125,
        0.6674991846084595
    ],
    "neg_1": [
        95.04943084716797,
        3.3647079467773438
    ],
    "abs_0": [
        1.0700336694717407,
        0.4670204818248749
    ],
    "abs_1": [
        4.634763717651367,
        3.4203474521636963
    ],
    "tpr_0": [
        12.690857887268066,
        2.969839334487915
    ],
    "tpr_1": [
        1.0300772190093994,
        1.5241199731826782
    ],
    "fnr_0": [
        80.57450866699219,
        4.152803897857666
    ],
    "fnr_1": [
        86.81745910644531,
        8.283129692077637
    ],
    "par_0": [
        6.734631061553955,
        2.9119741916656494
    ],
    "par_1": [
        12.152458190917969,
        8.5050630569458
    ],
    "fpr_0": [
        0.49386441707611084,
        0.1858229637145996
    ],
    "fpr_1": [
        0.03923007845878601,
        0.1159774661064148
    ],
    "tnr_0": [
        99.06855010986328,
        0.28765377402305603
    ],
    "tnr_1": [
        98.34996795654297,
        1.4508838653564453
    ],
    "nar_0": [
        0.4375780522823334,
        0.20792461931705475
    ],
    "nar_1": [
        1.610796332359314,
        1.4311481714248657
    ]
}