{
    "cov": [
        38.51420211791992,
        16.399913787841797
    ],
    "acc": [
        99.77132415771484,
        0.15818221867084503
    ],
    "pos_0": [
        0.0010431607952341437,
        0.005215803626924753
    ],
    "pos_1": [
        0.028207067400217056,
        0.10987740010023117
    ],
    "neg_0": [
        40.13914489746094,
        17.10173225402832
    ],
    "neg_1": [
        16.229736328125,
        6.896661281585693
    ],
    "abs_0": [
        59.85981369018555,
        17.103134155273438
    ],
    "abs_1": [
        83.74205017089844,
        6.9313178062438965
    ],
    "tpr_0": [
        0.010610079392790794,
        0.05305039882659912
    ],
    "tpr_1": [
        0.06936416029930115,
        0.34682080149650574
    ],
    "fnr_0": [
        0.9611395597457886,
        0.7938228845596313
    ],
    "fnr_1": [
        0.3353179395198822,
        0.6034982800483704
    ],
    "par_0": [
        99.02823638916016,
        0.8115599155426025
    ],
    "par_1": [
        99.59532165527344,
        0.6603311896324158
    ],
    "fpr_0": [
        0.0,
        0.0
    ],
    "fpr_1": [
        0.010101009160280228,
        0.05050504952669144
    ],
    "tnr_0": [
        44.49232482910156,
        18.934017181396484
    ],
    "tnr_1": [
        22.604442596435547,
        9.702292442321777
    ],
    "nar_0": [
        55.5076789855957,
        18.934017181396484
    ],
    "nar_1": [
        77.38545227050781,
        9.689128875732422
    ]
}