{
    "cov": [
        94.48361206054688,
        1.8786253929138184
    ],
    "acc": [
        91.43875122070312,
        0.8080271482467651
    ],
    "pos_0": [
        0.0,
        0.0
    ],
    "pos_1": [
        0.0,
        0.0
    ],
    "neg_0": [
        94.95191192626953,
        1.845428228378296
    ],
    "neg_1": [
        88.09214782714844,
        3.1403980255126953
    ],
    "abs_0": [
        5.04808235168457,
        1.845428228378296
    ],
    "abs_1": [
        11.907846450805664,
        3.140397787094116
    ],
    "tpr_0": [
        0.0,
        0.0
    ],
    "tpr_1": [
        0.0,
        0.0
    ],
    "fnr_0": [
        72.09766387939453,
        7.992895126342773
    ],
    "fnr_1": [
        71.10121154785156,
        8.282319068908691
    ],
    "par_0": [
        27.902328491210938,
        7.992895603179932
    ],
    "par_1": [
        28.898786544799805,
        8.282318115234375
    ],
    "fpr_0": [
        0.0,
        0.0
    ],
    "fpr_1": [
        0.0,
        0.0
    ],
    "tnr_0": [
        97.49114227294922,
        1.1807725429534912
    ],
    "tnr_1": [
        94.89488983154297,
        1.517507553100586
    ],
    "nar_0": [
        2.508859157562256,
        1.180773138999939
    ],
    "nar_1": [
        5.105100154876709,
        1.5175065994262695
    ]
}