{
    "cov": [
        88.22189331054688,
        4.690511703491211
    ],
    "acc": [
        95.01870727539062,
        0.6623795032501221
    ],
    "pos_0": [
        1.1758100986480713,
        0.43782490491867065
    ],
    "pos_1": [
        4.461759567260742,
        1.6439152956008911
    ],
    "neg_0": [
        88.56707000732422,
        4.189464092254639
    ],
    "neg_1": [
        62.97488021850586,
        7.962261199951172
    ],
    "abs_0": [
        10.257116317749023,
        4.440300464630127
    ],
    "abs_1": [
        32.5633544921875,
        8.60297679901123
    ],
    "tpr_0": [
        8.605350494384766,
        3.1889073848724365
    ],
    "tpr_1": [
        12.25674819946289,
        4.356966018676758
    ],
    "fnr_0": [
        37.67801284790039,
        5.2389984130859375
    ],
    "fnr_1": [
        28.186918258666992,
        7.7169575691223145
    ],
    "par_0": [
        53.71662902832031,
        7.214449405670166
    ],
    "par_1": [
        59.55633544921875,
        9.312952041625977
    ],
    "fpr_0": [
        0.34933871030807495,
        0.14712364971637726
    ],
    "fpr_1": [
        1.3209320306777954,
        0.6384191513061523
    ],
    "tnr_0": [
        94.22549438476562,
        4.201236248016357
    ],
    "tnr_1": [
        76.86978149414062,
        8.509272575378418
    ],
    "nar_0": [
        5.425167083740234,
        4.274585723876953
    ],
    "nar_1": [
        21.80928611755371,
        8.71976375579834
    ]
}