{
    "cov": [
        84.41563415527344,
        1.749261736869812
    ],
    "acc": [
        95.4439468383789,
        0.7292258143424988
    ],
    "pos_0": [
        0.08170830458402634,
        0.10326841473579407
    ],
    "pos_1": [
        0.028375942260026932,
        0.08317973464727402
    ],
    "neg_0": [
        84.49236297607422,
        1.8152291774749756
    ],
    "neg_1": [
        82.23304748535156,
        2.758437156677246
    ],
    "abs_0": [
        15.425914764404297,
        1.7963138818740845
    ],
    "abs_1": [
        17.738576889038086,
        2.7588016986846924
    ],
    "tpr_0": [
        0.5830098986625671,
        0.7777949571609497
    ],
    "tpr_1": [
        0.1042017936706543,
        0.3040335774421692
    ],
    "fnr_0": [
        28.76558494567871,
        6.889974117279053
    ],
    "fnr_1": [
        59.49909210205078,
        5.5740814208984375
    ],
    "par_0": [
        70.65140533447266,
        6.577997207641602
    ],
    "par_1": [
        40.39670181274414,
        5.5927958488464355
    ],
    "fpr_0": [
        0.025482965633273125,
        0.029641877859830856
    ],
    "fpr_1": [
        0.0,
        0.0
    ],
    "tnr_0": [
        90.69134521484375,
        1.4706840515136719
    ],
    "tnr_1": [
        91.30573272705078,
        2.185905694961548
    ],
    "nar_0": [
        9.283169746398926,
        1.4700453281402588
    ],
    "nar_1": [
        8.694265365600586,
        2.1859047412872314
    ]
}