{
    "cov": [
        85.30711364746094,
        6.089863300323486
    ],
    "acc": [
        94.76416778564453,
        1.6015071868896484
    ],
    "pos_0": [
        0.3294650614261627,
        0.2605823576450348
    ],
    "pos_1": [
        0.02721310965716839,
        0.10456781089305878
    ],
    "neg_0": [
        85.56912231445312,
        5.853060245513916
    ],
    "neg_1": [
        77.15104675292969,
        9.917940139770508
    ],
    "abs_0": [
        14.101415634155273,
        5.934763431549072
    ],
    "abs_1": [
        22.821741104125977,
        9.951754570007324
    ],
    "tpr_0": [
        2.585726499557495,
        2.0275156497955322
    ],
    "tpr_1": [
        0.071856290102005,
        0.359281450510025
    ],
    "fnr_0": [
        36.94548034667969,
        14.997079849243164
    ],
    "fnr_1": [
        54.70188522338867,
        15.424066543579102
    ],
    "par_0": [
        60.46879196166992,
        15.646807670593262
    ],
    "par_1": [
        45.22625732421875,
        15.577570915222168
    ],
    "fpr_0": [
        0.07985462248325348,
        0.07500472664833069
    ],
    "fpr_1": [
        0.010204081423580647,
        0.05102040618658066
    ],
    "tnr_0": [
        90.99161529541016,
        4.8942036628723145
    ],
    "tnr_1": [
        86.13997650146484,
        8.046343803405762
    ],
    "nar_0": [
        8.92852783203125,
        4.92242431640625
    ],
    "nar_1": [
        13.849810600280762,
        8.04392147064209
    ]
}