{
    "cov": [
        68.45399475097656,
        9.033868789672852
    ],
    "acc": [
        98.81222534179688,
        0.6090666055679321
    ],
    "pos_0": [
        0.06983683258295059,
        0.08054058998823166
    ],
    "pos_1": [
        0.16387438774108887,
        0.28288155794143677
    ],
    "neg_0": [
        70.983642578125,
        9.040098190307617
    ],
    "neg_1": [
        32.75178527832031,
        9.038104057312012
    ],
    "abs_0": [
        28.946517944335938,
        9.041077613830566
    ],
    "abs_1": [
        67.08433532714844,
        9.117783546447754
    ],
    "tpr_0": [
        0.46937212347984314,
        0.5882216095924377
    ],
    "tpr_1": [
        0.52170330286026,
        0.852677583694458
    ],
    "fnr_0": [
        7.973445415496826,
        4.104978561401367
    ],
    "fnr_1": [
        2.3096165657043457,
        2.211101531982422
    ],
    "par_0": [
        91.55717468261719,
        3.97432804107666
    ],
    "par_1": [
        97.1686782836914,
        2.233276844024658
    ],
    "fpr_0": [
        0.025491250678896904,
        0.030471716076135635
    ],
    "fpr_1": [
        0.020663026720285416,
        0.07160026580095291
    ],
    "tnr_0": [
        78.01283264160156,
        10.074807167053223
    ],
    "tnr_1": [
        44.97135543823242,
        12.384410858154297
    ],
    "nar_0": [
        21.961679458618164,
        10.07667064666748
    ],
    "nar_1": [
        55.00797653198242,
        12.40251636505127
    ]
}