{
    "cov": [
        86.03519439697266,
        0.5194689035415649
    ],
    "acc": [
        95.4063491821289,
        0.24215081334114075
    ],
    "pos_0": [
        1.8747551441192627,
        0.16328684985637665
    ],
    "pos_1": [
        1.7846752405166626,
        0.7268854975700378
    ],
    "neg_0": [
        84.16566467285156,
        0.5732197761535645
    ],
    "neg_1": [
        84.17488098144531,
        1.5052714347839355
    ],
    "abs_0": [
        13.959571838378906,
        0.5775489211082458
    ],
    "abs_1": [
        14.040448188781738,
        1.5139117240905762
    ],
    "tpr_0": [
        12.93620491027832,
        1.1567261219024658
    ],
    "tpr_1": [
        4.972278594970703,
        2.165653944015503
    ],
    "fnr_0": [
        23.677133560180664,
        2.0897185802459717
    ],
    "fnr_1": [
        60.24665451049805,
        3.7217648029327393
    ],
    "par_0": [
        63.38666534423828,
        2.044795036315918
    ],
    "par_1": [
        34.781063079833984,
        3.9816179275512695
    ],
    "fpr_0": [
        0.66023850440979,
        0.11320096254348755
    ],
    "fpr_1": [
        0.5164645910263062,
        0.34043142199516296
    ],
    "tnr_0": [
        90.80884552001953,
        0.5028008222579956
    ],
    "tnr_1": [
        93.62503814697266,
        1.2176753282546997
    ],
    "nar_0": [
        8.530911445617676,
        0.5021541714668274
    ],
    "nar_1": [
        5.858492374420166,
        1.172627329826355
    ]
}