{
    "cov": [
        92.52682495117188,
        1.1875419616699219
    ],
    "acc": [
        92.07544708251953,
        0.42374923825263977
    ],
    "pos_0": [
        0.0,
        0.0
    ],
    "pos_1": [
        0.0,
        0.0
    ],
    "neg_0": [
        93.06472778320312,
        1.1941331624984741
    ],
    "neg_1": [
        85.17167663574219,
        2.333899736404419
    ],
    "abs_0": [
        6.935279369354248,
        1.1941328048706055
    ],
    "abs_1": [
        14.828322410583496,
        2.33389949798584
    ],
    "tpr_0": [
        0.0,
        0.0
    ],
    "tpr_1": [
        0.0,
        0.0
    ],
    "fnr_0": [
        64.95760345458984,
        4.442577838897705
    ],
    "fnr_1": [
        66.1571044921875,
        4.868946075439453
    ],
    "par_0": [
        35.042388916015625,
        4.442577838897705
    ],
    "par_1": [
        33.842891693115234,
        4.868945121765137
    ],
    "fpr_0": [
        0.0,
        0.0
    ],
    "fpr_1": [
        0.0,
        0.0
    ],
    "tnr_0": [
        96.19403839111328,
        0.8351773023605347
    ],
    "tnr_1": [
        92.78561401367188,
        1.9650450944900513
    ],
    "nar_0": [
        3.8059568405151367,
        0.8351783752441406
    ],
    "nar_1": [
        7.21438455581665,
        1.9650466442108154
    ]
}