{
    "cov": [
        92.01407623291016,
        0.8232701420783997
    ],
    "acc": [
        93.9437026977539,
        0.3825664222240448
    ],
    "pos_0": [
        1.9303110837936401,
        0.3580628037452698
    ],
    "pos_1": [
        7.401843070983887,
        1.4238102436065674
    ],
    "neg_0": [
        91.07209014892578,
        0.7759997248649597
    ],
    "neg_1": [
        71.10037231445312,
        2.7979702949523926
    ],
    "abs_0": [
        6.997600078582764,
        0.7360016107559204
    ],
    "abs_1": [
        21.497777938842773,
        2.678659200668335
    ],
    "tpr_0": [
        14.162906646728516,
        2.5347659587860107
    ],
    "tpr_1": [
        20.23816680908203,
        3.4942076206207275
    ],
    "fnr_0": [
        45.558719635009766,
        3.1319525241851807
    ],
    "fnr_1": [
        37.94747543334961,
        5.169796943664551
    ],
    "par_0": [
        40.27837371826172,
        3.6113381385803223
    ],
    "par_1": [
        41.814353942871094,
        4.788159370422363
    ],
    "fpr_0": [
        0.5702517628669739,
        0.1418578028678894
    ],
    "fpr_1": [
        2.251371145248413,
        0.8997123837471008
    ],
    "tnr_0": [
        96.1304931640625,
        0.5606059432029724
    ],
    "tnr_1": [
        84.33940124511719,
        2.909494638442993
    ],
    "nar_0": [
        3.2992498874664307,
        0.5112236142158508
    ],
    "nar_1": [
        13.409221649169922,
        2.7802929878234863
    ]
}