{
    "cov": [
        96.48797607421875,
        3.174454927444458
    ],
    "acc": [
        90.51504516601562,
        1.3906115293502808
    ],
    "pos_0": [
        0.0,
        0.0
    ],
    "pos_1": [
        0.0,
        0.0
    ],
    "neg_0": [
        96.76744842529297,
        2.922135353088379
    ],
    "neg_1": [
        92.67861938476562,
        6.812615394592285
    ],
    "abs_0": [
        3.232551097869873,
        2.9221348762512207
    ],
    "abs_1": [
        7.321372032165527,
        6.812614440917969
    ],
    "tpr_0": [
        0.0,
        0.0
    ],
    "tpr_1": [
        0.0,
        0.0
    ],
    "fnr_0": [
        81.36561584472656,
        14.13686466217041
    ],
    "fnr_1": [
        82.95479583740234,
        15.000678062438965
    ],
    "par_0": [
        18.634382247924805,
        14.13686466217041
    ],
    "par_1": [
        17.045202255249023,
        15.000676155090332
    ],
    "fpr_0": [
        0.0,
        0.0
    ],
    "fpr_1": [
        0.0,
        0.0
    ],
    "tnr_0": [
        98.48296356201172,
        1.7144274711608887
    ],
    "tnr_1": [
        96.58232116699219,
        3.7105984687805176
    ],
    "nar_0": [
        1.5170342922210693,
        1.7144275903701782
    ],
    "nar_1": [
        3.417668581008911,
        3.7105977535247803
    ]
}