{
    "cov": [
        66.564208984375,
        5.289071083068848
    ],
    "acc": [
        98.13560485839844,
        0.5909110903739929
    ],
    "pos_0": [
        0.044825538992881775,
        0.05266008526086807
    ],
    "pos_1": [
        0.007407406810671091,
        0.03703703731298447
    ],
    "neg_0": [
        66.82691192626953,
        5.201132297515869
    ],
    "neg_1": [
        62.35698699951172,
        7.302277565002441
    ],
    "abs_0": [
        33.128257751464844,
        5.2199859619140625
    ],
    "abs_1": [
        37.63560104370117,
        7.302619934082031
    ],
    "tpr_0": [
        0.21676860749721527,
        0.30770713090896606
    ],
    "tpr_1": [
        0.026490066200494766,
        0.13245032727718353
    ],
    "fnr_0": [
        6.887351989746094,
        4.247429370880127
    ],
    "fnr_1": [
        30.53909683227539,
        8.775196075439453
    ],
    "par_0": [
        92.8958740234375,
        4.177485466003418
    ],
    "par_1": [
        69.43441009521484,
        8.78636360168457
    ],
    "fpr_0": [
        0.02551490254700184,
        0.02724437043070793
    ],
    "fpr_1": [
        0.0,
        0.0
    ],
    "tnr_0": [
        73.4942855834961,
        5.665380954742432
    ],
    "tnr_1": [
        75.03002166748047,
        6.786320209503174
    ],
    "nar_0": [
        26.480199813842773,
        5.676395893096924
    ],
    "nar_1": [
        24.969980239868164,
        6.786320209503174
    ]
}