{
    "cov": [
        61.07162094116211,
        11.713930130004883
    ],
    "acc": [
        96.21021270751953,
        1.120154857635498
    ],
    "pos_0": [
        0.0,
        0.0
    ],
    "pos_1": [
        0.0,
        0.0
    ],
    "neg_0": [
        61.87808609008789,
        11.824945449829102
    ],
    "neg_1": [
        50.07674789428711,
        11.473087310791016
    ],
    "abs_0": [
        38.12191390991211,
        11.824945449829102
    ],
    "abs_1": [
        49.92325210571289,
        11.473087310791016
    ],
    "tpr_0": [
        0.0,
        0.0
    ],
    "tpr_1": [
        0.0,
        0.0
    ],
    "fnr_0": [
        21.73187255859375,
        9.150818824768066
    ],
    "fnr_1": [
        20.94243049621582,
        10.715890884399414
    ],
    "par_0": [
        78.26811981201172,
        9.150819778442383
    ],
    "par_1": [
        79.05757141113281,
        10.715890884399414
    ],
    "fpr_0": [
        0.0,
        0.0
    ],
    "fpr_1": [
        0.0,
        0.0
    ],
    "tnr_0": [
        66.34585571289062,
        12.221819877624512
    ],
    "tnr_1": [
        61.67449188232422,
        11.728599548339844
    ],
    "nar_0": [
        33.65414047241211,
        12.221820831298828
    ],
    "nar_1": [
        38.325504302978516,
        11.72860050201416
    ]
}