{
    "cov": [
        89.03410339355469,
        0.46513262391090393
    ],
    "acc": [
        94.61339569091797,
        0.23043304681777954
    ],
    "pos_0": [
        2.383151054382324,
        0.18917721509933472
    ],
    "pos_1": [
        2.2425737380981445,
        0.8150131106376648
    ],
    "neg_0": [
        86.66845703125,
        0.5072250366210938
    ],
    "neg_1": [
        86.54684448242188,
        1.507993221282959
    ],
    "abs_0": [
        10.94839096069336,
        0.5282925367355347
    ],
    "abs_1": [
        11.210579872131348,
        1.417758584022522
    ],
    "tpr_0": [
        16.645153045654297,
        1.2467435598373413
    ],
    "tpr_1": [
        6.338736057281494,
        2.4343976974487305
    ],
    "fnr_0": [
        30.22066879272461,
        2.13637375831604
    ],
    "fnr_1": [
        65.54623413085938,
        3.6980040073394775
    ],
    "par_0": [
        53.13417434692383,
        2.2621099948883057
    ],
    "par_1": [
        28.115032196044922,
        3.4757192134857178
    ],
    "fpr_0": [
        0.8172659277915955,
        0.12176696956157684
    ],
    "fpr_1": [
        0.6140527725219727,
        0.39411497116088867
    ],
    "tnr_0": [
        92.8677749633789,
        0.4391493797302246
    ],
    "tnr_1": [
        94.84123992919922,
        1.191290020942688
    ],
    "nar_0": [
        6.314958095550537,
        0.43609464168548584
    ],
    "nar_1": [
        4.544703960418701,
        1.1354347467422485
    ]
}