{
    "cov": [
        90.11701965332031,
        3.2696006298065186
    ],
    "acc": [
        94.48777770996094,
        0.6179022192955017
    ],
    "pos_0": [
        1.5377355813980103,
        0.47724202275276184
    ],
    "pos_1": [
        6.075955867767334,
        2.0833582878112793
    ],
    "neg_0": [
        89.83800506591797,
        2.606574058532715
    ],
    "neg_1": [
        66.7908706665039,
        7.043421745300293
    ],
    "abs_0": [
        8.624250411987305,
        2.9437289237976074
    ],
    "abs_1": [
        27.13317108154297,
        8.288460731506348
    ],
    "tpr_0": [
        11.176393508911133,
        3.371591567993164
    ],
    "tpr_1": [
        16.692787170410156,
        5.846827507019043
    ],
    "fnr_0": [
        41.543601989746094,
        5.4253621101379395
    ],
    "fnr_1": [
        32.5782356262207,
        6.749404430389404
    ],
    "par_0": [
        47.279998779296875,
        7.760998725891113
    ],
    "par_1": [
        50.728973388671875,
        10.14217758178711
    ],
    "fpr_0": [
        0.46784675121307373,
        0.16430900990962982
    ],
    "fpr_1": [
        1.881649136543274,
        0.820989727973938
    ],
    "tnr_0": [
        95.21214294433594,
        2.315422534942627
    ],
    "tnr_1": [
        80.40544128417969,
        7.41886043548584
    ],
    "nar_0": [
        4.3199992179870605,
        2.419647455215454
    ],
    "nar_1": [
        17.71290397644043,
        7.773627281188965
    ]
}