{
    "cov": [
        58.33842468261719,
        3.551161527633667
    ],
    "acc": [
        99.79717254638672,
        0.09620143473148346
    ],
    "pos_0": [
        0.005213501397520304,
        0.018418626859784126
    ],
    "pos_1": [
        0.0,
        0.0
    ],
    "neg_0": [
        60.72314453125,
        3.590407609939575
    ],
    "neg_1": [
        25.657039642333984,
        3.789903163909912
    ],
    "abs_0": [
        39.27164077758789,
        3.5770609378814697
    ],
    "abs_1": [
        74.34295654296875,
        3.7899043560028076
    ],
    "tpr_0": [
        0.026385223492980003,
        0.13192611932754517
    ],
    "tpr_1": [
        0.0,
        0.0
    ],
    "fnr_0": [
        1.1877562999725342,
        0.5929372310638428
    ],
    "fnr_1": [
        0.33563604950904846,
        0.5154129266738892
    ],
    "par_0": [
        98.78585815429688,
        0.5704771280288696
    ],
    "par_1": [
        99.66436004638672,
        0.5154142379760742
    ],
    "fpr_0": [
        0.0028964048251509666,
        0.007235513534396887
    ],
    "fpr_1": [
        0.0,
        0.0
    ],
    "tnr_0": [
        67.34532928466797,
        3.9899842739105225
    ],
    "tnr_1": [
        35.71865463256836,
        4.91700553894043
    ],
    "nar_0": [
        32.65176773071289,
        3.9850850105285645
    ],
    "nar_1": [
        64.28134155273438,
        4.91700553894043
    ]
}