{
    "cov": [
        97.02839660644531,
        0.6127127408981323
    ],
    "acc": [
        91.01255798339844,
        0.5162228345870972
    ],
    "pos_0": [
        1.219782829284668,
        0.5242872834205627
    ],
    "pos_1": [
        0.44726669788360596,
        0.5999796986579895
    ],
    "neg_0": [
        95.84717559814453,
        0.8985679149627686
    ],
    "neg_1": [
        96.06138610839844,
        1.8736295700073242
    ],
    "abs_0": [
        2.9330389499664307,
        0.5936614871025085
    ],
    "abs_1": [
        3.4913482666015625,
        1.5804232358932495
    ],
    "tpr_0": [
        9.267448425292969,
        3.701650619506836
    ],
    "tpr_1": [
        1.3785024881362915,
        1.7991498708724976
    ],
    "fnr_0": [
        72.02069091796875,
        5.39254903793335
    ],
    "fnr_1": [
        89.20814514160156,
        4.692263126373291
    ],
    "par_0": [
        18.71186065673828,
        3.583909034729004
    ],
    "par_1": [
        9.41335678100586,
        3.8262505531311035
    ],
    "fpr_0": [
        0.3243063688278198,
        0.17809852957725525
    ],
    "fpr_1": [
        0.08106821030378342,
        0.17580629885196686
    ],
    "tnr_0": [
        98.49638366699219,
        0.42309674620628357
    ],
    "tnr_1": [
        98.79419708251953,
        0.9186186194419861
    ],
    "nar_0": [
        1.179307222366333,
        0.30970871448516846
    ],
    "nar_1": [
        1.1247245073318481,
        0.8360408544540405
    ]
}