{
    "cov": [
        91.73099517822266,
        0.7923653721809387
    ],
    "acc": [
        94.06021118164062,
        0.437078595161438
    ],
    "pos_0": [
        1.8201937675476074,
        0.37384822964668274
    ],
    "pos_1": [
        7.111738204956055,
        1.6525171995162964
    ],
    "neg_0": [
        90.9356918334961,
        0.7935961484909058
    ],
    "neg_1": [
        70.61019134521484,
        2.5610761642456055
    ],
    "abs_0": [
        7.244111061096191,
        0.7481968998908997
    ],
    "abs_1": [
        22.278060913085938,
        2.2586445808410645
    ],
    "tpr_0": [
        13.364273071289062,
        2.5017940998077393
    ],
    "tpr_1": [
        19.33211898803711,
        4.030130863189697
    ],
    "fnr_0": [
        44.80652618408203,
        3.7073347568511963
    ],
    "fnr_1": [
        36.85483932495117,
        3.9894068241119385
    ],
    "par_0": [
        41.829193115234375,
        3.650709390640259
    ],
    "par_1": [
        43.81304168701172,
        4.98732852935791
    ],
    "fpr_0": [
        0.5349981784820557,
        0.14395803213119507
    ],
    "fpr_1": [
        2.2122228145599365,
        0.9221433401107788
    ],
    "tnr_0": [
        96.0633773803711,
        0.5118899941444397
    ],
    "tnr_1": [
        84.08894348144531,
        3.1047203540802
    ],
    "nar_0": [
        3.401616334915161,
        0.5027641654014587
    ],
    "nar_1": [
        13.69882583618164,
        2.6078073978424072
    ]
}