{
    "cov": [
        59.54600524902344,
        10.010482788085938
    ],
    "acc": [
        99.45519256591797,
        0.3239705562591553
    ],
    "pos_0": [
        0.00626169890165329,
        0.014643476344645023
    ],
    "pos_1": [
        0.02146928943693638,
        0.05936199426651001
    ],
    "neg_0": [
        61.96201705932617,
        10.386603355407715
    ],
    "neg_1": [
        26.40102767944336,
        5.586385250091553
    ],
    "abs_0": [
        38.031715393066406,
        10.38857364654541
    ],
    "abs_1": [
        73.57749938964844,
        5.590427398681641
    ],
    "tpr_0": [
        0.04656155779957771,
        0.11711418628692627
    ],
    "tpr_1": [
        0.05164729803800583,
        0.17882080376148224
    ],
    "fnr_0": [
        3.4671945571899414,
        2.419970750808716
    ],
    "fnr_1": [
        1.0627903938293457,
        0.7843949794769287
    ],
    "par_0": [
        96.48624420166016,
        2.441143274307251
    ],
    "par_1": [
        98.88556671142578,
        0.7761494517326355
    ],
    "fpr_0": [
        0.001741583924740553,
        0.004813504870980978
    ],
    "fpr_1": [
        0.010101009160280228,
        0.05050504952669144
    ],
    "tnr_0": [
        68.47659301757812,
        11.388164520263672
    ],
    "tnr_1": [
        36.50840759277344,
        7.7068562507629395
    ],
    "nar_0": [
        31.52166748046875,
        11.38919448852539
    ],
    "nar_1": [
        63.48149108886719,
        7.712683200836182
    ]
}