{
    "cov": [
        94.12429809570312,
        2.3114752769470215
    ],
    "acc": [
        91.57222747802734,
        0.9232966899871826
    ],
    "pos_0": [
        0.0,
        0.0
    ],
    "pos_1": [
        0.0,
        0.0
    ],
    "neg_0": [
        94.59874725341797,
        2.2129790782928467
    ],
    "neg_1": [
        87.63882446289062,
        4.615766525268555
    ],
    "abs_0": [
        5.401249408721924,
        2.2129788398742676
    ],
    "abs_1": [
        12.361166954040527,
        4.615767002105713
    ],
    "tpr_0": [
        0.0,
        0.0
    ],
    "tpr_1": [
        0.0,
        0.0
    ],
    "fnr_0": [
        70.49470520019531,
        9.135946273803711
    ],
    "fnr_1": [
        70.91092681884766,
        10.109122276306152
    ],
    "par_0": [
        29.50528907775879,
        9.135946273803711
    ],
    "par_1": [
        29.08907127380371,
        10.109122276306152
    ],
    "fpr_0": [
        0.0,
        0.0
    ],
    "fpr_1": [
        0.0,
        0.0
    ],
    "tnr_0": [
        97.27371978759766,
        1.4863646030426025
    ],
    "tnr_1": [
        94.36199951171875,
        2.7836215496063232
    ],
    "nar_0": [
        2.726275682449341,
        1.4863646030426025
    ],
    "nar_1": [
        5.63799524307251,
        2.783621072769165
    ]
}