{
    "cov": [
        85.3255615234375,
        1.7267189025878906
    ],
    "acc": [
        95.30738067626953,
        0.630831778049469
    ],
    "pos_0": [
        0.05372924357652664,
        0.0857323482632637
    ],
    "pos_1": [
        0.006633499171584845,
        0.03316749632358551
    ],
    "neg_0": [
        85.45806121826172,
        1.7831276655197144
    ],
    "neg_1": [
        82.75759887695312,
        2.8525216579437256
    ],
    "abs_0": [
        14.488204956054688,
        1.7663593292236328
    ],
    "abs_1": [
        17.23576545715332,
        2.863527297973633
    ],
    "tpr_0": [
        0.34978052973747253,
        0.6052000522613525
    ],
    "tpr_1": [
        0.023952094838023186,
        0.11976048350334167
    ],
    "fnr_0": [
        30.414823532104492,
        6.457204818725586
    ],
    "fnr_1": [
        60.19850540161133,
        6.079308032989502
    ],
    "par_0": [
        69.23539733886719,
        6.274011135101318
    ],
    "par_1": [
        39.77754211425781,
        6.118376731872559
    ],
    "fpr_0": [
        0.020870832726359367,
        0.03019954264163971
    ],
    "fpr_1": [
        0.0,
        0.0
    ],
    "tnr_0": [
        91.5865249633789,
        1.2951990365982056
    ],
    "tnr_1": [
        91.78007507324219,
        1.9063349962234497
    ],
    "nar_0": [
        8.392608642578125,
        1.2928693294525146
    ],
    "nar_1": [
        8.219926834106445,
        1.906333565711975
    ]
}