{
    "cov": [
        87.435302734375,
        2.500457525253296
    ],
    "acc": [
        95.08365631103516,
        0.8746477961540222
    ],
    "pos_0": [
        0.48978859186172485,
        0.24448353052139282
    ],
    "pos_1": [
        3.801637887954712,
        2.055893659591675
    ],
    "neg_0": [
        88.80291748046875,
        2.1749470233917236
    ],
    "neg_1": [
        58.20792770385742,
        6.179891586303711
    ],
    "abs_0": [
        10.707289695739746,
        2.2607367038726807
    ],
    "abs_1": [
        37.99043273925781,
        6.834081172943115
    ],
    "tpr_0": [
        3.9474096298217773,
        2.0047829151153564
    ],
    "tpr_1": [
        10.068364143371582,
        5.349444389343262
    ],
    "fnr_0": [
        39.750144958496094,
        7.8493146896362305
    ],
    "fnr_1": [
        23.710643768310547,
        8.037341117858887
    ],
    "par_0": [
        56.30244445800781,
        8.420389175415039
    ],
    "par_1": [
        66.22099304199219,
        10.742941856384277
    ],
    "fpr_0": [
        0.10762914270162582,
        0.06541479378938675
    ],
    "fpr_1": [
        1.2837512493133545,
        0.8511444330215454
    ],
    "tnr_0": [
        94.26311492919922,
        1.4811984300613403
    ],
    "tnr_1": [
        71.94554138183594,
        6.466693878173828
    ],
    "nar_0": [
        5.6292595863342285,
        1.506033182144165
    ],
    "nar_1": [
        26.77070426940918,
        6.558162689208984
    ]
}