{
    "cov": [
        97.78732299804688,
        0.4763181805610657
    ],
    "acc": [
        91.29932403564453,
        0.4133361279964447
    ],
    "pos_0": [
        2.334970712661743,
        0.5663262605667114
    ],
    "pos_1": [
        12.065014839172363,
        1.8914124965667725
    ],
    "neg_0": [
        95.67750549316406,
        0.6191155910491943
    ],
    "neg_1": [
        82.63020324707031,
        2.282599925994873
    ],
    "abs_0": [
        1.987520456314087,
        0.44863393902778625
    ],
    "abs_1": [
        5.304774284362793,
        2.027339458465576
    ],
    "tpr_0": [
        17.308290481567383,
        4.036930561065674
    ],
    "tpr_1": [
        30.250091552734375,
        5.230194091796875
    ],
    "fnr_0": [
        70.44094848632812,
        4.019691467285156
    ],
    "fnr_1": [
        58.72221374511719,
        5.677849769592285
    ],
    "par_0": [
        12.25075912475586,
        2.6939260959625244
    ],
    "par_1": [
        11.027689933776855,
        4.458642959594727
    ],
    "fpr_0": [
        0.6727344989776611,
        0.2073362022638321
    ],
    "fpr_1": [
        4.814212322235107,
        1.3334753513336182
    ],
    "tnr_0": [
        98.48060607910156,
        0.2891118824481964
    ],
    "tnr_1": [
        92.19116973876953,
        1.724618673324585
    ],
    "nar_0": [
        0.8466590046882629,
        0.22696298360824585
    ],
    "nar_1": [
        2.994609832763672,
        1.4287958145141602
    ]
}