{
    "cov": [
        99.63972473144531,
        0.30409368872642517
    ],
    "acc": [
        90.58238220214844,
        0.32285961508750916
    ],
    "pos_0": [
        3.1296770572662354,
        0.6641250848770142
    ],
    "pos_1": [
        15.009660720825195,
        1.6961115598678589
    ],
    "neg_0": [
        96.52267456054688,
        0.5557102560997009
    ],
    "neg_1": [
        84.44947052001953,
        1.4795852899551392
    ],
    "abs_0": [
        0.3476463556289673,
        0.2930201292037964
    ],
    "abs_1": [
        0.5408742427825928,
        0.6753692030906677
    ],
    "tpr_0": [
        22.353099822998047,
        4.215663433074951
    ],
    "tpr_1": [
        36.84580993652344,
        4.198612689971924
    ],
    "fnr_0": [
        75.50592803955078,
        3.388017177581787
    ],
    "fnr_1": [
        62.0957145690918,
        3.91587495803833
    ],
    "par_0": [
        2.1409735679626465,
        1.787106990814209
    ],
    "par_1": [
        1.0584691762924194,
        1.5653603076934814
    ],
    "fpr_0": [
        0.9914168119430542,
        0.27765101194381714
    ],
    "fpr_1": [
        6.30118465423584,
        1.3499963283538818
    ],
    "tnr_0": [
        98.86048889160156,
        0.24427013099193573
    ],
    "tnr_1": [
        93.36385345458984,
        1.3030588626861572
    ],
    "nar_0": [
        0.14809638261795044,
        0.1334928423166275
    ],
    "nar_1": [
        0.3349553644657135,
        0.398088276386261
    ]
}