{
    "cov": [
        90.40980529785156,
        2.745810031890869
    ],
    "acc": [
        93.6642074584961,
        1.116316795349121
    ],
    "pos_0": [
        0.33210426568984985,
        0.34052661061286926
    ],
    "pos_1": [
        0.19150035083293915,
        0.4743640124797821
    ],
    "neg_0": [
        90.20205688476562,
        2.6263294219970703
    ],
    "neg_1": [
        88.50495147705078,
        4.308859825134277
    ],
    "abs_0": [
        9.465832710266113,
        2.740570545196533
    ],
    "abs_1": [
        11.303549766540527,
        4.18304443359375
    ],
    "tpr_0": [
        2.5644023418426514,
        2.781179189682007
    ],
    "tpr_1": [
        0.571892499923706,
        1.4170790910720825
    ],
    "fnr_0": [
        45.93669891357422,
        10.796431541442871
    ],
    "fnr_1": [
        71.66542053222656,
        8.160656929016113
    ],
    "par_0": [
        51.4989013671875,
        11.365897178649902
    ],
    "par_1": [
        27.76268196105957,
        7.985149383544922
    ],
    "fpr_0": [
        0.08573001623153687,
        0.07975252717733383
    ],
    "fpr_1": [
        0.03888479992747307,
        0.11711742728948593
    ],
    "tnr_0": [
        95.11516571044922,
        1.8349757194519043
    ],
    "tnr_1": [
        95.25548553466797,
        2.8838534355163574
    ],
    "nar_0": [
        4.799106121063232,
        1.87494695186615
    ],
    "nar_1": [
        4.705626964569092,
        2.834603786468506
    ]
}