{
    "cov": [
        57.90774154663086,
        13.90719223022461
    ],
    "acc": [
        98.49996185302734,
        0.5652334690093994
    ],
    "pos_0": [
        0.05263788625597954,
        0.07100299000740051
    ],
    "pos_1": [
        0.0,
        0.0
    ],
    "neg_0": [
        58.07173538208008,
        14.236882209777832
    ],
    "neg_1": [
        55.00184631347656,
        10.402222633361816
    ],
    "abs_0": [
        41.87562561035156,
        14.25674057006836
    ],
    "abs_1": [
        44.99815368652344,
        10.402222633361816
    ],
    "tpr_0": [
        0.27607467770576477,
        0.47524359822273254
    ],
    "tpr_1": [
        0.0,
        0.0
    ],
    "fnr_0": [
        4.348451614379883,
        3.2088677883148193
    ],
    "fnr_1": [
        23.9998779296875,
        11.69443416595459
    ],
    "par_0": [
        95.3754653930664,
        3.187863349914551
    ],
    "par_1": [
        76.0001220703125,
        11.69443416595459
    ],
    "fpr_0": [
        0.027812492102384567,
        0.031831443309783936
    ],
    "fpr_1": [
        0.0,
        0.0
    ],
    "tnr_0": [
        64.04120635986328,
        15.665207862854004
    ],
    "tnr_1": [
        67.38117980957031,
        10.541022300720215
    ],
    "nar_0": [
        35.93098068237305,
        15.676687240600586
    ],
    "nar_1": [
        32.61881637573242,
        10.541023254394531
    ]
}