{
    "cov": [
        67.694580078125,
        10.20803165435791
    ],
    "acc": [
        98.50630950927734,
        0.7773045897483826
    ],
    "pos_0": [
        0.08856908231973648,
        0.10188388079404831
    ],
    "pos_1": [
        0.27141132950782776,
        0.3084328770637512
    ],
    "neg_0": [
        70.12107849121094,
        10.303569793701172
    ],
    "neg_1": [
        33.00737762451172,
        8.412487983703613
    ],
    "abs_0": [
        29.790346145629883,
        10.353020668029785
    ],
    "abs_1": [
        66.72120666503906,
        8.51782512664795
    ],
    "tpr_0": [
        0.6076757907867432,
        0.6823610067367554
    ],
    "tpr_1": [
        0.7496355175971985,
        0.838637113571167
    ],
    "fnr_0": [
        9.932833671569824,
        5.491704940795898
    ],
    "fnr_1": [
        2.8178887367248535,
        2.494840383529663
    ],
    "par_0": [
        89.45948791503906,
        5.538599014282227
    ],
    "par_1": [
        96.43247985839844,
        2.578916311264038
    ],
    "fpr_0": [
        0.03015294298529625,
        0.04012516513466835
    ],
    "fpr_1": [
        0.07936366647481918,
        0.17084325850009918
    ],
    "tnr_0": [
        76.82749938964844,
        11.385637283325195
    ],
    "tnr_1": [
        45.00399398803711,
        10.952879905700684
    ],
    "nar_0": [
        23.142345428466797,
        11.402730941772461
    ],
    "nar_1": [
        54.91664505004883,
        11.010519981384277
    ]
}