{
    "cov": [
        39.505218505859375,
        21.75003433227539
    ],
    "acc": [
        98.32984161376953,
        0.5832459330558777
    ],
    "pos_0": [
        0.027124935761094093,
        0.054189763963222504
    ],
    "pos_1": [
        0.0,
        0.0
    ],
    "neg_0": [
        39.17653274536133,
        22.503684997558594
    ],
    "neg_1": [
        43.6318359375,
        12.498310089111328
    ],
    "abs_0": [
        60.79634094238281,
        22.500198364257812
    ],
    "abs_1": [
        56.3681640625,
        12.498310089111328
    ],
    "tpr_0": [
        0.21508818864822388,
        0.4387689232826233
    ],
    "tpr_1": [
        0.0,
        0.0
    ],
    "fnr_0": [
        3.805803060531616,
        4.2717366218566895
    ],
    "fnr_1": [
        17.59292221069336,
        9.893522262573242
    ],
    "par_0": [
        95.9791030883789,
        4.228442192077637
    ],
    "par_1": [
        82.40706634521484,
        9.893522262573242
    ],
    "fpr_0": [
        0.006364023312926292,
        0.018214045092463493
    ],
    "fpr_1": [
        0.0,
        0.0
    ],
    "tnr_0": [
        43.08161163330078,
        24.571922302246094
    ],
    "tnr_1": [
        54.024959564208984,
        14.033089637756348
    ],
    "nar_0": [
        56.91202926635742,
        24.571210861206055
    ],
    "nar_1": [
        45.97503662109375,
        14.033089637756348
    ]
}