{
    "cov": [
        95.4823989868164,
        1.4973574876785278
    ],
    "acc": [
        91.5404052734375,
        0.7783774137496948
    ],
    "pos_0": [
        0.9733756184577942,
        0.3518757224082947
    ],
    "pos_1": [
        0.05651256442070007,
        0.11157197505235672
    ],
    "neg_0": [
        94.85646057128906,
        1.2132593393325806
    ],
    "neg_1": [
        90.69778442382812,
        4.26506233215332
    ],
    "abs_0": [
        4.170156002044678,
        1.3665457963943481
    ],
    "abs_1": [
        9.245702743530273,
        4.279270172119141
    ],
    "tpr_0": [
        7.464098930358887,
        2.6672542095184326
    ],
    "tpr_1": [
        0.17897666990756989,
        0.39458924531936646
    ],
    "fnr_0": [
        68.27355194091797,
        5.933565616607666
    ],
    "fnr_1": [
        77.43831634521484,
        9.845450401306152
    ],
    "par_0": [
        24.262348175048828,
        7.082670211791992
    ],
    "par_1": [
        22.382699966430664,
        9.9093017578125
    ],
    "fpr_0": [
        0.24906787276268005,
        0.09531308710575104
    ],
    "fpr_1": [
        0.010101009160280228,
        0.05050504952669144
    ],
    "tnr_0": [
        97.80313110351562,
        0.8006171584129333
    ],
    "tnr_1": [
        95.9647445678711,
        2.3337600231170654
    ],
    "nar_0": [
        1.9477970600128174,
        0.840211808681488
    ],
    "nar_1": [
        4.025148391723633,
        2.337695598602295
    ]
}