{
    "cov": [
        92.02088165283203,
        0.37194347381591797
    ],
    "acc": [
        93.68895721435547,
        0.243172287940979
    ],
    "pos_0": [
        3.0329456329345703,
        0.22331959009170532
    ],
    "pos_1": [
        3.0414364337921143,
        1.015226125717163
    ],
    "neg_0": [
        88.98231506347656,
        0.41300058364868164
    ],
    "neg_1": [
        89.04411315917969,
        1.797883152961731
    ],
    "abs_0": [
        7.984739303588867,
        0.4386519193649292
    ],
    "abs_1": [
        7.914453029632568,
        1.3916267156600952
    ],
    "tpr_0": [
        21.021677017211914,
        1.5019879341125488
    ],
    "tpr_1": [
        8.532215118408203,
        2.7181546688079834
    ],
    "fnr_0": [
        37.720542907714844,
        2.1301629543304443
    ],
    "fnr_1": [
        70.93882751464844,
        4.538686752319336
    ],
    "par_0": [
        41.257781982421875,
        2.072582960128784
    ],
    "par_1": [
        20.528955459594727,
        3.397953987121582
    ],
    "fpr_0": [
        1.0581846237182617,
        0.14085610210895538
    ],
    "fpr_1": [
        0.8660264015197754,
        0.5330989360809326
    ],
    "tnr_0": [
        94.61164093017578,
        0.2903648912906647
    ],
    "tnr_1": [
        96.20186614990234,
        1.1345038414001465
    ],
    "nar_0": [
        4.330172538757324,
        0.2951078712940216
    ],
    "nar_1": [
        2.932116985321045,
        0.8814185857772827
    ]
}