{
    "cov": [
        78.98567962646484,
        9.5086088180542
    ],
    "acc": [
        96.00177764892578,
        1.591723084449768
    ],
    "pos_0": [
        0.1605163961648941,
        0.1319044530391693
    ],
    "pos_1": [
        0.0,
        0.0
    ],
    "neg_0": [
        79.52448272705078,
        9.483526229858398
    ],
    "neg_1": [
        69.42788696289062,
        10.837349891662598
    ],
    "abs_0": [
        20.314998626708984,
        9.48116683959961
    ],
    "abs_1": [
        30.572113037109375,
        10.837349891662598
    ],
    "tpr_0": [
        1.2911779880523682,
        1.0481150150299072
    ],
    "tpr_1": [
        0.0,
        0.0
    ],
    "fnr_0": [
        26.183481216430664,
        14.16213607788086
    ],
    "fnr_1": [
        42.53656768798828,
        13.968718528747559
    ],
    "par_0": [
        72.52533721923828,
        14.121438980102539
    ],
    "par_1": [
        57.46343231201172,
        13.968718528747559
    ],
    "fpr_0": [
        0.03475223854184151,
        0.04010412469506264
    ],
    "fpr_1": [
        0.0,
        0.0
    ],
    "tnr_0": [
        85.45692443847656,
        9.111580848693848
    ],
    "tnr_1": [
        80.15090942382812,
        9.547651290893555
    ],
    "nar_0": [
        14.50832462310791,
        9.11293888092041
    ],
    "nar_1": [
        19.84908676147461,
        9.547653198242188
    ]
}