{
    "cov": [
        59.09211730957031,
        0.8907144069671631
    ],
    "acc": [
        98.6744155883789,
        0.13455483317375183
    ],
    "pos_0": [
        0.6075337529182434,
        0.10700522363185883
    ],
    "pos_1": [
        0.6929634809494019,
        0.43800410628318787
    ],
    "neg_0": [
        58.46635818481445,
        0.9164413213729858
    ],
    "neg_1": [
        58.64376449584961,
        3.172675609588623
    ],
    "abs_0": [
        40.926109313964844,
        0.9198905229568481
    ],
    "abs_1": [
        40.66327667236328,
        3.1330795288085938
    ],
    "tpr_0": [
        4.173830509185791,
        0.7550555467605591
    ],
    "tpr_1": [
        1.7369468212127686,
        1.2954038381576538
    ],
    "fnr_0": [
        2.0248448848724365,
        0.45667457580566406
    ],
    "fnr_1": [
        20.341211318969727,
        3.7935123443603516
    ],
    "par_0": [
        93.80133056640625,
        0.8999989032745361
    ],
    "par_1": [
        77.92184448242188,
        3.9112548828125
    ],
    "fpr_0": [
        0.21658000349998474,
        0.06208975613117218
    ],
    "fpr_1": [
        0.28285300731658936,
        0.19690874218940735
    ],
    "tnr_0": [
        64.66464233398438,
        0.981412410736084
    ],
    "tnr_1": [
        73.8060073852539,
        3.305968761444092
    ],
    "nar_0": [
        35.118778228759766,
        0.9929567575454712
    ],
    "nar_1": [
        25.91114044189453,
        3.2944326400756836
    ]
}