{
    "cov": [
        75.92765808105469,
        3.7294485569000244
    ],
    "acc": [
        98.05696868896484,
        0.7287493944168091
    ],
    "pos_0": [
        0.04379390925168991,
        0.07927339524030685
    ],
    "pos_1": [
        0.2835644483566284,
        0.49613937735557556
    ],
    "neg_0": [
        78.58039093017578,
        3.661079168319702
    ],
    "neg_1": [
        38.771484375,
        4.99166202545166
    ],
    "abs_0": [
        21.375810623168945,
        3.6745567321777344
    ],
    "abs_1": [
        60.944950103759766,
        5.194979667663574
    ],
    "tpr_0": [
        0.3697526752948761,
        0.6619782447814941
    ],
    "tpr_1": [
        0.8359455466270447,
        1.540488839149475
    ],
    "fnr_0": [
        14.679043769836426,
        5.988419055938721
    ],
    "fnr_1": [
        6.156335830688477,
        3.3348286151885986
    ],
    "par_0": [
        84.95120239257812,
        6.130752086639404
    ],
    "par_1": [
        93.0077133178711,
        4.226189136505127
    ],
    "fpr_0": [
        0.007528583984822035,
        0.01624610833823681
    ],
    "fpr_1": [
        0.07099270075559616,
        0.17334690690040588
    ],
    "tnr_0": [
        85.68401336669922,
        3.439167022705078
    ],
    "tnr_1": [
        51.77523422241211,
        5.912193298339844
    ],
    "nar_0": [
        14.308459281921387,
        3.44061279296875
    ],
    "nar_1": [
        48.15376663208008,
        5.9643473625183105
    ]
}