{
    "cov": [
        94.59770965576172,
        0.39899182319641113
    ],
    "acc": [
        92.96156311035156,
        0.38921403884887695
    ],
    "pos_0": [
        2.623234272003174,
        0.3868390619754791
    ],
    "pos_1": [
        9.606977462768555,
        1.6080210208892822
    ],
    "neg_0": [
        92.59403991699219,
        0.4891441762447357
    ],
    "neg_1": [
        76.51825714111328,
        1.568849802017212
    ],
    "abs_0": [
        4.782719135284424,
        0.3932078182697296
    ],
    "abs_1": [
        13.874760627746582,
        1.628578543663025
    ],
    "tpr_0": [
        19.020700454711914,
        2.690274953842163
    ],
    "tpr_1": [
        25.512313842773438,
        4.646645545959473
    ],
    "fnr_0": [
        52.62523651123047,
        3.0870985984802246
    ],
    "fnr_1": [
        47.29723358154297,
        3.8818254470825195
    ],
    "par_0": [
        28.354061126708984,
        2.5658891201019287
    ],
    "par_1": [
        27.19045066833496,
        4.04730224609375
    ],
    "fpr_0": [
        0.8012725114822388,
        0.1599755436182022
    ],
    "fpr_1": [
        3.2638003826141357,
        0.7931413054466248
    ],
    "tnr_0": [
        97.03515625,
        0.24477900564670563
    ],
    "tnr_1": [
        88.16473388671875,
        1.4863096475601196
    ],
    "nar_0": [
        2.1635730266571045,
        0.2032753974199295
    ],
    "nar_1": [
        8.571465492248535,
        1.3190476894378662
    ]
}