{
    "cov": [
        94.77056121826172,
        0.7846167087554932
    ],
    "acc": [
        92.57168579101562,
        0.5507524013519287
    ],
    "pos_0": [
        1.6629033088684082,
        0.42337024211883545
    ],
    "pos_1": [
        9.251422882080078,
        1.4895316362380981
    ],
    "neg_0": [
        93.75376892089844,
        0.9279647469520569
    ],
    "neg_1": [
        76.6751708984375,
        3.351975679397583
    ],
    "abs_0": [
        4.5833330154418945,
        0.7668589949607849
    ],
    "abs_1": [
        14.073395729064941,
        3.2058701515197754
    ],
    "tpr_0": [
        12.56198787689209,
        2.887112855911255
    ],
    "tpr_1": [
        23.803842544555664,
        3.7025599479675293
    ],
    "fnr_0": [
        59.58625793457031,
        5.552596092224121
    ],
    "fnr_1": [
        48.21446228027344,
        6.422403812408447
    ],
    "par_0": [
        27.85175323486328,
        4.358476161956787
    ],
    "par_1": [
        27.981693267822266,
        5.843784809112549
    ],
    "fpr_0": [
        0.45174285769462585,
        0.16454192996025085
    ],
    "fpr_1": [
        3.445375680923462,
        1.1113874912261963
    ],
    "tnr_0": [
        97.5503921508789,
        0.4413817524909973
    ],
    "tnr_1": [
        88.01097106933594,
        2.992138624191284
    ],
    "nar_0": [
        1.997868299484253,
        0.3963351249694824
    ],
    "nar_1": [
        8.543646812438965,
        2.76143217086792
    ]
}