{
    "cov": [
        46.56081008911133,
        4.192850112915039
    ],
    "acc": [
        99.94476318359375,
        0.04288171976804733
    ],
    "pos_0": [
        0.0,
        0.0
    ],
    "pos_1": [
        0.0,
        0.0
    ],
    "neg_0": [
        48.56468963623047,
        4.269217014312744
    ],
    "neg_1": [
        19.148326873779297,
        3.973308563232422
    ],
    "abs_0": [
        51.435306549072266,
        4.269217014312744
    ],
    "abs_1": [
        80.85166931152344,
        3.973308801651001
    ],
    "tpr_0": [
        0.0,
        0.0
    ],
    "tpr_1": [
        0.0,
        0.0
    ],
    "fnr_0": [
        0.28069445490837097,
        0.23129895329475403
    ],
    "fnr_1": [
        0.027397260069847107,
        0.13698630034923553
    ],
    "par_0": [
        99.71930694580078,
        0.23129867017269135
    ],
    "par_1": [
        99.97259521484375,
        0.1369863897562027
    ],
    "fpr_0": [
        0.0,
        0.0
    ],
    "fpr_1": [
        0.0,
        0.0
    ],
    "tnr_0": [
        53.93043899536133,
        4.693085670471191
    ],
    "tnr_1": [
        26.701147079467773,
        5.152235984802246
    ],
    "nar_0": [
        46.06956100463867,
        4.693085670471191
    ],
    "nar_1": [
        73.29884338378906,
        5.1522369384765625
    ]
}