{
    "cov": [
        81.99465942382812,
        3.54828143119812
    ],
    "acc": [
        96.6488037109375,
        1.0881843566894531
    ],
    "pos_0": [
        0.15620462596416473,
        0.17891523241996765
    ],
    "pos_1": [
        1.682674527168274,
        1.4025779962539673
    ],
    "neg_0": [
        84.28450775146484,
        3.3339242935180664
    ],
    "neg_1": [
        46.92289352416992,
        6.113527297973633
    ],
    "abs_0": [
        15.559283256530762,
        3.3672616481781006
    ],
    "abs_1": [
        51.394432067871094,
        6.536380290985107
    ],
    "tpr_0": [
        1.2455440759658813,
        1.4977010488510132
    ],
    "tpr_1": [
        4.6133575439453125,
        3.7414488792419434
    ],
    "fnr_0": [
        26.539203643798828,
        9.54044246673584
    ],
    "fnr_1": [
        12.808363914489746,
        5.998932838439941
    ],
    "par_0": [
        72.21525573730469,
        9.647500991821289
    ],
    "par_1": [
        82.57827758789062,
        8.188241004943848
    ],
    "fpr_0": [
        0.036406636238098145,
        0.0427311509847641
    ],
    "fpr_1": [
        0.510919988155365,
        0.5434175133705139
    ],
    "tnr_0": [
        90.70221710205078,
        2.710031032562256
    ],
    "tnr_1": [
        60.52449035644531,
        6.949445724487305
    ],
    "nar_0": [
        9.26137638092041,
        2.723463535308838
    ],
    "nar_1": [
        38.96458435058594,
        6.971085071563721
    ]
}