{
    "cov": [
        68.33843231201172,
        15.122088432312012
    ],
    "acc": [
        97.01958465576172,
        1.3081837892532349
    ],
    "pos_0": [
        0.10630666464567184,
        0.10644146054983139
    ],
    "pos_1": [
        0.0,
        0.0
    ],
    "neg_0": [
        68.65199279785156,
        15.50146484375
    ],
    "neg_1": [
        62.67369079589844,
        10.984825134277344
    ],
    "abs_0": [
        31.24169921875,
        15.510149955749512
    ],
    "abs_1": [
        37.32630920410156,
        10.984825134277344
    ],
    "tpr_0": [
        0.8553264141082764,
        0.9943514466285706
    ],
    "tpr_1": [
        0.0,
        0.0
    ],
    "fnr_0": [
        16.01691246032715,
        12.114136695861816
    ],
    "fnr_1": [
        36.496742248535156,
        12.61040210723877
    ],
    "par_0": [
        83.12776184082031,
        12.159524917602539
    ],
    "par_1": [
        63.50325393676758,
        12.61040210723877
    ],
    "fpr_0": [
        0.023736853152513504,
        0.023588968440890312
    ],
    "fpr_1": [
        0.0,
        0.0
    ],
    "tnr_0": [
        74.4977035522461,
        15.941681861877441
    ],
    "tnr_1": [
        73.10611724853516,
        10.516655921936035
    ],
    "nar_0": [
        25.478553771972656,
        15.947432518005371
    ],
    "nar_1": [
        26.89388084411621,
        10.516654014587402
    ]
}