{
    "cov": [
        88.7603759765625,
        4.425598621368408
    ],
    "acc": [
        93.84879302978516,
        1.4511480331420898
    ],
    "pos_0": [
        0.4948323369026184,
        0.3296089172363281
    ],
    "pos_1": [
        0.013925246894359589,
        0.04819675534963608
    ],
    "neg_0": [
        88.83433532714844,
        4.196072101593018
    ],
    "neg_1": [
        80.96923065185547,
        7.782915115356445
    ],
    "abs_0": [
        10.670829772949219,
        4.299853801727295
    ],
    "abs_1": [
        19.01683807373047,
        7.784885406494141
    ],
    "tpr_0": [
        3.8537778854370117,
        2.4923956394195557
    ],
    "tpr_1": [
        0.025157231837511063,
        0.12578615546226501
    ],
    "fnr_0": [
        45.52306365966797,
        13.87073040008545
    ],
    "fnr_1": [
        60.19644546508789,
        12.406020164489746
    ],
    "par_0": [
        50.62315368652344,
        14.44693660736084
    ],
    "par_1": [
        39.77839660644531,
        12.436229705810547
    ],
    "fpr_0": [
        0.12266859412193298,
        0.09934607893228531
    ],
    "fpr_1": [
        0.009433961473405361,
        0.04716980829834938
    ],
    "tnr_0": [
        93.64566040039062,
        3.173992395401001
    ],
    "tnr_1": [
        89.25843811035156,
        6.120861053466797
    ],
    "nar_0": [
        6.231673240661621,
        3.2204911708831787
    ],
    "nar_1": [
        10.732133865356445,
        6.1087422370910645
    ]
}