{
    "cov": [
        78.4374771118164,
        3.924614191055298
    ],
    "acc": [
        97.54946899414062,
        0.8885970115661621
    ],
    "pos_0": [
        0.07909456640481949,
        0.13589872419834137
    ],
    "pos_1": [
        0.6695579290390015,
        0.7365633845329285
    ],
    "neg_0": [
        80.96572875976562,
        3.8586413860321045
    ],
    "neg_1": [
        42.1163330078125,
        4.568575859069824
    ],
    "abs_0": [
        18.95517921447754,
        3.8926520347595215
    ],
    "abs_1": [
        57.214111328125,
        4.579423904418945
    ],
    "tpr_0": [
        0.664371907711029,
        1.176837682723999
    ],
    "tpr_1": [
        1.890492558479309,
        2.030102014541626
    ],
    "fnr_0": [
        18.921159744262695,
        7.446839809417725
    ],
    "fnr_1": [
        8.327476501464844,
        4.15639066696167
    ],
    "par_0": [
        80.41447448730469,
        7.674251556396484
    ],
    "par_1": [
        89.78202819824219,
        4.717280864715576
    ],
    "fpr_0": [
        0.01501450128853321,
        0.027161849662661552
    ],
    "fpr_1": [
        0.18229052424430847,
        0.2821383774280548
    ],
    "tnr_0": [
        87.85997772216797,
        3.5515146255493164
    ],
    "tnr_1": [
        55.606327056884766,
        5.402233600616455
    ],
    "nar_0": [
        12.125003814697266,
        3.5611414909362793
    ],
    "nar_1": [
        44.21137619018555,
        5.351624011993408
    ]
}