{
    "cov": [
        36.44913864135742,
        4.14063835144043
    ],
    "acc": [
        99.97174835205078,
        0.02745007909834385
    ],
    "pos_0": [
        0.0,
        0.0
    ],
    "pos_1": [
        0.0,
        0.0
    ],
    "neg_0": [
        37.982948303222656,
        4.233628749847412
    ],
    "neg_1": [
        15.470739364624023,
        3.8780417442321777
    ],
    "abs_0": [
        62.01704788208008,
        4.233628273010254
    ],
    "abs_1": [
        84.52925872802734,
        3.8780417442321777
    ],
    "tpr_0": [
        0.0,
        0.0
    ],
    "tpr_1": [
        0.0,
        0.0
    ],
    "fnr_0": [
        0.11412373930215836,
        0.11380456387996674
    ],
    "fnr_1": [
        0.0,
        0.0
    ],
    "par_0": [
        99.88587951660156,
        0.11380428075790405
    ],
    "par_1": [
        100.0,
        0.0
    ],
    "fpr_0": [
        0.0,
        0.0
    ],
    "fpr_1": [
        0.0,
        0.0
    ],
    "tnr_0": [
        42.194297790527344,
        4.697272300720215
    ],
    "tnr_1": [
        21.571483612060547,
        5.142749309539795
    ],
    "nar_0": [
        57.805702209472656,
        4.697272300720215
    ],
    "nar_1": [
        78.42851257324219,
        5.142749309539795
    ]
}