{
    "cov": [
        74.31220245361328,
        7.751735210418701
    ],
    "acc": [
        94.8653335571289,
        1.0055925846099854
    ],
    "pos_0": [
        0.0,
        0.0
    ],
    "pos_1": [
        0.0,
        0.0
    ],
    "neg_0": [
        75.18236541748047,
        7.681029319763184
    ],
    "neg_1": [
        62.43604278564453,
        9.52116870880127
    ],
    "abs_0": [
        24.817630767822266,
        7.681028842926025
    ],
    "abs_1": [
        37.56394958496094,
        9.52116870880127
    ],
    "tpr_0": [
        0.0,
        0.0
    ],
    "tpr_1": [
        0.0,
        0.0
    ],
    "fnr_0": [
        34.08580780029297,
        9.294302940368652
    ],
    "fnr_1": [
        35.82763671875,
        12.58531379699707
    ],
    "par_0": [
        65.9141845703125,
        9.294302940368652
    ],
    "par_1": [
        64.17236328125,
        12.585315704345703
    ],
    "fpr_0": [
        0.0,
        0.0
    ],
    "fpr_1": [
        0.0,
        0.0
    ],
    "tnr_0": [
        79.74834442138672,
        7.617457866668701
    ],
    "tnr_1": [
        73.02442169189453,
        8.650325775146484
    ],
    "nar_0": [
        20.251646041870117,
        7.617457866668701
    ],
    "nar_1": [
        26.975570678710938,
        8.650325775146484
    ]
}