{
    "cov": [
        97.18087005615234,
        0.6701001524925232
    ],
    "acc": [
        90.85855102539062,
        0.5929246544837952
    ],
    "pos_0": [
        0.9780351519584656,
        0.4415772259235382
    ],
    "pos_1": [
        0.28492599725723267,
        0.40751248598098755
    ],
    "neg_0": [
        96.2289047241211,
        0.9507414102554321
    ],
    "neg_1": [
        96.55040740966797,
        1.7551227807998657
    ],
    "abs_0": [
        2.793065309524536,
        0.6471802592277527
    ],
    "abs_1": [
        3.1646597385406494,
        1.4958710670471191
    ],
    "tpr_0": [
        7.732625484466553,
        3.331223487854004
    ],
    "tpr_1": [
        0.9467382431030273,
        1.342226266860962
    ],
    "fnr_0": [
        74.38835906982422,
        5.754433631896973
    ],
    "fnr_1": [
        90.40646362304688,
        4.858448505401611
    ],
    "par_0": [
        17.879009246826172,
        3.720194101333618
    ],
    "par_1": [
        8.646800994873047,
        4.068215847015381
    ],
    "fpr_0": [
        0.2303467094898224,
        0.13705037534236908
    ],
    "fpr_1": [
        0.021052632480859756,
        0.10526315867900848
    ],
    "tnr_0": [
        98.65412139892578,
        0.45107054710388184
    ],
    "tnr_1": [
        99.02128601074219,
        0.6743165850639343
    ],
    "nar_0": [
        1.1155277490615845,
        0.3521386384963989
    ],
    "nar_1": [
        0.9576632380485535,
        0.6271273493766785
    ]
}