{
    "cov": [
        90.83078002929688,
        3.210639238357544
    ],
    "acc": [
        93.17081451416016,
        1.1758347749710083
    ],
    "pos_0": [
        0.42616498470306396,
        0.30422210693359375
    ],
    "pos_1": [
        0.014336916618049145,
        0.0716845840215683
    ],
    "neg_0": [
        90.90837860107422,
        3.022888660430908
    ],
    "neg_1": [
        83.92701721191406,
        6.007497787475586
    ],
    "abs_0": [
        8.665451049804688,
        3.087671995162964
    ],
    "abs_1": [
        16.058637619018555,
        5.993957996368408
    ],
    "tpr_0": [
        3.210149049758911,
        2.259795904159546
    ],
    "tpr_1": [
        0.023952094838023186,
        0.11976048350334167
    ],
    "fnr_0": [
        52.50531005859375,
        11.274239540100098
    ],
    "fnr_1": [
        64.243408203125,
        11.597648620605469
    ],
    "par_0": [
        44.28453063964844,
        11.74665641784668
    ],
    "par_1": [
        35.732635498046875,
        11.579848289489746
    ],
    "fpr_0": [
        0.11578907072544098,
        0.0943722203373909
    ],
    "fpr_1": [
        0.010230178944766521,
        0.05115089192986488
    ],
    "tnr_0": [
        95.1787109375,
        2.1565327644348145
    ],
    "tnr_1": [
        91.82192993164062,
        3.9456117153167725
    ],
    "nar_0": [
        4.705502510070801,
        2.1800460815429688
    ],
    "nar_1": [
        8.167839050292969,
        3.935551166534424
    ]
}