{
    "cov": [
        73.75139617919922,
        6.95830774307251
    ],
    "acc": [
        95.18214416503906,
        0.8662075400352478
    ],
    "pos_0": [
        0.0,
        0.0
    ],
    "pos_1": [
        0.0,
        0.0
    ],
    "neg_0": [
        74.6371841430664,
        6.755270957946777
    ],
    "neg_1": [
        61.66086959838867,
        10.722145080566406
    ],
    "abs_0": [
        25.362821578979492,
        6.755271911621094
    ],
    "abs_1": [
        38.33912658691406,
        10.722145080566406
    ],
    "tpr_0": [
        0.0,
        0.0
    ],
    "tpr_1": [
        0.0,
        0.0
    ],
    "fnr_0": [
        31.64313316345215,
        8.14940071105957
    ],
    "fnr_1": [
        34.23582077026367,
        12.665196418762207
    ],
    "par_0": [
        68.35686492919922,
        8.149402618408203
    ],
    "par_1": [
        65.76417541503906,
        12.66519546508789
    ],
    "fpr_0": [
        0.0,
        0.0
    ],
    "fpr_1": [
        0.0,
        0.0
    ],
    "tnr_0": [
        79.42090606689453,
        6.654485702514648
    ],
    "tnr_1": [
        72.60564422607422,
        9.841632843017578
    ],
    "nar_0": [
        20.57908821105957,
        6.654486179351807
    ],
    "nar_1": [
        27.39435577392578,
        9.841632843017578
    ]
}