{
    "cov": [
        84.64530181884766,
        6.155529022216797
    ],
    "acc": [
        93.7761001586914,
        0.9379861354827881
    ],
    "pos_0": [
        0.0,
        0.0
    ],
    "pos_1": [
        0.0,
        0.0
    ],
    "neg_0": [
        85.4761962890625,
        6.183488368988037
    ],
    "neg_1": [
        73.27418518066406,
        7.111237525939941
    ],
    "abs_0": [
        14.523797035217285,
        6.183489799499512
    ],
    "abs_1": [
        26.72580909729004,
        7.111237525939941
    ],
    "tpr_0": [
        0.0,
        0.0
    ],
    "tpr_1": [
        0.0,
        0.0
    ],
    "fnr_0": [
        46.72444152832031,
        9.669763565063477
    ],
    "fnr_1": [
        48.856048583984375,
        8.814678192138672
    ],
    "par_0": [
        53.27555465698242,
        9.669763565063477
    ],
    "par_1": [
        51.14394760131836,
        8.814679145812988
    ],
    "fpr_0": [
        0.0,
        0.0
    ],
    "fpr_1": [
        0.0,
        0.0
    ],
    "tnr_0": [
        89.78050231933594,
        5.95242166519165
    ],
    "tnr_1": [
        83.01368713378906,
        6.57682466506958
    ],
    "nar_0": [
        10.219491004943848,
        5.952421188354492
    ],
    "nar_1": [
        16.98630142211914,
        6.57682466506958
    ]
}