{
    "cov": [
        60.62053680419922,
        11.56967544555664
    ],
    "acc": [
        96.33277130126953,
        1.1418089866638184
    ],
    "pos_0": [
        0.0,
        0.0
    ],
    "pos_1": [
        0.0,
        0.0
    ],
    "neg_0": [
        61.48630905151367,
        11.601906776428223
    ],
    "neg_1": [
        48.81119918823242,
        11.916810035705566
    ],
    "abs_0": [
        38.51369094848633,
        11.601906776428223
    ],
    "abs_1": [
        51.18879699707031,
        11.916810035705566
    ],
    "tpr_0": [
        0.0,
        0.0
    ],
    "tpr_1": [
        0.0,
        0.0
    ],
    "fnr_0": [
        20.807218551635742,
        9.056634902954102
    ],
    "fnr_1": [
        20.34229278564453,
        11.076822280883789
    ],
    "par_0": [
        79.19277954101562,
        9.056634902954102
    ],
    "par_1": [
        79.65770721435547,
        11.076821327209473
    ],
    "fpr_0": [
        0.0,
        0.0
    ],
    "fpr_1": [
        0.0,
        0.0
    ],
    "tnr_0": [
        66.01591491699219,
        12.026044845581055
    ],
    "tnr_1": [
        60.14830017089844,
        12.375462532043457
    ],
    "nar_0": [
        33.98408508300781,
        12.026044845581055
    ],
    "nar_1": [
        39.85169982910156,
        12.37546157836914
    ]
}