{
    "cov": [
        96.10924530029297,
        0.8656924962997437
    ],
    "acc": [
        92.01283264160156,
        0.6365259885787964
    ],
    "pos_0": [
        1.9057040214538574,
        0.4310155212879181
    ],
    "pos_1": [
        10.238036155700684,
        1.3699047565460205
    ],
    "neg_0": [
        94.68565368652344,
        1.0311672687530518
    ],
    "neg_1": [
        79.24655151367188,
        2.965325355529785
    ],
    "abs_0": [
        3.4086384773254395,
        0.8042232990264893
    ],
    "abs_1": [
        10.515413284301758,
        2.669924020767212
    ],
    "tpr_0": [
        14.274274826049805,
        2.8734755516052246
    ],
    "tpr_1": [
        26.357006072998047,
        3.804591417312622
    ],
    "fnr_0": [
        64.53932189941406,
        6.043837070465088
    ],
    "fnr_1": [
        52.98414993286133,
        6.170478820800781
    ],
    "par_0": [
        21.1863956451416,
        4.512816905975342
    ],
    "par_1": [
        20.658843994140625,
        4.746915817260742
    ],
    "fpr_0": [
        0.5302385687828064,
        0.16578000783920288
    ],
    "fpr_1": [
        3.8072011470794678,
        1.0351704359054565
    ],
    "tnr_0": [
        98.03409576416016,
        0.5080235600471497
    ],
    "tnr_1": [
        89.72077178955078,
        2.2147881984710693
    ],
    "nar_0": [
        1.4356603622436523,
        0.43480589985847473
    ],
    "nar_1": [
        6.472024917602539,
        2.096787214279175
    ]
}