{
    "cov": [
        97.83733367919922,
        0.8988347053527832
    ],
    "acc": [
        90.6236572265625,
        0.4994657039642334
    ],
    "pos_0": [
        1.6679039001464844,
        0.36701634526252747
    ],
    "pos_1": [
        0.31804096698760986,
        0.38850823044776917
    ],
    "neg_0": [
        96.3749008178711,
        0.9618375897407532
    ],
    "neg_1": [
        94.72105407714844,
        2.8372137546539307
    ],
    "abs_0": [
        1.9571887254714966,
        0.845005989074707
    ],
    "abs_1": [
        4.960895538330078,
        2.7605910301208496
    ],
    "tpr_0": [
        12.330788612365723,
        2.7190816402435303
    ],
    "tpr_1": [
        0.9132351279258728,
        1.1634199619293213
    ],
    "fnr_0": [
        76.12620544433594,
        5.187000274658203
    ],
    "fnr_1": [
        86.16065979003906,
        7.803663730621338
    ],
    "par_0": [
        11.543009757995605,
        4.428879261016846
    ],
    "par_1": [
        12.926093101501465,
        7.679471015930176
    ],
    "fpr_0": [
        0.48294371366500854,
        0.11838347464799881
    ],
    "fpr_1": [
        0.07999150454998016,
        0.1394987553358078
    ],
    "tnr_0": [
        98.62908172607422,
        0.4894351363182068
    ],
    "tnr_1": [
        98.1351089477539,
        0.9837875962257385
    ],
    "nar_0": [
        0.8879780173301697,
        0.44955337047576904
    ],
    "nar_1": [
        1.7849020957946777,
        0.9652949571609497
    ]
}