{
    "cov": [
        91.5809555053711,
        3.0995426177978516
    ],
    "acc": [
        92.28751373291016,
        0.8970946669578552
    ],
    "pos_0": [
        0.0,
        0.0
    ],
    "pos_1": [
        0.0,
        0.0
    ],
    "neg_0": [
        92.20875549316406,
        2.9113852977752686
    ],
    "neg_1": [
        83.02474212646484,
        6.601399898529053
    ],
    "abs_0": [
        7.791242599487305,
        2.911384105682373
    ],
    "abs_1": [
        16.975250244140625,
        6.601399898529053
    ],
    "tpr_0": [
        0.0,
        0.0
    ],
    "tpr_1": [
        0.0,
        0.0
    ],
    "fnr_0": [
        62.76123046875,
        9.975625991821289
    ],
    "fnr_1": [
        64.19308471679688,
        11.407005310058594
    ],
    "par_0": [
        37.238765716552734,
        9.975627899169922
    ],
    "par_1": [
        35.80691909790039,
        11.407003402709961
    ],
    "fpr_0": [
        0.0,
        0.0
    ],
    "fpr_1": [
        0.0,
        0.0
    ],
    "tnr_0": [
        95.49092864990234,
        2.141003131866455
    ],
    "tnr_1": [
        90.56076049804688,
        5.201496124267578
    ],
    "nar_0": [
        4.509066581726074,
        2.1410038471221924
    ],
    "nar_1": [
        9.43924331665039,
        5.20149564743042
    ]
}