{
    "cov": [
        92.34280395507812,
        1.42649245262146
    ],
    "acc": [
        92.14531707763672,
        0.5791774988174438
    ],
    "pos_0": [
        0.0,
        0.0
    ],
    "pos_1": [
        0.0,
        0.0
    ],
    "neg_0": [
        92.88581085205078,
        1.4190728664398193
    ],
    "neg_1": [
        84.88166046142578,
        2.4655213356018066
    ],
    "abs_0": [
        7.114184856414795,
        1.4190720319747925
    ],
    "abs_1": [
        15.11833667755127,
        2.4655215740203857
    ],
    "tpr_0": [
        0.0,
        0.0
    ],
    "tpr_1": [
        0.0,
        0.0
    ],
    "fnr_0": [
        64.17745971679688,
        5.5750508308410645
    ],
    "fnr_1": [
        65.61632537841797,
        4.5074462890625
    ],
    "par_0": [
        35.82253646850586,
        5.5750508308410645
    ],
    "par_1": [
        34.3836669921875,
        4.5074462890625
    ],
    "fpr_0": [
        0.0,
        0.0
    ],
    "fpr_1": [
        0.0,
        0.0
    ],
    "tnr_0": [
        96.07721710205078,
        1.0393673181533813
    ],
    "tnr_1": [
        92.57464599609375,
        2.2918336391448975
    ],
    "nar_0": [
        3.922783136367798,
        1.0393681526184082
    ],
    "nar_1": [
        7.425347805023193,
        2.291834831237793
    ]
}