{
    "cov": [
        71.70720672607422,
        8.275961875915527
    ],
    "acc": [
        95.33431243896484,
        1.2931588888168335
    ],
    "pos_0": [
        0.000519615481607616,
        0.002598077291622758
    ],
    "pos_1": [
        0.0,
        0.0
    ],
    "neg_0": [
        72.6031265258789,
        8.21950912475586
    ],
    "neg_1": [
        59.463348388671875,
        9.736079216003418
    ],
    "abs_0": [
        27.396352767944336,
        8.219490051269531
    ],
    "abs_1": [
        40.53664779663086,
        9.736077308654785
    ],
    "tpr_0": [
        0.005141388159245253,
        0.0257069431245327
    ],
    "tpr_1": [
        0.0,
        0.0
    ],
    "fnr_0": [
        30.330402374267578,
        11.759480476379395
    ],
    "fnr_1": [
        31.564144134521484,
        13.235189437866211
    ],
    "par_0": [
        69.6644515991211,
        11.756757736206055
    ],
    "par_1": [
        68.43585968017578,
        13.235189437866211
    ],
    "fpr_0": [
        0.0,
        0.0
    ],
    "fpr_1": [
        0.0,
        0.0
    ],
    "tnr_0": [
        77.30360412597656,
        7.933235168457031
    ],
    "tnr_1": [
        70.60710144042969,
        8.294684410095215
    ],
    "nar_0": [
        22.696401596069336,
        7.933233261108398
    ],
    "nar_1": [
        29.39290428161621,
        8.294684410095215
    ]
}