{
    "cov": [
        32.132537841796875,
        0.8049664497375488
    ],
    "acc": [
        99.47772216796875,
        0.10672687739133835
    ],
    "pos_0": [
        0.3074145019054413,
        0.05467941612005234
    ],
    "pos_1": [
        0.3220551311969757,
        0.24951595067977905
    ],
    "neg_0": [
        31.86673355102539,
        0.7983136177062988
    ],
    "neg_1": [
        31.244150161743164,
        2.6041319370269775
    ],
    "abs_0": [
        67.82585144042969,
        0.8067408204078674
    ],
    "abs_1": [
        68.43379974365234,
        2.611170768737793
    ],
    "tpr_0": [
        2.0489859580993652,
        0.3783497214317322
    ],
    "tpr_1": [
        0.5988178849220276,
        0.7087768316268921
    ],
    "fnr_0": [
        0.3736559748649597,
        0.20511896908283234
    ],
    "fnr_1": [
        1.2980010509490967,
        0.832855224609375
    ],
    "par_0": [
        97.57735443115234,
        0.396668940782547
    ],
    "par_1": [
        98.10317993164062,
        0.8668810129165649
    ],
    "fpr_0": [
        0.11642659455537796,
        0.043511372059583664
    ],
    "fpr_1": [
        0.21300555765628815,
        0.21462734043598175
    ],
    "tnr_0": [
        35.32501983642578,
        0.8707790374755859
    ],
    "tnr_1": [
        43.095130920410156,
        3.416381359100342
    ],
    "nar_0": [
        64.55856323242188,
        0.8830437660217285
    ],
    "nar_1": [
        56.691864013671875,
        3.4307427406311035
    ]
}