{
    "cov": [
        75.15027618408203,
        3.8873801231384277
    ],
    "acc": [
        98.18158721923828,
        0.7502005696296692
    ],
    "pos_0": [
        0.043283239006996155,
        0.07207862287759781
    ],
    "pos_1": [
        0.3110964894294739,
        0.523152232170105
    ],
    "neg_0": [
        77.80107116699219,
        3.8367063999176025
    ],
    "neg_1": [
        37.99532699584961,
        4.940090179443359
    ],
    "abs_0": [
        22.155649185180664,
        3.8465168476104736
    ],
    "abs_1": [
        61.693572998046875,
        5.088196754455566
    ],
    "tpr_0": [
        0.3662985861301422,
        0.5974095463752747
    ],
    "tpr_1": [
        0.9342585802078247,
        1.6788368225097656
    ],
    "fnr_0": [
        13.63550853729248,
        6.073512554168701
    ],
    "fnr_1": [
        5.571261882781982,
        3.4002201557159424
    ],
    "par_0": [
        85.9981918334961,
        6.154407024383545
    ],
    "par_1": [
        93.49446868896484,
        4.104684829711914
    ],
    "fpr_0": [
        0.007528583984822035,
        0.01624610833823681
    ],
    "fpr_1": [
        0.07099270075559616,
        0.17334690690040588
    ],
    "tnr_0": [
        84.9332504272461,
        3.6457254886627197
    ],
    "tnr_1": [
        50.92853546142578,
        5.848585605621338
    ],
    "nar_0": [
        15.05921459197998,
        3.6477582454681396
    ],
    "nar_1": [
        49.00047302246094,
        5.904515743255615
    ]
}