{
    "cov": [
        94.51419830322266,
        0.452705055475235
    ],
    "acc": [
        92.95585632324219,
        0.3030754625797272
    ],
    "pos_0": [
        2.4766883850097656,
        0.37620922923088074
    ],
    "pos_1": [
        9.469118118286133,
        1.9326876401901245
    ],
    "neg_0": [
        92.65595245361328,
        0.6423975229263306
    ],
    "neg_1": [
        76.6009521484375,
        2.246649980545044
    ],
    "abs_0": [
        4.867356300354004,
        0.4635695815086365
    ],
    "abs_1": [
        13.92992115020752,
        1.869680643081665
    ],
    "tpr_0": [
        17.88001823425293,
        2.517002582550049
    ],
    "tpr_1": [
        25.077228546142578,
        4.789156436920166
    ],
    "fnr_0": [
        53.08955001831055,
        3.6217832565307617
    ],
    "fnr_1": [
        47.07835388183594,
        4.638172626495361
    ],
    "par_0": [
        29.030433654785156,
        2.6178746223449707
    ],
    "par_1": [
        27.84441375732422,
        4.371949672698975
    ],
    "fpr_0": [
        0.7637789845466614,
        0.16039040684700012
    ],
    "fpr_1": [
        3.208676338195801,
        0.9971747398376465
    ],
    "tnr_0": [
        97.05580139160156,
        0.3258399963378906
    ],
    "tnr_1": [
        88.39842224121094,
        1.7525159120559692
    ],
    "nar_0": [
        2.180415391921997,
        0.2505529224872589
    ],
    "nar_1": [
        8.392891883850098,
        1.542512059211731
    ]
}