{
    "cov": [
        67.24738311767578,
        14.463634490966797
    ],
    "acc": [
        97.3289566040039,
        1.1746399402618408
    ],
    "pos_0": [
        0.10938137024641037,
        0.1584659367799759
    ],
    "pos_1": [
        0.0,
        0.0
    ],
    "neg_0": [
        67.626708984375,
        14.943755149841309
    ],
    "neg_1": [
        60.63276672363281,
        9.37479305267334
    ],
    "abs_0": [
        32.26389694213867,
        14.984643936157227
    ],
    "abs_1": [
        39.36722946166992,
        9.374792098999023
    ],
    "tpr_0": [
        0.8972323536872864,
        1.2894264459609985
    ],
    "tpr_1": [
        0.0,
        0.0
    ],
    "fnr_0": [
        13.404303550720215,
        9.90826416015625
    ],
    "fnr_1": [
        32.62334442138672,
        13.12198257446289
    ],
    "par_0": [
        85.6984634399414,
        10.349190711975098
    ],
    "par_1": [
        67.37665557861328,
        13.121983528137207
    ],
    "fpr_0": [
        0.022004147991538048,
        0.03767010569572449
    ],
    "fpr_1": [
        0.0,
        0.0
    ],
    "tnr_0": [
        73.66448974609375,
        15.800046920776367
    ],
    "tnr_1": [
        71.78911590576172,
        8.303467750549316
    ],
    "nar_0": [
        26.313505172729492,
        15.810892105102539
    ],
    "nar_1": [
        28.210880279541016,
        8.303467750549316
    ]
}