{
    "cov": [
        81.13813781738281,
        1.956963300704956
    ],
    "acc": [
        96.25101470947266,
        0.649124801158905
    ],
    "pos_0": [
        0.060976527631282806,
        0.10706427693367004
    ],
    "pos_1": [
        0.007079645991325378,
        0.03539822995662689
    ],
    "neg_0": [
        81.29368591308594,
        1.9356552362442017
    ],
    "neg_1": [
        78.22017669677734,
        4.667713165283203
    ],
    "abs_0": [
        18.64533233642578,
        1.907098650932312
    ],
    "abs_1": [
        21.772743225097656,
        4.672614097595215
    ],
    "tpr_0": [
        0.3674581050872803,
        0.6717759370803833
    ],
    "tpr_1": [
        0.027397260069847107,
        0.13698630034923553
    ],
    "fnr_0": [
        21.49687385559082,
        5.835133075714111
    ],
    "fnr_1": [
        52.830604553222656,
        6.644204139709473
    ],
    "par_0": [
        78.13567352294922,
        5.605363368988037
    ],
    "par_1": [
        47.14199447631836,
        6.648167133331299
    ],
    "fpr_0": [
        0.026691121980547905,
        0.04602263867855072
    ],
    "fpr_1": [
        0.0,
        0.0
    ],
    "tnr_0": [
        87.9432373046875,
        1.7940049171447754
    ],
    "tnr_1": [
        88.358642578125,
        4.11247444152832
    ],
    "nar_0": [
        12.03006649017334,
        1.7879490852355957
    ],
    "nar_1": [
        11.641355514526367,
        4.112473964691162
    ]
}