{
    "cov": [
        82.80165100097656,
        6.8299784660339355
    ],
    "acc": [
        93.91896057128906,
        1.176207184791565
    ],
    "pos_0": [
        0.0,
        0.0
    ],
    "pos_1": [
        0.0,
        0.0
    ],
    "neg_0": [
        83.6496353149414,
        6.7052154541015625
    ],
    "neg_1": [
        71.23371887207031,
        8.976958274841309
    ],
    "abs_0": [
        16.350358963012695,
        6.705215930938721
    ],
    "abs_1": [
        28.766279220581055,
        8.976959228515625
    ],
    "tpr_0": [
        0.0,
        0.0
    ],
    "tpr_1": [
        0.0,
        0.0
    ],
    "fnr_0": [
        45.00213623046875,
        12.15298080444336
    ],
    "fnr_1": [
        46.65155029296875,
        12.866562843322754
    ],
    "par_0": [
        54.997859954833984,
        12.15298080444336
    ],
    "par_1": [
        53.348445892333984,
        12.866562843322754
    ],
    "fpr_0": [
        0.0,
        0.0
    ],
    "fpr_1": [
        0.0,
        0.0
    ],
    "tnr_0": [
        87.94560241699219,
        6.211102485656738
    ],
    "tnr_1": [
        80.99556732177734,
        7.773709297180176
    ],
    "nar_0": [
        12.05439281463623,
        6.211103439331055
    ],
    "nar_1": [
        19.00442886352539,
        7.773708820343018
    ]
}