{
    "cov": [
        31.103288650512695,
        0.8077600598335266
    ],
    "acc": [
        99.47908020019531,
        0.11293508112430573
    ],
    "pos_0": [
        0.3021966516971588,
        0.05450987443327904
    ],
    "pos_1": [
        0.3220551311969757,
        0.24951595067977905
    ],
    "neg_0": [
        30.824892044067383,
        0.8119186162948608
    ],
    "neg_1": [
        30.453550338745117,
        2.7811474800109863
    ],
    "abs_0": [
        68.87290954589844,
        0.8207974433898926
    ],
    "abs_1": [
        69.22439575195312,
        2.7889626026153564
    ],
    "tpr_0": [
        2.0175230503082275,
        0.37470272183418274
    ],
    "tpr_1": [
        0.5988178849220276,
        0.7087768316268921
    ],
    "fnr_0": [
        0.36831551790237427,
        0.1950165033340454
    ],
    "fnr_1": [
        1.1231989860534668,
        0.786570131778717
    ],
    "par_0": [
        97.6141586303711,
        0.3960142433643341
    ],
    "par_1": [
        98.27798461914062,
        0.7914739847183228
    ],
    "fpr_0": [
        0.11411552131175995,
        0.04309996962547302
    ],
    "fpr_1": [
        0.21300555765628815,
        0.21462734043598175
    ],
    "tnr_0": [
        34.169342041015625,
        0.887031614780426
    ],
    "tnr_1": [
        42.06114196777344,
        3.7362208366394043
    ],
    "nar_0": [
        65.71654510498047,
        0.9010517597198486
    ],
    "nar_1": [
        57.72584915161133,
        3.7451817989349365
    ]
}