{
    "cov": [
        87.04115295410156,
        0.5176897644996643
    ],
    "acc": [
        95.16110229492188,
        0.2441149204969406
    ],
    "pos_0": [
        2.032902479171753,
        0.18489138782024384
    ],
    "pos_1": [
        1.8806273937225342,
        0.8095122575759888
    ],
    "neg_0": [
        85.01960754394531,
        0.5698071718215942
    ],
    "neg_1": [
        85.00114440917969,
        1.6849464178085327
    ],
    "abs_0": [
        12.947498321533203,
        0.5831533074378967
    ],
    "abs_1": [
        13.118226051330566,
        1.6541591882705688
    ],
    "tpr_0": [
        14.129799842834473,
        1.4104735851287842
    ],
    "tpr_1": [
        5.259952545166016,
        2.3477323055267334
    ],
    "fnr_0": [
        25.675148010253906,
        2.275493621826172
    ],
    "fnr_1": [
        62.142112731933594,
        3.995717763900757
    ],
    "par_0": [
        60.19505310058594,
        2.346647024154663
    ],
    "par_1": [
        32.59793472290039,
        4.055227279663086
    ],
    "fpr_0": [
        0.7048783898353577,
        0.11089805513620377
    ],
    "fpr_1": [
        0.5362041592597961,
        0.3682017922401428
    ],
    "tnr_0": [
        91.53711700439453,
        0.48631715774536133
    ],
    "tnr_1": [
        94.03187561035156,
        1.286033272743225
    ],
    "nar_0": [
        7.757999420166016,
        0.47818437218666077
    ],
    "nar_1": [
        5.431917190551758,
        1.2337361574172974
    ]
}