{
    "cov": [
        99.01443481445312,
        0.12005217373371124
    ],
    "acc": [
        91.14181518554688,
        0.26616033911705017
    ],
    "pos_0": [
        5.485187530517578,
        0.2785293459892273
    ],
    "pos_1": [
        5.617434024810791,
        1.5548077821731567
    ],
    "neg_0": [
        93.5376968383789,
        0.2911378741264343
    ],
    "neg_1": [
        93.28275299072266,
        1.4565505981445312
    ],
    "abs_0": [
        0.9771181344985962,
        0.1342395395040512
    ],
    "abs_1": [
        1.0998073816299438,
        0.5298241376876831
    ],
    "tpr_0": [
        36.523555755615234,
        1.9873309135437012
    ],
    "tpr_1": [
        15.609602928161621,
        4.4177751541137695
    ],
    "fnr_0": [
        57.976016998291016,
        2.092153787612915
    ],
    "fnr_1": [
        81.23787689208984,
        4.183225631713867
    ],
    "par_0": [
        5.500431537628174,
        0.85224848985672
    ],
    "par_1": [
        3.1525213718414307,
        1.8140978813171387
    ],
    "fpr_0": [
        2.0771350860595703,
        0.18421576917171478
    ],
    "fpr_1": [
        1.6632816791534424,
        0.6049849987030029
    ],
    "tnr_0": [
        97.44209289550781,
        0.19034330546855927
    ],
    "tnr_1": [
        98.04613494873047,
        0.6588374972343445
    ],
    "nar_0": [
        0.48078030347824097,
        0.08601679652929306
    ],
    "nar_1": [
        0.29057449102401733,
        0.19807955622673035
    ]
}