{
    "cov": [
        76.68317413330078,
        9.306130409240723
    ],
    "acc": [
        96.40234375,
        1.5018978118896484
    ],
    "pos_0": [
        0.11563796550035477,
        0.1086849495768547
    ],
    "pos_1": [
        0.0138888880610466,
        0.069444440305233
    ],
    "neg_0": [
        77.29712677001953,
        9.369040489196777
    ],
    "neg_1": [
        66.7037582397461,
        8.986905097961426
    ],
    "abs_0": [
        22.587238311767578,
        9.378960609436035
    ],
    "abs_1": [
        33.2823486328125,
        9.00330924987793
    ],
    "tpr_0": [
        0.902312695980072,
        0.8864210247993469
    ],
    "tpr_1": [
        0.050314463675022125,
        0.25157231092453003
    ],
    "fnr_0": [
        22.463397979736328,
        13.10645866394043
    ],
    "fnr_1": [
        38.61425018310547,
        12.444846153259277
    ],
    "par_0": [
        76.63428497314453,
        13.199337005615234
    ],
    "par_1": [
        61.33543395996094,
        12.520271301269531
    ],
    "fpr_0": [
        0.02947913110256195,
        0.030164850875735283
    ],
    "fpr_1": [
        0.0,
        0.0
    ],
    "tnr_0": [
        83.39374542236328,
        9.182549476623535
    ],
    "tnr_1": [
        77.87030792236328,
        8.317378997802734
    ],
    "nar_0": [
        16.57677459716797,
        9.185784339904785
    ],
    "nar_1": [
        22.12968635559082,
        8.31737995147705
    ]
}