{
    "cov": [
        68.71910858154297,
        16.117341995239258
    ],
    "acc": [
        97.07538604736328,
        1.2841756343841553
    ],
    "pos_0": [
        0.07393661141395569,
        0.10467898845672607
    ],
    "pos_1": [
        0.0,
        0.0
    ],
    "neg_0": [
        69.231201171875,
        16.591066360473633
    ],
    "neg_1": [
        60.74534606933594,
        10.400483131408691
    ],
    "abs_0": [
        30.694862365722656,
        16.634977340698242
    ],
    "abs_1": [
        39.25465393066406,
        10.400484085083008
    ],
    "tpr_0": [
        0.5597617030143738,
        0.8409109115600586
    ],
    "tpr_1": [
        0.0,
        0.0
    ],
    "fnr_0": [
        16.30995750427246,
        11.671993255615234
    ],
    "fnr_1": [
        33.078792572021484,
        12.38949966430664
    ],
    "par_0": [
        83.13027954101562,
        12.088756561279297
    ],
    "par_1": [
        66.92119598388672,
        12.38949966430664
    ],
    "fpr_0": [
        0.019107259809970856,
        0.03169715404510498
    ],
    "fpr_1": [
        0.0,
        0.0
    ],
    "tnr_0": [
        75.11257934570312,
        17.334474563598633
    ],
    "tnr_1": [
        71.79447174072266,
        9.902911186218262
    ],
    "nar_0": [
        24.86831283569336,
        17.345834732055664
    ],
    "nar_1": [
        28.20552635192871,
        9.902911186218262
    ]
}