{
    "cov": [
        83.04103088378906,
        1.8581693172454834
    ],
    "acc": [
        95.87022399902344,
        0.701019287109375
    ],
    "pos_0": [
        0.06932642310857773,
        0.07576373219490051
    ],
    "pos_1": [
        0.0,
        0.0
    ],
    "neg_0": [
        83.12329864501953,
        1.9067176580429077
    ],
    "neg_1": [
        80.94937133789062,
        2.9616081714630127
    ],
    "abs_0": [
        16.807371139526367,
        1.8862708806991577
    ],
    "abs_1": [
        19.050626754760742,
        2.9616057872772217
    ],
    "tpr_0": [
        0.4698493778705597,
        0.6034136414527893
    ],
    "tpr_1": [
        0.0,
        0.0
    ],
    "fnr_0": [
        24.749847412109375,
        6.54167366027832
    ],
    "fnr_1": [
        57.29923629760742,
        4.487334728240967
    ],
    "par_0": [
        74.78030395507812,
        6.327847957611084
    ],
    "par_1": [
        42.70075988769531,
        4.487334728240967
    ],
    "fpr_0": [
        0.025496501475572586,
        0.02690732106566429
    ],
    "fpr_1": [
        0.0,
        0.0
    ],
    "tnr_0": [
        89.61429595947266,
        1.4733587503433228
    ],
    "tnr_1": [
        90.3980941772461,
        2.7007930278778076
    ],
    "nar_0": [
        10.360204696655273,
        1.468746542930603
    ],
    "nar_1": [
        9.601903915405273,
        2.7007925510406494
    ]
}