{
    "cov": [
        84.9560546875,
        2.5955915451049805
    ],
    "acc": [
        95.89822387695312,
        0.9087336659431458
    ],
    "pos_0": [
        0.3092314898967743,
        0.2241726666688919
    ],
    "pos_1": [
        2.6374218463897705,
        1.5714901685714722
    ],
    "neg_0": [
        86.84202575683594,
        2.3018300533294678
    ],
    "neg_1": [
        52.33924865722656,
        5.825699329376221
    ],
    "abs_0": [
        12.848737716674805,
        2.403132915496826
    ],
    "abs_1": [
        45.02333068847656,
        6.167485237121582
    ],
    "tpr_0": [
        2.4575798511505127,
        1.7898736000061035
    ],
    "tpr_1": [
        7.266645431518555,
        4.346268653869629
    ],
    "fnr_0": [
        32.92339324951172,
        7.786092281341553
    ],
    "fnr_1": [
        17.33749008178711,
        6.941850185394287
    ],
    "par_0": [
        64.6190185546875,
        8.596665382385254
    ],
    "par_1": [
        75.39586639404297,
        8.722942352294922
    ],
    "fpr_0": [
        0.07002617418766022,
        0.05580241605639458
    ],
    "fpr_1": [
        0.7967627644538879,
        0.6672611832618713
    ],
    "tnr_0": [
        92.83468627929688,
        1.7237129211425781
    ],
    "tnr_1": [
        66.2872543334961,
        5.665430545806885
    ],
    "nar_0": [
        7.095285415649414,
        1.749194622039795
    ],
    "nar_1": [
        32.915977478027344,
        5.720439910888672
    ]
}