{
    "cov": [
        81.0687026977539,
        5.122025489807129
    ],
    "acc": [
        97.02630615234375,
        0.8921793699264526
    ],
    "pos_0": [
        0.43531668186187744,
        0.20584401488304138
    ],
    "pos_1": [
        1.7356204986572266,
        0.8721138834953308
    ],
    "neg_0": [
        82.99142456054688,
        4.808233737945557
    ],
    "neg_1": [
        47.08503341674805,
        8.14769458770752
    ],
    "abs_0": [
        16.573251724243164,
        4.9221649169921875
    ],
    "abs_1": [
        51.179344177246094,
        8.414911270141602
    ],
    "tpr_0": [
        3.1769015789031982,
        1.5561763048171997
    ],
    "tpr_1": [
        4.918947219848633,
        2.4958205223083496
    ],
    "fnr_0": [
        22.53571319580078,
        7.4422149658203125
    ],
    "fnr_1": [
        10.877530097961426,
        5.667003154754639
    ],
    "par_0": [
        74.28738403320312,
        8.134395599365234
    ],
    "par_1": [
        84.20352172851562,
        6.726977825164795
    ],
    "fpr_0": [
        0.13021773099899292,
        0.07097717374563217
    ],
    "fpr_1": [
        0.45882448554039,
        0.3747884929180145
    ],
    "tnr_0": [
        89.70864868164062,
        4.64841365814209
    ],
    "tnr_1": [
        61.51955032348633,
        9.436002731323242
    ],
    "nar_0": [
        10.161136627197266,
        4.686516284942627
    ],
    "nar_1": [
        38.02162170410156,
        9.517509460449219
    ]
}