{
    "cov": [
        85.41976165771484,
        6.203926086425781
    ],
    "acc": [
        94.63762664794922,
        1.66573965549469
    ],
    "pos_0": [
        0.3528406322002411,
        0.27198904752731323
    ],
    "pos_1": [
        0.021467160433530807,
        0.07808128744363785
    ],
    "neg_0": [
        85.6807632446289,
        6.175958633422852
    ],
    "neg_1": [
        77.01126098632812,
        7.3916168212890625
    ],
    "abs_0": [
        13.966392517089844,
        6.214184761047363
    ],
    "abs_1": [
        22.967267990112305,
        7.377508640289307
    ],
    "tpr_0": [
        2.8673319816589355,
        2.2705979347229004
    ],
    "tpr_1": [
        0.0727328360080719,
        0.2616312801837921
    ],
    "fnr_0": [
        38.44957733154297,
        17.056262969970703
    ],
    "fnr_1": [
        53.714599609375,
        11.1301908493042
    ],
    "par_0": [
        58.68309020996094,
        17.25933265686035
    ],
    "par_1": [
        46.21266555786133,
        11.091141700744629
    ],
    "fpr_0": [
        0.0769159123301506,
        0.06973261386156082
    ],
    "fpr_1": [
        0.0,
        0.0
    ],
    "tnr_0": [
        90.95005798339844,
        5.050452709197998
    ],
    "tnr_1": [
        86.30831909179688,
        6.121607780456543
    ],
    "nar_0": [
        8.97301959991455,
        5.066967487335205
    ],
    "nar_1": [
        13.691672325134277,
        6.121608734130859
    ]
}