{
    "cov": [
        22.16870880126953,
        0.705833375453949
    ],
    "acc": [
        99.50965118408203,
        0.14028486609458923
    ],
    "pos_0": [
        0.24426384270191193,
        0.04935493692755699
    ],
    "pos_1": [
        0.2944715619087219,
        0.26029172539711
    ],
    "neg_0": [
        21.953414916992188,
        0.7904000878334045
    ],
    "neg_1": [
        21.449748992919922,
        3.412952184677124
    ],
    "abs_0": [
        77.80232238769531,
        0.791197657585144
    ],
    "abs_1": [
        78.25577545166016,
        3.4203062057495117
    ],
    "tpr_0": [
        1.6578500270843506,
        0.35910022258758545
    ],
    "tpr_1": [
        0.5244583487510681,
        0.6738013029098511
    ],
    "fnr_0": [
        0.24679553508758545,
        0.16939599812030792
    ],
    "fnr_1": [
        0.05114378780126572,
        0.1770615428686142
    ],
    "par_0": [
        98.0953598022461,
        0.3867492973804474
    ],
    "par_1": [
        99.42440795898438,
        0.6819652915000916
    ],
    "fpr_0": [
        0.0892062857747078,
        0.03660246357321739
    ],
    "fpr_1": [
        0.20320165157318115,
        0.21866030991077423
    ],
    "tnr_0": [
        24.336759567260742,
        0.8651229739189148
    ],
    "tnr_1": [
        29.908205032348633,
        4.655832290649414
    ],
    "nar_0": [
        75.57403564453125,
        0.8752146363258362
    ],
    "nar_1": [
        69.88859558105469,
        4.624460220336914
    ]
}