{
    "cov": [
        50.15657043457031,
        0.8661813139915466
    ],
    "acc": [
        98.9968490600586,
        0.09725440293550491
    ],
    "pos_0": [
        0.48852670192718506,
        0.07954864948987961
    ],
    "pos_1": [
        0.5044542551040649,
        0.32197022438049316
    ],
    "neg_0": [
        49.66123962402344,
        0.8891212940216064
    ],
    "neg_1": [
        49.7393798828125,
        2.9864161014556885
    ],
    "abs_0": [
        49.85023498535156,
        0.9038031101226807
    ],
    "abs_1": [
        49.756160736083984,
        3.0250015258789062
    ],
    "tpr_0": [
        3.327702522277832,
        0.5351601839065552
    ],
    "tpr_1": [
        1.1170426607131958,
        0.9269533753395081
    ],
    "fnr_0": [
        1.1750552654266357,
        0.33324894309043884
    ],
    "fnr_1": [
        11.842272758483887,
        2.2100396156311035
    ],
    "par_0": [
        95.49724578857422,
        0.5875915288925171
    ],
    "par_1": [
        87.04067993164062,
        2.325148344039917
    ],
    "fpr_0": [
        0.17719556391239166,
        0.05432060360908508
    ],
    "fpr_1": [
        0.263228178024292,
        0.2119368463754654
    ],
    "tnr_0": [
        54.985965728759766,
        0.964941143989563
    ],
    "tnr_1": [
        64.73568725585938,
        3.4036221504211426
    ],
    "nar_0": [
        44.83683776855469,
        0.9788217544555664
    ],
    "nar_1": [
        35.0010871887207,
        3.3990209102630615
    ]
}