{
    "cov": [
        26.364164352416992,
        14.38055419921875
    ],
    "acc": [
        90.71662139892578,
        27.32558250427246
    ],
    "pos_0": [
        0.0,
        0.0
    ],
    "pos_1": [
        0.0,
        0.0
    ],
    "neg_0": [
        26.543441772460938,
        14.764052391052246
    ],
    "neg_1": [
        24.012075424194336,
        10.24220085144043
    ],
    "abs_0": [
        73.45655059814453,
        14.764054298400879
    ],
    "abs_1": [
        75.98792266845703,
        10.242201805114746
    ],
    "tpr_0": [
        0.0,
        0.0
    ],
    "tpr_1": [
        0.0,
        0.0
    ],
    "fnr_0": [
        3.6422572135925293,
        5.071189880371094
    ],
    "fnr_1": [
        3.300417900085449,
        2.0599851608276367
    ],
    "par_0": [
        96.35774230957031,
        5.071190357208252
    ],
    "par_1": [
        96.69956970214844,
        2.059985399246216
    ],
    "fpr_0": [
        0.0,
        0.0
    ],
    "fpr_1": [
        0.0,
        0.0
    ],
    "tnr_0": [
        29.07871437072754,
        16.0837459564209
    ],
    "tnr_1": [
        32.25232696533203,
        13.5765380859375
    ],
    "nar_0": [
        70.92127990722656,
        16.0837459564209
    ],
    "nar_1": [
        67.74767303466797,
        13.576539993286133
    ]
}