{
    "cov": [
        68.87885284423828,
        4.454596042633057
    ],
    "acc": [
        95.96287536621094,
        1.3153767585754395
    ],
    "pos_0": [
        0.0,
        0.0
    ],
    "pos_1": [
        0.0,
        0.0
    ],
    "neg_0": [
        70.03314971923828,
        4.42840051651001
    ],
    "neg_1": [
        53.12958526611328,
        6.681545734405518
    ],
    "abs_0": [
        29.966842651367188,
        4.42840051651001
    ],
    "abs_1": [
        46.87041473388672,
        6.681546688079834
    ],
    "tpr_0": [
        0.0,
        0.0
    ],
    "tpr_1": [
        0.0,
        0.0
    ],
    "fnr_0": [
        25.080665588378906,
        8.819127082824707
    ],
    "fnr_1": [
        23.730459213256836,
        8.74849796295166
    ],
    "par_0": [
        74.9193344116211,
        8.819127082824707
    ],
    "par_1": [
        76.26953887939453,
        8.748497009277344
    ],
    "fpr_0": [
        0.0,
        0.0
    ],
    "fpr_1": [
        0.0,
        0.0
    ],
    "tnr_0": [
        75.03096771240234,
        4.661529541015625
    ],
    "tnr_1": [
        64.8770751953125,
        6.369800090789795
    ],
    "nar_0": [
        24.969024658203125,
        4.661528587341309
    ],
    "nar_1": [
        35.122920989990234,
        6.369800090789795
    ]
}