{
    "cov": [
        70.08448028564453,
        5.042747974395752
    ],
    "acc": [
        98.84957885742188,
        0.6125612258911133
    ],
    "pos_0": [
        0.008869726210832596,
        0.03908797726035118
    ],
    "pos_1": [
        0.09403444081544876,
        0.2580901086330414
    ],
    "neg_0": [
        72.72473907470703,
        5.12128210067749
    ],
    "neg_1": [
        33.771934509277344,
        4.186470985412598
    ],
    "abs_0": [
        27.266387939453125,
        5.118379592895508
    ],
    "abs_1": [
        66.13402557373047,
        4.235541820526123
    ],
    "tpr_0": [
        0.08808032423257828,
        0.3878519535064697
    ],
    "tpr_1": [
        0.2137371003627777,
        0.5686895847320557
    ],
    "fnr_0": [
        8.18019962310791,
        4.739136219024658
    ],
    "fnr_1": [
        3.2426087856292725,
        2.5794942378997803
    ],
    "par_0": [
        91.73171997070312,
        4.692939758300781
    ],
    "par_1": [
        96.54364776611328,
        2.6803932189941406
    ],
    "fpr_0": [
        0.0005760368658229709,
        0.002880184445530176
    ],
    "fpr_1": [
        0.050383299589157104,
        0.16465798020362854
    ],
    "tnr_0": [
        79.90090942382812,
        5.28097677230835
    ],
    "tnr_1": [
        45.952392578125,
        5.1220316886901855
    ],
    "nar_0": [
        20.0985164642334,
        5.280631065368652
    ],
    "nar_1": [
        53.99721908569336,
        5.152409076690674
    ]
}