{
    "cov": [
        99.80091857910156,
        0.5693746209144592
    ],
    "acc": [
        89.04267120361328,
        0.6165805459022522
    ],
    "pos_0": [
        0.36410781741142273,
        0.7550352215766907
    ],
    "pos_1": [
        0.7354594469070435,
        1.8101006746292114
    ],
    "neg_0": [
        99.43842315673828,
        0.855562150478363
    ],
    "neg_1": [
        99.03904724121094,
        1.9250882863998413
    ],
    "abs_0": [
        0.19746793806552887,
        0.5583027005195618
    ],
    "abs_1": [
        0.22547952830791473,
        0.8803299069404602
    ],
    "tpr_0": [
        2.694185972213745,
        5.570453643798828
    ],
    "tpr_1": [
        1.8818856477737427,
        4.411576747894287
    ],
    "fnr_0": [
        95.84224700927734,
        6.301022052764893
    ],
    "fnr_1": [
        97.4779052734375,
        4.80499267578125
    ],
    "par_0": [
        1.463568091392517,
        4.109471797943115
    ],
    "par_1": [
        0.6402064561843872,
        2.477081298828125
    ],
    "fpr_0": [
        0.10957078635692596,
        0.23806601762771606
    ],
    "fpr_1": [
        0.2669617831707001,
        0.7693873047828674
    ],
    "tnr_0": [
        99.83494567871094,
        0.2642532289028168
    ],
    "tnr_1": [
        99.6703109741211,
        0.7923146486282349
    ],
    "nar_0": [
        0.05548026040196419,
        0.16068235039710999
    ],
    "nar_1": [
        0.06273258477449417,
        0.2658858299255371
    ]
}