{
    "cov": [
        65.29351043701172,
        5.530989646911621
    ],
    "acc": [
        99.28582000732422,
        0.7156915068626404
    ],
    "pos_0": [
        0.020323634147644043,
        0.024398265406489372
    ],
    "pos_1": [
        0.05013398081064224,
        0.09631403535604477
    ],
    "neg_0": [
        67.71611022949219,
        5.847331523895264
    ],
    "neg_1": [
        31.834047317504883,
        3.4488840103149414
    ],
    "abs_0": [
        32.26356506347656,
        5.843549728393555
    ],
    "abs_1": [
        68.1158218383789,
        3.4290177822113037
    ],
    "tpr_0": [
        0.09477069973945618,
        0.1536163091659546
    ],
    "tpr_1": [
        0.12993988394737244,
        0.32869604229927063
    ],
    "fnr_0": [
        4.4300642013549805,
        4.046820163726807
    ],
    "fnr_1": [
        1.320495843887329,
        1.349379539489746
    ],
    "par_0": [
        95.47516632080078,
        4.007715702056885
    ],
    "par_1": [
        98.54956817626953,
        1.2973101139068604
    ],
    "fpr_0": [
        0.012167762033641338,
        0.014322287403047085
    ],
    "fpr_1": [
        0.020403137430548668,
        0.07075390964746475
    ],
    "tnr_0": [
        74.75675964355469,
        6.668113708496094
    ],
    "tnr_1": [
        43.95823287963867,
        4.3318586349487305
    ],
    "nar_0": [
        25.2310733795166,
        6.667756080627441
    ],
    "nar_1": [
        56.0213623046875,
        4.317693710327148
    ]
}