{
    "cov": [
        93.09686279296875,
        2.158832311630249
    ],
    "acc": [
        92.72154235839844,
        0.8721272349357605
    ],
    "pos_0": [
        0.6308384537696838,
        0.5972343683242798
    ],
    "pos_1": [
        0.2976478040218353,
        0.37363359332084656
    ],
    "neg_0": [
        92.5579833984375,
        1.8418657779693604
    ],
    "neg_1": [
        91.54357147216797,
        3.749755620956421
    ],
    "abs_0": [
        6.81117057800293,
        2.084578037261963
    ],
    "abs_1": [
        8.15877628326416,
        3.8241913318634033
    ],
    "tpr_0": [
        4.813960075378418,
        4.589508533477783
    ],
    "tpr_1": [
        0.9214620590209961,
        1.1339490413665771
    ],
    "fnr_0": [
        55.111141204833984,
        8.353228569030762
    ],
    "fnr_1": [
        78.0571060180664,
        8.281862258911133
    ],
    "par_0": [
        40.07490158081055,
        10.06221866607666
    ],
    "par_1": [
        21.02143096923828,
        8.46899127960205
    ],
    "fpr_0": [
        0.16282165050506592,
        0.14969268441200256
    ],
    "fpr_1": [
        0.039375822991132736,
        0.11728375405073166
    ],
    "tnr_0": [
        96.71944427490234,
        1.225762128829956
    ],
    "tnr_1": [
        96.96552276611328,
        2.0153775215148926
    ],
    "nar_0": [
        3.117732524871826,
        1.286009669303894
    ],
    "nar_1": [
        2.9951064586639404,
        2.0351390838623047
    ]
}