{
    "cov": [
        75.36343383789062,
        9.997292518615723
    ],
    "acc": [
        96.50945281982422,
        1.5986557006835938
    ],
    "pos_0": [
        0.13280898332595825,
        0.12346477061510086
    ],
    "pos_1": [
        0.0,
        0.0
    ],
    "neg_0": [
        75.91564178466797,
        9.996617317199707
    ],
    "neg_1": [
        66.02005767822266,
        10.148314476013184
    ],
    "abs_0": [
        23.951547622680664,
        10.0242338180542
    ],
    "abs_1": [
        33.97994613647461,
        10.148314476013184
    ],
    "tpr_0": [
        1.0318107604980469,
        0.9173088073730469
    ],
    "tpr_1": [
        0.0,
        0.0
    ],
    "fnr_0": [
        21.1286563873291,
        14.446196556091309
    ],
    "fnr_1": [
        39.2169189453125,
        12.232186317443848
    ],
    "par_0": [
        77.83953094482422,
        14.928850173950195
    ],
    "par_1": [
        60.7830810546875,
        12.232187271118164
    ],
    "fpr_0": [
        0.032434675842523575,
        0.037767503410577774
    ],
    "fpr_1": [
        0.0,
        0.0
    ],
    "tnr_0": [
        82.00272369384766,
        9.724122047424316
    ],
    "tnr_1": [
        76.69715881347656,
        9.640965461730957
    ],
    "nar_0": [
        17.964841842651367,
        9.726404190063477
    ],
    "nar_1": [
        23.30283546447754,
        9.640966415405273
    ]
}