{
    "cov": [
        36.063114166259766,
        0.8470872640609741
    ],
    "acc": [
        99.40845489501953,
        0.10672185570001602
    ],
    "pos_0": [
        0.328291654586792,
        0.05945778638124466
    ],
    "pos_1": [
        0.3361431956291199,
        0.24600347876548767
    ],
    "neg_0": [
        35.77695846557617,
        0.8268515467643738
    ],
    "neg_1": [
        35.14753723144531,
        2.5790929794311523
    ],
    "abs_0": [
        63.894744873046875,
        0.8434444069862366
    ],
    "abs_1": [
        64.51631927490234,
        2.5847933292388916
    ],
    "tpr_0": [
        2.1757476329803467,
        0.39543452858924866
    ],
    "tpr_1": [
        0.6246243119239807,
        0.697724461555481
    ],
    "fnr_0": [
        0.4994329512119293,
        0.22776128351688385
    ],
    "fnr_1": [
        2.588303565979004,
        1.1477569341659546
    ],
    "par_0": [
        97.32482147216797,
        0.3976331055164337
    ],
    "par_1": [
        96.78707122802734,
        1.283630609512329
    ],
    "fpr_0": [
        0.1256890892982483,
        0.04414248466491699
    ],
    "fpr_1": [
        0.22250674664974213,
        0.21001297235488892
    ],
    "tnr_0": [
        39.650726318359375,
        0.8970643281936646
    ],
    "tnr_1": [
        48.03242111206055,
        3.3236756324768066
    ],
    "nar_0": [
        60.22358322143555,
        0.9121493697166443
    ],
    "nar_1": [
        51.74506759643555,
        3.31488037109375
    ]
}