{
    "cov": [
        83.17066955566406,
        2.0233373641967773
    ],
    "acc": [
        95.60020446777344,
        0.853970468044281
    ],
    "pos_0": [
        0.04903080314397812,
        0.083925761282444
    ],
    "pos_1": [
        0.006633499171584845,
        0.03316749632358551
    ],
    "neg_0": [
        83.31315612792969,
        2.0937466621398926
    ],
    "neg_1": [
        80.5272445678711,
        3.3207287788391113
    ],
    "abs_0": [
        16.63780975341797,
        2.0756309032440186
    ],
    "abs_1": [
        19.46611976623535,
        3.3182766437530518
    ],
    "tpr_0": [
        0.3089580833911896,
        0.6506988406181335
    ],
    "tpr_1": [
        0.023952094838023186,
        0.11976048350334167
    ],
    "fnr_0": [
        27.47785186767578,
        8.555907249450684
    ],
    "fnr_1": [
        56.61886978149414,
        5.04988431930542
    ],
    "par_0": [
        72.21318817138672,
        8.346623420715332
    ],
    "par_1": [
        43.357177734375,
        5.043745994567871
    ],
    "fpr_0": [
        0.020296096801757812,
        0.02617075853049755
    ],
    "fpr_1": [
        0.0,
        0.0
    ],
    "tnr_0": [
        89.52619171142578,
        1.6287460327148438
    ],
    "tnr_1": [
        90.10234069824219,
        2.773794174194336
    ],
    "nar_0": [
        10.453508377075195,
        1.6220389604568481
    ],
    "nar_1": [
        9.89765453338623,
        2.773794412612915
    ]
}