{
    "cov": [
        67.38529205322266,
        6.535213947296143
    ],
    "acc": [
        95.59744262695312,
        0.9620856046676636
    ],
    "pos_0": [
        0.0,
        0.0
    ],
    "pos_1": [
        0.0,
        0.0
    ],
    "neg_0": [
        68.26799011230469,
        6.461320400238037
    ],
    "neg_1": [
        55.29383850097656,
        8.860544204711914
    ],
    "abs_0": [
        31.732006072998047,
        6.461320400238037
    ],
    "abs_1": [
        44.70616149902344,
        8.860543251037598
    ],
    "tpr_0": [
        0.0,
        0.0
    ],
    "tpr_1": [
        0.0,
        0.0
    ],
    "fnr_0": [
        26.842275619506836,
        7.446971416473389
    ],
    "fnr_1": [
        26.463623046875,
        11.404318809509277
    ],
    "par_0": [
        73.15772247314453,
        7.446972370147705
    ],
    "par_1": [
        73.536376953125,
        11.404318809509277
    ],
    "fpr_0": [
        0.0,
        0.0
    ],
    "fpr_1": [
        0.0,
        0.0
    ],
    "tnr_0": [
        72.87357330322266,
        6.452934741973877
    ],
    "tnr_1": [
        66.78206634521484,
        8.090030670166016
    ],
    "nar_0": [
        27.12642478942871,
        6.452934265136719
    ],
    "nar_1": [
        33.21792221069336,
        8.0900297164917
    ]
}