{
    "cov": [
        97.08958435058594,
        1.9369170665740967
    ],
    "acc": [
        90.32976531982422,
        0.9674379229545593
    ],
    "pos_0": [
        0.0,
        0.0
    ],
    "pos_1": [
        0.0,
        0.0
    ],
    "neg_0": [
        97.3490982055664,
        1.7420779466629028
    ],
    "neg_1": [
        93.55025482177734,
        4.809605598449707
    ],
    "abs_0": [
        2.6508941650390625,
        1.7420779466629028
    ],
    "abs_1": [
        6.449742794036865,
        4.809605121612549
    ],
    "tpr_0": [
        0.0,
        0.0
    ],
    "tpr_1": [
        0.0,
        0.0
    ],
    "fnr_0": [
        83.4789047241211,
        9.847768783569336
    ],
    "fnr_1": [
        83.8317642211914,
        11.561612129211426
    ],
    "par_0": [
        16.521093368530273,
        9.84776782989502
    ],
    "par_1": [
        16.168228149414062,
        11.561614036560059
    ],
    "fpr_0": [
        0.0,
        0.0
    ],
    "fpr_1": [
        0.0,
        0.0
    ],
    "tnr_0": [
        98.8946304321289,
        0.8713729977607727
    ],
    "tnr_1": [
        97.4541015625,
        2.194880485534668
    ],
    "nar_0": [
        1.1053744554519653,
        0.8713732957839966
    ],
    "nar_1": [
        2.5458974838256836,
        2.1948812007904053
    ]
}