{
    "cov": [
        78.12841033935547,
        0.6233844757080078
    ],
    "acc": [
        97.04851531982422,
        0.2500530481338501
    ],
    "pos_0": [
        1.176949381828308,
        0.14004500210285187
    ],
    "pos_1": [
        1.1464511156082153,
        0.4641863703727722
    ],
    "neg_0": [
        76.9499740600586,
        0.6400288343429565
    ],
    "neg_1": [
        76.99247741699219,
        2.1934092044830322
    ],
    "abs_0": [
        21.873075485229492,
        0.6551635265350342
    ],
    "abs_1": [
        21.86107635498047,
        2.082918167114258
    ],
    "tpr_0": [
        8.274991989135742,
        0.9490258097648621
    ],
    "tpr_1": [
        3.037327527999878,
        1.506462812423706
    ],
    "fnr_0": [
        11.379404067993164,
        1.566091775894165
    ],
    "fnr_1": [
        45.722408294677734,
        4.272576808929443
    ],
    "par_0": [
        80.3456039428711,
        1.7233879566192627
    ],
    "par_1": [
        51.240264892578125,
        4.007712364196777
    ],
    "fpr_0": [
        0.39784204959869385,
        0.10828585922718048
    ],
    "fpr_1": [
        0.40097537636756897,
        0.2746918797492981
    ],
    "tnr_0": [
        84.15189361572266,
        0.6037628054618835
    ],
    "tnr_1": [
        89.35820007324219,
        1.760789394378662
    ],
    "nar_0": [
        15.450255393981934,
        0.6003904342651367
    ],
    "nar_1": [
        10.240815162658691,
        1.7429687976837158
    ]
}