{
    "cov": [
        75.89268493652344,
        4.3667402267456055
    ],
    "acc": [
        96.83937072753906,
        0.7971117496490479
    ],
    "pos_0": [
        0.04686914384365082,
        0.07211799174547195
    ],
    "pos_1": [
        0.013750936836004257,
        0.04762529954314232
    ],
    "neg_0": [
        76.06745147705078,
        4.254855155944824
    ],
    "neg_1": [
        72.8726577758789,
        6.8609232902526855
    ],
    "abs_0": [
        23.885677337646484,
        4.268520355224609
    ],
    "abs_1": [
        27.11359405517578,
        6.863999366760254
    ],
    "tpr_0": [
        0.2527315020561218,
        0.48144108057022095
    ],
    "tpr_1": [
        0.023952094838023186,
        0.11976048350334167
    ],
    "fnr_0": [
        16.306217193603516,
        6.488747596740723
    ],
    "fnr_1": [
        45.14992904663086,
        8.603240013122559
    ],
    "par_0": [
        83.44105529785156,
        6.379563808441162
    ],
    "par_1": [
        54.82611083984375,
        8.601640701293945
    ],
    "fpr_0": [
        0.023769568651914597,
        0.03374307602643967
    ],
    "fpr_1": [
        0.010101009160280228,
        0.05050504952669144
    ],
    "tnr_0": [
        82.72119140625,
        4.533200740814209
    ],
    "tnr_1": [
        83.92858123779297,
        6.468466758728027
    ],
    "nar_0": [
        17.255033493041992,
        4.541424751281738
    ],
    "nar_1": [
        16.061315536499023,
        6.476315975189209
    ]
}