{
    "cov": [
        50.68948745727539,
        23.610315322875977
    ],
    "acc": [
        98.09165954589844,
        0.8847730159759521
    ],
    "pos_0": [
        0.0624588206410408,
        0.08981522172689438
    ],
    "pos_1": [
        0.0,
        0.0
    ],
    "neg_0": [
        50.691165924072266,
        24.26727867126465
    ],
    "neg_1": [
        49.81226348876953,
        15.65241813659668
    ],
    "abs_0": [
        49.246376037597656,
        24.286457061767578
    ],
    "abs_1": [
        50.1877326965332,
        15.65241813659668
    ],
    "tpr_0": [
        0.48728200793266296,
        0.7310268878936768
    ],
    "tpr_1": [
        0.0,
        0.0
    ],
    "fnr_0": [
        6.502748966217041,
        6.149127006530762
    ],
    "fnr_1": [
        22.727535247802734,
        14.166361808776855
    ],
    "par_0": [
        93.00995635986328,
        6.219007968902588
    ],
    "par_1": [
        77.27246856689453,
        14.166361808776855
    ],
    "fpr_0": [
        0.015053480863571167,
        0.023122837767004967
    ],
    "fpr_1": [
        0.0,
        0.0
    ],
    "tnr_0": [
        55.603206634521484,
        26.417800903320312
    ],
    "tnr_1": [
        60.6681022644043,
        16.80841064453125
    ],
    "nar_0": [
        44.381736755371094,
        26.42439079284668
    ],
    "nar_1": [
        39.33189010620117,
        16.808412551879883
    ]
}