{
    "cov": [
        77.09140014648438,
        0.6621930003166199
    ],
    "acc": [
        97.20478820800781,
        0.2535657584667206
    ],
    "pos_0": [
        1.111710786819458,
        0.13288472592830658
    ],
    "pos_1": [
        1.0851962566375732,
        0.4295071065425873
    ],
    "neg_0": [
        75.97228240966797,
        0.6768761873245239
    ],
    "neg_1": [
        76.10763549804688,
        2.2301619052886963
    ],
    "abs_0": [
        22.91600799560547,
        0.6829497814178467
    ],
    "abs_1": [
        22.80716323852539,
        2.0896522998809814
    ],
    "tpr_0": [
        7.820904731750488,
        0.9446901082992554
    ],
    "tpr_1": [
        2.920565128326416,
        1.4410247802734375
    ],
    "fnr_0": [
        10.288629531860352,
        1.5247386693954468
    ],
    "fnr_1": [
        44.24586486816406,
        4.14849853515625
    ],
    "par_0": [
        81.89047241210938,
        1.5779430866241455
    ],
    "par_1": [
        52.83357238769531,
        3.7611429691314697
    ],
    "fpr_0": [
        0.37526023387908936,
        0.10566117614507675
    ],
    "fpr_1": [
        0.36225444078445435,
        0.25982728600502014
    ],
    "tnr_0": [
        83.18661499023438,
        0.628218412399292
    ],
    "tnr_1": [
        88.70423126220703,
        1.8232523202896118
    ],
    "nar_0": [
        16.438133239746094,
        0.6280871629714966
    ],
    "nar_1": [
        10.933515548706055,
        1.7830555438995361
    ]
}