{
    "cov": [
        43.070762634277344,
        0.8802046179771423
    ],
    "acc": [
        99.2161636352539,
        0.08125604689121246
    ],
    "pos_0": [
        0.3977031409740448,
        0.06518875807523727
    ],
    "pos_1": [
        0.4205388128757477,
        0.3091486096382141
    ],
    "neg_0": [
        42.685123443603516,
        0.8870053291320801
    ],
    "neg_1": [
        42.473846435546875,
        3.097809314727783
    ],
    "abs_0": [
        56.917171478271484,
        0.9073538780212402
    ],
    "abs_1": [
        57.10560989379883,
        3.1207423210144043
    ],
    "tpr_0": [
        2.6950461864471436,
        0.48897117376327515
    ],
    "tpr_1": [
        0.8450914025306702,
        0.8380129933357239
    ],
    "fnr_0": [
        0.8154109120368958,
        0.2818740904331207
    ],
    "fnr_1": [
        6.501572132110596,
        1.7805362939834595
    ],
    "par_0": [
        96.48954010009766,
        0.4503328800201416
    ],
    "par_1": [
        92.6533432006836,
        1.797729730606079
    ],
    "fpr_0": [
        0.14596132934093475,
        0.04294537380337715
    ],
    "fpr_1": [
        0.2528385818004608,
        0.2051078826189041
    ],
    "tnr_0": [
        47.28280258178711,
        0.9548319578170776
    ],
    "tnr_1": [
        56.708587646484375,
        3.699916362762451
    ],
    "nar_0": [
        52.57123947143555,
        0.9719275832176208
    ],
    "nar_1": [
        43.03857421875,
        3.714430809020996
    ]
}