{
    "cov": [
        73.73536682128906,
        3.4535107612609863
    ],
    "acc": [
        97.33658599853516,
        0.685461699962616
    ],
    "pos_0": [
        0.03387749567627907,
        0.05277598649263382
    ],
    "pos_1": [
        0.006633499171584845,
        0.03316749632358551
    ],
    "neg_0": [
        73.98198699951172,
        3.4120399951934814
    ],
    "neg_1": [
        69.92295837402344,
        5.939180850982666
    ],
    "abs_0": [
        25.984134674072266,
        3.4066717624664307
    ],
    "abs_1": [
        30.070404052734375,
        5.936254501342773
    ],
    "tpr_0": [
        0.1717475801706314,
        0.33987414836883545
    ],
    "tpr_1": [
        0.023952094838023186,
        0.11976048350334167
    ],
    "fnr_0": [
        12.578947067260742,
        4.981027126312256
    ],
    "fnr_1": [
        40.44886016845703,
        8.280168533325195
    ],
    "par_0": [
        87.24930572509766,
        4.844860553741455
    ],
    "par_1": [
        59.52718734741211,
        8.261979103088379
    ],
    "fpr_0": [
        0.018544379621744156,
        0.024249527603387833
    ],
    "fpr_1": [
        0.0,
        0.0
    ],
    "tnr_0": [
        80.81571197509766,
        3.716088056564331
    ],
    "tnr_1": [
        81.66979217529297,
        5.406915664672852
    ],
    "nar_0": [
        19.165742874145508,
        3.7158939838409424
    ],
    "nar_1": [
        18.330204010009766,
        5.406915187835693
    ]
}