{
    "cov": [
        62.79241943359375,
        20.445453643798828
    ],
    "acc": [
        97.50108337402344,
        1.338692307472229
    ],
    "pos_0": [
        0.055247340351343155,
        0.08423879742622375
    ],
    "pos_1": [
        0.007079645991325378,
        0.03539822995662689
    ],
    "neg_0": [
        63.138484954833984,
        21.071504592895508
    ],
    "neg_1": [
        57.289207458496094,
        12.816178321838379
    ],
    "abs_0": [
        36.806270599365234,
        21.07128143310547
    ],
    "abs_1": [
        42.70370864868164,
        12.826438903808594
    ],
    "tpr_0": [
        0.41142943501472473,
        0.5920956134796143
    ],
    "tpr_1": [
        0.027397260069847107,
        0.13698630034923553
    ],
    "fnr_0": [
        13.056981086730957,
        11.505122184753418
    ],
    "fnr_1": [
        28.098764419555664,
        13.646427154541016
    ],
    "par_0": [
        86.5315933227539,
        11.49876880645752
    ],
    "par_1": [
        71.87384033203125,
        13.685700416564941
    ],
    "fpr_0": [
        0.015090717934072018,
        0.02955528534948826
    ],
    "fpr_1": [
        0.0,
        0.0
    ],
    "tnr_0": [
        68.7081298828125,
        22.431161880493164
    ],
    "tnr_1": [
        68.96646881103516,
        12.809893608093262
    ],
    "nar_0": [
        31.276777267456055,
        22.435983657836914
    ],
    "nar_1": [
        31.03352928161621,
        12.809892654418945
    ]
}