{
    "cov": [
        59.88201141357422,
        6.7946457862854
    ],
    "acc": [
        99.54283142089844,
        0.6148055791854858
    ],
    "pos_0": [
        0.01094717439264059,
        0.015370287001132965
    ],
    "pos_1": [
        0.0,
        0.0
    ],
    "neg_0": [
        62.28243637084961,
        6.761094093322754
    ],
    "neg_1": [
        26.87680435180664,
        7.712286472320557
    ],
    "abs_0": [
        37.70661926269531,
        6.760676860809326
    ],
    "abs_1": [
        73.1231918334961,
        7.712286472320557
    ],
    "tpr_0": [
        0.04699045047163963,
        0.07456173002719879
    ],
    "tpr_1": [
        0.0,
        0.0
    ],
    "fnr_0": [
        2.467179775238037,
        2.612828254699707
    ],
    "fnr_1": [
        0.33903875946998596,
        0.5061689615249634
    ],
    "par_0": [
        97.48582458496094,
        2.591960906982422
    ],
    "par_1": [
        99.66095733642578,
        0.506169319152832
    ],
    "fpr_0": [
        0.006946949288249016,
        0.01114328671246767
    ],
    "fpr_1": [
        0.0,
        0.0
    ],
    "tnr_0": [
        68.94099426269531,
        7.762212753295898
    ],
    "tnr_1": [
        37.42243194580078,
        10.494534492492676
    ],
    "nar_0": [
        31.052059173583984,
        7.762399196624756
    ],
    "nar_1": [
        62.57756805419922,
        10.494534492492676
    ]
}