{
    "cov": [
        24.165067672729492,
        0.7754208445549011
    ],
    "acc": [
        99.51422119140625,
        0.13046494126319885
    ],
    "pos_0": [
        0.2536607086658478,
        0.05209724232554436
    ],
    "pos_1": [
        0.31506213545799255,
        0.2561751902103424
    ],
    "neg_0": [
        23.936561584472656,
        0.8327874541282654
    ],
    "neg_1": [
        23.489538192749023,
        3.146182060241699
    ],
    "abs_0": [
        75.80976867675781,
        0.8347133994102478
    ],
    "abs_1": [
        76.19540405273438,
        3.152109384536743
    ],
    "tpr_0": [
        1.7163679599761963,
        0.37449297308921814
    ],
    "tpr_1": [
        0.5988178849220276,
        0.7087768316268921
    ],
    "fnr_0": [
        0.2838135063648224,
        0.17501701414585114
    ],
    "fnr_1": [
        0.1546403020620346,
        0.2812163531780243
    ],
    "par_0": [
        97.99982452392578,
        0.38816747069358826
    ],
    "par_1": [
        99.24655151367188,
        0.6512497067451477
    ],
    "fpr_0": [
        0.09325908869504929,
        0.038320764899253845
    ],
    "fpr_1": [
        0.20320165157318115,
        0.21866030991077423
    ],
    "tnr_0": [
        26.533649444580078,
        0.9117501974105835
    ],
    "tnr_1": [
        32.717952728271484,
        4.266042232513428
    ],
    "nar_0": [
        73.37309265136719,
        0.9240956902503967
    ],
    "nar_1": [
        67.07884979248047,
        4.228367328643799
    ]
}