{
    "cov": [
        72.25394439697266,
        4.82377815246582
    ],
    "acc": [
        98.5946044921875,
        0.5837048292160034
    ],
    "pos_0": [
        0.026595549657940865,
        0.048850517719984055
    ],
    "pos_1": [
        0.13919314742088318,
        0.344228059053421
    ],
    "neg_0": [
        74.91310119628906,
        4.801507949829102
    ],
    "neg_1": [
        35.38667678833008,
        5.444303512573242
    ],
    "abs_0": [
        25.0602970123291,
        4.810476303100586
    ],
    "abs_1": [
        64.47412872314453,
        5.518939018249512
    ],
    "tpr_0": [
        0.21493609249591827,
        0.3810023069381714
    ],
    "tpr_1": [
        0.4537649154663086,
        1.1950684785842896
    ],
    "fnr_0": [
        10.222946166992188,
        4.638410568237305
    ],
    "fnr_1": [
        4.277323246002197,
        3.2492544651031494
    ],
    "par_0": [
        89.56211853027344,
        4.711572647094727
    ],
    "par_1": [
        95.26890563964844,
        3.614800453186035
    ],
    "fpr_0": [
        0.005794312339276075,
        0.013220376335084438
    ],
    "fpr_1": [
        0.019809747114777565,
        0.06857798993587494
    ],
    "tnr_0": [
        82.10746002197266,
        4.84972620010376
    ],
    "tnr_1": [
        47.76622772216797,
        6.42597770690918
    ],
    "nar_0": [
        17.886747360229492,
        4.852478981018066
    ],
    "nar_1": [
        52.21396255493164,
        6.435580730438232
    ]
}