{
    "cov": [
        89.28526306152344,
        3.90637469291687
    ],
    "acc": [
        92.83563995361328,
        0.8927496075630188
    ],
    "pos_0": [
        0.0,
        0.0
    ],
    "pos_1": [
        0.0,
        0.0
    ],
    "neg_0": [
        90.0196304321289,
        3.88004994392395
    ],
    "neg_1": [
        79.24807739257812,
        5.188384532928467
    ],
    "abs_0": [
        9.980368614196777,
        3.8800508975982666
    ],
    "abs_1": [
        20.751922607421875,
        5.188383102416992
    ],
    "tpr_0": [
        0.0,
        0.0
    ],
    "tpr_1": [
        0.0,
        0.0
    ],
    "fnr_0": [
        56.92518615722656,
        9.756617546081543
    ],
    "fnr_1": [
        57.82107925415039,
        8.054239273071289
    ],
    "par_0": [
        43.07481384277344,
        9.756616592407227
    ],
    "par_1": [
        42.17892074584961,
        8.054239273071289
    ],
    "fpr_0": [
        0.0,
        0.0
    ],
    "fpr_1": [
        0.0,
        0.0
    ],
    "tnr_0": [
        93.69978332519531,
        3.273420810699463
    ],
    "tnr_1": [
        87.82778930664062,
        4.337148666381836
    ],
    "nar_0": [
        6.300210475921631,
        3.273421287536621
    ],
    "nar_1": [
        12.17221450805664,
        4.337149620056152
    ]
}