{
    "cov": [
        75.6295166015625,
        6.700120449066162
    ],
    "acc": [
        97.60600280761719,
        0.9601682424545288
    ],
    "pos_0": [
        0.25114256143569946,
        0.18720228970050812
    ],
    "pos_1": [
        1.13323974609375,
        0.817512571811676
    ],
    "neg_0": [
        77.98114776611328,
        6.525216579437256
    ],
    "neg_1": [
        38.87525939941406,
        7.19809103012085
    ],
    "abs_0": [
        21.767696380615234,
        6.664097309112549
    ],
    "abs_1": [
        59.99150085449219,
        7.642005920410156
    ],
    "tpr_0": [
        1.8382292985916138,
        1.4072024822235107
    ],
    "tpr_1": [
        3.1919162273406982,
        2.2285618782043457
    ],
    "fnr_0": [
        17.60472869873047,
        7.481642723083496
    ],
    "fnr_1": [
        5.280993461608887,
        3.433305025100708
    ],
    "par_0": [
        80.55704498291016,
        7.713368892669678
    ],
    "par_1": [
        91.52708435058594,
        4.341662406921387
    ],
    "fpr_0": [
        0.0752708837389946,
        0.06002945452928543
    ],
    "fpr_1": [
        0.3091663718223572,
        0.3885965347290039
    ],
    "tnr_0": [
        84.6903305053711,
        6.974415302276611
    ],
    "tnr_1": [
        52.2545051574707,
        8.83637523651123
    ],
    "nar_0": [
        15.234394073486328,
        7.017894268035889
    ],
    "nar_1": [
        47.43632888793945,
        9.082239151000977
    ]
}