{
    "cov": [
        96.69337463378906,
        3.082817316055298
    ],
    "acc": [
        90.37576293945312,
        1.372509479522705
    ],
    "pos_0": [
        0.0,
        0.0
    ],
    "pos_1": [
        0.0,
        0.0
    ],
    "neg_0": [
        96.94425201416016,
        2.844740390777588
    ],
    "neg_1": [
        93.23046875,
        6.522065162658691
    ],
    "abs_0": [
        3.055745840072632,
        2.8447415828704834
    ],
    "abs_1": [
        6.769529819488525,
        6.522065162658691
    ],
    "tpr_0": [
        0.0,
        0.0
    ],
    "tpr_1": [
        0.0,
        0.0
    ],
    "fnr_0": [
        82.55602264404297,
        13.756311416625977
    ],
    "fnr_1": [
        84.55382537841797,
        12.67705249786377
    ],
    "par_0": [
        17.443971633911133,
        13.756312370300293
    ],
    "par_1": [
        15.44617748260498,
        12.67705249786377
    ],
    "fpr_0": [
        0.0,
        0.0
    ],
    "fpr_1": [
        0.0,
        0.0
    ],
    "tnr_0": [
        98.53768157958984,
        1.6889028549194336
    ],
    "tnr_1": [
        96.7205810546875,
        4.441039562225342
    ],
    "nar_0": [
        1.4623112678527832,
        1.6889032125473022
    ],
    "nar_1": [
        3.2794127464294434,
        4.441039085388184
    ]
}