{
    "cov": [
        86.49282836914062,
        4.6022772789001465
    ],
    "acc": [
        95.62036895751953,
        0.719944417476654
    ],
    "pos_0": [
        0.9542632102966309,
        0.34488561749458313
    ],
    "pos_1": [
        3.95318603515625,
        1.638645052909851
    ],
    "neg_0": [
        87.3167724609375,
        4.09614896774292
    ],
    "neg_1": [
        58.215087890625,
        7.9739789962768555
    ],
    "abs_0": [
        11.728949546813965,
        4.3285932540893555
    ],
    "abs_1": [
        37.831729888916016,
        8.556912422180176
    ],
    "tpr_0": [
        7.019661903381348,
        2.4894607067108154
    ],
    "tpr_1": [
        10.973432540893555,
        4.632704257965088
    ],
    "fnr_0": [
        33.172752380371094,
        5.891251564025879
    ],
    "fnr_1": [
        21.9012451171875,
        7.1639933586120605
    ],
    "par_0": [
        59.807586669921875,
        7.541999816894531
    ],
    "par_1": [
        67.12531280517578,
        8.683552742004395
    ],
    "fpr_0": [
        0.2784639894962311,
        0.11552458256483078
    ],
    "fpr_1": [
        1.1329727172851562,
        0.6080838441848755
    ],
    "tnr_0": [
        93.33361053466797,
        4.032211780548096
    ],
    "tnr_1": [
        72.7095947265625,
        9.0635986328125
    ],
    "nar_0": [
        6.387927532196045,
        4.100772857666016
    ],
    "nar_1": [
        26.157426834106445,
        9.247900009155273
    ]
}