{
    "cov": [
        89.91065979003906,
        6.0525994300842285
    ],
    "acc": [
        92.56678771972656,
        1.0177541971206665
    ],
    "pos_0": [
        0.0,
        0.0
    ],
    "pos_1": [
        0.0,
        0.0
    ],
    "neg_0": [
        90.49684143066406,
        6.0648112297058105
    ],
    "neg_1": [
        81.84477996826172,
        7.058116436004639
    ],
    "abs_0": [
        9.503151893615723,
        6.0648112297058105
    ],
    "abs_1": [
        18.155221939086914,
        7.058116912841797
    ],
    "tpr_0": [
        0.0,
        0.0
    ],
    "tpr_1": [
        0.0,
        0.0
    ],
    "fnr_0": [
        59.15800094604492,
        11.046316146850586
    ],
    "fnr_1": [
        62.24411392211914,
        10.775628089904785
    ],
    "par_0": [
        40.84199523925781,
        11.046317100524902
    ],
    "par_1": [
        37.755882263183594,
        10.775628089904785
    ],
    "fpr_0": [
        0.0,
        0.0
    ],
    "fpr_1": [
        0.0,
        0.0
    ],
    "tnr_0": [
        93.97946166992188,
        5.687869071960449
    ],
    "tnr_1": [
        89.65544891357422,
        5.892393112182617
    ],
    "nar_0": [
        6.020534992218018,
        5.687869071960449
    ],
    "nar_1": [
        10.3445405960083,
        5.892392158508301
    ]
}