{
    "cov": [
        92.85942840576172,
        0.7768967747688293
    ],
    "acc": [
        93.64579772949219,
        0.3771977722644806
    ],
    "pos_0": [
        2.153496026992798,
        0.4328628480434418
    ],
    "pos_1": [
        8.227654457092285,
        1.4240310192108154
    ],
    "neg_0": [
        91.57499694824219,
        0.7576239109039307
    ],
    "neg_1": [
        72.7387466430664,
        2.636119842529297
    ],
    "abs_0": [
        6.271500110626221,
        0.7059773802757263
    ],
    "abs_1": [
        19.03359603881836,
        2.5154306888580322
    ],
    "tpr_0": [
        15.655363082885742,
        2.9369542598724365
    ],
    "tpr_1": [
        21.99370574951172,
        3.9819774627685547
    ],
    "fnr_0": [
        47.51287841796875,
        3.3593626022338867
    ],
    "fnr_1": [
        40.96474838256836,
        4.19019889831543
    ],
    "par_0": [
        36.83176040649414,
        3.735214948654175
    ],
    "par_1": [
        37.041542053222656,
        4.569139003753662
    ],
    "fpr_0": [
        0.6498429775238037,
        0.16296669840812683
    ],
    "fpr_1": [
        2.723074197769165,
        0.8805451989173889
    ],
    "tnr_0": [
        96.47464752197266,
        0.4522024095058441
    ],
    "tnr_1": [
        85.42687225341797,
        2.77274751663208
    ],
    "nar_0": [
        2.8755106925964355,
        0.4173881709575653
    ],
    "nar_1": [
        11.850043296813965,
        2.5381665229797363
    ]
}