{
    "cov": [
        93.42121887207031,
        2.7008092403411865
    ],
    "acc": [
        92.47021484375,
        1.1888960599899292
    ],
    "pos_0": [
        0.8962814211845398,
        0.4204524755477905
    ],
    "pos_1": [
        0.0725574642419815,
        0.23155346512794495
    ],
    "neg_0": [
        92.95504760742188,
        2.4546854496002197
    ],
    "neg_1": [
        87.46219635009766,
        5.804391860961914
    ],
    "abs_0": [
        6.148664951324463,
        2.5304853916168213
    ],
    "abs_1": [
        12.465250015258789,
        5.794360160827637
    ],
    "tpr_0": [
        6.905533313751221,
        3.2349061965942383
    ],
    "tpr_1": [
        0.1791318655014038,
        0.47837892174720764
    ],
    "fnr_0": [
        58.84142303466797,
        11.401985168457031
    ],
    "fnr_1": [
        71.10530853271484,
        10.974823951721191
    ],
    "par_0": [
        34.25304412841797,
        12.01711654663086
    ],
    "par_1": [
        28.715560913085938,
        11.032973289489746
    ],
    "fpr_0": [
        0.22703804075717926,
        0.11411259323358536
    ],
    "fpr_1": [
        0.03084832802414894,
        0.1542416512966156
    ],
    "tnr_0": [
        96.7471923828125,
        1.495530366897583
    ],
    "tnr_1": [
        93.9359130859375,
        4.286337852478027
    ],
    "nar_0": [
        3.0257647037506104,
        1.5105196237564087
    ],
    "nar_1": [
        6.033236026763916,
        4.261267185211182
    ]
}