{
    "cov": [
        47.2192268371582,
        11.27331256866455
    ],
    "acc": [
        98.88330078125,
        0.6080634593963623
    ],
    "pos_0": [
        0.03125952184200287,
        0.03924846276640892
    ],
    "pos_1": [
        0.0,
        0.0
    ],
    "neg_0": [
        47.31874084472656,
        11.575204849243164
    ],
    "neg_1": [
        45.44337844848633,
        7.648139476776123
    ],
    "abs_0": [
        52.64999771118164,
        11.596735000610352
    ],
    "abs_1": [
        54.55662155151367,
        7.648139476776123
    ],
    "tpr_0": [
        0.15570315718650818,
        0.23443901538848877
    ],
    "tpr_1": [
        0.0,
        0.0
    ],
    "fnr_0": [
        2.810023546218872,
        2.9531853199005127
    ],
    "fnr_1": [
        13.468637466430664,
        7.200927257537842
    ],
    "par_0": [
        97.0342788696289,
        2.9277799129486084
    ],
    "par_1": [
        86.53136444091797,
        7.200927734375
    ],
    "fpr_0": [
        0.017382510006427765,
        0.02175791561603546
    ],
    "fpr_1": [
        0.0,
        0.0
    ],
    "tnr_0": [
        52.26107406616211,
        12.778491973876953
    ],
    "tnr_1": [
        58.24205780029297,
        8.521493911743164
    ],
    "nar_0": [
        47.72154235839844,
        12.788596153259277
    ],
    "nar_1": [
        41.757938385009766,
        8.52149486541748
    ]
}