{
    "cov": [
        53.16484069824219,
        19.264440536499023
    ],
    "acc": [
        97.98810577392578,
        0.9388693571090698
    ],
    "pos_0": [
        0.03386767953634262,
        0.053450848907232285
    ],
    "pos_1": [
        0.0069444440305233,
        0.0347222201526165
    ],
    "neg_0": [
        53.282875061035156,
        19.863168716430664
    ],
    "neg_1": [
        51.18002700805664,
        12.0286865234375
    ],
    "abs_0": [
        46.68326187133789,
        19.875186920166016
    ],
    "abs_1": [
        48.813026428222656,
        12.038985252380371
    ],
    "tpr_0": [
        0.2840157151222229,
        0.46956703066825867
    ],
    "tpr_1": [
        0.0,
        0.0
    ],
    "fnr_0": [
        7.56501579284668,
        7.452658176422119
    ],
    "fnr_1": [
        24.506282806396484,
        12.225590705871582
    ],
    "par_0": [
        92.1509780883789,
        7.568722248077393
    ],
    "par_1": [
        75.49370574951172,
        12.225590705871582
    ],
    "fpr_0": [
        0.006367603782564402,
        0.01258635800331831
    ],
    "fpr_1": [
        0.009592326357960701,
        0.047961629927158356
    ],
    "tnr_0": [
        58.35586166381836,
        21.416709899902344
    ],
    "tnr_1": [
        61.79524230957031,
        12.331624984741211
    ],
    "nar_0": [
        41.63776779174805,
        21.420984268188477
    ],
    "nar_1": [
        38.19516372680664,
        12.343626976013184
    ]
}