{
    "cov": [
        72.7822265625,
        7.874846458435059
    ],
    "acc": [
        98.140380859375,
        0.8155733942985535
    ],
    "pos_0": [
        0.14965519309043884,
        0.11155732721090317
    ],
    "pos_1": [
        0.6249547600746155,
        0.4528076648712158
    ],
    "neg_0": [
        75.2344970703125,
        7.84068489074707
    ],
    "neg_1": [
        36.56956100463867,
        8.611148834228516
    ],
    "abs_0": [
        24.6158447265625,
        7.885478496551514
    ],
    "abs_1": [
        62.80548095703125,
        8.784669876098633
    ],
    "tpr_0": [
        1.0695630311965942,
        0.8653444051742554
    ],
    "tpr_1": [
        1.8890726566314697,
        1.326615333557129
    ],
    "fnr_0": [
        13.255976676940918,
        6.185819625854492
    ],
    "fnr_1": [
        4.242088317871094,
        2.6550416946411133
    ],
    "par_0": [
        85.6744613647461,
        5.952428817749023
    ],
    "par_1": [
        93.86883544921875,
        3.022932291030884
    ],
    "fpr_0": [
        0.046948280185461044,
        0.03639892861247063
    ],
    "fpr_1": [
        0.11905241012573242,
        0.2205582857131958
    ],
    "tnr_0": [
        82.12531280517578,
        8.437143325805664
    ],
    "tnr_1": [
        49.47296905517578,
        11.388481140136719
    ],
    "nar_0": [
        17.827739715576172,
        8.45677661895752
    ],
    "nar_1": [
        50.40797805786133,
        11.383160591125488
    ]
}