{
    "cov": [
        78.86477661132812,
        3.8006813526153564
    ],
    "acc": [
        97.49224090576172,
        0.8664224147796631
    ],
    "pos_0": [
        0.10217294096946716,
        0.1557340919971466
    ],
    "pos_1": [
        0.699380099773407,
        0.6049236059188843
    ],
    "neg_0": [
        81.32418060302734,
        3.784358263015747
    ],
    "neg_1": [
        43.126190185546875,
        4.358726978302002
    ],
    "abs_0": [
        18.57364273071289,
        3.8052916526794434
    ],
    "abs_1": [
        56.1744270324707,
        4.326272964477539
    ],
    "tpr_0": [
        0.8463990688323975,
        1.3472390174865723
    ],
    "tpr_1": [
        1.913927674293518,
        1.7134536504745483
    ],
    "fnr_0": [
        19.327383041381836,
        7.445650577545166
    ],
    "fnr_1": [
        8.956138610839844,
        3.842024326324463
    ],
    "par_0": [
        79.82621765136719,
        7.5382843017578125
    ],
    "par_1": [
        89.12992858886719,
        3.8732094764709473
    ],
    "fpr_0": [
        0.02082584798336029,
        0.031532857567071915
    ],
    "fpr_1": [
        0.21358764171600342,
        0.29197943210601807
    ],
    "tnr_0": [
        88.21533203125,
        3.4458518028259277
    ],
    "tnr_1": [
        56.76231384277344,
        5.1415228843688965
    ],
    "nar_0": [
        11.763837814331055,
        3.454387903213501
    ],
    "nar_1": [
        43.02409744262695,
        5.1408514976501465
    ]
}