{
    "cov": [
        99.73294830322266,
        0.7359800338745117
    ],
    "acc": [
        89.22542572021484,
        0.6854331493377686
    ],
    "pos_0": [
        0.6654201149940491,
        0.8293821811676025
    ],
    "pos_1": [
        0.8410988450050354,
        1.539284110069275
    ],
    "neg_0": [
        99.08740997314453,
        0.9007283449172974
    ],
    "neg_1": [
        98.61083984375,
        2.0489444732666016
    ],
    "abs_0": [
        0.24716556072235107,
        0.6784486770629883
    ],
    "abs_1": [
        0.5480617880821228,
        1.6700724363327026
    ],
    "tpr_0": [
        4.904139518737793,
        6.071324825286865
    ],
    "tpr_1": [
        2.393813371658325,
        4.43583345413208
    ],
    "fnr_0": [
        93.28245544433594,
        6.591641426086426
    ],
    "fnr_1": [
        96.23561096191406,
        5.4691948890686035
    ],
    "par_0": [
        1.8133996725082397,
        4.996067047119141
    ],
    "par_1": [
        1.3705686330795288,
        4.131664276123047
    ],
    "fpr_0": [
        0.19562146067619324,
        0.24768120050430298
    ],
    "fpr_1": [
        0.24701973795890808,
        0.5037338137626648
    ],
    "tnr_0": [
        99.72821044921875,
        0.2735048234462738
    ],
    "tnr_1": [
        99.5302505493164,
        0.8401435613632202
    ],
    "nar_0": [
        0.0761617049574852,
        0.2077256441116333
    ],
    "nar_1": [
        0.22273242473602295,
        0.7528061270713806
    ]
}