{
    "cov": [
        88.00727844238281,
        0.4896239936351776
    ],
    "acc": [
        94.898681640625,
        0.23158952593803406
    ],
    "pos_0": [
        2.2004332542419434,
        0.18977777659893036
    ],
    "pos_1": [
        2.0899949073791504,
        0.8041892647743225
    ],
    "neg_0": [
        85.8171615600586,
        0.5549981594085693
    ],
    "neg_1": [
        85.76785278320312,
        1.5771476030349731
    ],
    "abs_0": [
        11.982412338256836,
        0.5699838995933533
    ],
    "abs_1": [
        12.142151832580566,
        1.4667021036148071
    ],
    "tpr_0": [
        15.342249870300293,
        1.3415837287902832
    ],
    "tpr_1": [
        5.874282360076904,
        2.3968796730041504
    ],
    "fnr_0": [
        27.781946182250977,
        2.2087349891662598
    ],
    "fnr_1": [
        64.00476837158203,
        3.6881906986236572
    ],
    "par_0": [
        56.87580108642578,
        2.32387375831604
    ],
    "par_1": [
        30.120939254760742,
        3.4748001098632812
    ],
    "fpr_0": [
        0.7576029300689697,
        0.11558141559362411
    ],
    "fpr_1": [
        0.5853210687637329,
        0.37545764446258545
    ],
    "tnr_0": [
        92.19071197509766,
        0.4846045672893524
    ],
    "tnr_1": [
        94.36795043945312,
        1.2564938068389893
    ],
    "nar_0": [
        7.051685810089111,
        0.48280978202819824
    ],
    "nar_1": [
        5.046727180480957,
        1.200569987297058
    ]
}