{
    "cov": [
        81.59358978271484,
        5.832287788391113
    ],
    "acc": [
        95.6595687866211,
        1.4819215536117554
    ],
    "pos_0": [
        0.1464369148015976,
        0.16405841708183289
    ],
    "pos_1": [
        0.0,
        0.0
    ],
    "neg_0": [
        82.08229064941406,
        5.800821781158447
    ],
    "neg_1": [
        72.91079711914062,
        7.609976768493652
    ],
    "abs_0": [
        17.771270751953125,
        5.856146335601807
    ],
    "abs_1": [
        27.08919906616211,
        7.609976291656494
    ],
    "tpr_0": [
        1.1268342733383179,
        1.1436214447021484
    ],
    "tpr_1": [
        0.0,
        0.0
    ],
    "fnr_0": [
        28.52100944519043,
        13.337109565734863
    ],
    "fnr_1": [
        47.03958511352539,
        10.907999992370605
    ],
    "par_0": [
        70.35215759277344,
        13.76024055480957
    ],
    "par_1": [
        52.96041488647461,
        10.907999992370605
    ],
    "fpr_0": [
        0.03653886169195175,
        0.05707164853811264
    ],
    "fpr_1": [
        0.0,
        0.0
    ],
    "tnr_0": [
        88.02818298339844,
        5.156304359436035
    ],
    "tnr_1": [
        83.21331787109375,
        7.142767906188965
    ],
    "nar_0": [
        11.935280799865723,
        5.178824424743652
    ],
    "nar_1": [
        16.786684036254883,
        7.142766952514648
    ]
}