{
    "cov": [
        86.5914077758789,
        5.026177406311035
    ],
    "acc": [
        94.45933532714844,
        1.3981528282165527
    ],
    "pos_0": [
        0.3017549216747284,
        0.2303134948015213
    ],
    "pos_1": [
        0.007017543539404869,
        0.035087719559669495
    ],
    "neg_0": [
        86.8534927368164,
        4.897538185119629
    ],
    "neg_1": [
        78.89608001708984,
        6.532566547393799
    ],
    "abs_0": [
        12.844743728637695,
        5.003285884857178
    ],
    "abs_1": [
        21.096900939941406,
        6.5323262214660645
    ],
    "tpr_0": [
        2.434586524963379,
        1.7954657077789307
    ],
    "tpr_1": [
        0.023255812004208565,
        0.11627906560897827
    ],
    "fnr_0": [
        39.792022705078125,
        13.751441955566406
    ],
    "fnr_1": [
        56.653587341308594,
        11.034032821655273
    ],
    "par_0": [
        57.77338790893555,
        14.701594352722168
    ],
    "par_1": [
        43.32314682006836,
        11.028972625732422
    ],
    "fpr_0": [
        0.06540634483098984,
        0.06477098912000656
    ],
    "fpr_1": [
        0.0,
        0.0
    ],
    "tnr_0": [
        92.08712005615234,
        3.9764456748962402
    ],
    "tnr_1": [
        87.76128387451172,
        5.045003890991211
    ],
    "nar_0": [
        7.847477436065674,
        4.0019989013671875
    ],
    "nar_1": [
        12.238715171813965,
        5.0450029373168945
    ]
}