{
    "cov": [
        26.114334106445312,
        0.8013288974761963
    ],
    "acc": [
        99.51526641845703,
        0.12390485405921936
    ],
    "pos_0": [
        0.26775991916656494,
        0.05386478081345558
    ],
    "pos_1": [
        0.31506213545799255,
        0.2561751902103424
    ],
    "neg_0": [
        25.86162757873535,
        0.8387398719787598
    ],
    "neg_1": [
        25.580463409423828,
        2.987208366394043
    ],
    "abs_0": [
        73.87061309814453,
        0.8482003211975098
    ],
    "abs_1": [
        74.1044692993164,
        2.9883618354797363
    ],
    "tpr_0": [
        1.8166841268539429,
        0.36462053656578064
    ],
    "tpr_1": [
        0.5988178849220276,
        0.7087768316268921
    ],
    "fnr_0": [
        0.30505961179733276,
        0.15785478055477142
    ],
    "fnr_1": [
        0.3277101516723633,
        0.41920045018196106
    ],
    "par_0": [
        97.87825012207031,
        0.37209245562553406
    ],
    "par_1": [
        99.0734634399414,
        0.6897924542427063
    ],
    "fpr_0": [
        0.09789059311151505,
        0.03880845755338669
    ],
    "fpr_1": [
        0.20320165157318115,
        0.21866030991077423
    ],
    "tnr_0": [
        28.667701721191406,
        0.9139218330383301
    ],
    "tnr_1": [
        35.563297271728516,
        3.947751998901367
    ],
    "nar_0": [
        71.2343978881836,
        0.9308154582977295
    ],
    "nar_1": [
        64.23350524902344,
        3.9200096130371094
    ]
}