{
    "cov": [
        60.111671447753906,
        0.9324026703834534
    ],
    "acc": [
        98.62935638427734,
        0.13764823973178864
    ],
    "pos_0": [
        0.630509078502655,
        0.10635294765233994
    ],
    "pos_1": [
        0.7207653522491455,
        0.4569632411003113
    ],
    "neg_0": [
        59.46379089355469,
        0.9426316618919373
    ],
    "neg_1": [
        59.622623443603516,
        3.199343204498291
    ],
    "abs_0": [
        39.905696868896484,
        0.9524492621421814
    ],
    "abs_1": [
        39.656612396240234,
        3.170954465866089
    ],
    "tpr_0": [
        4.358109951019287,
        0.783275842666626
    ],
    "tpr_1": [
        1.8369468450546265,
        1.3871842622756958
    ],
    "fnr_0": [
        2.2154030799865723,
        0.4433586299419403
    ],
    "fnr_1": [
        21.2838134765625,
        3.8700408935546875
    ],
    "par_0": [
        93.42648315429688,
        0.8662210702896118
    ],
    "par_1": [
        76.87924194335938,
        4.035150527954102
    ],
    "fpr_0": [
        0.22180964052677155,
        0.06175517663359642
    ],
    "fpr_1": [
        0.28285300731658936,
        0.19690874218940735
    ],
    "tnr_0": [
        65.75082397460938,
        1.0080362558364868
    ],
    "tnr_1": [
        74.79508972167969,
        3.386638879776001
    ],
    "nar_0": [
        34.027366638183594,
        1.0200830698013306
    ],
    "nar_1": [
        24.92205047607422,
        3.3707518577575684
    ]
}