{
    "cov": [
        0.022335516288876534,
        0.06505724042654037
    ],
    "acc": [
        16.0,
        37.41657257080078
    ],
    "pos_0": [
        0.0,
        0.0
    ],
    "pos_1": [
        0.0,
        0.0
    ],
    "neg_0": [
        0.017179245129227638,
        0.04837419092655182
    ],
    "neg_1": [
        0.09342891722917557,
        0.43015897274017334
    ],
    "abs_0": [
        99.9828109741211,
        0.04837541654706001
    ],
    "abs_1": [
        99.90657043457031,
        0.4301587641239166
    ],
    "tpr_0": [
        0.0,
        0.0
    ],
    "tpr_1": [
        0.0,
        0.0
    ],
    "fnr_0": [
        0.0,
        0.0
    ],
    "fnr_1": [
        0.0,
        0.0
    ],
    "par_0": [
        100.0,
        0.0
    ],
    "par_1": [
        100.0,
        0.0
    ],
    "fpr_0": [
        0.0,
        0.0
    ],
    "fpr_1": [
        0.0,
        0.0
    ],
    "tnr_0": [
        0.019086193293333054,
        0.053725715726614
    ],
    "tnr_1": [
        0.13528276979923248,
        0.6249724626541138
    ],
    "nar_0": [
        99.98091888427734,
        0.053726013749837875
    ],
    "nar_1": [
        99.86471557617188,
        0.6249724626541138
    ]
}