{
    "cov": [
        67.16629791259766,
        17.3505916595459
    ],
    "acc": [
        97.05451202392578,
        1.589591383934021
    ],
    "pos_0": [
        0.09538155049085617,
        0.09846632927656174
    ],
    "pos_1": [
        0.007079645991325378,
        0.03539822995662689
    ],
    "neg_0": [
        67.48633575439453,
        17.769813537597656
    ],
    "neg_1": [
        61.51083755493164,
        11.93276309967041
    ],
    "abs_0": [
        32.41828155517578,
        17.775863647460938
    ],
    "abs_1": [
        38.482078552246094,
        11.941394805908203
    ],
    "tpr_0": [
        0.6895615458488464,
        0.7125707864761353
    ],
    "tpr_1": [
        0.027397260069847107,
        0.13698630034923553
    ],
    "fnr_0": [
        16.209936141967773,
        14.254849433898926
    ],
    "fnr_1": [
        34.05470275878906,
        13.984007835388184
    ],
    "par_0": [
        83.10050964355469,
        14.302017211914062
    ],
    "par_1": [
        65.91790008544922,
        14.019969940185547
    ],
    "fpr_0": [
        0.03006795607507229,
        0.03774276748299599
    ],
    "fpr_1": [
        0.0,
        0.0
    ],
    "tnr_0": [
        73.1802978515625,
        18.46817398071289
    ],
    "tnr_1": [
        72.4769515991211,
        11.206316947937012
    ],
    "nar_0": [
        26.78963279724121,
        18.474363327026367
    ],
    "nar_1": [
        27.523048400878906,
        11.206317901611328
    ]
}