{
    "cov": [
        90.5438232421875,
        2.016923427581787
    ],
    "acc": [
        92.72492218017578,
        0.7992197275161743
    ],
    "pos_0": [
        0.0,
        0.0
    ],
    "pos_1": [
        0.0,
        0.0
    ],
    "neg_0": [
        91.21617126464844,
        1.9009337425231934
    ],
    "neg_1": [
        81.32695770263672,
        4.592839241027832
    ],
    "abs_0": [
        8.783828735351562,
        1.9009335041046143
    ],
    "abs_1": [
        18.673030853271484,
        4.59283971786499
    ],
    "tpr_0": [
        0.0,
        0.0
    ],
    "tpr_1": [
        0.0,
        0.0
    ],
    "fnr_0": [
        58.02370071411133,
        7.00567102432251
    ],
    "fnr_1": [
        60.94614791870117,
        8.526829719543457
    ],
    "par_0": [
        41.97629928588867,
        7.005671501159668
    ],
    "par_1": [
        39.05385208129883,
        8.526829719543457
    ],
    "fpr_0": [
        0.0,
        0.0
    ],
    "fpr_1": [
        0.0,
        0.0
    ],
    "tnr_0": [
        94.90025329589844,
        1.4638898372650146
    ],
    "tnr_1": [
        89.4627685546875,
        3.4369585514068604
    ],
    "nar_0": [
        5.099740982055664,
        1.463889718055725
    ],
    "nar_1": [
        10.537221908569336,
        3.436958074569702
    ]
}