{
    "cov": [
        70.17577362060547,
        5.5034027099609375
    ],
    "acc": [
        96.36569213867188,
        1.2467539310455322
    ],
    "pos_0": [
        0.0,
        0.0
    ],
    "pos_1": [
        0.0,
        0.0
    ],
    "neg_0": [
        71.48870086669922,
        5.6527862548828125
    ],
    "neg_1": [
        52.27672576904297,
        4.939895153045654
    ],
    "abs_0": [
        28.511295318603516,
        5.652787208557129
    ],
    "abs_1": [
        47.723270416259766,
        4.939895153045654
    ],
    "tpr_0": [
        0.0,
        0.0
    ],
    "tpr_1": [
        0.0,
        0.0
    ],
    "fnr_0": [
        22.83604621887207,
        8.864261627197266
    ],
    "fnr_1": [
        22.347517013549805,
        6.933014869689941
    ],
    "par_0": [
        77.16395568847656,
        8.864261627197266
    ],
    "par_1": [
        77.65248107910156,
        6.933015823364258
    ],
    "fpr_0": [
        0.0,
        0.0
    ],
    "fpr_1": [
        0.0,
        0.0
    ],
    "tnr_0": [
        76.89419555664062,
        5.917139530181885
    ],
    "tnr_1": [
        64.1990737915039,
        5.03521728515625
    ],
    "nar_0": [
        23.10580062866211,
        5.917139530181885
    ],
    "nar_1": [
        35.80093002319336,
        5.035217761993408
    ]
}