{
    "cov": [
        94.88370513916016,
        2.9200422763824463
    ],
    "acc": [
        91.15185546875,
        1.101396918296814
    ],
    "pos_0": [
        0.0,
        0.0
    ],
    "pos_1": [
        0.0,
        0.0
    ],
    "neg_0": [
        95.31783294677734,
        2.7167768478393555
    ],
    "neg_1": [
        88.93685150146484,
        6.093790054321289
    ],
    "abs_0": [
        4.682168960571289,
        2.716778039932251
    ],
    "abs_1": [
        11.063145637512207,
        6.093790531158447
    ],
    "tpr_0": [
        0.0,
        0.0
    ],
    "tpr_1": [
        0.0,
        0.0
    ],
    "fnr_0": [
        74.756103515625,
        10.949627876281738
    ],
    "fnr_1": [
        74.79999542236328,
        13.168244361877441
    ],
    "par_0": [
        25.243900299072266,
        10.949626922607422
    ],
    "par_1": [
        25.200008392333984,
        13.168243408203125
    ],
    "fpr_0": [
        0.0,
        0.0
    ],
    "fpr_1": [
        0.0,
        0.0
    ],
    "tnr_0": [
        97.60525512695312,
        1.900653600692749
    ],
    "tnr_1": [
        94.56401824951172,
        3.759425163269043
    ],
    "nar_0": [
        2.3947458267211914,
        1.9006540775299072
    ],
    "nar_1": [
        5.435978412628174,
        3.7594242095947266
    ]
}