{
    "cov": [
        52.97304916381836,
        15.787762641906738
    ],
    "acc": [
        96.88345336914062,
        1.2566187381744385
    ],
    "pos_0": [
        0.0,
        0.0
    ],
    "pos_1": [
        0.0,
        0.0
    ],
    "neg_0": [
        53.73606491088867,
        16.242687225341797
    ],
    "neg_1": [
        42.51793670654297,
        10.483253479003906
    ],
    "abs_0": [
        46.26393508911133,
        16.242687225341797
    ],
    "abs_1": [
        57.482059478759766,
        10.483253479003906
    ],
    "tpr_0": [
        0.0,
        0.0
    ],
    "tpr_1": [
        0.0,
        0.0
    ],
    "fnr_0": [
        16.560808181762695,
        9.648077964782715
    ],
    "fnr_1": [
        14.305229187011719,
        8.446393966674805
    ],
    "par_0": [
        83.4391860961914,
        9.648078918457031
    ],
    "par_1": [
        85.69477081298828,
        8.446393966674805
    ],
    "fpr_0": [
        0.0,
        0.0
    ],
    "fpr_1": [
        0.0,
        0.0
    ],
    "tnr_0": [
        57.85997009277344,
        17.06881332397461
    ],
    "tnr_1": [
        53.70608139038086,
        11.418488502502441
    ],
    "nar_0": [
        42.14002990722656,
        17.068811416625977
    ],
    "nar_1": [
        46.293914794921875,
        11.418489456176758
    ]
}