{
    "cov": [
        70.95023345947266,
        4.520741939544678
    ],
    "acc": [
        97.83455657958984,
        0.5577927231788635
    ],
    "pos_0": [
        0.0562293604016304,
        0.06984613090753555
    ],
    "pos_1": [
        0.0,
        0.0
    ],
    "neg_0": [
        71.18793487548828,
        4.4702277183532715
    ],
    "neg_1": [
        66.95337677001953,
        6.96666145324707
    ],
    "abs_0": [
        28.755826950073242,
        4.473631381988525
    ],
    "abs_1": [
        33.0466194152832,
        6.966662406921387
    ],
    "tpr_0": [
        0.31998294591903687,
        0.47350046038627625
    ],
    "tpr_1": [
        0.0,
        0.0
    ],
    "fnr_0": [
        8.92533016204834,
        4.292198181152344
    ],
    "fnr_1": [
        36.17162322998047,
        9.481168746948242
    ],
    "par_0": [
        90.75468444824219,
        4.187179088592529
    ],
    "par_1": [
        63.828372955322266,
        9.481169700622559
    ],
    "fpr_0": [
        0.026651015505194664,
        0.027659518644213676
    ],
    "fpr_1": [
        0.0,
        0.0
    ],
    "tnr_0": [
        78.11884307861328,
        4.778128623962402
    ],
    "tnr_1": [
        79.25855255126953,
        6.3207173347473145
    ],
    "nar_0": [
        21.85450553894043,
        4.780093193054199
    ],
    "nar_1": [
        20.741445541381836,
        6.3207173347473145
    ]
}