{
    "cov": [
        94.97159576416016,
        1.6221352815628052
    ],
    "acc": [
        91.25385284423828,
        0.7352639436721802
    ],
    "pos_0": [
        0.0,
        0.0
    ],
    "pos_1": [
        0.0,
        0.0
    ],
    "neg_0": [
        95.43350982666016,
        1.5327666997909546
    ],
    "neg_1": [
        88.6285171508789,
        3.2980105876922607
    ],
    "abs_0": [
        4.5664801597595215,
        1.5327668190002441
    ],
    "abs_1": [
        11.37148666381836,
        3.298011541366577
    ],
    "tpr_0": [
        0.0,
        0.0
    ],
    "tpr_1": [
        0.0,
        0.0
    ],
    "fnr_0": [
        74.27886962890625,
        7.342645168304443
    ],
    "fnr_1": [
        71.82849884033203,
        7.798620700836182
    ],
    "par_0": [
        25.721126556396484,
        7.342644691467285
    ],
    "par_1": [
        28.171499252319336,
        7.798620700836182
    ],
    "fpr_0": [
        0.0,
        0.0
    ],
    "fpr_1": [
        0.0,
        0.0
    ],
    "tnr_0": [
        97.7877426147461,
        0.9105212092399597
    ],
    "tnr_1": [
        95.37857055664062,
        1.7280502319335938
    ],
    "nar_0": [
        2.2122504711151123,
        0.9105203151702881
    ],
    "nar_1": [
        4.621419906616211,
        1.7280495166778564
    ]
}