{
    "cov": [
        86.66521453857422,
        2.4560649394989014
    ],
    "acc": [
        95.38003540039062,
        0.8362843990325928
    ],
    "pos_0": [
        0.4652048349380493,
        0.2159593552350998
    ],
    "pos_1": [
        3.564469337463379,
        1.946879506111145
    ],
    "neg_0": [
        88.16138458251953,
        2.1735265254974365
    ],
    "neg_1": [
        56.24223327636719,
        6.244077205657959
    ],
    "abs_0": [
        11.37341022491455,
        2.2356600761413574
    ],
    "abs_1": [
        40.19329071044922,
        6.561049461364746
    ],
    "tpr_0": [
        3.704712390899658,
        1.7481657266616821
    ],
    "tpr_1": [
        9.40078353881836,
        5.055797576904297
    ],
    "fnr_0": [
        37.131553649902344,
        7.594860076904297
    ],
    "fnr_1": [
        21.34033203125,
        7.98380708694458
    ],
    "par_0": [
        59.16373062133789,
        8.059931755065918
    ],
    "par_1": [
        69.2588882446289,
        9.830687522888184
    ],
    "fpr_0": [
        0.10646827518939972,
        0.061571355909109116
    ],
    "fpr_1": [
        1.2204904556274414,
        0.8322235941886902
    ],
    "tnr_0": [
        93.8415298461914,
        1.5018151998519897
    ],
    "tnr_1": [
        70.14676666259766,
        6.362433433532715
    ],
    "nar_0": [
        6.051999568939209,
        1.52073335647583
    ],
    "nar_1": [
        28.63274383544922,
        6.306257247924805
    ]
}