{
    "cov": [
        34.06724166870117,
        0.8189892768859863
    ],
    "acc": [
        99.44458770751953,
        0.09303756803274155
    ],
    "pos_0": [
        0.3189008831977844,
        0.05943286791443825
    ],
    "pos_1": [
        0.3289875388145447,
        0.24250438809394836
    ],
    "neg_0": [
        33.799076080322266,
        0.7975763082504272
    ],
    "neg_1": [
        33.0484733581543,
        2.658264636993408
    ],
    "abs_0": [
        65.88201904296875,
        0.8076226115226746
    ],
    "abs_1": [
        66.6225357055664,
        2.6552321910858154
    ],
    "tpr_0": [
        2.1070146560668945,
        0.37979304790496826
    ],
    "tpr_1": [
        0.5988178849220276,
        0.7087768316268921
    ],
    "fnr_0": [
        0.4415534734725952,
        0.21430733799934387
    ],
    "fnr_1": [
        1.771575927734375,
        1.1007498502731323
    ],
    "par_0": [
        97.45142364501953,
        0.3733539879322052
    ],
    "par_1": [
        97.62960815429688,
        1.0735244750976562
    ],
    "fpr_0": [
        0.12279640138149261,
        0.045592594891786575
    ],
    "fpr_1": [
        0.22250674664974213,
        0.21001297235488892
    ],
    "tnr_0": [
        37.46177291870117,
        0.8560131788253784
    ],
    "tnr_1": [
        45.42356491088867,
        3.4172568321228027
    ],
    "nar_0": [
        62.415428161621094,
        0.8682785034179688
    ],
    "nar_1": [
        54.35393142700195,
        3.404045581817627
    ]
}