{
    "cov": [
        90.2869644165039,
        1.8279956579208374
    ],
    "acc": [
        94.15825653076172,
        0.8783062696456909
    ],
    "pos_0": [
        0.8345536589622498,
        0.2723308801651001
    ],
    "pos_1": [
        5.989955425262451,
        1.8356592655181885
    ],
    "neg_0": [
        90.8245849609375,
        1.6446272134780884
    ],
    "neg_1": [
        65.50882720947266,
        4.949805736541748
    ],
    "abs_0": [
        8.340863227844238,
        1.639187216758728
    ],
    "abs_1": [
        28.5012149810791,
        5.7124223709106445
    ],
    "tpr_0": [
        6.530262470245361,
        2.1535184383392334
    ],
    "tpr_1": [
        16.045835494995117,
        4.8663105964660645
    ],
    "fnr_0": [
        47.01795959472656,
        7.861115455627441
    ],
    "fnr_1": [
        32.76258087158203,
        7.324793338775635
    ],
    "par_0": [
        46.45177459716797,
        7.753785133361816
    ],
    "par_1": [
        51.19158172607422,
        9.056751251220703
    ],
    "fpr_0": [
        0.20090548694133759,
        0.07828550785779953
    ],
    "fpr_1": [
        1.9596500396728516,
        0.8965970873832703
    ],
    "tnr_0": [
        95.69325256347656,
        1.0248039960861206
    ],
    "tnr_1": [
        78.56785583496094,
        4.710750579833984
    ],
    "nar_0": [
        4.105841636657715,
        1.0299758911132812
    ],
    "nar_1": [
        19.47248649597168,
        5.113461971282959
    ]
}