{
    "cov": [
        37.93299102783203,
        12.583273887634277
    ],
    "acc": [
        99.24726104736328,
        0.45535048842430115
    ],
    "pos_0": [
        0.008329948410391808,
        0.015438193455338478
    ],
    "pos_1": [
        0.0,
        0.0
    ],
    "neg_0": [
        37.80511474609375,
        13.084964752197266
    ],
    "neg_1": [
        39.46934509277344,
        6.546016216278076
    ],
    "abs_0": [
        62.18655014038086,
        13.09032154083252
    ],
    "abs_1": [
        60.5306510925293,
        6.546017169952393
    ],
    "tpr_0": [
        0.04748706892132759,
        0.11349546909332275
    ],
    "tpr_1": [
        0.0,
        0.0
    ],
    "fnr_0": [
        1.525582194328308,
        1.9452546834945679
    ],
    "fnr_1": [
        8.074363708496094,
        4.367905616760254
    ],
    "par_0": [
        98.42693328857422,
        1.9534181356430054
    ],
    "par_1": [
        91.9256362915039,
        4.367906093597412
    ],
    "fpr_0": [
        0.004049418494105339,
        0.006627511698752642
    ],
    "fpr_1": [
        0.0,
        0.0
    ],
    "tnr_0": [
        41.84153366088867,
        14.463940620422363
    ],
    "tnr_1": [
        51.97878646850586,
        7.429548740386963
    ],
    "nar_0": [
        58.15441131591797,
        14.466558456420898
    ],
    "nar_1": [
        48.021209716796875,
        7.429549217224121
    ]
}