{
    "cov": [
        79.83102416992188,
        4.362790107727051
    ],
    "acc": [
        94.62757873535156,
        1.0289353132247925
    ],
    "pos_0": [
        0.0,
        0.0
    ],
    "pos_1": [
        0.0,
        0.0
    ],
    "neg_0": [
        80.89224243164062,
        4.440389633178711
    ],
    "neg_1": [
        65.4044189453125,
        6.413462162017822
    ],
    "abs_0": [
        19.107755661010742,
        4.440389156341553
    ],
    "abs_1": [
        34.5955696105957,
        6.413462162017822
    ],
    "tpr_0": [
        0.0,
        0.0
    ],
    "tpr_1": [
        0.0,
        0.0
    ],
    "fnr_0": [
        37.93190002441406,
        7.973120212554932
    ],
    "fnr_1": [
        39.381736755371094,
        9.782654762268066
    ],
    "par_0": [
        62.06809997558594,
        7.97312068939209
    ],
    "par_1": [
        60.61825942993164,
        9.78265380859375
    ],
    "fpr_0": [
        0.0,
        0.0
    ],
    "fpr_1": [
        0.0,
        0.0
    ],
    "tnr_0": [
        85.6666259765625,
        4.549442291259766
    ],
    "tnr_1": [
        75.78192138671875,
        5.662390232086182
    ],
    "nar_0": [
        14.33336353302002,
        4.549442291259766
    ],
    "nar_1": [
        24.21807289123535,
        5.662390232086182
    ]
}