{
    "cov": [
        94.05728912353516,
        1.085067629814148
    ],
    "acc": [
        92.76457977294922,
        0.49830788373947144
    ],
    "pos_0": [
        1.338469386100769,
        0.2567192614078522
    ],
    "pos_1": [
        8.648870468139648,
        1.3597956895828247
    ],
    "neg_0": [
        93.52909851074219,
        1.0695476531982422
    ],
    "neg_1": [
        74.34288024902344,
        4.425245761871338
    ],
    "abs_0": [
        5.132437705993652,
        1.0081042051315308
    ],
    "abs_1": [
        17.00824546813965,
        3.816690444946289
    ],
    "tpr_0": [
        10.352152824401855,
        1.94844651222229
    ],
    "tpr_1": [
        22.169845581054688,
        3.2442126274108887
    ],
    "fnr_0": [
        58.95697021484375,
        5.355835437774658
    ],
    "fnr_1": [
        45.26441192626953,
        7.941573619842529
    ],
    "par_0": [
        30.690874099731445,
        5.10606050491333
    ],
    "par_1": [
        32.56573486328125,
        6.614306926727295
    ],
    "fpr_0": [
        0.33576053380966187,
        0.09023252129554749
    ],
    "fpr_1": [
        3.244152784347534,
        1.1339434385299683
    ],
    "tnr_0": [
        97.37814331054688,
        0.5703277587890625
    ],
    "tnr_1": [
        85.96257019042969,
        3.279330015182495
    ],
    "nar_0": [
        2.2860989570617676,
        0.5518386363983154
    ],
    "nar_1": [
        10.793280601501465,
        2.9785337448120117
    ]
}