{
    "cov": [
        96.9764404296875,
        1.29683518409729
    ],
    "acc": [
        90.9419937133789,
        0.6037579774856567
    ],
    "pos_0": [
        1.3046211004257202,
        0.414748877286911
    ],
    "pos_1": [
        0.11996988952159882,
        0.17259734869003296
    ],
    "neg_0": [
        95.93218231201172,
        1.242285966873169
    ],
    "neg_1": [
        93.3192138671875,
        3.6118829250335693
    ],
    "abs_0": [
        2.763190746307373,
        1.2112921476364136
    ],
    "abs_1": [
        6.560806751251221,
        3.6515088081359863
    ],
    "tpr_0": [
        9.814693450927734,
        3.0830445289611816
    ],
    "tpr_1": [
        0.3484034538269043,
        0.5656169056892395
    ],
    "fnr_0": [
        73.98455047607422,
        6.462620735168457
    ],
    "fnr_1": [
        82.3580093383789,
        8.902812957763672
    ],
    "par_0": [
        16.20074462890625,
        6.3695526123046875
    ],
    "par_1": [
        17.29358673095703,
        8.93705940246582
    ],
    "fpr_0": [
        0.3578518331050873,
        0.12907680869102478
    ],
    "fpr_1": [
        0.029680857434868813,
        0.08215277642011642
    ],
    "tnr_0": [
        98.37583923339844,
        0.6563244462013245
    ],
    "tnr_1": [
        97.7572250366211,
        1.5330967903137207
    ],
    "nar_0": [
        1.2663072347640991,
        0.6417108178138733
    ],
    "nar_1": [
        2.2130959033966064,
        1.557852029800415
    ]
}