{
    "cov": [
        87.08181762695312,
        2.360215902328491
    ],
    "acc": [
        94.78067779541016,
        0.8368803262710571
    ],
    "pos_0": [
        0.14129726588726044,
        0.19973981380462646
    ],
    "pos_1": [
        0.028193745762109756,
        0.06598217040300369
    ],
    "neg_0": [
        87.09410095214844,
        2.2647058963775635
    ],
    "neg_1": [
        84.9720458984375,
        3.3291311264038086
    ],
    "abs_0": [
        12.764594078063965,
        2.379528284072876
    ],
    "abs_1": [
        14.999757766723633,
        3.3571219444274902
    ],
    "tpr_0": [
        0.990343451499939,
        1.4681344032287598
    ],
    "tpr_1": [
        0.1018255427479744,
        0.2386801689863205
    ],
    "fnr_0": [
        35.09383773803711,
        7.999046325683594
    ],
    "fnr_1": [
        64.64515686035156,
        6.000539302825928
    ],
    "par_0": [
        63.91581726074219,
        8.616920471191406
    ],
    "par_1": [
        35.25301742553711,
        6.101503372192383
    ],
    "fpr_0": [
        0.04471517354249954,
        0.05554098263382912
    ],
    "fpr_1": [
        0.0,
        0.0
    ],
    "tnr_0": [
        92.87615203857422,
        1.73944890499115
    ],
    "tnr_1": [
        93.11868286132812,
        2.5370702743530273
    ],
    "nar_0": [
        7.079131126403809,
        1.7735103368759155
    ],
    "nar_1": [
        6.881318092346191,
        2.5370700359344482
    ]
}