{
    "cov": [
        28.104379653930664,
        0.7360666990280151
    ],
    "acc": [
        99.51704406738281,
        0.1294419914484024
    ],
    "pos_0": [
        0.2792380452156067,
        0.05837393179535866
    ],
    "pos_1": [
        0.3220551311969757,
        0.24951595067977905
    ],
    "neg_0": [
        27.84771156311035,
        0.7777124047279358
    ],
    "neg_1": [
        27.464157104492188,
        2.9184610843658447
    ],
    "abs_0": [
        71.873046875,
        0.787297785282135
    ],
    "abs_1": [
        72.21379089355469,
        2.9353699684143066
    ],
    "tpr_0": [
        1.8799813985824585,
        0.3799271285533905
    ],
    "tpr_1": [
        0.5988178849220276,
        0.7087768316268921
    ],
    "fnr_0": [
        0.32097703218460083,
        0.17205728590488434
    ],
    "fnr_1": [
        0.44999638199806213,
        0.4301093816757202
    ],
    "par_0": [
        97.79903411865234,
        0.4035087525844574
    ],
    "par_1": [
        98.9511947631836,
        0.700434148311615
    ],
    "fpr_0": [
        0.1036766991019249,
        0.04272326081991196
    ],
    "fpr_1": [
        0.21300555765628815,
        0.21462734043598175
    ],
    "tnr_0": [
        30.870361328125,
        0.8488456606864929
    ],
    "tnr_1": [
        38.14247512817383,
        3.8711464405059814
    ],
    "nar_0": [
        69.02597045898438,
        0.8653014898300171
    ],
    "nar_1": [
        61.64451599121094,
        3.8620550632476807
    ]
}