{
    "cov": [
        96.30638122558594,
        1.5352250337600708
    ],
    "acc": [
        90.74351501464844,
        0.7349064946174622
    ],
    "pos_0": [
        0.029649507254362106,
        0.13289165496826172
    ],
    "pos_1": [
        0.021793687716126442,
        0.08008548617362976
    ],
    "neg_0": [
        96.63438415527344,
        1.3507801294326782
    ],
    "neg_1": [
        91.38159942626953,
        3.6655051708221436
    ],
    "abs_0": [
        3.3359646797180176,
        1.3982501029968262
    ],
    "abs_1": [
        8.59659481048584,
        3.69006085395813
    ],
    "tpr_0": [
        0.21494987607002258,
        0.9970129728317261
    ],
    "tpr_1": [
        0.05161289870738983,
        0.25806450843811035
    ],
    "fnr_0": [
        79.34825897216797,
        6.276849269866943
    ],
    "fnr_1": [
        77.90145111083984,
        9.229671478271484
    ],
    "par_0": [
        20.436786651611328,
        6.66703987121582
    ],
    "par_1": [
        22.04692840576172,
        9.294136047363281
    ],
    "fpr_0": [
        0.010347175411880016,
        0.043559473007917404
    ],
    "fpr_1": [
        0.01041666604578495,
        0.0520833320915699
    ],
    "tnr_0": [
        98.55484771728516,
        0.8416480422019958
    ],
    "tnr_1": [
        96.72621154785156,
        1.7166965007781982
    ],
    "nar_0": [
        1.4348019361495972,
        0.8550340533256531
    ],
    "nar_1": [
        3.2633655071258545,
        1.7266266345977783
    ]
}