{
    "cov": [
        73.13716888427734,
        5.86808967590332
    ],
    "acc": [
        98.3893051147461,
        0.9437869191169739
    ],
    "pos_0": [
        0.18548034131526947,
        0.11730299144983292
    ],
    "pos_1": [
        0.6994139552116394,
        0.6421990990638733
    ],
    "neg_0": [
        75.57292175292969,
        5.785110950469971
    ],
    "neg_1": [
        36.614627838134766,
        7.688077449798584
    ],
    "abs_0": [
        24.241594314575195,
        5.815468788146973
    ],
    "abs_1": [
        62.68595504760742,
        7.790530204772949
    ],
    "tpr_0": [
        1.3590526580810547,
        0.8403335809707642
    ],
    "tpr_1": [
        2.1675431728363037,
        1.9973806142807007
    ],
    "fnr_0": [
        11.552164077758789,
        7.324174880981445
    ],
    "fnr_1": [
        4.072120189666748,
        3.1954803466796875
    ],
    "par_0": [
        87.08879089355469,
        7.438969612121582
    ],
    "par_1": [
        93.76033020019531,
        3.643296003341675
    ],
    "fpr_0": [
        0.05390489473938942,
        0.043850477784872055
    ],
    "fpr_1": [
        0.11030803620815277,
        0.1796019822359085
    ],
    "tnr_0": [
        82.68571472167969,
        5.876339912414551
    ],
    "tnr_1": [
        49.59644317626953,
        9.89218521118164
    ],
    "nar_0": [
        17.260379791259766,
        5.881538391113281
    ],
    "nar_1": [
        50.29324722290039,
        9.939066886901855
    ]
}