{
    "cov": [
        77.36634826660156,
        9.143742561340332
    ],
    "acc": [
        96.2059555053711,
        1.4970723390579224
    ],
    "pos_0": [
        0.14734959602355957,
        0.1270158737897873
    ],
    "pos_1": [
        0.0,
        0.0
    ],
    "neg_0": [
        77.89240264892578,
        9.086159706115723
    ],
    "neg_1": [
        68.16732025146484,
        10.38740348815918
    ],
    "abs_0": [
        21.960248947143555,
        9.109918594360352
    ],
    "abs_1": [
        31.83267593383789,
        10.387402534484863
    ],
    "tpr_0": [
        1.0964311361312866,
        1.0296086072921753
    ],
    "tpr_1": [
        0.0,
        0.0
    ],
    "fnr_0": [
        23.85026741027832,
        12.990540504455566
    ],
    "fnr_1": [
        41.73106384277344,
        14.309041023254395
    ],
    "par_0": [
        75.05329895019531,
        13.206522941589355
    ],
    "par_1": [
        58.26893997192383,
        14.309039115905762
    ],
    "fpr_0": [
        0.04051543027162552,
        0.040229883044958115
    ],
    "fpr_1": [
        0.0,
        0.0
    ],
    "tnr_0": [
        83.90596771240234,
        8.713786125183105
    ],
    "tnr_1": [
        78.6927261352539,
        8.985444068908691
    ],
    "nar_0": [
        16.053516387939453,
        8.725504875183105
    ],
    "nar_1": [
        21.307281494140625,
        8.985443115234375
    ]
}