{
    "cov": [
        44.28599166870117,
        16.00946807861328
    ],
    "acc": [
        99.12177276611328,
        0.2661444842815399
    ],
    "pos_0": [
        0.02603340521454811,
        0.03142533823847771
    ],
    "pos_1": [
        0.0,
        0.0
    ],
    "neg_0": [
        44.29931640625,
        16.64130401611328
    ],
    "neg_1": [
        43.73894500732422,
        8.379570007324219
    ],
    "abs_0": [
        55.674652099609375,
        16.65666389465332
    ],
    "abs_1": [
        56.26105499267578,
        8.379570007324219
    ],
    "tpr_0": [
        0.1200079694390297,
        0.18403369188308716
    ],
    "tpr_1": [
        0.0,
        0.0
    ],
    "fnr_0": [
        1.670424461364746,
        1.0973453521728516
    ],
    "fnr_1": [
        11.58052921295166,
        5.840240001678467
    ],
    "par_0": [
        98.2095718383789,
        1.10945725440979
    ],
    "par_1": [
        88.41947174072266,
        5.84023904800415
    ],
    "fpr_0": [
        0.015614933334290981,
        0.01908247172832489
    ],
    "fpr_1": [
        0.0,
        0.0
    ],
    "tnr_0": [
        49.05628204345703,
        18.430477142333984
    ],
    "tnr_1": [
        56.56242370605469,
        9.62328815460205
    ],
    "nar_0": [
        50.9281005859375,
        18.440448760986328
    ],
    "nar_1": [
        43.43757247924805,
        9.623289108276367
    ]
}