{
    "cov": [
        84.06652069091797,
        7.444252967834473
    ],
    "acc": [
        94.97553253173828,
        1.6243094205856323
    ],
    "pos_0": [
        0.33331888914108276,
        0.28712940216064453
    ],
    "pos_1": [
        0.021749423816800117,
        0.07892081141471863
    ],
    "neg_0": [
        84.38150024414062,
        7.323653221130371
    ],
    "neg_1": [
        75.15755462646484,
        10.092658042907715
    ],
    "abs_0": [
        15.285178184509277,
        7.350776672363281
    ],
    "abs_1": [
        24.82069206237793,
        10.106049537658691
    ],
    "tpr_0": [
        2.617762804031372,
        2.215264081954956
    ],
    "tpr_1": [
        0.08200540393590927,
        0.30077487230300903
    ],
    "fnr_0": [
        35.16556167602539,
        14.85915470123291
    ],
    "fnr_1": [
        51.31263732910156,
        15.592905044555664
    ],
    "par_0": [
        62.2166748046875,
        14.987483024597168
    ],
    "par_1": [
        48.605350494384766,
        15.626736640930176
    ],
    "fpr_0": [
        0.0770421251654625,
        0.07647603750228882
    ],
    "fpr_1": [
        0.0,
        0.0
    ],
    "tnr_0": [
        89.85951232910156,
        6.556457996368408
    ],
    "tnr_1": [
        84.63568115234375,
        8.408577919006348
    ],
    "nar_0": [
        10.06344985961914,
        6.568655490875244
    ],
    "nar_1": [
        15.364319801330566,
        8.408576965332031
    ]
}