{
    "cov": [
        93.57513427734375,
        1.1157821416854858
    ],
    "acc": [
        93.04710388183594,
        0.5735403895378113
    ],
    "pos_0": [
        1.3557398319244385,
        0.2336081564426422
    ],
    "pos_1": [
        8.072775840759277,
        1.692760944366455
    ],
    "neg_0": [
        93.13818359375,
        1.082380771636963
    ],
    "neg_1": [
        72.93247985839844,
        4.102077007293701
    ],
    "abs_0": [
        5.506073474884033,
        1.011244297027588
    ],
    "abs_1": [
        18.99474334716797,
        4.0361738204956055
    ],
    "tpr_0": [
        10.487561225891113,
        1.7043112516403198
    ],
    "tpr_1": [
        20.971479415893555,
        4.452640056610107
    ],
    "fnr_0": [
        56.48759460449219,
        5.540987968444824
    ],
    "fnr_1": [
        42.15056610107422,
        7.108534812927246
    ],
    "par_0": [
        33.02484130859375,
        5.130241394042969
    ],
    "par_1": [
        36.877952575683594,
        6.5922651290893555
    ],
    "fpr_0": [
        0.3398568332195282,
        0.09270825237035751
    ],
    "fpr_1": [
        2.913956880569458,
        0.9799609780311584
    ],
    "tnr_0": [
        97.21498107910156,
        0.5945438742637634
    ],
    "tnr_1": [
        85.2127456665039,
        3.40675950050354
    ],
    "nar_0": [
        2.4451632499694824,
        0.579886257648468
    ],
    "nar_1": [
        11.873297691345215,
        3.4428536891937256
    ]
}