{
    "cov": [
        98.03350067138672,
        0.6038103699684143
    ],
    "acc": [
        90.5203857421875,
        0.4818077087402344
    ],
    "pos_0": [
        1.5371063947677612,
        0.48485589027404785
    ],
    "pos_1": [
        0.12079393118619919,
        0.1687992960214615
    ],
    "neg_0": [
        96.69857025146484,
        0.8117144703865051
    ],
    "neg_1": [
        95.1441421508789,
        3.1310319900512695
    ],
    "abs_0": [
        1.7643152475357056,
        0.5626202821731567
    ],
    "abs_1": [
        4.735064506530762,
        3.1294658184051514
    ],
    "tpr_0": [
        11.402555465698242,
        3.5822763442993164
    ],
    "tpr_1": [
        0.39554792642593384,
        0.5691887140274048
    ],
    "fnr_0": [
        77.59463500976562,
        5.072174072265625
    ],
    "fnr_1": [
        87.04769134521484,
        7.74213171005249
    ],
    "par_0": [
        11.0028076171875,
        3.3650262355804443
    ],
    "par_1": [
        12.556757926940918,
        7.783170700073242
    ],
    "fpr_0": [
        0.4406379461288452,
        0.15705309808254242
    ],
    "fpr_1": [
        0.009302325546741486,
        0.046511631458997726
    ],
    "tnr_0": [
        98.82135772705078,
        0.3678438067436218
    ],
    "tnr_1": [
        98.39226531982422,
        1.4608440399169922
    ],
    "nar_0": [
        0.7380041480064392,
        0.2873155176639557
    ],
    "nar_1": [
        1.59843111038208,
        1.4706708192825317
    ]
}