{
    "cov": [
        83.27603149414062,
        2.130034923553467
    ],
    "acc": [
        95.64177703857422,
        0.7447269558906555
    ],
    "pos_0": [
        0.041152048856019974,
        0.0713755264878273
    ],
    "pos_1": [
        0.0,
        0.0
    ],
    "neg_0": [
        83.4452133178711,
        2.1647162437438965
    ],
    "neg_1": [
        80.40078735351562,
        3.624056339263916
    ],
    "abs_0": [
        16.51363754272461,
        2.1405017375946045
    ],
    "abs_1": [
        19.599210739135742,
        3.624056339263916
    ],
    "tpr_0": [
        0.28027963638305664,
        0.6242969036102295
    ],
    "tpr_1": [
        0.0,
        0.0
    ],
    "fnr_0": [
        27.3073673248291,
        7.260397911071777
    ],
    "fnr_1": [
        55.952884674072266,
        5.494631767272949
    ],
    "par_0": [
        72.412353515625,
        6.996225357055664
    ],
    "par_1": [
        44.04711151123047,
        5.494632244110107
    ],
    "fpr_0": [
        0.015044329687952995,
        0.017469290643930435
    ],
    "fpr_1": [
        0.0,
        0.0
    ],
    "tnr_0": [
        89.69096374511719,
        1.8104673624038696
    ],
    "tnr_1": [
        90.1572265625,
        3.149549722671509
    ],
    "nar_0": [
        10.293993949890137,
        1.809828281402588
    ],
    "nar_1": [
        9.84277057647705,
        3.149550199508667
    ]
}