{
    "cov": [
        92.65597534179688,
        0.6335301995277405
    ],
    "acc": [
        93.72235870361328,
        0.35778865218162537
    ],
    "pos_0": [
        2.062547445297241,
        0.4092975854873657
    ],
    "pos_1": [
        7.859529972076416,
        1.866304636001587
    ],
    "neg_0": [
        91.46969604492188,
        0.608043909072876
    ],
    "neg_1": [
        72.80248260498047,
        2.489457607269287
    ],
    "abs_0": [
        6.467751502990723,
        0.585277795791626
    ],
    "abs_1": [
        19.337987899780273,
        2.0987889766693115
    ],
    "tpr_0": [
        15.150527000427246,
        2.830533266067505
    ],
    "tpr_1": [
        21.444549560546875,
        5.052529811859131
    ],
    "fnr_0": [
        47.25413131713867,
        2.953122854232788
    ],
    "fnr_1": [
        40.44138717651367,
        5.231876373291016
    ],
    "par_0": [
        37.595340728759766,
        3.2807974815368652
    ],
    "par_1": [
        38.11406326293945,
        4.779664039611816
    ],
    "fpr_0": [
        0.6073258519172668,
        0.16736312210559845
    ],
    "fpr_1": [
        2.413121223449707,
        0.9012715220451355
    ],
    "tnr_0": [
        96.38539123535156,
        0.36234787106513977
    ],
    "tnr_1": [
        85.72583770751953,
        2.3242123126983643
    ],
    "nar_0": [
        3.007288694381714,
        0.33573299646377563
    ],
    "nar_1": [
        11.861035346984863,
        2.285020351409912
    ]
}