{
    "cov": [
        45.10401916503906,
        0.8647223114967346
    ],
    "acc": [
        99.15657043457031,
        0.07573237270116806
    ],
    "pos_0": [
        0.4222429394721985,
        0.067662812769413
    ],
    "pos_1": [
        0.4555038511753082,
        0.32899540662765503
    ],
    "neg_0": [
        44.693389892578125,
        0.8942565321922302
    ],
    "neg_1": [
        44.4828987121582,
        3.1252987384796143
    ],
    "abs_0": [
        54.884368896484375,
        0.9049766659736633
    ],
    "abs_1": [
        55.06159591674805,
        3.1767241954803467
    ],
    "tpr_0": [
        2.877910852432251,
        0.4769425392150879
    ],
    "tpr_1": [
        0.9670426249504089,
        0.9270167946815491
    ],
    "fnr_0": [
        0.926770031452179,
        0.3002502918243408
    ],
    "fnr_1": [
        7.86607551574707,
        1.8904322385787964
    ],
    "par_0": [
        96.19532012939453,
        0.4683646559715271
    ],
    "par_1": [
        91.16688537597656,
        1.9391616582870483
    ],
    "fpr_0": [
        0.15290752053260803,
        0.04414873197674751
    ],
    "fpr_1": [
        0.2528385818004608,
        0.2051078826189041
    ],
    "tnr_0": [
        49.499629974365234,
        0.9701710343360901
    ],
    "tnr_1": [
        58.97184753417969,
        3.567225933074951
    ],
    "nar_0": [
        50.34746170043945,
        0.9872322678565979
    ],
    "nar_1": [
        40.77531433105469,
        3.564234733581543
    ]
}