{
    "cov": [
        97.24690246582031,
        1.3094422817230225
    ],
    "acc": [
        90.8494644165039,
        0.5985968708992004
    ],
    "pos_0": [
        1.569632649421692,
        0.4174324870109558
    ],
    "pos_1": [
        0.17445245385169983,
        0.22487978637218475
    ],
    "neg_0": [
        95.89592742919922,
        1.1159526109695435
    ],
    "neg_1": [
        94.08325958251953,
        4.129944801330566
    ],
    "abs_0": [
        2.534442901611328,
        1.1661200523376465
    ],
    "abs_1": [
        5.742290496826172,
        4.14355993270874
    ],
    "tpr_0": [
        11.689794540405273,
        3.0399677753448486
    ],
    "tpr_1": [
        0.5506351590156555,
        0.7291848659515381
    ],
    "fnr_0": [
        73.83848571777344,
        5.537137508392334
    ],
    "fnr_1": [
        84.78587341308594,
        10.113471031188965
    ],
    "par_0": [
        14.471721649169922,
        5.846858501434326
    ],
    "par_1": [
        14.66348934173584,
        10.143735885620117
    ],
    "fpr_0": [
        0.4475048780441284,
        0.1441376954317093
    ],
    "fpr_1": [
        0.029453586786985397,
        0.08146936446428299
    ],
    "tnr_0": [
        98.34988403320312,
        0.6596598625183105
    ],
    "tnr_1": [
        97.81375122070312,
        1.8686481714248657
    ],
    "nar_0": [
        1.2026140689849854,
        0.6661443114280701
    ],
    "nar_1": [
        2.156797409057617,
        1.866337776184082
    ]
}