{
    "cov": [
        99.21048736572266,
        0.5601935982704163
    ],
    "acc": [
        90.06181335449219,
        0.44846487045288086
    ],
    "pos_0": [
        1.885109305381775,
        0.3575896918773651
    ],
    "pos_1": [
        0.4514607787132263,
        0.5074824094772339
    ],
    "neg_0": [
        97.48331451416016,
        0.6065153479576111
    ],
    "neg_1": [
        96.60719299316406,
        2.707712173461914
    ],
    "abs_0": [
        0.6315670013427734,
        0.4814854860305786
    ],
    "abs_1": [
        2.941338539123535,
        2.6591615676879883
    ],
    "tpr_0": [
        14.037734031677246,
        2.6316487789154053
    ],
    "tpr_1": [
        1.166560411453247,
        1.3290764093399048
    ],
    "fnr_0": [
        81.97607421875,
        4.051923751831055
    ],
    "fnr_1": [
        90.78618621826172,
        7.556023597717285
    ],
    "par_0": [
        3.986201286315918,
        3.0590054988861084
    ],
    "par_1": [
        8.04725170135498,
        7.412078857421875
    ],
    "fpr_0": [
        0.5343484878540039,
        0.12715744972229004
    ],
    "fpr_1": [
        0.1662895232439041,
        0.25162792205810547
    ],
    "tnr_0": [
        99.20892333984375,
        0.2418101578950882
    ],
    "tnr_1": [
        98.92084503173828,
        0.9916765093803406
    ],
    "nar_0": [
        0.25672924518585205,
        0.20692069828510284
    ],
    "nar_1": [
        0.9128615260124207,
        0.9724215269088745
    ]
}