{
    "cov": [
        84.34910583496094,
        6.472597122192383
    ],
    "acc": [
        93.74215698242188,
        1.1862106323242188
    ],
    "pos_0": [
        0.0,
        0.0
    ],
    "pos_1": [
        0.0,
        0.0
    ],
    "neg_0": [
        85.15970611572266,
        6.427794456481934
    ],
    "neg_1": [
        73.24247741699219,
        8.552857398986816
    ],
    "abs_0": [
        14.84029769897461,
        6.427794456481934
    ],
    "abs_1": [
        26.757524490356445,
        8.5528564453125
    ],
    "tpr_0": [
        0.0,
        0.0
    ],
    "tpr_1": [
        0.0,
        0.0
    ],
    "fnr_0": [
        47.071083068847656,
        12.474556922912598
    ],
    "fnr_1": [
        49.05851364135742,
        10.99118709564209
    ],
    "par_0": [
        52.92891311645508,
        12.474557876586914
    ],
    "par_1": [
        50.94148635864258,
        10.991186141967773
    ],
    "fpr_0": [
        0.0,
        0.0
    ],
    "fpr_1": [
        0.0,
        0.0
    ],
    "tnr_0": [
        89.39356231689453,
        5.84746789932251
    ],
    "tnr_1": [
        82.90277862548828,
        7.932190418243408
    ],
    "nar_0": [
        10.606433868408203,
        5.847466945648193
    ],
    "nar_1": [
        17.097213745117188,
        7.932190418243408
    ]
}