{
    "cov": [
        100.0,
        0.0
    ],
    "acc": [
        89.07161712646484,
        0.48819658160209656
    ],
    "pos_0": [
        0.677519679069519,
        0.8572018146514893
    ],
    "pos_1": [
        0.7828406095504761,
        1.4007691144943237
    ],
    "neg_0": [
        99.32247924804688,
        0.8572022318840027
    ],
    "neg_1": [
        99.21715545654297,
        1.400768518447876
    ],
    "abs_0": [
        0.0,
        0.0
    ],
    "abs_1": [
        0.0,
        0.0
    ],
    "tpr_0": [
        5.010500907897949,
        6.152946472167969
    ],
    "tpr_1": [
        2.164828062057495,
        3.818452835083008
    ],
    "fnr_0": [
        94.989501953125,
        6.152946472167969
    ],
    "fnr_1": [
        97.83517456054688,
        3.818453788757324
    ],
    "par_0": [
        0.0,
        0.0
    ],
    "par_1": [
        0.0,
        0.0
    ],
    "fpr_0": [
        0.192815363407135,
        0.26787069439888
    ],
    "fpr_1": [
        0.24052949249744415,
        0.4887418746948242
    ],
    "tnr_0": [
        99.80718231201172,
        0.2678699195384979
    ],
    "tnr_1": [
        99.75946807861328,
        0.4887423515319824
    ],
    "nar_0": [
        0.0,
        0.0
    ],
    "nar_1": [
        0.0,
        0.0
    ]
}