{
    "cov": [
        76.06360626220703,
        3.77661395072937
    ],
    "acc": [
        98.06126403808594,
        0.6767082810401917
    ],
    "pos_0": [
        0.06976166367530823,
        0.12185770273208618
    ],
    "pos_1": [
        0.7015160322189331,
        0.9418841004371643
    ],
    "neg_0": [
        78.68359375,
        3.7584598064422607
    ],
    "neg_1": [
        38.583351135253906,
        5.085875034332275
    ],
    "abs_0": [
        21.246644973754883,
        3.763925313949585
    ],
    "abs_1": [
        60.715126037597656,
        4.941617012023926
    ],
    "tpr_0": [
        0.5929746627807617,
        1.0125043392181396
    ],
    "tpr_1": [
        1.9996302127838135,
        2.547267198562622
    ],
    "fnr_0": [
        14.741171836853027,
        5.742941379547119
    ],
    "fnr_1": [
        5.4643402099609375,
        3.4495205879211426
    ],
    "par_0": [
        84.66584777832031,
        5.78084659576416
    ],
    "par_1": [
        92.53602600097656,
        3.994762897491455
    ],
    "fpr_0": [
        0.01156050618737936,
        0.025034766644239426
    ],
    "fpr_1": [
        0.18386989831924438,
        0.34635937213897705
    ],
    "tnr_0": [
        85.7938461303711,
        3.5334246158599854
    ],
    "tnr_1": [
        51.764686584472656,
        5.863178730010986
    ],
    "nar_0": [
        14.194591522216797,
        3.5333783626556396
    ],
    "nar_1": [
        48.05144119262695,
        5.835882186889648
    ]
}