{
    "cov": [
        73.85626983642578,
        8.649624824523926
    ],
    "acc": [
        98.29594421386719,
        0.8647163510322571
    ],
    "pos_0": [
        0.19598498940467834,
        0.11720583587884903
    ],
    "pos_1": [
        0.650224506855011,
        0.46871304512023926
    ],
    "neg_0": [
        76.2435531616211,
        8.765522003173828
    ],
    "neg_1": [
        37.88707733154297,
        7.340246200561523
    ],
    "abs_0": [
        23.560461044311523,
        8.820310592651367
    ],
    "abs_1": [
        61.46269226074219,
        7.483425617218018
    ],
    "tpr_0": [
        1.4001235961914062,
        0.9064702987670898
    ],
    "tpr_1": [
        1.9648336172103882,
        1.5011957883834839
    ],
    "fnr_0": [
        12.51807975769043,
        7.364230632781982
    ],
    "fnr_1": [
        4.787199974060059,
        3.9174866676330566
    ],
    "par_0": [
        86.08179473876953,
        7.735389232635498
    ],
    "par_1": [
        93.24796295166016,
        4.55859375
    ],
    "fpr_0": [
        0.0631101056933403,
        0.040273260325193405
    ],
    "fpr_1": [
        0.12577477097511292,
        0.2085915207862854
    ],
    "tnr_0": [
        83.33014678955078,
        9.067041397094727
    ],
    "tnr_1": [
        51.08243942260742,
        8.699809074401855
    ],
    "nar_0": [
        16.606740951538086,
        9.086352348327637
    ],
    "nar_1": [
        48.791786193847656,
        8.7046480178833
    ]
}