{
    "cov": [
        3.9359776973724365,
        1.0773407220840454
    ],
    "acc": [
        86.03907775878906,
        3.527745485305786
    ],
    "pos_0": [
        0.7144945859909058,
        0.5749490857124329
    ],
    "pos_1": [
        2.9759974479675293,
        1.2228645086288452
    ],
    "neg_0": [
        1.9605522155761719,
        1.5857172012329102
    ],
    "neg_1": [
        1.6326653957366943,
        1.2458984851837158
    ],
    "abs_0": [
        97.324951171875,
        1.8465588092803955
    ],
    "abs_1": [
        95.3913345336914,
        1.5076404809951782
    ],
    "tpr_0": [
        1.6143789291381836,
        1.2291905879974365
    ],
    "tpr_1": [
        5.330340385437012,
        2.0726680755615234
    ],
    "fnr_0": [
        0.8966808915138245,
        0.9196026921272278
    ],
    "fnr_1": [
        0.47024449706077576,
        0.4899487793445587
    ],
    "par_0": [
        97.48894500732422,
        1.6756625175476074
    ],
    "par_1": [
        94.19940948486328,
        2.024897813796997
    ],
    "fpr_0": [
        0.1347184032201767,
        0.23660072684288025
    ],
    "fpr_1": [
        0.7802184820175171,
        0.5416973233222961
    ],
    "tnr_0": [
        2.664349317550659,
        2.154137134552002
    ],
    "tnr_1": [
        2.7273313999176025,
        2.0089526176452637
    ],
    "nar_0": [
        97.20093536376953,
        2.2099108695983887
    ],
    "nar_1": [
        96.49244689941406,
        2.039579391479492
    ]
}