{
    "cov": [
        68.75713348388672,
        3.7002272605895996
    ],
    "acc": [
        71.80280303955078,
        1.3886611461639404
    ],
    "pos_0": [
        18.746994018554688,
        3.6091136932373047
    ],
    "pos_1": [
        20.802576065063477,
        3.157827615737915
    ],
    "neg_0": [
        48.49041748046875,
        3.4081335067749023
    ],
    "neg_1": [
        48.77273178100586,
        2.7090916633605957
    ],
    "abs_0": [
        32.76258850097656,
        5.229523658752441
    ],
    "abs_1": [
        30.424686431884766,
        3.223639965057373
    ],
    "tpr_0": [
        31.204442977905273,
        5.1174187660217285
    ],
    "tpr_1": [
        33.082088470458984,
        4.757394313812256
    ],
    "fnr_0": [
        32.80170440673828,
        4.264875411987305
    ],
    "fnr_1": [
        30.196163177490234,
        2.9239652156829834
    ],
    "par_0": [
        35.99385070800781,
        6.028452396392822
    ],
    "par_1": [
        36.72174835205078,
        4.552614688873291
    ],
    "fpr_0": [
        10.774298667907715,
        3.127192497253418
    ],
    "fpr_1": [
        9.330537796020508,
        2.1271843910217285
    ],
    "tnr_0": [
        58.58937454223633,
        4.078909397125244
    ],
    "tnr_1": [
        66.12418365478516,
        3.049123764038086
    ],
    "nar_0": [
        30.63632583618164,
        5.399235248565674
    ],
    "nar_1": [
        24.545278549194336,
        2.8930516242980957
    ]
}