{
    "cov": [
        71.8329849243164,
        2.7686972618103027
    ],
    "acc": [
        71.0313949584961,
        1.606668472290039
    ],
    "pos_0": [
        19.911407470703125,
        3.1596693992614746
    ],
    "pos_1": [
        21.384296417236328,
        2.4773106575012207
    ],
    "neg_0": [
        51.36378860473633,
        3.8628950119018555
    ],
    "neg_1": [
        50.74736785888672,
        3.0872063636779785
    ],
    "abs_0": [
        28.72480010986328,
        3.8885228633880615
    ],
    "abs_1": [
        27.86833381652832,
        2.582698106765747
    ],
    "tpr_0": [
        32.630577087402344,
        4.877497673034668
    ],
    "tpr_1": [
        33.91352462768555,
        4.226504325866699
    ],
    "fnr_0": [
        35.67927169799805,
        4.75791597366333
    ],
    "fnr_1": [
        32.3633918762207,
        3.6663403511047363
    ],
    "par_0": [
        31.69015121459961,
        5.501532554626465
    ],
    "par_1": [
        33.723079681396484,
        3.574550151824951
    ],
    "fpr_0": [
        11.771873474121094,
        2.764342784881592
    ],
    "fpr_1": [
        9.704029083251953,
        1.6920897960662842
    ],
    "tnr_0": [
        61.429832458496094,
        3.6957356929779053
    ],
    "tnr_1": [
        67.91543579101562,
        3.231017827987671
    ],
    "nar_0": [
        26.798295974731445,
        3.877060890197754
    ],
    "nar_1": [
        22.380529403686523,
        2.6231627464294434
    ]
}