{
    "cov": [
        1.2359081506729126,
        1.3061201572418213
    ],
    "acc": [
        61.11497497558594,
        39.740257263183594
    ],
    "pos_0": [
        0.2909530997276306,
        0.515902042388916
    ],
    "pos_1": [
        0.5118480324745178,
        0.7444906830787659
    ],
    "neg_0": [
        0.5946336388587952,
        0.9902907013893127
    ],
    "neg_1": [
        0.9175897240638733,
        1.5656416416168213
    ],
    "abs_0": [
        99.11441040039062,
        1.0659189224243164
    ],
    "abs_1": [
        98.57056427001953,
        1.6586782932281494
    ],
    "tpr_0": [
        0.546825110912323,
        0.9998255968093872
    ],
    "tpr_1": [
        0.9352731108665466,
        1.3255844116210938
    ],
    "fnr_0": [
        0.2371862679719925,
        0.5495717525482178
    ],
    "fnr_1": [
        0.3354111313819885,
        0.8453295230865479
    ],
    "par_0": [
        99.21598052978516,
        1.0578911304473877
    ],
    "par_1": [
        98.72931671142578,
        1.4542224407196045
    ],
    "fpr_0": [
        0.12107120454311371,
        0.2505345046520233
    ],
    "fpr_1": [
        0.12204324454069138,
        0.27021917700767517
    ],
    "tnr_0": [
        0.8387203812599182,
        1.3713657855987549
    ],
    "tnr_1": [
        1.4552772045135498,
        2.304431438446045
    ],
    "nar_0": [
        99.04021453857422,
        1.360770583152771
    ],
    "nar_1": [
        98.42267608642578,
        2.305271863937378
    ]
}