{
    "cov": [
        2.7696590423583984,
        0.7062554955482483
    ],
    "acc": [
        86.60295104980469,
        5.703954219818115
    ],
    "pos_0": [
        0.6741644144058228,
        0.46176379919052124
    ],
    "pos_1": [
        2.931230306625366,
        0.9498507380485535
    ],
    "neg_0": [
        0.807278573513031,
        1.2500848770141602
    ],
    "neg_1": [
        0.5220564007759094,
        0.4605790972709656
    ],
    "abs_0": [
        98.5185546875,
        1.424265742301941
    ],
    "abs_1": [
        96.54671478271484,
        0.9456273913383484
    ],
    "tpr_0": [
        1.4921479225158691,
        1.0083348751068115
    ],
    "tpr_1": [
        5.2609734535217285,
        1.5908942222595215
    ],
    "fnr_0": [
        0.24867504835128784,
        0.45393016934394836
    ],
    "fnr_1": [
        0.1910463124513626,
        0.20193566381931305
    ],
    "par_0": [
        98.2591781616211,
        1.2133909463882446
    ],
    "par_1": [
        94.54798889160156,
        1.5693706274032593
    ],
    "fpr_0": [
        0.16069576144218445,
        0.23618438839912415
    ],
    "fpr_1": [
        0.755267322063446,
        0.4727981686592102
    ],
    "tnr_0": [
        1.1976068019866943,
        1.9508734941482544
    ],
    "tnr_1": [
        0.8365774154663086,
        0.778587818145752
    ],
    "nar_0": [
        98.6417007446289,
        1.9936102628707886
    ],
    "nar_1": [
        98.40814971923828,
        0.8500877618789673
    ]
}