{
    "cov": [
        46.190673828125,
        5.15252685546875
    ],
    "acc": [
        75.65104675292969,
        1.5035810470581055
    ],
    "pos_0": [
        8.766942024230957,
        2.9772136211395264
    ],
    "pos_1": [
        11.930490493774414,
        3.602393627166748
    ],
    "neg_0": [
        34.481197357177734,
        5.57285213470459
    ],
    "neg_1": [
        35.806861877441406,
        5.009579658508301
    ],
    "abs_0": [
        56.75185775756836,
        5.603531360626221
    ],
    "abs_1": [
        52.26264572143555,
        5.508408069610596
    ],
    "tpr_0": [
        16.182533264160156,
        5.161240100860596
    ],
    "tpr_1": [
        19.650217056274414,
        5.806672096252441
    ],
    "fnr_0": [
        19.887786865234375,
        4.7463908195495605
    ],
    "fnr_1": [
        19.350656509399414,
        3.6837000846862793
    ],
    "par_0": [
        63.9296760559082,
        6.313535213470459
    ],
    "par_1": [
        60.99913024902344,
        6.074012279510498
    ],
    "fpr_0": [
        4.071145534515381,
        2.065781354904175
    ],
    "fpr_1": [
        4.727640628814697,
        1.8578649759292603
    ],
    "tnr_0": [
        43.87334060668945,
        6.7084550857543945
    ],
    "tnr_1": [
        51.19382095336914,
        6.792236328125
    ],
    "nar_0": [
        52.055511474609375,
        6.46462869644165
    ],
    "nar_1": [
        44.07853317260742,
        6.789826393127441
    ]
}