{
    "cov": [
        36.876827239990234,
        9.157994270324707
    ],
    "acc": [
        77.65159606933594,
        5.1927361488342285
    ],
    "pos_0": [
        4.93254280090332,
        3.313948631286621
    ],
    "pos_1": [
        7.897432804107666,
        4.132693290710449
    ],
    "neg_0": [
        29.28643798828125,
        7.0041022300720215
    ],
    "neg_1": [
        30.366151809692383,
        8.351262092590332
    ],
    "abs_0": [
        65.78101348876953,
        8.072383880615234
    ],
    "abs_1": [
        61.73641586303711,
        10.034568786621094
    ],
    "tpr_0": [
        9.285773277282715,
        6.17732048034668
    ],
    "tpr_1": [
        13.217507362365723,
        6.626830577850342
    ],
    "fnr_0": [
        15.716212272644043,
        5.154723644256592
    ],
    "fnr_1": [
        15.689671516418457,
        5.121679782867432
    ],
    "par_0": [
        74.99801635742188,
        7.634223461151123
    ],
    "par_1": [
        71.09281921386719,
        8.460532188415527
    ],
    "fpr_0": [
        2.173431634902954,
        1.6208595037460327
    ],
    "fpr_1": [
        2.948143243789673,
        2.044053077697754
    ],
    "tnr_0": [
        38.015907287597656,
        8.918718338012695
    ],
    "tnr_1": [
        44.15536880493164,
        11.87039566040039
    ],
    "nar_0": [
        59.8106575012207,
        9.258556365966797
    ],
    "nar_1": [
        52.89647674560547,
        12.274885177612305
    ]
}