{
    "cov": [
        18.413360595703125,
        3.0664126873016357
    ],
    "acc": [
        80.7195053100586,
        1.7049808502197266
    ],
    "pos_0": [
        1.9361677169799805,
        0.7818149328231812
    ],
    "pos_1": [
        7.517528533935547,
        1.8850548267364502
    ],
    "neg_0": [
        18.838176727294922,
        4.728468894958496
    ],
    "neg_1": [
        9.692797660827637,
        2.0735554695129395
    ],
    "abs_0": [
        79.22564697265625,
        4.7478556632995605
    ],
    "abs_1": [
        82.78966522216797,
        3.200638771057129
    ],
    "tpr_0": [
        3.9806768894195557,
        1.5740606784820557
    ],
    "tpr_1": [
        12.767664909362793,
        3.0266470909118652
    ],
    "fnr_0": [
        9.058123588562012,
        2.9548423290252686
    ],
    "fnr_1": [
        4.04152774810791,
        1.3392759561538696
    ],
    "par_0": [
        86.96119689941406,
        3.2125332355499268
    ],
    "par_1": [
        83.1907958984375,
        3.382444143295288
    ],
    "fpr_0": [
        0.6316546201705933,
        0.3974667191505432
    ],
    "fpr_1": [
        2.624525785446167,
        1.1197092533111572
    ],
    "tnr_0": [
        25.17900276184082,
        6.458737373352051
    ],
    "tnr_1": [
        14.973244667053223,
        3.1289844512939453
    ],
    "nar_0": [
        74.1893310546875,
        6.429088592529297
    ],
    "nar_1": [
        82.4022216796875,
        3.5084621906280518
    ]
}