{
    "cov": [
        91.7439193725586,
        3.2690906524658203
    ],
    "acc": [
        64.22026062011719,
        1.1946996450424194
    ],
    "pos_0": [
        24.616697311401367,
        7.563852310180664
    ],
    "pos_1": [
        26.829511642456055,
        2.412646532058716
    ],
    "neg_0": [
        61.93409729003906,
        8.214337348937988
    ],
    "neg_1": [
        67.5644760131836,
        2.3868043422698975
    ],
    "abs_0": [
        13.449201583862305,
        9.506548881530762
    ],
    "abs_1": [
        5.606015682220459,
        1.3275737762451172
    ],
    "tpr_0": [
        35.80516052246094,
        7.887428283691406
    ],
    "tpr_1": [
        39.044857025146484,
        3.636798143386841
    ],
    "fnr_0": [
        50.11966323852539,
        9.026293754577637
    ],
    "fnr_1": [
        54.39031219482422,
        3.4906160831451416
    ],
    "par_0": [
        14.075181007385254,
        10.068720817565918
    ],
    "par_1": [
        6.564826011657715,
        1.6897985935211182
    ],
    "fpr_0": [
        17.2708797454834,
        7.786722183227539
    ],
    "fpr_1": [
        15.65786361694336,
        2.168368101119995
    ],
    "tnr_0": [
        69.6684341430664,
        7.992022514343262
    ],
    "tnr_1": [
        79.6084213256836,
        1.9714628458023071
    ],
    "nar_0": [
        13.06068229675293,
        9.308282852172852
    ],
    "nar_1": [
        4.733713150024414,
        1.4290248155593872
    ]
}