{
    "cov": [
        1.1997216939926147,
        0.5413830876350403
    ],
    "acc": [
        86.5494613647461,
        10.142704963684082
    ],
    "pos_0": [
        0.29578161239624023,
        0.2608169615268707
    ],
    "pos_1": [
        1.364796757698059,
        0.6693710088729858
    ],
    "neg_0": [
        0.19624648988246918,
        0.4489149749279022
    ],
    "neg_1": [
        0.2052745372056961,
        0.2507881820201874
    ],
    "abs_0": [
        99.50796508789062,
        0.5772711634635925
    ],
    "abs_1": [
        98.429931640625,
        0.6916056871414185
    ],
    "tpr_0": [
        0.715076744556427,
        0.6487221121788025
    ],
    "tpr_1": [
        2.490936756134033,
        1.301939845085144
    ],
    "fnr_0": [
        0.12528230249881744,
        0.2711121737957001
    ],
    "fnr_1": [
        0.06068887561559677,
        0.11790353059768677
    ],
    "par_0": [
        99.1596450805664,
        0.7591753005981445
    ],
    "par_1": [
        97.4483642578125,
        1.3210313320159912
    ],
    "fpr_0": [
        0.026058495044708252,
        0.09042864292860031
    ],
    "fpr_1": [
        0.31186917424201965,
        0.22248375415802002
    ],
    "tnr_0": [
        0.24504852294921875,
        0.5972656607627869
    ],
    "tnr_1": [
        0.3388117253780365,
        0.43846067786216736
    ],
    "nar_0": [
        99.7288818359375,
        0.5929592251777649
    ],
    "nar_1": [
        99.34931182861328,
        0.5661280751228333
    ]
}