{
    "cov": [
        0.23660403490066528,
        0.8628808259963989
    ],
    "acc": [
        14.08070182800293,
        33.29716110229492
    ],
    "pos_0": [
        0.0,
        0.0
    ],
    "pos_1": [
        0.0,
        0.0
    ],
    "neg_0": [
        0.4813278019428253,
        2.4066390991210938
    ],
    "neg_1": [
        0.11369499564170837,
        0.40388861298561096
    ],
    "abs_0": [
        99.51866912841797,
        2.406639814376831
    ],
    "abs_1": [
        99.88630676269531,
        0.40388771891593933
    ],
    "tpr_0": [
        0.0,
        0.0
    ],
    "tpr_1": [
        0.0,
        0.0
    ],
    "fnr_0": [
        0.23645320534706116,
        1.182266116142273
    ],
    "fnr_1": [
        0.05917953699827194,
        0.21557264029979706
    ],
    "par_0": [
        99.76354217529297,
        1.1822658777236938
    ],
    "par_1": [
        99.9408187866211,
        0.21557405591011047
    ],
    "fpr_0": [
        0.0,
        0.0
    ],
    "fpr_1": [
        0.0,
        0.0
    ],
    "tnr_0": [
        0.6594982147216797,
        3.2974910736083984
    ],
    "tnr_1": [
        0.16610988974571228,
        0.6003419756889343
    ],
    "nar_0": [
        99.34050750732422,
        3.2974908351898193
    ],
    "nar_1": [
        99.8338851928711,
        0.6003413796424866
    ]
}