{
    "cov": [
        1.9401531219482422,
        2.00820255279541
    ],
    "acc": [
        66.92145538330078,
        31.69412612915039
    ],
    "pos_0": [
        0.0,
        0.0
    ],
    "pos_1": [
        0.0,
        0.0
    ],
    "neg_0": [
        4.073062896728516,
        4.448230266571045
    ],
    "neg_1": [
        0.8426786661148071,
        1.246516227722168
    ],
    "abs_0": [
        95.92693328857422,
        4.448229789733887
    ],
    "abs_1": [
        99.1573257446289,
        1.2465155124664307
    ],
    "tpr_0": [
        0.0,
        0.0
    ],
    "tpr_1": [
        0.0,
        0.0
    ],
    "fnr_0": [
        2.2280845642089844,
        2.677572727203369
    ],
    "fnr_1": [
        0.40426722168922424,
        0.6405718922615051
    ],
    "par_0": [
        97.77191162109375,
        2.6775732040405273
    ],
    "par_1": [
        99.59573364257812,
        0.6405717730522156
    ],
    "fpr_0": [
        0.0,
        0.0
    ],
    "fpr_1": [
        0.0,
        0.0
    ],
    "tnr_0": [
        5.277695655822754,
        5.845684051513672
    ],
    "tnr_1": [
        1.25341796875,
        1.862917184829712
    ],
    "nar_0": [
        94.72230529785156,
        5.845685005187988
    ],
    "nar_1": [
        98.74658203125,
        1.8629170656204224
    ]
}