{
    "cov": [
        45.3723030090332,
        4.153027057647705
    ],
    "acc": [
        71.25830841064453,
        1.8954339027404785
    ],
    "pos_0": [
        11.718361854553223,
        2.702218532562256
    ],
    "pos_1": [
        11.979822158813477,
        1.8113561868667603
    ],
    "neg_0": [
        33.5577392578125,
        2.4967379570007324
    ],
    "neg_1": [
        33.40755844116211,
        5.283500671386719
    ],
    "abs_0": [
        54.723899841308594,
        3.3637869358062744
    ],
    "abs_1": [
        54.61262130737305,
        5.761070251464844
    ],
    "tpr_0": [
        19.433164596557617,
        3.916323184967041
    ],
    "tpr_1": [
        19.236841201782227,
        2.7184317111968994
    ],
    "fnr_0": [
        21.030345916748047,
        3.187058925628662
    ],
    "fnr_1": [
        22.303112030029297,
        4.415297985076904
    ],
    "par_0": [
        59.53648376464844,
        4.301584720611572
    ],
    "par_1": [
        58.46003723144531,
        5.204033851623535
    ],
    "fpr_0": [
        6.664109706878662,
        2.1335530281066895
    ],
    "fpr_1": [
        5.357311248779297,
        1.5598797798156738
    ],
    "tnr_0": [
        41.778621673583984,
        3.1437149047851562
    ],
    "tnr_1": [
        43.55506896972656,
        6.47463846206665
    ],
    "nar_0": [
        51.5572624206543,
        3.6023645401000977
    ],
    "nar_1": [
        51.087623596191406,
        6.9216628074646
    ]
}