{
    "cov": [
        30.363256454467773,
        8.65075397491455
    ],
    "acc": [
        74.39432525634766,
        15.75462818145752
    ],
    "pos_0": [
        3.964890718460083,
        2.966506242752075
    ],
    "pos_1": [
        6.683117389678955,
        4.14103889465332
    ],
    "neg_0": [
        24.06340789794922,
        7.2751688957214355
    ],
    "neg_1": [
        24.926612854003906,
        7.487692356109619
    ],
    "abs_0": [
        71.97169494628906,
        8.153521537780762
    ],
    "abs_1": [
        68.3902587890625,
        9.332874298095703
    ],
    "tpr_0": [
        7.586703777313232,
        5.718063831329346
    ],
    "tpr_1": [
        11.272722244262695,
        6.805385112762451
    ],
    "fnr_0": [
        12.196043014526367,
        4.77056360244751
    ],
    "fnr_1": [
        12.597709655761719,
        4.929513454437256
    ],
    "par_0": [
        80.21724700927734,
        7.228723049163818
    ],
    "par_1": [
        76.12957000732422,
        8.4469575881958
    ],
    "fpr_0": [
        1.6884030103683472,
        1.4993501901626587
    ],
    "fpr_1": [
        2.379652738571167,
        1.7775851488113403
    ],
    "tnr_0": [
        31.79005241394043,
        9.570040702819824
    ],
    "tnr_1": [
        36.53629684448242,
        10.547938346862793
    ],
    "nar_0": [
        66.52154541015625,
        9.747285842895508
    ],
    "nar_1": [
        61.08405303955078,
        10.975102424621582
    ]
}