{
    "cov": [
        2.499652147293091,
        1.8321455717086792
    ],
    "acc": [
        84.9234619140625,
        8.35730266571045
    ],
    "pos_0": [
        0.5313788652420044,
        0.9962366819381714
    ],
    "pos_1": [
        1.023834228515625,
        1.019639492034912
    ],
    "neg_0": [
        1.3689141273498535,
        2.785466432571411
    ],
    "neg_1": [
        1.8013250827789307,
        2.059438943862915
    ],
    "abs_0": [
        98.0997085571289,
        2.765793561935425
    ],
    "abs_1": [
        97.17484283447266,
        2.281796932220459
    ],
    "tpr_0": [
        1.0350946187973022,
        1.7189902067184448
    ],
    "tpr_1": [
        1.8550896644592285,
        1.8281010389328003
    ],
    "fnr_0": [
        0.6617082357406616,
        1.4049642086029053
    ],
    "fnr_1": [
        0.664840817451477,
        0.956139862537384
    ],
    "par_0": [
        98.30319213867188,
        2.033634901046753
    ],
    "par_1": [
        97.4800796508789,
        2.1289799213409424
    ],
    "fpr_0": [
        0.2080814093351364,
        0.5863578915596008
    ],
    "fpr_1": [
        0.2621782720088959,
        0.34186816215515137
    ],
    "tnr_0": [
        1.850974440574646,
        3.7950804233551025
    ],
    "tnr_1": [
        2.8648324012756348,
        3.151299476623535
    ],
    "nar_0": [
        97.94094848632812,
        3.7573535442352295
    ],
    "nar_1": [
        96.87298583984375,
        3.1362698078155518
    ]
}