{
    "cov": [
        26.466249465942383,
        8.473368644714355
    ],
    "acc": [
        78.3501968383789,
        3.0755178928375244
    ],
    "pos_0": [
        3.2661077976226807,
        2.2106239795684814
    ],
    "pos_1": [
        5.9968180656433105,
        2.9860875606536865
    ],
    "neg_0": [
        20.359233856201172,
        8.452266693115234
    ],
    "neg_1": [
        21.964202880859375,
        7.096490859985352
    ],
    "abs_0": [
        76.3746566772461,
        9.655722618103027
    ],
    "abs_1": [
        72.03898620605469,
        8.428287506103516
    ],
    "tpr_0": [
        6.191132068634033,
        4.371789455413818
    ],
    "tpr_1": [
        10.3267822265625,
        4.951013565063477
    ],
    "fnr_0": [
        10.56503677368164,
        5.582819938659668
    ],
    "fnr_1": [
        10.73823356628418,
        4.667791843414307
    ],
    "par_0": [
        83.24382781982422,
        8.497807502746582
    ],
    "par_1": [
        78.93498229980469,
        6.997692108154297
    ],
    "fpr_0": [
        1.4290714263916016,
        1.1049480438232422
    ],
    "fpr_1": [
        1.9472776651382446,
        1.23183274269104
    ],
    "tnr_0": [
        26.620929718017578,
        10.396756172180176
    ],
    "tnr_1": [
        32.484458923339844,
        9.816911697387695
    ],
    "nar_0": [
        71.94999694824219,
        10.678433418273926
    ],
    "nar_1": [
        65.5682601928711,
        10.29165267944336
    ]
}