{
    "cov": [
        0.4370215833187103,
        0.4609566330909729
    ],
    "acc": [
        76.0446548461914,
        36.16606521606445
    ],
    "pos_0": [
        0.09175056964159012,
        0.21228131651878357
    ],
    "pos_1": [
        0.5669448971748352,
        0.6464399099349976
    ],
    "neg_0": [
        0.01698513701558113,
        0.08492568880319595
    ],
    "neg_1": [
        0.04317189007997513,
        0.13273103535175323
    ],
    "abs_0": [
        99.89126586914062,
        0.22142378985881805
    ],
    "abs_1": [
        99.38987731933594,
        0.6567820906639099
    ],
    "tpr_0": [
        0.2387523353099823,
        0.5518587827682495
    ],
    "tpr_1": [
        1.030962347984314,
        1.142406702041626
    ],
    "fnr_0": [
        0.02139037288725376,
        0.10695186257362366
    ],
    "fnr_1": [
        0.008658008649945259,
        0.043290045112371445
    ],
    "par_0": [
        99.73986053466797,
        0.5525815486907959
    ],
    "par_1": [
        98.96038055419922,
        1.136783242225647
    ],
    "fpr_0": [
        0.0,
        0.0
    ],
    "fpr_1": [
        0.13235200941562653,
        0.2512224614620209
    ],
    "tnr_0": [
        0.014084506779909134,
        0.07042253762483597
    ],
    "tnr_1": [
        0.0763552188873291,
        0.22403883934020996
    ],
    "nar_0": [
        99.98591613769531,
        0.07042207568883896
    ],
    "nar_1": [
        99.79129028320312,
        0.36455026268959045
    ]
}