{
    "cov": [
        12.860125541687012,
        1.1896535158157349
    ],
    "acc": [
        77.30549621582031,
        2.846590995788574
    ],
    "pos_0": [
        4.9608001708984375,
        1.6095385551452637
    ],
    "pos_1": [
        5.26468563079834,
        1.1154727935791016
    ],
    "neg_0": [
        7.533950328826904,
        1.8495255708694458
    ],
    "neg_1": [
        7.781541347503662,
        1.059395432472229
    ],
    "abs_0": [
        87.50524139404297,
        2.1861422061920166
    ],
    "abs_1": [
        86.95378112792969,
        1.5881582498550415
    ],
    "tpr_0": [
        9.178297996520996,
        2.945495367050171
    ],
    "tpr_1": [
        8.809226989746094,
        1.819917917251587
    ],
    "fnr_0": [
        4.015763282775879,
        1.6021718978881836
    ],
    "fnr_1": [
        3.936558723449707,
        0.9721536040306091
    ],
    "par_0": [
        86.80593872070312,
        2.819828510284424
    ],
    "par_1": [
        87.25421142578125,
        2.0447206497192383
    ],
    "fpr_0": [
        2.1800405979156494,
        1.017742395401001
    ],
    "fpr_1": [
        2.031076669692993,
        0.8361341953277588
    ],
    "tnr_0": [
        9.855238914489746,
        2.4574410915374756
    ],
    "tnr_1": [
        11.308836936950684,
        1.584120512008667
    ],
    "nar_0": [
        87.96471405029297,
        2.4750285148620605
    ],
    "nar_1": [
        86.66007995605469,
        1.909061074256897
    ]
}