{
    "cov": [
        89.67292785644531,
        4.3788371086120605
    ],
    "acc": [
        64.49313354492188,
        1.1659282445907593
    ],
    "pos_0": [
        26.293842315673828,
        9.477119445800781
    ],
    "pos_1": [
        25.203691482543945,
        2.0065321922302246
    ],
    "neg_0": [
        60.897911071777344,
        6.550133228302002
    ],
    "neg_1": [
        65.65631866455078,
        4.396493434906006
    ],
    "abs_0": [
        12.808248519897461,
        9.89926528930664
    ],
    "abs_1": [
        9.139998435974121,
        3.5360236167907715
    ],
    "tpr_0": [
        37.788761138916016,
        10.15640640258789
    ],
    "tpr_1": [
        37.095916748046875,
        3.0016961097717285
    ],
    "fnr_0": [
        48.67832565307617,
        7.02675724029541
    ],
    "fnr_1": [
        52.3695068359375,
        4.863576412200928
    ],
    "par_0": [
        13.532912254333496,
        10.649646759033203
    ],
    "par_1": [
        10.534579277038574,
        3.4224727153778076
    ],
    "fpr_0": [
        18.744600296020508,
        9.267483711242676
    ],
    "fpr_1": [
        14.330849647521973,
        2.0674428939819336
    ],
    "tnr_0": [
        68.8999252319336,
        6.465205669403076
    ],
    "tnr_1": [
        77.80709838867188,
        4.3666205406188965
    ],
    "nar_0": [
        12.35547161102295,
        9.57177448272705
    ],
    "nar_1": [
        7.862056732177734,
        3.802220106124878
    ]
}