{
    "cov": [
        70.14335632324219,
        2.4190447330474854
    ],
    "acc": [
        71.47587585449219,
        1.2289341688156128
    ],
    "pos_0": [
        19.5371036529541,
        3.452291965484619
    ],
    "pos_1": [
        21.234088897705078,
        2.9589107036590576
    ],
    "neg_0": [
        49.45145797729492,
        2.8114471435546875
    ],
    "neg_1": [
        49.520790100097656,
        2.391463041305542
    ],
    "abs_0": [
        31.01143455505371,
        3.298558235168457
    ],
    "abs_1": [
        29.2451171875,
        2.4461886882781982
    ],
    "tpr_0": [
        32.536067962646484,
        5.600700378417969
    ],
    "tpr_1": [
        33.79051208496094,
        4.472905158996582
    ],
    "fnr_0": [
        34.10029602050781,
        3.7512214183807373
    ],
    "fnr_1": [
        31.017723083496094,
        2.399506092071533
    ],
    "par_0": [
        33.3636360168457,
        3.9717764854431152
    ],
    "par_1": [
        35.1917610168457,
        3.756964683532715
    ],
    "fpr_0": [
        11.231250762939453,
        2.8245160579681396
    ],
    "fpr_1": [
        9.51858139038086,
        2.1445093154907227
    ],
    "tnr_0": [
        59.334197998046875,
        3.5912022590637207
    ],
    "tnr_1": [
        66.7955551147461,
        2.7593395709991455
    ],
    "nar_0": [
        29.434553146362305,
        4.239062786102295
    ],
    "nar_1": [
        23.68585968017578,
        2.4157025814056396
    ]
}