{
    "cov": [
        10.045928955078125,
        2.5139734745025635
    ],
    "acc": [
        82.68817138671875,
        3.0402309894561768
    ],
    "pos_0": [
        1.2823002338409424,
        0.7633483409881592
    ],
    "pos_1": [
        5.053504467010498,
        1.8198356628417969
    ],
    "neg_0": [
        8.71330451965332,
        3.1269359588623047
    ],
    "neg_1": [
        5.041593074798584,
        1.9838908910751343
    ],
    "abs_0": [
        90.00439453125,
        3.3823435306549072
    ],
    "abs_1": [
        89.90489959716797,
        2.8876616954803467
    ],
    "tpr_0": [
        2.395406723022461,
        1.3025972843170166
    ],
    "tpr_1": [
        8.801892280578613,
        3.1748931407928467
    ],
    "fnr_0": [
        3.690577507019043,
        1.7559901475906372
    ],
    "fnr_1": [
        1.9326852560043335,
        1.1463302373886108
    ],
    "par_0": [
        93.91400909423828,
        2.4404585361480713
    ],
    "par_1": [
        89.26541900634766,
        3.4885454177856445
    ],
    "fpr_0": [
        0.5642029643058777,
        0.5010851621627808
    ],
    "fpr_1": [
        1.535468578338623,
        0.6932138204574585
    ],
    "tnr_0": [
        11.98501205444336,
        4.470239162445068
    ],
    "tnr_1": [
        7.969939231872559,
        2.975525379180908
    ],
    "nar_0": [
        87.4507827758789,
        4.534975051879883
    ],
    "nar_1": [
        90.49459075927734,
        3.1501102447509766
    ]
}