{
    "cov": [
        27.036882400512695,
        2.44217586517334
    ],
    "acc": [
        74.75381469726562,
        2.0331432819366455
    ],
    "pos_0": [
        8.571272850036621,
        2.6420347690582275
    ],
    "pos_1": [
        8.685525894165039,
        1.338609218597412
    ],
    "neg_0": [
        18.277576446533203,
        2.047325849533081
    ],
    "neg_1": [
        18.41031265258789,
        2.989471197128296
    ],
    "abs_0": [
        73.1511459350586,
        3.8818142414093018
    ],
    "abs_1": [
        72.90415954589844,
        2.8889410495758057
    ],
    "tpr_0": [
        14.9066743850708,
        3.9587979316711426
    ],
    "tpr_1": [
        14.079963684082031,
        2.244478702545166
    ],
    "fnr_0": [
        10.19006061553955,
        2.0518455505371094
    ],
    "fnr_1": [
        10.383072853088379,
        2.5079855918884277
    ],
    "par_0": [
        74.90327453613281,
        4.086373805999756
    ],
    "par_1": [
        75.5369644165039,
        2.972672462463379
    ],
    "fpr_0": [
        4.4097490310668945,
        2.096559762954712
    ],
    "fpr_1": [
        3.764885663986206,
        0.9234452843666077
    ],
    "tnr_0": [
        23.593544006347656,
        2.9058377742767334
    ],
    "tnr_1": [
        25.743711471557617,
        3.610764503479004
    ],
    "nar_0": [
        71.99671173095703,
        4.2741007804870605
    ],
    "nar_1": [
        70.49140167236328,
        3.600759744644165
    ]
}