{
    "cov": [
        52.11969757080078,
        4.495457172393799
    ],
    "acc": [
        75.1457290649414,
        1.4915543794631958
    ],
    "pos_0": [
        6.570106506347656,
        1.9011735916137695
    ],
    "pos_1": [
        18.772624969482422,
        3.013209342956543
    ],
    "neg_0": [
        50.19671630859375,
        3.715911865234375
    ],
    "neg_1": [
        30.95755958557129,
        3.488607168197632
    ],
    "abs_0": [
        43.23317337036133,
        4.360379219055176
    ],
    "abs_1": [
        50.269813537597656,
        5.334475994110107
    ],
    "tpr_0": [
        12.806110382080078,
        4.23294734954834
    ],
    "tpr_1": [
        29.995893478393555,
        4.3443450927734375
    ],
    "fnr_0": [
        34.20181655883789,
        4.589260101318359
    ],
    "fnr_1": [
        15.779732704162598,
        2.5493080615997314
    ],
    "par_0": [
        52.992069244384766,
        5.392687797546387
    ],
    "par_1": [
        54.224369049072266,
        5.847446441650391
    ],
    "fpr_0": [
        2.6025500297546387,
        0.9368424415588379
    ],
    "fpr_1": [
        8.30156135559082,
        2.216902494430542
    ],
    "tnr_0": [
        60.45293426513672,
        4.308875560760498
    ],
    "tnr_1": [
        45.130863189697266,
        4.76821756362915
    ],
    "nar_0": [
        36.944515228271484,
        4.639853477478027
    ],
    "nar_1": [
        46.56757736206055,
        5.7780656814575195
    ]
}