{
    "cov": [
        0.4982602894306183,
        0.8741902112960815
    ],
    "acc": [
        42.43546676635742,
        45.62842559814453
    ],
    "pos_0": [
        0.06582086533308029,
        0.14342620968818665
    ],
    "pos_1": [
        0.2568424940109253,
        0.6413074135780334
    ],
    "neg_0": [
        0.3244582414627075,
        0.7570540308952332
    ],
    "neg_1": [
        0.29918426275253296,
        0.9207760691642761
    ],
    "abs_0": [
        99.60972595214844,
        0.7410873174667358
    ],
    "abs_1": [
        99.4439697265625,
        1.1242047548294067
    ],
    "tpr_0": [
        0.10158662497997284,
        0.2903834283351898
    ],
    "tpr_1": [
        0.4451706111431122,
        1.0515457391738892
    ],
    "fnr_0": [
        0.1433611661195755,
        0.3487198054790497
    ],
    "fnr_1": [
        0.09290041774511337,
        0.3807466924190521
    ],
    "par_0": [
        99.75504302978516,
        0.4190340042114258
    ],
    "par_1": [
        99.46192932128906,
        1.1203111410140991
    ],
    "fpr_0": [
        0.03876277059316635,
        0.10715262591838837
    ],
    "fpr_1": [
        0.08169983327388763,
        0.33384397625923157
    ],
    "tnr_0": [
        0.4436284601688385,
        1.0281546115875244
    ],
    "tnr_1": [
        0.5008333325386047,
        1.4735463857650757
    ],
    "nar_0": [
        99.51760864257812,
        1.0162467956542969
    ],
    "nar_1": [
        99.4174575805664,
        1.5103596448898315
    ]
}