{
    "cov": [
        73.864990234375,
        6.89535665512085
    ],
    "acc": [
        69.98430633544922,
        2.0825905799865723
    ],
    "pos_0": [
        14.774581909179688,
        5.817800521850586
    ],
    "pos_1": [
        17.10696029663086,
        4.637251853942871
    ],
    "neg_0": [
        60.752445220947266,
        7.249287128448486
    ],
    "neg_1": [
        55.9105224609375,
        6.45671272277832
    ],
    "abs_0": [
        24.47296905517578,
        7.55797004699707
    ],
    "abs_1": [
        26.98251724243164,
        7.187172889709473
    ],
    "tpr_0": [
        25.3944091796875,
        8.326608657836914
    ],
    "tpr_1": [
        27.58132553100586,
        6.732254505157471
    ],
    "fnr_0": [
        44.75388717651367,
        8.113757133483887
    ],
    "fnr_1": [
        38.14979553222656,
        7.286266326904297
    ],
    "par_0": [
        29.851703643798828,
        8.8524751663208
    ],
    "par_1": [
        34.268882751464844,
        8.55272388458252
    ],
    "fpr_0": [
        7.985890865325928,
        4.408572196960449
    ],
    "fpr_1": [
        7.333252429962158,
        2.927429676055908
    ],
    "tnr_0": [
        71.02472686767578,
        6.855653762817383
    ],
    "tnr_1": [
        72.49934387207031,
        5.942075729370117
    ],
    "nar_0": [
        20.989376068115234,
        7.053151607513428
    ],
    "nar_1": [
        20.167400360107422,
        6.435250282287598
    ]
}