{
    "cov": [
        81.69798278808594,
        7.32509183883667
    ],
    "acc": [
        65.43560028076172,
        1.6095085144042969
    ],
    "pos_0": [
        23.355234146118164,
        6.748608112335205
    ],
    "pos_1": [
        22.558122634887695,
        2.4223053455352783
    ],
    "neg_0": [
        62.519718170166016,
        8.444437026977539
    ],
    "neg_1": [
        56.96981430053711,
        9.396084785461426
    ],
    "abs_0": [
        14.125049591064453,
        9.672514915466309
    ],
    "abs_1": [
        20.47206687927246,
        9.13485336303711
    ],
    "tpr_0": [
        34.498565673828125,
        7.121264934539795
    ],
    "tpr_1": [
        33.51573181152344,
        3.7071568965911865
    ],
    "fnr_0": [
        50.697509765625,
        8.620811462402344
    ],
    "fnr_1": [
        43.99668884277344,
        8.990621566772461
    ],
    "par_0": [
        14.803921699523926,
        10.292265892028809
    ],
    "par_1": [
        22.487577438354492,
        8.227470397949219
    ],
    "fpr_0": [
        16.04619598388672,
        6.890529155731201
    ],
    "fpr_1": [
        12.536282539367676,
        2.2329349517822266
    ],
    "tnr_0": [
        70.26549530029297,
        8.490718841552734
    ],
    "tnr_1": [
        68.83291625976562,
        10.065669059753418
    ],
    "nar_0": [
        13.688307762145996,
        9.414923667907715
    ],
    "nar_1": [
        18.63080596923828,
        10.183022499084473
    ]
}