{
    "cov": [
        56.57341766357422,
        3.0851409435272217
    ],
    "acc": [
        74.44794464111328,
        1.4985235929489136
    ],
    "pos_0": [
        7.211450576782227,
        1.5909792184829712
    ],
    "pos_1": [
        20.091854095458984,
        2.5508296489715576
    ],
    "neg_0": [
        54.5834846496582,
        3.255807876586914
    ],
    "neg_1": [
        33.796302795410156,
        2.699756383895874
    ],
    "abs_0": [
        38.20506286621094,
        3.681377649307251
    ],
    "abs_1": [
        46.111839294433594,
        3.3890857696533203
    ],
    "tpr_0": [
        13.956522941589355,
        2.870269536972046
    ],
    "tpr_1": [
        31.96261215209961,
        4.073257923126221
    ],
    "fnr_0": [
        38.43519592285156,
        3.8890957832336426
    ],
    "fnr_1": [
        17.814517974853516,
        2.233905076980591
    ],
    "par_0": [
        47.6082763671875,
        4.11246919631958
    ],
    "par_1": [
        50.222869873046875,
        4.544934272766113
    ],
    "fpr_0": [
        2.8770573139190674,
        1.086726188659668
    ],
    "fpr_1": [
        8.993897438049316,
        1.5748517513275146
    ],
    "tnr_0": [
        64.9505844116211,
        4.247950077056885
    ],
    "tnr_1": [
        48.725467681884766,
        3.6825897693634033
    ],
    "nar_0": [
        32.1723518371582,
        4.637128829956055
    ],
    "nar_1": [
        42.28063201904297,
        3.899423122406006
    ]
}