{
    "cov": [
        17.18580436706543,
        6.0153093338012695
    ],
    "acc": [
        80.49935913085938,
        3.059638261795044
    ],
    "pos_0": [
        2.2164082527160645,
        2.005831003189087
    ],
    "pos_1": [
        3.9590542316436768,
        2.303006172180176
    ],
    "neg_0": [
        13.036147117614746,
        6.613072872161865
    ],
    "neg_1": [
        14.254600524902344,
        5.622281551361084
    ],
    "abs_0": [
        84.7474365234375,
        7.120780944824219
    ],
    "abs_1": [
        81.78634643554688,
        6.126066207885742
    ],
    "tpr_0": [
        4.311481475830078,
        3.8553013801574707
    ],
    "tpr_1": [
        6.994156360626221,
        3.9908227920532227
    ],
    "fnr_0": [
        6.05627965927124,
        4.079906463623047
    ],
    "fnr_1": [
        6.3582763671875,
        3.0341601371765137
    ],
    "par_0": [
        89.63223266601562,
        6.159050941467285
    ],
    "par_1": [
        86.64756774902344,
        4.921203136444092
    ],
    "fpr_0": [
        0.8841569423675537,
        0.869194746017456
    ],
    "fpr_1": [
        1.1673811674118042,
        0.914546549320221
    ],
    "tnr_0": [
        17.513961791992188,
        8.343238830566406
    ],
    "tnr_1": [
        21.653827667236328,
        8.317519187927246
    ],
    "nar_0": [
        81.60187530517578,
        8.43889045715332
    ],
    "nar_1": [
        77.17878723144531,
        8.406563758850098
    ]
}