{
    "cov": [
        0.02505219168961048,
        0.07484234124422073
    ],
    "acc": [
        16.0,
        37.41657257080078
    ],
    "pos_0": [
        0.0,
        0.0
    ],
    "pos_1": [
        0.033774323761463165,
        0.09484072029590607
    ],
    "neg_0": [
        0.0,
        0.0
    ],
    "neg_1": [
        0.0042060986161231995,
        0.021030494943261147
    ],
    "abs_0": [
        100.0,
        0.0
    ],
    "abs_1": [
        99.96202087402344,
        0.11325553059577942
    ],
    "tpr_0": [
        0.0,
        0.0
    ],
    "tpr_1": [
        0.07023484259843826,
        0.19762107729911804
    ],
    "fnr_0": [
        0.0,
        0.0
    ],
    "fnr_1": [
        0.0,
        0.0
    ],
    "par_0": [
        100.0,
        0.0
    ],
    "par_1": [
        99.92976379394531,
        0.1976211965084076
    ],
    "fpr_0": [
        0.0,
        0.0
    ],
    "fpr_1": [
        0.0,
        0.0
    ],
    "tnr_0": [
        0.0,
        0.0
    ],
    "tnr_1": [
        0.008097165264189243,
        0.04048582911491394
    ],
    "nar_0": [
        100.0,
        0.0
    ],
    "nar_1": [
        99.99190521240234,
        0.04048512876033783
    ]
}