{
    "cov": [
        77.84272766113281,
        6.578654766082764
    ],
    "acc": [
        69.01005554199219,
        2.6184732913970947
    ],
    "pos_0": [
        14.084550857543945,
        5.658942699432373
    ],
    "pos_1": [
        17.81483268737793,
        4.073114395141602
    ],
    "neg_0": [
        66.38619232177734,
        8.936796188354492
    ],
    "neg_1": [
        58.64461135864258,
        8.178250312805176
    ],
    "abs_0": [
        19.529253005981445,
        7.8268632888793945
    ],
    "abs_1": [
        23.540552139282227,
        6.430184364318848
    ],
    "tpr_0": [
        24.498315811157227,
        8.605254173278809
    ],
    "tpr_1": [
        28.548995971679688,
        6.352407455444336
    ],
    "fnr_0": [
        50.89457321166992,
        10.72970962524414
    ],
    "fnr_1": [
        41.36758041381836,
        9.46314525604248
    ],
    "par_0": [
        24.60711097717285,
        9.206625938415527
    ],
    "par_1": [
        30.08342170715332,
        7.506205081939697
    ],
    "fpr_0": [
        7.439375400543213,
        4.226200103759766
    ],
    "fpr_1": [
        7.81521463394165,
        2.414815664291382
    ],
    "tnr_0": [
        76.3097915649414,
        8.364294052124023
    ],
    "tnr_1": [
        74.764892578125,
        7.592767715454102
    ],
    "nar_0": [
        16.250831604003906,
        7.623846054077148
    ],
    "nar_1": [
        17.419889450073242,
        6.1781721115112305
    ]
}