{
    "cov": [
        2.357689380645752,
        1.8781969547271729
    ],
    "acc": [
        83.5116195678711,
        19.18248176574707
    ],
    "pos_0": [
        0.30642589926719666,
        0.5066789388656616
    ],
    "pos_1": [
        0.9594610929489136,
        1.0672270059585571
    ],
    "neg_0": [
        1.5450785160064697,
        2.271650791168213
    ],
    "neg_1": [
        1.6758925914764404,
        2.042503833770752
    ],
    "abs_0": [
        98.14849090576172,
        2.2042784690856934
    ],
    "abs_1": [
        97.3646469116211,
        2.3344688415527344
    ],
    "tpr_0": [
        0.6827844381332397,
        1.2089401483535767
    ],
    "tpr_1": [
        1.7093676328659058,
        1.869041919708252
    ],
    "fnr_0": [
        0.46424490213394165,
        0.6654107570648193
    ],
    "fnr_1": [
        0.610372006893158,
        0.9570514559745789
    ],
    "par_0": [
        98.85296630859375,
        1.2179522514343262
    ],
    "par_1": [
        97.68025207519531,
        2.180046796798706
    ],
    "fpr_0": [
        0.08271951228380203,
        0.20618291199207306
    ],
    "fpr_1": [
        0.26994168758392334,
        0.3864261209964752
    ],
    "tnr_0": [
        2.2767632007598877,
        3.4573395252227783
    ],
    "tnr_1": [
        2.6921303272247314,
        3.1513588428497314
    ],
    "nar_0": [
        97.64051818847656,
        3.4660892486572266
    ],
    "nar_1": [
        97.03792572021484,
        3.178337812423706
    ]
}