{
    "cov": [
        59.5880241394043,
        3.9201622009277344
    ],
    "acc": [
        73.45360565185547,
        1.287054419517517
    ],
    "pos_0": [
        15.302617073059082,
        2.9230611324310303
    ],
    "pos_1": [
        17.644899368286133,
        2.860536813735962
    ],
    "neg_0": [
        41.445594787597656,
        3.0078072547912598
    ],
    "neg_1": [
        43.43949508666992,
        2.8368868827819824
    ],
    "abs_0": [
        43.25178527832031,
        4.834234714508057
    ],
    "abs_1": [
        38.91560363769531,
        3.871901750564575
    ],
    "tpr_0": [
        27.006086349487305,
        3.89150333404541
    ],
    "tpr_1": [
        28.41648292541504,
        4.557039737701416
    ],
    "fnr_0": [
        26.413368225097656,
        3.3393001556396484
    ],
    "fnr_1": [
        25.530414581298828,
        2.9659039974212646
    ],
    "par_0": [
        46.58053970336914,
        5.997488498687744
    ],
    "par_1": [
        46.0531005859375,
        5.045620918273926
    ],
    "fpr_0": [
        7.774765491485596,
        2.490980625152588
    ],
    "fpr_1": [
        7.58833122253418,
        1.6295182704925537
    ],
    "tnr_0": [
        51.130897521972656,
        3.654292583465576
    ],
    "tnr_1": [
        60.16780090332031,
        3.195220708847046
    ],
    "nar_0": [
        41.09433364868164,
        4.874940395355225
    ],
    "nar_1": [
        32.243865966796875,
        3.54555344581604
    ]
}