{
    "cov": [
        13.686847686767578,
        4.355630874633789
    ],
    "acc": [
        80.3548355102539,
        3.007798433303833
    ],
    "pos_0": [
        1.7251657247543335,
        1.5744833946228027
    ],
    "pos_1": [
        3.2674801349639893,
        1.720464825630188
    ],
    "neg_0": [
        10.147982597351074,
        5.121791362762451
    ],
    "neg_1": [
        11.384843826293945,
        4.1014251708984375
    ],
    "abs_0": [
        88.1268539428711,
        4.966058254241943
    ],
    "abs_1": [
        85.34767150878906,
        4.433363914489746
    ],
    "tpr_0": [
        3.409440279006958,
        3.1260533332824707
    ],
    "tpr_1": [
        5.757416725158691,
        2.9393913745880127
    ],
    "fnr_0": [
        4.782431125640869,
        2.864621639251709
    ],
    "fnr_1": [
        5.009592056274414,
        2.199849843978882
    ],
    "par_0": [
        91.80812072753906,
        3.496232748031616
    ],
    "par_1": [
        89.23298645019531,
        3.193925619125366
    ],
    "fpr_0": [
        0.6852036714553833,
        0.7292274236679077
    ],
    "fpr_1": [
        0.9515494108200073,
        0.7349681258201599
    ],
    "tnr_0": [
        13.627327919006348,
        6.941288948059082
    ],
    "tnr_1": [
        17.36515998840332,
        6.151530742645264
    ],
    "nar_0": [
        85.68746185302734,
        6.791991710662842
    ],
    "nar_1": [
        81.68328094482422,
        6.407692909240723
    ]
}