{
    "cov": [
        49.86499786376953,
        3.493077278137207
    ],
    "acc": [
        75.32064056396484,
        1.651520848274231
    ],
    "pos_0": [
        12.594403266906738,
        2.586944580078125
    ],
    "pos_1": [
        14.574435234069824,
        2.0514702796936035
    ],
    "neg_0": [
        34.61516189575195,
        2.7427172660827637
    ],
    "neg_1": [
        36.6868896484375,
        3.5576863288879395
    ],
    "abs_0": [
        52.79043197631836,
        3.581627368927002
    ],
    "abs_1": [
        48.73867416381836,
        4.1231889724731445
    ],
    "tpr_0": [
        23.25104522705078,
        4.216521739959717
    ],
    "tpr_1": [
        23.82144546508789,
        3.240739583969116
    ],
    "fnr_0": [
        19.91364860534668,
        3.6541380882263184
    ],
    "fnr_1": [
        20.243318557739258,
        2.9480772018432617
    ],
    "par_0": [
        56.83530044555664,
        4.89293098449707
    ],
    "par_1": [
        55.93523406982422,
        4.147823333740234
    ],
    "fpr_0": [
        5.745880126953125,
        1.835604190826416
    ],
    "fpr_1": [
        5.936365604400635,
        1.4368486404418945
    ],
    "tnr_0": [
        44.09225082397461,
        3.2639682292938232
    ],
    "tnr_1": [
        52.0297737121582,
        4.808493137359619
    ],
    "nar_0": [
        50.161869049072266,
        3.855285406112671
    ],
    "nar_1": [
        42.03386306762695,
        4.960812091827393
    ]
}