{
    "cov": [
        1.0744606256484985,
        0.42046448588371277
    ],
    "acc": [
        85.04945373535156,
        10.731414794921875
    ],
    "pos_0": [
        1.125206470489502,
        0.8640648722648621
    ],
    "pos_1": [
        0.9683497548103333,
        0.42965051531791687
    ],
    "neg_0": [
        0.15613213181495667,
        0.2722558081150055
    ],
    "neg_1": [
        0.004179728217422962,
        0.020898642018437386
    ],
    "abs_0": [
        98.71865844726562,
        0.9013024568557739
    ],
    "abs_1": [
        99.02747344970703,
        0.42987582087516785
    ],
    "tpr_0": [
        2.1765198707580566,
        1.6218029260635376
    ],
    "tpr_1": [
        1.795902967453003,
        0.7784801721572876
    ],
    "fnr_0": [
        0.06495726853609085,
        0.24083766341209412
    ],
    "fnr_1": [
        0.0,
        0.0
    ],
    "par_0": [
        97.75851440429688,
        1.5869792699813843
    ],
    "par_1": [
        98.2041015625,
        0.778480052947998
    ],
    "fpr_0": [
        0.4336760640144348,
        0.5182054042816162
    ],
    "fpr_1": [
        0.21141618490219116,
        0.24233558773994446
    ],
    "tnr_0": [
        0.216841921210289,
        0.3320699632167816
    ],
    "tnr_1": [
        0.007968127727508545,
        0.039840638637542725
    ],
    "nar_0": [
        99.34947967529297,
        0.6853682994842529
    ],
    "nar_1": [
        99.7806167602539,
        0.23833656311035156
    ]
}