{
    "cov": [
        13.798190116882324,
        1.296077013015747
    ],
    "acc": [
        76.94259643554688,
        3.299744129180908
    ],
    "pos_0": [
        5.168492317199707,
        1.5019347667694092
    ],
    "pos_1": [
        5.603424549102783,
        1.3183742761611938
    ],
    "neg_0": [
        8.254708290100098,
        1.9796433448791504
    ],
    "neg_1": [
        8.384075164794922,
        1.6202417612075806
    ],
    "abs_0": [
        86.5768051147461,
        2.414271593093872
    ],
    "abs_1": [
        86.01249694824219,
        2.180783271789551
    ],
    "tpr_0": [
        9.652658462524414,
        3.061833143234253
    ],
    "tpr_1": [
        9.325408935546875,
        1.9977166652679443
    ],
    "fnr_0": [
        4.555182933807373,
        1.8033583164215088
    ],
    "fnr_1": [
        4.335981845855713,
        1.1674129962921143
    ],
    "par_0": [
        85.79216003417969,
        3.3868496417999268
    ],
    "par_1": [
        86.33861541748047,
        2.24851655960083
    ],
    "fpr_0": [
        2.2292914390563965,
        0.90024733543396
    ],
    "fpr_1": [
        2.2052001953125,
        0.9810640811920166
    ],
    "tnr_0": [
        10.688211441040039,
        2.5181374549865723
    ],
    "tnr_1": [
        12.093213081359863,
        2.422595262527466
    ],
    "nar_0": [
        87.08248901367188,
        2.575507402420044
    ],
    "nar_1": [
        85.70159149169922,
        2.6584889888763428
    ]
}