{
    "cov": [
        54.40779113769531,
        4.46058988571167
    ],
    "acc": [
        74.32083892822266,
        1.911621332168579
    ],
    "pos_0": [
        10.909688949584961,
        4.677778244018555
    ],
    "pos_1": [
        13.755277633666992,
        3.3972318172454834
    ],
    "neg_0": [
        41.83049774169922,
        4.989906311035156
    ],
    "neg_1": [
        41.57075500488281,
        4.193130970001221
    ],
    "abs_0": [
        47.259803771972656,
        6.126859188079834
    ],
    "abs_1": [
        44.67396545410156,
        4.6081953048706055
    ],
    "tpr_0": [
        19.576684951782227,
        7.123182773590088
    ],
    "tpr_1": [
        22.550539016723633,
        5.234030246734619
    ],
    "fnr_0": [
        26.005949020385742,
        5.140414714813232
    ],
    "fnr_1": [
        23.665069580078125,
        4.227269649505615
    ],
    "par_0": [
        54.41736602783203,
        7.532562732696533
    ],
    "par_1": [
        53.78438186645508,
        5.6869893074035645
    ],
    "fpr_0": [
        5.366644382476807,
        3.4735453128814697
    ],
    "fpr_1": [
        5.546191215515137,
        1.9682725667953491
    ],
    "tnr_0": [
        52.012332916259766,
        5.624434947967529
    ],
    "tnr_1": [
        58.29894256591797,
        4.767101287841797
    ],
    "nar_0": [
        42.62101364135742,
        6.3279900550842285
    ],
    "nar_1": [
        36.15486145019531,
        4.6073102951049805
    ]
}