{
    "cov": [
        3.877523183822632,
        3.3947300910949707
    ],
    "acc": [
        76.82356262207031,
        24.65770721435547
    ],
    "pos_0": [
        0.4549066126346588,
        0.6013833284378052
    ],
    "pos_1": [
        1.1093873977661133,
        1.1657140254974365
    ],
    "neg_0": [
        2.6085145473480225,
        4.13557243347168
    ],
    "neg_1": [
        3.2152299880981445,
        3.6406002044677734
    ],
    "abs_0": [
        96.93657684326172,
        4.129944801330566
    ],
    "abs_1": [
        95.6753921508789,
        3.8392903804779053
    ],
    "tpr_0": [
        0.8909379243850708,
        1.1969728469848633
    ],
    "tpr_1": [
        2.0442824363708496,
        2.033104658126831
    ],
    "fnr_0": [
        1.0401580333709717,
        1.7405060529708862
    ],
    "fnr_1": [
        1.2634966373443604,
        1.5061883926391602
    ],
    "par_0": [
        98.06890106201172,
        2.0825161933898926
    ],
    "par_1": [
        96.69222259521484,
        2.487665891647339
    ],
    "fpr_0": [
        0.18019288778305054,
        0.3279286324977875
    ],
    "fpr_1": [
        0.2548699975013733,
        0.45271942019462585
    ],
    "tnr_0": [
        3.6435530185699463,
        5.851216793060303
    ],
    "tnr_1": [
        5.066377639770508,
        5.731359004974365
    ],
    "nar_0": [
        96.1762466430664,
        5.793747901916504
    ],
    "nar_1": [
        94.67874908447266,
        5.743069171905518
    ]
}