{
    "cov": [
        38.07933044433594,
        3.4573051929473877
    ],
    "acc": [
        77.37124633789062,
        1.3612309694290161
    ],
    "pos_0": [
        4.70948600769043,
        1.519636631011963
    ],
    "pos_1": [
        14.256298065185547,
        2.6209356784820557
    ],
    "neg_0": [
        36.40765380859375,
        3.0465705394744873
    ],
    "neg_1": [
        22.286333084106445,
        2.6374378204345703
    ],
    "abs_0": [
        58.882850646972656,
        3.682185173034668
    ],
    "abs_1": [
        63.457366943359375,
        4.291347503662109
    ],
    "tpr_0": [
        9.103848457336426,
        3.0231971740722656
    ],
    "tpr_1": [
        23.212549209594727,
        4.033290863037109
    ],
    "fnr_0": [
        21.3572998046875,
        3.7164721488952637
    ],
    "fnr_1": [
        10.64288330078125,
        2.1560781002044678
    ],
    "par_0": [
        69.53884887695312,
        4.885578155517578
    ],
    "par_1": [
        66.14456939697266,
        5.026198863983154
    ],
    "fpr_0": [
        1.9074941873550415,
        0.8821701407432556
    ],
    "fpr_1": [
        5.894084453582764,
        1.8222010135650635
    ],
    "tnr_0": [
        46.108680725097656,
        3.540975332260132
    ],
    "tnr_1": [
        33.15221405029297,
        3.4323830604553223
    ],
    "nar_0": [
        51.98382568359375,
        3.992466449737549
    ],
    "nar_1": [
        60.95370101928711,
        4.410040855407715
    ]
}