{
    "cov": [
        38.36882400512695,
        4.460146427154541
    ],
    "acc": [
        77.119384765625,
        1.616566777229309
    ],
    "pos_0": [
        7.2799201011657715,
        2.5651440620422363
    ],
    "pos_1": [
        10.397440910339355,
        2.7760791778564453
    ],
    "neg_0": [
        31.259611129760742,
        2.4560182094573975
    ],
    "neg_1": [
        27.90317726135254,
        4.161581993103027
    ],
    "abs_0": [
        61.46046829223633,
        3.6595547199249268
    ],
    "abs_1": [
        61.699378967285156,
        5.234498023986816
    ],
    "tpr_0": [
        14.237668991088867,
        5.104172229766846
    ],
    "tpr_1": [
        17.226354598999023,
        4.481204509735107
    ],
    "fnr_0": [
        17.023967742919922,
        3.389026403427124
    ],
    "fnr_1": [
        14.346653938293457,
        2.9134345054626465
    ],
    "par_0": [
        68.73836517333984,
        6.7882914543151855
    ],
    "par_1": [
        68.42698669433594,
        5.305388450622559
    ],
    "fpr_0": [
        2.8552401065826416,
        1.1930177211761475
    ],
    "fpr_1": [
        4.030007362365723,
        1.4940593242645264
    ],
    "tnr_0": [
        40.42820739746094,
        2.738053321838379
    ],
    "tnr_1": [
        40.54902267456055,
        5.706031322479248
    ],
    "nar_0": [
        56.716552734375,
        2.898716688156128
    ],
    "nar_1": [
        55.42096710205078,
        6.036973476409912
    ]
}