{
    "cov": [
        3.259568452835083,
        1.9454652070999146
    ],
    "acc": [
        80.02179718017578,
        17.473590850830078
    ],
    "pos_0": [
        0.4177876114845276,
        0.6406086087226868
    ],
    "pos_1": [
        1.0322927236557007,
        1.0582679510116577
    ],
    "neg_0": [
        1.9181098937988281,
        2.526334524154663
    ],
    "neg_1": [
        2.715955972671509,
        2.0073087215423584
    ],
    "abs_0": [
        97.66410064697266,
        2.596926212310791
    ],
    "abs_1": [
        96.25174713134766,
        2.390436887741089
    ],
    "tpr_0": [
        0.7703119516372681,
        1.1362112760543823
    ],
    "tpr_1": [
        1.9375728368759155,
        1.9387624263763428
    ],
    "fnr_0": [
        0.8086259961128235,
        1.2776265144348145
    ],
    "fnr_1": [
        1.0933938026428223,
        1.032941222190857
    ],
    "par_0": [
        98.42105865478516,
        1.7117772102355957
    ],
    "par_1": [
        96.96902465820312,
        2.3926687240600586
    ],
    "fpr_0": [
        0.18388481438159943,
        0.3827582001686096
    ],
    "fpr_1": [
        0.20398448407649994,
        0.35782089829444885
    ],
    "tnr_0": [
        2.653566837310791,
        3.438077926635742
    ],
    "tnr_1": [
        4.23555850982666,
        3.073535203933716
    ],
    "nar_0": [
        97.16254425048828,
        3.446643114089966
    ],
    "nar_1": [
        95.56045532226562,
        3.0677437782287598
    ]
}