{
    "cov": [
        46.22129821777344,
        3.757612943649292
    ],
    "acc": [
        76.56454467773438,
        1.6755180358886719
    ],
    "pos_0": [
        5.7860107421875,
        1.89200758934021
    ],
    "pos_1": [
        16.963626861572266,
        2.3365976810455322
    ],
    "neg_0": [
        43.45331954956055,
        4.021600723266602
    ],
    "neg_1": [
        27.71869659423828,
        3.0834364891052246
    ],
    "abs_0": [
        50.76067352294922,
        4.972771167755127
    ],
    "abs_1": [
        55.31767272949219,
        4.065436363220215
    ],
    "tpr_0": [
        11.25367259979248,
        3.7819318771362305
    ],
    "tpr_1": [
        27.45509147644043,
        3.773568868637085
    ],
    "fnr_0": [
        27.35256576538086,
        4.854216575622559
    ],
    "fnr_1": [
        13.445863723754883,
        2.577695846557617
    ],
    "par_0": [
        61.39375686645508,
        6.198485851287842
    ],
    "par_1": [
        59.09904098510742,
        4.770885944366455
    ],
    "fpr_0": [
        2.322756767272949,
        1.1188907623291016
    ],
    "fpr_1": [
        7.154759883880615,
        1.5917119979858398
    ],
    "tnr_0": [
        53.80080032348633,
        4.538846492767334
    ],
    "tnr_1": [
        41.072654724121094,
        4.153373718261719
    ],
    "nar_0": [
        43.87644577026367,
        5.178167343139648
    ],
    "nar_1": [
        51.7725830078125,
        4.556039333343506
    ]
}