{
    "cov": [
        55.707725524902344,
        4.422767639160156
    ],
    "acc": [
        69.1994400024414,
        1.5531541109085083
    ],
    "pos_0": [
        15.492792129516602,
        2.8774259090423584
    ],
    "pos_1": [
        15.838874816894531,
        2.836346387863159
    ],
    "neg_0": [
        38.21318435668945,
        5.915535926818848
    ],
    "neg_1": [
        40.91870880126953,
        4.718105316162109
    ],
    "abs_0": [
        46.294029235839844,
        6.750032901763916
    ],
    "abs_1": [
        43.24241638183594,
        5.103728294372559
    ],
    "tpr_0": [
        24.78592300415039,
        4.213162899017334
    ],
    "tpr_1": [
        24.752050399780273,
        4.055625915527344
    ],
    "fnr_0": [
        26.217378616333008,
        6.146930694580078
    ],
    "fnr_1": [
        28.7944278717041,
        4.3180155754089355
    ],
    "par_0": [
        48.996700286865234,
        7.499462127685547
    ],
    "par_1": [
        46.453514099121094,
        5.210580825805664
    ],
    "fpr_0": [
        9.386760711669922,
        2.300974130630493
    ],
    "fpr_1": [
        7.688390731811523,
        2.2036781311035156
    ],
    "tnr_0": [
        46.06528854370117,
        6.510639667510986
    ],
    "tnr_1": [
        51.989315032958984,
        5.485335350036621
    ],
    "nar_0": [
        44.547950744628906,
        6.930001735687256
    ],
    "nar_1": [
        40.32229232788086,
        5.734856605529785
    ]
}