{
    "cov": [
        53.013221740722656,
        6.508099555969238
    ],
    "acc": [
        73.38680267333984,
        2.8917465209960938
    ],
    "pos_0": [
        7.170485496520996,
        3.9292662143707275
    ],
    "pos_1": [
        10.43674373626709,
        3.851790189743042
    ],
    "neg_0": [
        43.7307014465332,
        7.821240425109863
    ],
    "neg_1": [
        43.6845588684082,
        7.046246528625488
    ],
    "abs_0": [
        49.09881591796875,
        7.288696765899658
    ],
    "abs_1": [
        45.87869644165039,
        7.025467395782471
    ],
    "tpr_0": [
        13.822287559509277,
        7.512014389038086
    ],
    "tpr_1": [
        17.452226638793945,
        6.023853778839111
    ],
    "fnr_0": [
        28.440780639648438,
        8.526453018188477
    ],
    "fnr_1": [
        26.448787689208984,
        6.687897682189941
    ],
    "par_0": [
        57.73693084716797,
        8.009353637695312
    ],
    "par_1": [
        56.09898376464844,
        6.827058792114258
    ],
    "fpr_0": [
        2.9454729557037354,
        1.7945395708084106
    ],
    "fpr_1": [
        3.9079513549804688,
        1.9831494092941284
    ],
    "tnr_0": [
        53.54792022705078,
        8.207422256469727
    ],
    "tnr_1": [
        59.79903030395508,
        8.083486557006836
    ],
    "nar_0": [
        43.50661087036133,
        8.013106346130371
    ],
    "nar_1": [
        36.29301071166992,
        8.065337181091309
    ]
}