{
    "cov": [
        48.47321319580078,
        3.585604190826416
    ],
    "acc": [
        75.77384185791016,
        1.3800923824310303
    ],
    "pos_0": [
        11.705824851989746,
        1.9240754842758179
    ],
    "pos_1": [
        14.032557487487793,
        2.4270482063293457
    ],
    "neg_0": [
        34.089569091796875,
        2.772665023803711
    ],
    "neg_1": [
        35.834022521972656,
        3.732557535171509
    ],
    "abs_0": [
        54.20460510253906,
        3.067704200744629
    ],
    "abs_1": [
        50.13341522216797,
        4.3589186668396
    ],
    "tpr_0": [
        22.240888595581055,
        3.2224044799804688
    ],
    "tpr_1": [
        22.98920440673828,
        3.6115541458129883
    ],
    "fnr_0": [
        19.04796028137207,
        3.261758804321289
    ],
    "fnr_1": [
        19.602312088012695,
        2.6276721954345703
    ],
    "par_0": [
        58.711151123046875,
        4.101681709289551
    ],
    "par_1": [
        57.40848159790039,
        3.8395490646362305
    ],
    "fpr_0": [
        4.965364933013916,
        1.6285550594329834
    ],
    "fpr_1": [
        5.6736297607421875,
        1.7082289457321167
    ],
    "tnr_0": [
        43.77066421508789,
        3.014275550842285
    ],
    "tnr_1": [
        50.9822883605957,
        5.218706130981445
    ],
    "nar_0": [
        51.26396179199219,
        3.4060301780700684
    ],
    "nar_1": [
        43.344078063964844,
        5.554840564727783
    ]
}