{
    "cov": [
        71.55741119384766,
        4.154947280883789
    ],
    "acc": [
        70.92292022705078,
        2.011519432067871
    ],
    "pos_0": [
        16.00629997253418,
        4.021457672119141
    ],
    "pos_1": [
        18.922773361206055,
        3.9792819023132324
    ],
    "neg_0": [
        57.04929733276367,
        5.40129280090332
    ],
    "neg_1": [
        51.86062240600586,
        5.8179216384887695
    ],
    "abs_0": [
        26.944406509399414,
        4.5909647941589355
    ],
    "abs_1": [
        29.216598510742188,
        4.608699321746826
    ],
    "tpr_0": [
        27.78778839111328,
        5.627418518066406
    ],
    "tpr_1": [
        30.086517333984375,
        5.965338230133057
    ],
    "fnr_0": [
        40.99476623535156,
        6.2570905685424805
    ],
    "fnr_1": [
        33.51426315307617,
        6.551506042480469
    ],
    "par_0": [
        31.217443466186523,
        5.567884922027588
    ],
    "par_1": [
        36.39921951293945,
        5.426062107086182
    ],
    "fpr_0": [
        8.493244171142578,
        3.423541307449341
    ],
    "fpr_1": [
        8.535894393920898,
        2.6105573177337646
    ],
    "tnr_0": [
        67.36181640625,
        5.369610786437988
    ],
    "tnr_1": [
        68.9783706665039,
        5.686142921447754
    ],
    "nar_0": [
        24.14493751525879,
        4.629940032958984
    ],
    "nar_1": [
        22.485736846923828,
        4.70859432220459
    ]
}