{
    "cov": [
        0.6986778378486633,
        0.4055139124393463
    ],
    "acc": [
        87.84107208251953,
        11.31702995300293
    ],
    "pos_0": [
        0.2947162389755249,
        0.30927374958992004
    ],
    "pos_1": [
        0.7775062322616577,
        0.5360318422317505
    ],
    "neg_0": [
        0.03335542976856232,
        0.07800953090190887
    ],
    "neg_1": [
        0.117806077003479,
        0.24470478296279907
    ],
    "abs_0": [
        99.67192077636719,
        0.32599973678588867
    ],
    "abs_1": [
        99.10468292236328,
        0.5691874027252197
    ],
    "tpr_0": [
        0.6794757843017578,
        0.7197373509407043
    ],
    "tpr_1": [
        1.3798372745513916,
        0.8972779512405396
    ],
    "fnr_0": [
        0.04201819747686386,
        0.14547300338745117
    ],
    "fnr_1": [
        0.05320415273308754,
        0.14633935689926147
    ],
    "par_0": [
        99.27849578857422,
        0.7589825391769409
    ],
    "par_1": [
        98.56696319580078,
        0.8677260279655457
    ],
    "fpr_0": [
        0.05108293518424034,
        0.14825879037380219
    ],
    "fpr_1": [
        0.2150101363658905,
        0.2895769476890564
    ],
    "tnr_0": [
        0.02822580561041832,
        0.09770552068948746
    ],
    "tnr_1": [
        0.17902667820453644,
        0.3939756453037262
    ],
    "nar_0": [
        99.92069244384766,
        0.16888928413391113
    ],
    "nar_1": [
        99.60595703125,
        0.4963274300098419
    ]
}