{
    "cov": [
        0.15031315386295319,
        0.2670215666294098
    ],
    "acc": [
        32.517459869384766,
        44.634559631347656
    ],
    "pos_0": [
        0.00803212821483612,
        0.0401606447994709
    ],
    "pos_1": [
        0.11455345153808594,
        0.3009221851825714
    ],
    "neg_0": [
        0.07302231341600418,
        0.3651115596294403
    ],
    "neg_1": [
        0.07270331680774689,
        0.25669988989830017
    ],
    "abs_0": [
        99.9189453125,
        0.3656475245952606
    ],
    "abs_1": [
        99.812744140625,
        0.3729572594165802
    ],
    "tpr_0": [
        0.020618554204702377,
        0.10309278219938278
    ],
    "tpr_1": [
        0.21071135997772217,
        0.5520069003105164
    ],
    "fnr_0": [
        0.04301075264811516,
        0.2150537669658661
    ],
    "fnr_1": [
        0.02577267587184906,
        0.09475713223218918
    ],
    "par_0": [
        99.93636322021484,
        0.23458221554756165
    ],
    "par_1": [
        99.76351165771484,
        0.5498878955841064
    ],
    "fpr_0": [
        0.0,
        0.0
    ],
    "fpr_1": [
        0.025284145027399063,
        0.09378665685653687
    ],
    "tnr_0": [
        0.09120521694421768,
        0.4560260772705078
    ],
    "tnr_1": [
        0.11935774236917496,
        0.4192243814468384
    ],
    "nar_0": [
        99.9087905883789,
        0.45602551102638245
    ],
    "nar_1": [
        99.85536193847656,
        0.42220568656921387
    ]
}