{
    "cov": [
        4.144745826721191,
        1.7991570234298706
    ],
    "acc": [
        84.80609893798828,
        4.191155433654785
    ],
    "pos_0": [
        0.6949259042739868,
        0.5548549890518188
    ],
    "pos_1": [
        1.6992467641830444,
        1.3455204963684082
    ],
    "neg_0": [
        2.7144458293914795,
        1.8532768487930298
    ],
    "neg_1": [
        2.8368217945098877,
        1.628745198249817
    ],
    "abs_0": [
        96.59062194824219,
        1.9227111339569092
    ],
    "abs_1": [
        95.46392059326172,
        1.9259768724441528
    ],
    "tpr_0": [
        1.420737385749817,
        1.1251957416534424
    ],
    "tpr_1": [
        3.035625457763672,
        2.34860897064209
    ],
    "fnr_0": [
        1.046669840812683,
        1.0038119554519653
    ],
    "fnr_1": [
        0.9555527567863464,
        0.7547551393508911
    ],
    "par_0": [
        97.5325927734375,
        1.5531681776046753
    ],
    "par_1": [
        96.00881958007812,
        2.2981090545654297
    ],
    "fpr_0": [
        0.22356559336185455,
        0.29886531829833984
    ],
    "fpr_1": [
        0.47277259826660156,
        0.5179312229156494
    ],
    "tnr_0": [
        3.818243980407715,
        2.699068307876587
    ],
    "tnr_1": [
        4.615798473358154,
        2.5740866661071777
    ],
    "nar_0": [
        95.95818328857422,
        2.712236166000366
    ],
    "nar_1": [
        94.91142272949219,
        2.5369791984558105
    ]
}