{
    "cov": [
        10.897703170776367,
        6.362550258636475
    ],
    "acc": [
        72.76561737060547,
        15.897427558898926
    ],
    "pos_0": [
        0.008048289455473423,
        0.04024145007133484
    ],
    "pos_1": [
        0.1405031979084015,
        0.5982720851898193
    ],
    "neg_0": [
        22.49764633178711,
        14.399338722229004
    ],
    "neg_1": [
        4.751481056213379,
        5.005406856536865
    ],
    "abs_0": [
        77.49430847167969,
        14.403047561645508
    ],
    "abs_1": [
        95.10801696777344,
        5.0038909912109375
    ],
    "tpr_0": [
        0.0,
        0.0
    ],
    "tpr_1": [
        0.2548428177833557,
        1.0552153587341309
    ],
    "fnr_0": [
        14.640727996826172,
        12.794090270996094
    ],
    "fnr_1": [
        2.5481185913085938,
        2.909709930419922
    ],
    "par_0": [
        85.3592758178711,
        12.794090270996094
    ],
    "par_1": [
        97.19703674316406,
        2.993044376373291
    ],
    "fpr_0": [
        0.013605441898107529,
        0.06802721321582794
    ],
    "fpr_1": [
        0.025974025949835777,
        0.12987013161182404
    ],
    "tnr_0": [
        27.510868072509766,
        15.812965393066406
    ],
    "tnr_1": [
        6.831279277801514,
        7.071465969085693
    ],
    "nar_0": [
        72.47551727294922,
        15.819241523742676
    ],
    "nar_1": [
        93.14275360107422,
        7.06225061416626
    ]
}