{
    "cov": [
        55.373695373535156,
        3.0462448596954346
    ],
    "acc": [
        74.21855926513672,
        1.2251157760620117
    ],
    "pos_0": [
        14.443754196166992,
        2.717132091522217
    ],
    "pos_1": [
        16.393634796142578,
        2.499898910522461
    ],
    "neg_0": [
        38.261741638183594,
        3.131164073944092
    ],
    "neg_1": [
        40.36069107055664,
        3.7731680870056152
    ],
    "abs_0": [
        47.29450225830078,
        3.684624671936035
    ],
    "abs_1": [
        43.24566650390625,
        3.306138515472412
    ],
    "tpr_0": [
        25.728273391723633,
        4.419890880584717
    ],
    "tpr_1": [
        26.622709274291992,
        3.9279189109802246
    ],
    "fnr_0": [
        23.35363006591797,
        3.5827033519744873
    ],
    "fnr_1": [
        23.01742172241211,
        3.3236610889434814
    ],
    "par_0": [
        50.918094635009766,
        5.064757823944092
    ],
    "par_1": [
        50.359867095947266,
        3.838656425476074
    ],
    "fpr_0": [
        7.200019836425781,
        2.070054054260254
    ],
    "fpr_1": [
        6.860562801361084,
        1.7200648784637451
    ],
    "tnr_0": [
        47.87107849121094,
        3.692333221435547
    ],
    "tnr_1": [
        56.5637092590332,
        4.668829441070557
    ],
    "nar_0": [
        44.92890167236328,
        3.8865861892700195
    ],
    "nar_1": [
        36.575721740722656,
        4.0282721519470215
    ]
}