{
    "cov": [
        0.008350729942321777,
        0.02308019995689392
    ],
    "acc": [
        12.0,
        33.1662483215332
    ],
    "pos_0": [
        0.0,
        0.0
    ],
    "pos_1": [
        0.012672048062086105,
        0.03502441197633743
    ],
    "neg_0": [
        0.0,
        0.0
    ],
    "neg_1": [
        0.0,
        0.0
    ],
    "abs_0": [
        100.0,
        0.0
    ],
    "abs_1": [
        99.98731994628906,
        0.03502635285258293
    ],
    "tpr_0": [
        0.0,
        0.0
    ],
    "tpr_1": [
        0.026021575555205345,
        0.07193537801504135
    ],
    "fnr_0": [
        0.0,
        0.0
    ],
    "fnr_1": [
        0.0,
        0.0
    ],
    "par_0": [
        100.0,
        0.0
    ],
    "par_1": [
        99.97398376464844,
        0.07193491607904434
    ],
    "fpr_0": [
        0.0,
        0.0
    ],
    "fpr_1": [
        0.0,
        0.0
    ],
    "tnr_0": [
        0.0,
        0.0
    ],
    "tnr_1": [
        0.0,
        0.0
    ],
    "nar_0": [
        100.0,
        0.0
    ],
    "nar_1": [
        100.0,
        0.0
    ]
}