{
    "cov": [
        46.12664794921875,
        10.278343200683594
    ],
    "acc": [
        74.88274383544922,
        3.2899460792541504
    ],
    "pos_0": [
        5.173102855682373,
        2.415269374847412
    ],
    "pos_1": [
        8.793872833251953,
        3.0283901691436768
    ],
    "neg_0": [
        39.14402389526367,
        11.080168724060059
    ],
    "neg_1": [
        38.28536605834961,
        9.452800750732422
    ],
    "abs_0": [
        55.68286895751953,
        11.527091979980469
    ],
    "abs_1": [
        52.92076110839844,
        10.237003326416016
    ],
    "tpr_0": [
        10.01261043548584,
        4.54468297958374
    ],
    "tpr_1": [
        14.898347854614258,
        4.858440399169922
    ],
    "fnr_0": [
        25.156219482421875,
        10.493081092834473
    ],
    "fnr_1": [
        21.857181549072266,
        7.940969467163086
    ],
    "par_0": [
        64.83116912841797,
        11.795111656188965
    ],
    "par_1": [
        63.24447250366211,
        9.162765502929688
    ],
    "fpr_0": [
        2.0809597969055176,
        1.2238738536834717
    ],
    "fpr_1": [
        3.095817804336548,
        1.5763047933578491
    ],
    "tnr_0": [
        48.15504455566406,
        11.846417427062988
    ],
    "tnr_1": [
        53.64912033081055,
        11.391788482666016
    ],
    "nar_0": [
        49.76399612426758,
        11.932577133178711
    ],
    "nar_1": [
        43.25505828857422,
        11.787690162658691
    ]
}