{
    "cov": [
        9.659011840820312,
        1.1077985763549805
    ],
    "acc": [
        78.51646423339844,
        3.550689697265625
    ],
    "pos_0": [
        4.169150352478027,
        1.1180139780044556
    ],
    "pos_1": [
        4.176183223724365,
        0.7841155529022217
    ],
    "neg_0": [
        5.50537109375,
        1.8070716857910156
    ],
    "neg_1": [
        5.479650497436523,
        1.412209153175354
    ],
    "abs_0": [
        90.32547760009766,
        2.2165894508361816
    ],
    "abs_1": [
        90.34416961669922,
        1.7279410362243652
    ],
    "tpr_0": [
        7.7242350578308105,
        2.2447400093078613
    ],
    "tpr_1": [
        7.21347188949585,
        1.386087417602539
    ],
    "fnr_0": [
        2.9990406036376953,
        1.3425648212432861
    ],
    "fnr_1": [
        2.5791168212890625,
        0.998418390750885
    ],
    "par_0": [
        89.27672576904297,
        2.29653263092041
    ],
    "par_1": [
        90.20741271972656,
        1.7807590961456299
    ],
    "fpr_0": [
        1.832952618598938,
        0.8180928230285645
    ],
    "fpr_1": [
        1.4069432020187378,
        0.6663355827331543
    ],
    "tnr_0": [
        7.136956691741943,
        2.4741291999816895
    ],
    "tnr_1": [
        8.13090705871582,
        2.0913872718811035
    ],
    "nar_0": [
        91.03009033203125,
        2.670403242111206
    ],
    "nar_1": [
        90.46215057373047,
        2.1914374828338623
    ]
}