{
    "cov": [
        65.84829711914062,
        3.1780402660369873
    ],
    "acc": [
        72.22328186035156,
        1.5491068363189697
    ],
    "pos_0": [
        17.846532821655273,
        3.7687206268310547
    ],
    "pos_1": [
        19.507579803466797,
        2.830860137939453
    ],
    "neg_0": [
        45.87409210205078,
        3.3846395015716553
    ],
    "neg_1": [
        47.46725082397461,
        2.4457664489746094
    ],
    "abs_0": [
        36.27937698364258,
        4.675450801849365
    ],
    "abs_1": [
        33.025169372558594,
        2.9389162063598633
    ],
    "tpr_0": [
        30.20856285095215,
        4.743621349334717
    ],
    "tpr_1": [
        31.07358169555664,
        4.020750999450684
    ],
    "fnr_0": [
        30.313011169433594,
        3.629585027694702
    ],
    "fnr_1": [
        29.153175354003906,
        2.7540931701660156
    ],
    "par_0": [
        39.47842025756836,
        5.163436412811279
    ],
    "par_1": [
        39.77324295043945,
        4.405548572540283
    ],
    "fpr_0": [
        9.905517578125,
        3.3454647064208984
    ],
    "fpr_1": [
        8.683684349060059,
        1.924282431602478
    ],
    "tnr_0": [
        55.899383544921875,
        4.233341693878174
    ],
    "tnr_1": [
        64.58546447753906,
        2.5062687397003174
    ],
    "nar_0": [
        34.19509506225586,
        5.111861705780029
    ],
    "nar_1": [
        26.730854034423828,
        2.5690107345581055
    ]
}