{
    "cov": [
        50.05427551269531,
        3.6658787727355957
    ],
    "acc": [
        75.3853988647461,
        1.5013017654418945
    ],
    "pos_0": [
        6.455826282501221,
        1.419326663017273
    ],
    "pos_1": [
        17.92013168334961,
        2.4230690002441406
    ],
    "neg_0": [
        47.65135955810547,
        4.833441734313965
    ],
    "neg_1": [
        30.04737663269043,
        2.403094530105591
    ],
    "abs_0": [
        45.8928108215332,
        5.436794757843018
    ],
    "abs_1": [
        52.03248977661133,
        3.8012917041778564
    ],
    "tpr_0": [
        12.756815910339355,
        3.2088847160339355
    ],
    "tpr_1": [
        28.621837615966797,
        3.6418538093566895
    ],
    "fnr_0": [
        31.91518783569336,
        4.644240856170654
    ],
    "fnr_1": [
        15.218502044677734,
        1.7185536623001099
    ],
    "par_0": [
        55.3279914855957,
        5.97851037979126
    ],
    "par_1": [
        56.1596565246582,
        4.178837776184082
    ],
    "fpr_0": [
        2.4536819458007812,
        0.877791702747345
    ],
    "fpr_1": [
        7.927405834197998,
        1.9762178659439087
    ],
    "tnr_0": [
        57.76229476928711,
        5.808778762817383
    ],
    "tnr_1": [
        43.89808654785156,
        3.7787528038024902
    ],
    "nar_0": [
        39.784019470214844,
        5.988577842712402
    ],
    "nar_1": [
        48.17451095581055,
        4.518159866333008
    ]
}