{
    "cov": [
        0.3897007703781128,
        0.6561978459358215
    ],
    "acc": [
        39.30537414550781,
        43.20814895629883
    ],
    "pos_0": [
        0.0,
        0.0
    ],
    "pos_1": [
        0.0,
        0.0
    ],
    "neg_0": [
        0.8522524237632751,
        1.4318150281906128
    ],
    "neg_1": [
        0.15909165143966675,
        0.42701151967048645
    ],
    "abs_0": [
        99.14775085449219,
        1.431814193725586
    ],
    "abs_1": [
        99.84090423583984,
        0.42701125144958496
    ],
    "tpr_0": [
        0.0,
        0.0
    ],
    "tpr_1": [
        0.0,
        0.0
    ],
    "fnr_0": [
        0.42772528529167175,
        0.7821519374847412
    ],
    "fnr_1": [
        0.10405078530311584,
        0.3096802830696106
    ],
    "par_0": [
        99.57227325439453,
        0.7821511626243591
    ],
    "par_1": [
        99.89594268798828,
        0.309680700302124
    ],
    "fpr_0": [
        0.0,
        0.0
    ],
    "fpr_1": [
        0.0,
        0.0
    ],
    "tnr_0": [
        1.1304148435592651,
        1.908236026763916
    ],
    "tnr_1": [
        0.20950916409492493,
        0.5452567934989929
    ],
    "nar_0": [
        98.86959075927734,
        1.908236026763916
    ],
    "nar_1": [
        99.79048919677734,
        0.5452567338943481
    ]
}