{
    "cov": [
        89.70912170410156,
        3.478097677230835
    ],
    "acc": [
        66.94482421875,
        1.7106609344482422
    ],
    "pos_0": [
        18.334218978881836,
        6.242639541625977
    ],
    "pos_1": [
        21.40572738647461,
        5.0061187744140625
    ],
    "neg_0": [
        74.57020568847656,
        6.94052267074585
    ],
    "neg_1": [
        66.61074829101562,
        6.508384704589844
    ],
    "abs_0": [
        7.095573425292969,
        3.215205430984497
    ],
    "abs_1": [
        11.983522415161133,
        4.510023593902588
    ],
    "tpr_0": [
        30.685081481933594,
        8.230056762695312
    ],
    "tpr_1": [
        33.76844024658203,
        7.270306587219238
    ],
    "fnr_0": [
        60.31936264038086,
        7.911228179931641
    ],
    "fnr_1": [
        50.57051467895508,
        8.276978492736816
    ],
    "par_0": [
        8.995549201965332,
        3.8692312240600586
    ],
    "par_1": [
        15.661046028137207,
        5.776666641235352
    ],
    "fpr_0": [
        10.400614738464355,
        5.24028205871582
    ],
    "fpr_1": [
        9.851449966430664,
        3.186871290206909
    ],
    "tnr_0": [
        83.7548828125,
        6.613057613372803
    ],
    "tnr_1": [
        81.5614242553711,
        5.353409290313721
    ],
    "nar_0": [
        5.844500541687012,
        3.116318464279175
    ],
    "nar_1": [
        8.587124824523926,
        3.730090379714966
    ]
}