{
    "cov": [
        31.512874603271484,
        2.7143359184265137
    ],
    "acc": [
        79.03627014160156,
        1.3911962509155273
    ],
    "pos_0": [
        7.602797031402588,
        2.5399210453033447
    ],
    "pos_1": [
        9.777555465698242,
        2.544550895690918
    ],
    "neg_0": [
        24.21602439880371,
        2.5601565837860107
    ],
    "neg_1": [
        21.595233917236328,
        2.9620556831359863
    ],
    "abs_0": [
        68.1811752319336,
        3.425328254699707
    ],
    "abs_1": [
        68.62721252441406,
        3.2283341884613037
    ],
    "tpr_0": [
        14.69116497039795,
        4.524319171905518
    ],
    "tpr_1": [
        16.32681655883789,
        4.136944770812988
    ],
    "fnr_0": [
        11.629612922668457,
        2.856170177459717
    ],
    "fnr_1": [
        9.971392631530762,
        2.2327888011932373
    ],
    "par_0": [
        73.67921447753906,
        4.76054573059082
    ],
    "par_1": [
        73.70179748535156,
        3.727992296218872
    ],
    "fpr_0": [
        3.0476841926574707,
        1.457378625869751
    ],
    "fpr_1": [
        3.667226791381836,
        1.3726093769073486
    ],
    "tnr_0": [
        32.32173156738281,
        3.151853561401367
    ],
    "tnr_1": [
        32.46271514892578,
        4.111107349395752
    ],
    "nar_0": [
        64.63057708740234,
        3.4822115898132324
    ],
    "nar_1": [
        63.870052337646484,
        4.161809921264648
    ]
}