{
    "cov": [
        67.39317321777344,
        6.555736064910889
    ],
    "acc": [
        67.25264739990234,
        1.66433584690094
    ],
    "pos_0": [
        20.794639587402344,
        6.771913528442383
    ],
    "pos_1": [
        18.817928314208984,
        3.5578348636627197
    ],
    "neg_0": [
        50.23517990112305,
        6.377195835113525
    ],
    "neg_1": [
        46.686767578125,
        8.956063270568848
    ],
    "abs_0": [
        28.97018051147461,
        7.550528049468994
    ],
    "abs_1": [
        34.495304107666016,
        9.136323928833008
    ],
    "tpr_0": [
        31.267196655273438,
        7.895722389221191
    ],
    "tpr_1": [
        28.618087768554688,
        5.043266296386719
    ],
    "fnr_0": [
        37.75908279418945,
        5.995673656463623
    ],
    "fnr_1": [
        34.317893981933594,
        8.812308311462402
    ],
    "par_0": [
        30.973718643188477,
        8.16848373413086
    ],
    "par_1": [
        37.06401824951172,
        9.694843292236328
    ],
    "fpr_0": [
        13.915732383728027,
        6.10999870300293
    ],
    "fpr_1": [
        9.856853485107422,
        2.893930435180664
    ],
    "tnr_0": [
        58.405765533447266,
        7.155553340911865
    ],
    "tnr_1": [
        57.9857063293457,
        9.155681610107422
    ],
    "nar_0": [
        27.678499221801758,
        7.646425247192383
    ],
    "nar_1": [
        32.157432556152344,
        8.96424388885498
    ]
}