{
    "cov": [
        7.409881591796875,
        4.672525882720947
    ],
    "acc": [
        81.63155364990234,
        4.877331256866455
    ],
    "pos_0": [
        0.8051706552505493,
        0.8147631287574768
    ],
    "pos_1": [
        2.063037633895874,
        1.4993945360183716
    ],
    "neg_0": [
        4.539527893066406,
        4.749972343444824
    ],
    "neg_1": [
        6.437898635864258,
        4.544521331787109
    ],
    "abs_0": [
        94.65530395507812,
        4.9716081619262695
    ],
    "abs_1": [
        91.49906158447266,
        5.198200225830078
    ],
    "tpr_0": [
        1.4753968715667725,
        1.5062733888626099
    ],
    "tpr_1": [
        3.6998205184936523,
        2.6831324100494385
    ],
    "fnr_0": [
        2.2128241062164307,
        2.8808541297912598
    ],
    "fnr_1": [
        2.4359781742095947,
        1.9910651445388794
    ],
    "par_0": [
        96.31177520751953,
        3.4962682723999023
    ],
    "par_1": [
        93.86419677734375,
        3.6819467544555664
    ],
    "fpr_0": [
        0.37700656056404114,
        0.45709845423698425
    ],
    "fpr_1": [
        0.5612186193466187,
        0.5786261558532715
    ],
    "tnr_0": [
        6.065668106079102,
        6.204337120056152
    ],
    "tnr_1": [
        10.15152645111084,
        7.0497565269470215
    ],
    "nar_0": [
        93.55731964111328,
        6.24234676361084
    ],
    "nar_1": [
        89.2872543334961,
        7.10830545425415
    ]
}