{
    "cov": [
        46.69728469848633,
        5.808996677398682
    ],
    "acc": [
        74.88593292236328,
        2.1340951919555664
    ],
    "pos_0": [
        7.190340995788574,
        3.663235902786255
    ],
    "pos_1": [
        10.853092193603516,
        3.792907238006592
    ],
    "neg_0": [
        36.18035888671875,
        5.8578314781188965
    ],
    "neg_1": [
        37.584197998046875,
        5.932958602905273
    ],
    "abs_0": [
        56.629295349121094,
        6.542440414428711
    ],
    "abs_1": [
        51.56270217895508,
        5.905754566192627
    ],
    "tpr_0": [
        13.52247142791748,
        6.660790920257568
    ],
    "tpr_1": [
        18.095094680786133,
        6.09428596496582
    ],
    "fnr_0": [
        21.717470169067383,
        5.30601692199707
    ],
    "fnr_1": [
        21.326181411743164,
        4.700304985046387
    ],
    "par_0": [
        64.76005554199219,
        7.096963882446289
    ],
    "par_1": [
        60.57872009277344,
        6.26891565322876
    ],
    "fpr_0": [
        3.158173084259033,
        2.04032826423645
    ],
    "fpr_1": [
        4.0995025634765625,
        1.8673604726791382
    ],
    "tnr_0": [
        45.48988342285156,
        7.018784046173096
    ],
    "tnr_1": [
        52.78258514404297,
        7.7332844734191895
    ],
    "nar_0": [
        51.35194396972656,
        7.4005842208862305
    ],
    "nar_1": [
        43.1179084777832,
        7.351305961608887
    ]
}