{
    "cov": [
        19.880306243896484,
        2.8725993633270264
    ],
    "acc": [
        80.8611831665039,
        2.0114471912384033
    ],
    "pos_0": [
        2.049426555633545,
        0.8929734826087952
    ],
    "pos_1": [
        7.737076759338379,
        1.7667162418365479
    ],
    "neg_0": [
        19.945646286010742,
        4.46299934387207
    ],
    "neg_1": [
        11.066923141479492,
        2.0508525371551514
    ],
    "abs_0": [
        78.00492095947266,
        4.653055667877197
    ],
    "abs_1": [
        81.19599151611328,
        2.746011734008789
    ],
    "tpr_0": [
        3.9954748153686523,
        1.7150609493255615
    ],
    "tpr_1": [
        13.252137184143066,
        2.9506688117980957
    ],
    "fnr_0": [
        9.473322868347168,
        3.0208613872528076
    ],
    "fnr_1": [
        4.702534198760986,
        1.4799556732177734
    ],
    "par_0": [
        86.53121185302734,
        3.425593137741089
    ],
    "par_1": [
        82.04533386230469,
        3.234531879425049
    ],
    "fpr_0": [
        0.8030886054039001,
        0.4893406331539154
    ],
    "fpr_1": [
        2.5912768840789795,
        0.9591587781906128
    ],
    "tnr_0": [
        26.751583099365234,
        5.898414611816406
    ],
    "tnr_1": [
        17.031095504760742,
        2.945011854171753
    ],
    "nar_0": [
        72.44532775878906,
        6.045886516571045
    ],
    "nar_1": [
        80.37762451171875,
        2.9940683841705322
    ]
}