{
    "cov": [
        16.590118408203125,
        1.6772589683532715
    ],
    "acc": [
        76.77420043945312,
        2.5533101558685303
    ],
    "pos_0": [
        6.076184272766113,
        2.106417417526245
    ],
    "pos_1": [
        6.037615776062012,
        1.3593255281448364
    ],
    "neg_0": [
        10.956146240234375,
        2.9763357639312744
    ],
    "neg_1": [
        10.347955703735352,
        2.036986827850342
    ],
    "abs_0": [
        82.96766662597656,
        3.5102648735046387
    ],
    "abs_1": [
        83.61443328857422,
        2.195173978805542
    ],
    "tpr_0": [
        11.031744003295898,
        3.454972505569458
    ],
    "tpr_1": [
        9.963371276855469,
        2.0955710411071777
    ],
    "fnr_0": [
        5.7822394371032715,
        2.3706796169281006
    ],
    "fnr_1": [
        5.308629989624023,
        1.4858791828155518
    ],
    "par_0": [
        83.1860122680664,
        3.992501974105835
    ],
    "par_1": [
        84.72799682617188,
        2.457091808319092
    ],
    "fpr_0": [
        2.8212976455688477,
        1.4404345750808716
    ],
    "fpr_1": [
        2.4509260654449463,
        0.9706517457962036
    ],
    "tnr_0": [
        14.381243705749512,
        3.913935899734497
    ],
    "tnr_1": [
        14.966078758239746,
        2.8639838695526123
    ],
    "nar_0": [
        82.7974624633789,
        4.103119373321533
    ],
    "nar_1": [
        82.5829849243164,
        2.873429536819458
    ]
}