{
    "cov": [
        81.23869323730469,
        2.7987592220306396
    ],
    "acc": [
        69.47344207763672,
        1.567214012145996
    ],
    "pos_0": [
        23.523536682128906,
        3.2889227867126465
    ],
    "pos_1": [
        24.21773338317871,
        2.857816219329834
    ],
    "neg_0": [
        57.52296829223633,
        3.163026809692383
    ],
    "neg_1": [
        57.12788772583008,
        3.1765096187591553
    ],
    "abs_0": [
        18.9534912109375,
        3.3191659450531006
    ],
    "abs_1": [
        18.654376983642578,
        2.9126479625701904
    ],
    "tpr_0": [
        37.29901885986328,
        4.76969051361084
    ],
    "tpr_1": [
        38.1052360534668,
        4.33420991897583
    ],
    "fnr_0": [
        41.59684371948242,
        4.239377975463867
    ],
    "fnr_1": [
        38.803489685058594,
        4.061357498168945
    ],
    "par_0": [
        21.10413932800293,
        4.711111068725586
    ],
    "par_1": [
        23.091272354125977,
        3.8944931030273438
    ],
    "fpr_0": [
        14.705666542053223,
        2.903264284133911
    ],
    "fpr_1": [
        11.262020111083984,
        2.070481538772583
    ],
    "tnr_0": [
        67.72777557373047,
        3.4310028553009033
    ],
    "tnr_1": [
        74.235107421875,
        3.037200689315796
    ],
    "nar_0": [
        17.566558837890625,
        3.235029697418213
    ],
    "nar_1": [
        14.502866744995117,
        2.634834051132202
    ]
}