{
    "cov": [
        84.82951354980469,
        6.026285171508789
    ],
    "acc": [
        68.43391418457031,
        2.1646409034729004
    ],
    "pos_0": [
        22.68549346923828,
        4.942862033843994
    ],
    "pos_1": [
        24.492328643798828,
        5.0265655517578125
    ],
    "neg_0": [
        63.97694778442383,
        8.115476608276367
    ],
    "neg_1": [
        59.36734390258789,
        8.154624938964844
    ],
    "abs_0": [
        13.33756160736084,
        6.466062545776367
    ],
    "abs_1": [
        16.14032745361328,
        6.442837238311768
    ],
    "tpr_0": [
        36.527557373046875,
        6.430824279785156
    ],
    "tpr_1": [
        37.96724319458008,
        6.406167507171631
    ],
    "fnr_0": [
        48.975257873535156,
        9.474098205566406
    ],
    "fnr_1": [
        41.83808898925781,
        9.388562202453613
    ],
    "par_0": [
        14.49718189239502,
        6.714321136474609
    ],
    "par_1": [
        20.19466781616211,
        7.399398326873779
    ],
    "fpr_0": [
        13.840934753417969,
        4.719673156738281
    ],
    "fpr_1": [
        11.927361488342285,
        4.114040851593018
    ],
    "tnr_0": [
        73.56182098388672,
        7.941414833068848
    ],
    "tnr_1": [
        75.7126235961914,
        7.401006698608398
    ],
    "nar_0": [
        12.597238540649414,
        6.479956150054932
    ],
    "nar_1": [
        12.360013961791992,
        5.948180198669434
    ]
}