{
    "cov": [
        1.0048713684082031,
        0.5966321229934692
    ],
    "acc": [
        87.00979614257812,
        11.346908569335938
    ],
    "pos_0": [
        0.360279381275177,
        0.28424879908561707
    ],
    "pos_1": [
        0.9985024929046631,
        0.6028662323951721
    ],
    "neg_0": [
        0.11773460358381271,
        0.2151525318622589
    ],
    "neg_1": [
        0.28718557953834534,
        0.39653730392456055
    ],
    "abs_0": [
        99.52198028564453,
        0.37911638617515564
    ],
    "abs_1": [
        98.71431732177734,
        0.8146972060203552
    ],
    "tpr_0": [
        0.7707310318946838,
        0.6736426949501038
    ],
    "tpr_1": [
        1.8272310495376587,
        1.0889006853103638
    ],
    "fnr_0": [
        0.059642989188432693,
        0.16522054374217987
    ],
    "fnr_1": [
        0.13637644052505493,
        0.24027949571609497
    ],
    "par_0": [
        99.16962432861328,
        0.7356327176094055
    ],
    "par_1": [
        98.03639221191406,
        1.1994439363479614
    ],
    "fpr_0": [
        0.0904306024312973,
        0.19611987471580505
    ],
    "fpr_1": [
        0.22321674227714539,
        0.2938397228717804
    ],
    "tnr_0": [
        0.1576027125120163,
        0.32416099309921265
    ],
    "tnr_1": [
        0.429205060005188,
        0.5662423372268677
    ],
    "nar_0": [
        99.75196838378906,
        0.3626774251461029
    ],
    "nar_1": [
        99.34757232666016,
        0.6764180064201355
    ]
}