{
    "cov": [
        14.708419799804688,
        2.7723097801208496
    ],
    "acc": [
        81.42855072021484,
        2.1507766246795654
    ],
    "pos_0": [
        1.7108410596847534,
        0.9751975536346436
    ],
    "pos_1": [
        6.523794174194336,
        1.7878954410552979
    ],
    "neg_0": [
        13.824233055114746,
        4.202192306518555
    ],
    "neg_1": [
        7.776309490203857,
        2.0347483158111572
    ],
    "abs_0": [
        84.46492004394531,
        4.402924537658691
    ],
    "abs_1": [
        85.69989776611328,
        2.764103889465332
    ],
    "tpr_0": [
        3.3831775188446045,
        1.8091410398483276
    ],
    "tpr_1": [
        11.125432014465332,
        3.069571018218994
    ],
    "fnr_0": [
        5.961812496185303,
        2.116931915283203
    ],
    "fnr_1": [
        3.2034716606140137,
        1.2890957593917847
    ],
    "par_0": [
        90.6550064086914,
        2.7113707065582275
    ],
    "par_1": [
        85.67108917236328,
        3.2668862342834473
    ],
    "fpr_0": [
        0.6418315172195435,
        0.5577417016029358
    ],
    "fpr_1": [
        2.2457332611083984,
        0.87210613489151
    ],
    "tnr_0": [
        18.923721313476562,
        6.100319862365723
    ],
    "tnr_1": [
        12.060359001159668,
        3.019416093826294
    ],
    "nar_0": [
        80.4344482421875,
        6.171244144439697
    ],
    "nar_1": [
        85.69390106201172,
        3.063004493713379
    ]
}