{
    "cov": [
        0.03618650138378143,
        0.09866003692150116
    ],
    "acc": [
        13.333332061767578,
        31.91423797607422
    ],
    "pos_0": [
        0.0,
        0.0
    ],
    "pos_1": [
        0.02497398480772972,
        0.1248699352145195
    ],
    "neg_0": [
        0.01583150587975979,
        0.05480483919382095
    ],
    "neg_1": [
        0.020984482020139694,
        0.07380153983831406
    ],
    "abs_0": [
        99.98416900634766,
        0.05480503290891647
    ],
    "abs_1": [
        99.95404052734375,
        0.14123541116714478
    ],
    "tpr_0": [
        0.0,
        0.0
    ],
    "tpr_1": [
        0.054054055362939835,
        0.27027028799057007
    ],
    "fnr_0": [
        0.0,
        0.0
    ],
    "fnr_1": [
        0.017546895891427994,
        0.060737162828445435
    ],
    "par_0": [
        100.0,
        0.0
    ],
    "par_1": [
        99.92839813232422,
        0.27342113852500916
    ],
    "fpr_0": [
        0.0,
        0.0
    ],
    "fpr_1": [
        0.0,
        0.0
    ],
    "tnr_0": [
        0.02494172565639019,
        0.08636251091957092
    ],
    "tnr_1": [
        0.02393374592065811,
        0.08613532781600952
    ],
    "nar_0": [
        99.97505950927734,
        0.08636250346899033
    ],
    "nar_1": [
        99.97605895996094,
        0.08613462001085281
    ]
}