{
    "cov": [
        70.5469741821289,
        4.760618209838867
    ],
    "acc": [
        70.77501678466797,
        2.1968250274658203
    ],
    "pos_0": [
        15.803420066833496,
        4.599058628082275
    ],
    "pos_1": [
        17.852094650268555,
        3.0498294830322266
    ],
    "neg_0": [
        56.34573745727539,
        7.41810417175293
    ],
    "neg_1": [
        51.878662109375,
        6.318905830383301
    ],
    "abs_0": [
        27.85084342956543,
        5.50283670425415
    ],
    "abs_1": [
        30.269235610961914,
        4.966409683227539
    ],
    "tpr_0": [
        27.472518920898438,
        6.846922397613525
    ],
    "tpr_1": [
        28.390737533569336,
        4.3079729080200195
    ],
    "fnr_0": [
        40.19334411621094,
        8.119648933410645
    ],
    "fnr_1": [
        33.90788650512695,
        6.790088176727295
    ],
    "par_0": [
        32.33413314819336,
        5.763664722442627
    ],
    "par_1": [
        37.701377868652344,
        5.173299312591553
    ],
    "fpr_0": [
        8.38552188873291,
        3.671172618865967
    ],
    "fpr_1": [
        8.021719932556152,
        2.2734038829803467
    ],
    "tnr_0": [
        66.72740173339844,
        8.02163314819336
    ],
    "tnr_1": [
        68.66202545166016,
        6.160306930541992
    ],
    "nar_0": [
        24.88707160949707,
        6.444957733154297
    ],
    "nar_1": [
        23.316253662109375,
        5.186882495880127
    ]
}