{
    "cov": [
        54.49408721923828,
        2.2590603828430176
    ],
    "acc": [
        74.40322875976562,
        1.3164490461349487
    ],
    "pos_0": [
        14.432584762573242,
        2.9647114276885986
    ],
    "pos_1": [
        16.3409366607666,
        2.2693979740142822
    ],
    "neg_0": [
        37.4018440246582,
        3.1518397331237793
    ],
    "neg_1": [
        39.54928207397461,
        2.896878957748413
    ],
    "abs_0": [
        48.16557693481445,
        3.1072490215301514
    ],
    "abs_1": [
        44.10978317260742,
        2.56394100189209
    ],
    "tpr_0": [
        26.132787704467773,
        4.427087306976318
    ],
    "tpr_1": [
        26.393863677978516,
        3.4328863620758057
    ],
    "fnr_0": [
        22.567115783691406,
        3.8836164474487305
    ],
    "fnr_1": [
        22.37621307373047,
        2.9162614345550537
    ],
    "par_0": [
        51.30009078979492,
        3.5063552856445312
    ],
    "par_1": [
        51.22991943359375,
        2.8195409774780273
    ],
    "fpr_0": [
        6.924700736999512,
        2.452735662460327
    ],
    "fpr_1": [
        6.969445705413818,
        1.7980101108551025
    ],
    "tnr_0": [
        46.9599494934082,
        3.7057082653045654
    ],
    "tnr_1": [
        55.59083938598633,
        3.4607479572296143
    ],
    "nar_0": [
        46.11534881591797,
        3.8149254322052
    ],
    "nar_1": [
        37.4397087097168,
        3.203559160232544
    ]
}