{
    "cov": [
        2.379958391189575,
        2.3385913372039795
    ],
    "acc": [
        72.42113494873047,
        28.810894012451172
    ],
    "pos_0": [
        0.4446132183074951,
        0.7951127290725708
    ],
    "pos_1": [
        0.9160111546516418,
        1.2468563318252563
    ],
    "neg_0": [
        1.4971200227737427,
        2.487727403640747
    ],
    "neg_1": [
        1.6920980215072632,
        2.486356735229492
    ],
    "abs_0": [
        98.05826568603516,
        2.4758126735687256
    ],
    "abs_1": [
        97.39189147949219,
        2.6947691440582275
    ],
    "tpr_0": [
        0.8704103827476501,
        1.3984273672103882
    ],
    "tpr_1": [
        1.6558260917663574,
        2.281235933303833
    ],
    "fnr_0": [
        0.7682054042816162,
        1.482086181640625
    ],
    "fnr_1": [
        0.6359512209892273,
        1.0750408172607422
    ],
    "par_0": [
        98.36138153076172,
        1.988037347793579
    ],
    "par_1": [
        97.70822143554688,
        2.3830108642578125
    ],
    "fpr_0": [
        0.1809655725955963,
        0.4698498845100403
    ],
    "fpr_1": [
        0.2518874704837799,
        0.37895938754081726
    ],
    "tnr_0": [
        1.97946035861969,
        3.2337474822998047
    ],
    "tnr_1": [
        2.6518728733062744,
        3.7439749240875244
    ],
    "nar_0": [
        97.83956909179688,
        3.1819746494293213
    ],
    "nar_1": [
        97.09622955322266,
        3.779848575592041
    ]
}