{
    "cov": [
        69.90397644042969,
        2.642575740814209
    ],
    "acc": [
        72.50743103027344,
        1.233283281326294
    ],
    "pos_0": [
        9.247122764587402,
        1.8012020587921143
    ],
    "pos_1": [
        26.002220153808594,
        2.8344781398773193
    ],
    "neg_0": [
        65.59100341796875,
        3.31487774848938
    ],
    "neg_1": [
        41.346275329589844,
        2.1140005588531494
    ],
    "abs_0": [
        25.161867141723633,
        3.1010684967041016
    ],
    "abs_1": [
        32.65150451660156,
        3.0682005882263184
    ],
    "tpr_0": [
        17.9456844329834,
        3.869316339492798
    ],
    "tpr_1": [
        40.4935188293457,
        4.226250648498535
    ],
    "fnr_0": [
        50.15589904785156,
        4.842314720153809
    ],
    "fnr_1": [
        23.52064323425293,
        2.0463509559631348
    ],
    "par_0": [
        31.898414611816406,
        4.240274429321289
    ],
    "par_1": [
        35.985836029052734,
        4.336490631103516
    ],
    "fpr_0": [
        3.7191381454467773,
        1.075452208518982
    ],
    "fpr_1": [
        12.468088150024414,
        2.123816728591919
    ],
    "tnr_0": [
        75.47914123535156,
        3.4676451683044434
    ],
    "tnr_1": [
        57.98488998413086,
        2.361179828643799
    ],
    "nar_0": [
        20.80171775817871,
        3.295318603515625
    ],
    "nar_1": [
        29.54701805114746,
        2.6440484523773193
    ]
}