{
    "cov": [
        0.10020877420902252,
        0.2493593841791153
    ],
    "acc": [
        17.692306518554688,
        37.19053649902344
    ],
    "pos_0": [
        0.0,
        0.0
    ],
    "pos_1": [
        0.03746097534894943,
        0.18730489909648895
    ],
    "neg_0": [
        0.02409638650715351,
        0.1204819306731224
    ],
    "neg_1": [
        0.10103635489940643,
        0.3375990688800812
    ],
    "abs_0": [
        99.97589874267578,
        0.12048200517892838
    ],
    "abs_1": [
        99.86150360107422,
        0.3757268190383911
    ],
    "tpr_0": [
        0.0,
        0.0
    ],
    "tpr_1": [
        0.0810810849070549,
        0.4054054319858551
    ],
    "fnr_0": [
        0.0,
        0.0
    ],
    "fnr_1": [
        0.05126461386680603,
        0.21576523780822754
    ],
    "par_0": [
        100.0,
        0.0
    ],
    "par_1": [
        99.8676528930664,
        0.44972023367881775
    ],
    "fpr_0": [
        0.0,
        0.0
    ],
    "fpr_1": [
        0.0,
        0.0
    ],
    "tnr_0": [
        0.039867110550403595,
        0.19933554530143738
    ],
    "tnr_1": [
        0.14839468896389008,
        0.5283326506614685
    ],
    "nar_0": [
        99.96013641357422,
        0.1993376761674881
    ],
    "nar_1": [
        99.85160064697266,
        0.5283339619636536
    ]
}