{
    "cov": [
        17.07167625427246,
        2.3475234508514404
    ],
    "acc": [
        81.01609802246094,
        2.032864809036255
    ],
    "pos_0": [
        1.6683697700500488,
        0.7974188923835754
    ],
    "pos_1": [
        6.8125786781311035,
        1.508318543434143
    ],
    "neg_0": [
        17.372394561767578,
        4.160981178283691
    ],
    "neg_1": [
        9.288596153259277,
        2.0780832767486572
    ],
    "abs_0": [
        80.959228515625,
        4.078731060028076
    ],
    "abs_1": [
        83.8988265991211,
        2.511286497116089
    ],
    "tpr_0": [
        3.3420357704162598,
        1.658897042274475
    ],
    "tpr_1": [
        11.594144821166992,
        2.4237942695617676
    ],
    "fnr_0": [
        8.093588829040527,
        2.8235630989074707
    ],
    "fnr_1": [
        3.8877859115600586,
        1.5405728816986084
    ],
    "par_0": [
        88.56437683105469,
        2.8388662338256836
    ],
    "par_1": [
        84.51806640625,
        2.8223888874053955
    ],
    "fpr_0": [
        0.5982002019882202,
        0.47201183438301086
    ],
    "fpr_1": [
        2.365485429763794,
        1.0492632389068604
    ],
    "tnr_0": [
        23.335208892822266,
        5.580038070678711
    ],
    "tnr_1": [
        14.3329439163208,
        2.8011868000030518
    ],
    "nar_0": [
        76.06658935546875,
        5.553255558013916
    ],
    "nar_1": [
        83.30155944824219,
        2.774895429611206
    ]
}