{
    "cov": [
        50.05427932739258,
        3.4821674823760986
    ],
    "acc": [
        75.48407745361328,
        1.2811026573181152
    ],
    "pos_0": [
        12.657821655273438,
        2.191920757293701
    ],
    "pos_1": [
        14.981029510498047,
        2.3221569061279297
    ],
    "neg_0": [
        34.93046188354492,
        3.024045467376709
    ],
    "neg_1": [
        36.36826705932617,
        3.010558843612671
    ],
    "abs_0": [
        52.41171646118164,
        4.0127692222595215
    ],
    "abs_1": [
        48.65070343017578,
        3.6283411979675293
    ],
    "tpr_0": [
        23.365381240844727,
        3.302516222000122
    ],
    "tpr_1": [
        24.52376937866211,
        3.660846710205078
    ],
    "fnr_0": [
        20.13834571838379,
        3.818356990814209
    ],
    "fnr_1": [
        19.893375396728516,
        2.6358349323272705
    ],
    "par_0": [
        56.49627685546875,
        5.06779670715332
    ],
    "par_1": [
        55.58285140991211,
        3.9097821712493896
    ],
    "fpr_0": [
        5.772475242614746,
        1.7028943300247192
    ],
    "fpr_1": [
        6.070491313934326,
        1.460433006286621
    ],
    "tnr_0": [
        44.46751403808594,
        3.601135015487671
    ],
    "tnr_1": [
        51.76036071777344,
        3.8865418434143066
    ],
    "nar_0": [
        49.760009765625,
        4.280117988586426
    ],
    "nar_1": [
        42.16914367675781,
        4.200026512145996
    ]
}