{
    "cov": [
        17.03270721435547,
        6.271363735198975
    ],
    "acc": [
        73.68180847167969,
        4.9452805519104
    ],
    "pos_0": [
        0.06587762385606766,
        0.22003650665283203
    ],
    "pos_1": [
        0.9744907021522522,
        1.9243965148925781
    ],
    "neg_0": [
        29.100099563598633,
        15.476643562316895
    ],
    "neg_1": [
        9.821168899536133,
        4.301777362823486
    ],
    "abs_0": [
        70.83402252197266,
        15.487372398376465
    ],
    "abs_1": [
        89.20433044433594,
        4.734006881713867
    ],
    "tpr_0": [
        0.10394001752138138,
        0.32544663548469543
    ],
    "tpr_1": [
        1.6118292808532715,
        3.181701421737671
    ],
    "fnr_0": [
        20.509506225585938,
        13.70010757446289
    ],
    "fnr_1": [
        5.451932907104492,
        2.9306888580322266
    ],
    "par_0": [
        79.38655090332031,
        13.693038940429688
    ],
    "par_1": [
        92.93622589111328,
        4.569370269775391
    ],
    "fpr_0": [
        0.04117177799344063,
        0.15290585160255432
    ],
    "fpr_1": [
        0.3678264915943146,
        0.7923686504364014
    ],
    "tnr_0": [
        34.609439849853516,
        17.176294326782227
    ],
    "tnr_1": [
        13.90622615814209,
        5.872163772583008
    ],
    "nar_0": [
        65.3493881225586,
        17.195653915405273
    ],
    "nar_1": [
        85.72594451904297,
        5.892427444458008
    ]
}