{
    "cov": [
        88.55671691894531,
        4.463095188140869
    ],
    "acc": [
        67.88195037841797,
        1.701451301574707
    ],
    "pos_0": [
        23.52018165588379,
        6.030157089233398
    ],
    "pos_1": [
        25.073026657104492,
        4.328284740447998
    ],
    "neg_0": [
        66.58270263671875,
        6.763505458831787
    ],
    "neg_1": [
        62.727752685546875,
        5.797624588012695
    ],
    "abs_0": [
        9.897113800048828,
        5.4750518798828125
    ],
    "abs_1": [
        12.199216842651367,
        4.692138671875
    ],
    "tpr_0": [
        37.16011428833008,
        7.343183994293213
    ],
    "tpr_1": [
        39.228126525878906,
        6.321408271789551
    ],
    "fnr_0": [
        51.577518463134766,
        8.032268524169922
    ],
    "fnr_1": [
        45.47594451904297,
        7.325224876403809
    ],
    "par_0": [
        11.26236343383789,
        6.451726913452148
    ],
    "par_1": [
        15.295924186706543,
        5.81134033203125
    ],
    "fpr_0": [
        14.763960838317871,
        5.606497287750244
    ],
    "fpr_1": [
        11.863837242126465,
        2.9418070316314697
    ],
    "tnr_0": [
        76.17620849609375,
        6.674749374389648
    ],
    "tnr_1": [
        78.82176971435547,
        4.896570205688477
    ],
    "nar_0": [
        9.059825897216797,
        5.3463454246521
    ],
    "nar_1": [
        9.314387321472168,
        4.148200988769531
    ]
}