{
    "cov": [
        16.640222549438477,
        3.1716878414154053
    ],
    "acc": [
        80.82933807373047,
        1.8502599000930786
    ],
    "pos_0": [
        1.8792457580566406,
        0.9556101560592651
    ],
    "pos_1": [
        6.977986812591553,
        1.982758641242981
    ],
    "neg_0": [
        16.231822967529297,
        5.4086127281188965
    ],
    "neg_1": [
        8.941479682922363,
        2.4641363620758057
    ],
    "abs_0": [
        81.88892364501953,
        5.577324390411377
    ],
    "abs_1": [
        84.08052825927734,
        3.1438071727752686
    ],
    "tpr_0": [
        3.595186948776245,
        1.5731334686279297
    ],
    "tpr_1": [
        11.821258544921875,
        3.2145915031433105
    ],
    "fnr_0": [
        7.668390274047852,
        3.2328040599823
    ],
    "fnr_1": [
        3.6989474296569824,
        1.519944429397583
    ],
    "par_0": [
        88.7364273071289,
        3.538343906402588
    ],
    "par_1": [
        84.47978973388672,
        3.456193685531616
    ],
    "fpr_0": [
        0.7642779350280762,
        0.6439909934997559
    ],
    "fpr_1": [
        2.4461183547973633,
        0.9656268954277039
    ],
    "tnr_0": [
        21.787704467773438,
        7.236899375915527
    ],
    "tnr_1": [
        13.837221145629883,
        3.6216976642608643
    ],
    "nar_0": [
        77.44801330566406,
        7.32217264175415
    ],
    "nar_1": [
        83.71665954589844,
        3.5811374187469482
    ]
}