{
    "cov": [
        40.47042465209961,
        3.0616118907928467
    ],
    "acc": [
        77.09097290039062,
        1.5131561756134033
    ],
    "pos_0": [
        10.159506797790527,
        2.4815597534179688
    ],
    "pos_1": [
        12.065370559692383,
        2.4087085723876953
    ],
    "neg_0": [
        29.836933135986328,
        2.946495294570923
    ],
    "neg_1": [
        28.663686752319336,
        3.031254291534424
    ],
    "abs_0": [
        60.00355911254883,
        3.5040102005004883
    ],
    "abs_1": [
        59.27094268798828,
        3.3351781368255615
    ],
    "tpr_0": [
        19.24627113342285,
        4.500307559967041
    ],
    "tpr_1": [
        19.962902069091797,
        3.822624683380127
    ],
    "fnr_0": [
        16.17125701904297,
        3.3468456268310547
    ],
    "fnr_1": [
        14.5464506149292,
        2.3866138458251953
    ],
    "par_0": [
        64.58246612548828,
        4.7646803855896
    ],
    "par_1": [
        65.49063873291016,
        3.8966524600982666
    ],
    "fpr_0": [
        4.33960485458374,
        1.6482173204421997
    ],
    "fpr_1": [
        4.696619033813477,
        1.46723473072052
    ],
    "tnr_0": [
        38.659339904785156,
        3.440206527709961
    ],
    "tnr_1": [
        41.836814880371094,
        4.033447265625
    ],
    "nar_0": [
        57.00105285644531,
        3.783132553100586
    ],
    "nar_1": [
        53.46656036376953,
        3.9671976566314697
    ]
}