{
    "cov": [
        61.11343002319336,
        7.879393577575684
    ],
    "acc": [
        72.26850128173828,
        3.026567220687866
    ],
    "pos_0": [
        9.351040840148926,
        3.744436264038086
    ],
    "pos_1": [
        12.431523323059082,
        3.4411299228668213
    ],
    "neg_0": [
        51.610408782958984,
        8.951129913330078
    ],
    "neg_1": [
        48.78239059448242,
        7.8009467124938965
    ],
    "abs_0": [
        39.03854751586914,
        10.069759368896484
    ],
    "abs_1": [
        38.78608703613281,
        7.333244323730469
    ],
    "tpr_0": [
        17.196889877319336,
        6.580938816070557
    ],
    "tpr_1": [
        20.478553771972656,
        5.19911527633667
    ],
    "fnr_0": [
        35.538291931152344,
        9.621546745300293
    ],
    "fnr_1": [
        30.68672752380371,
        8.47095012664795
    ],
    "par_0": [
        47.26481246948242,
        11.466706275939941
    ],
    "par_1": [
        48.834716796875,
        8.156787872314453
    ],
    "fpr_0": [
        4.369923114776611,
        2.4727163314819336
    ],
    "fpr_1": [
        4.907676696777344,
        2.035609722137451
    ],
    "tnr_0": [
        61.94454574584961,
        9.202712059020996
    ],
    "tnr_1": [
        65.68224334716797,
        7.627007007598877
    ],
    "nar_0": [
        33.68553161621094,
        9.865172386169434
    ],
    "nar_1": [
        29.410078048706055,
        7.24491024017334
    ]
}