{
    "cov": [
        32.65414047241211,
        3.1837499141693115
    ],
    "acc": [
        73.11091613769531,
        2.2316229343414307
    ],
    "pos_0": [
        9.075169563293457,
        2.1411004066467285
    ],
    "pos_1": [
        9.666913986206055,
        1.4113198518753052
    ],
    "neg_0": [
        22.534021377563477,
        3.9880192279815674
    ],
    "neg_1": [
        23.502866744995117,
        4.258461952209473
    ],
    "abs_0": [
        68.39080810546875,
        4.631784915924072
    ],
    "abs_1": [
        66.8302230834961,
        4.399626731872559
    ],
    "tpr_0": [
        15.575599670410156,
        2.9305903911590576
    ],
    "tpr_1": [
        15.601017951965332,
        2.2030599117279053
    ],
    "fnr_0": [
        13.096230506896973,
        2.7356276512145996
    ],
    "fnr_1": [
        14.62655258178711,
        3.704085111618042
    ],
    "par_0": [
        71.32816314697266,
        3.8526532649993896
    ],
    "par_1": [
        69.77243041992188,
        3.8921806812286377
    ],
    "fpr_0": [
        4.794050693511963,
        1.9282996654510498
    ],
    "fpr_1": [
        4.249505519866943,
        1.0993921756744385
    ],
    "tnr_0": [
        28.756567001342773,
        5.506169319152832
    ],
    "tnr_1": [
        31.613483428955078,
        5.103577613830566
    ],
    "nar_0": [
        66.44938659667969,
        5.882047176361084
    ],
    "nar_1": [
        64.13700866699219,
        5.505927085876465
    ]
}