{
    "cov": [
        52.353515625,
        4.252824783325195
    ],
    "acc": [
        74.5744400024414,
        1.5564625263214111
    ],
    "pos_0": [
        10.495087623596191,
        2.613145351409912
    ],
    "pos_1": [
        13.719770431518555,
        2.6181490421295166
    ],
    "neg_0": [
        39.58232498168945,
        4.618733882904053
    ],
    "neg_1": [
        39.82545852661133,
        3.4809932708740234
    ],
    "abs_0": [
        49.92258834838867,
        5.105870723724365
    ],
    "abs_1": [
        46.45477294921875,
        4.4144721031188965
    ],
    "tpr_0": [
        19.763822555541992,
        4.260444641113281
    ],
    "tpr_1": [
        22.510770797729492,
        4.0185675621032715
    ],
    "fnr_0": [
        24.099748611450195,
        4.7554931640625
    ],
    "fnr_1": [
        22.905677795410156,
        3.1824722290039062
    ],
    "par_0": [
        56.13642501831055,
        5.970154762268066
    ],
    "par_1": [
        54.58354949951172,
        4.992346286773682
    ],
    "fpr_0": [
        4.595645427703857,
        2.157198190689087
    ],
    "fpr_1": [
        5.507269859313965,
        1.6623305082321167
    ],
    "tnr_0": [
        49.54415512084961,
        5.072461128234863
    ],
    "tnr_1": [
        55.63399887084961,
        4.442777156829834
    ],
    "nar_0": [
        45.86020278930664,
        5.205438137054443
    ],
    "nar_1": [
        38.858726501464844,
        4.949397563934326
    ]
}