{
    "cov": [
        1.2164230346679688,
        1.6551120281219482
    ],
    "acc": [
        67.66644287109375,
        33.309226989746094
    ],
    "pos_0": [
        0.2456156462430954,
        0.5258845686912537
    ],
    "pos_1": [
        0.38056862354278564,
        0.6348066329956055
    ],
    "neg_0": [
        0.6590719223022461,
        1.476574420928955
    ],
    "neg_1": [
        1.001067042350769,
        1.636041283607483
    ],
    "abs_0": [
        99.0953140258789,
        1.6642143726348877
    ],
    "abs_1": [
        98.61835479736328,
        1.7679184675216675
    ],
    "tpr_0": [
        0.4390617609024048,
        0.9218114018440247
    ],
    "tpr_1": [
        0.6630232930183411,
        1.0315214395523071
    ],
    "fnr_0": [
        0.4011841416358948,
        0.997474193572998
    ],
    "fnr_1": [
        0.3648461103439331,
        0.6392884850502014
    ],
    "par_0": [
        99.15975189208984,
        1.5537123680114746
    ],
    "par_1": [
        98.97213745117188,
        1.1850616931915283
    ],
    "fpr_0": [
        0.11860549449920654,
        0.3129182755947113
    ],
    "fpr_1": [
        0.12189321964979172,
        0.3127710223197937
    ],
    "tnr_0": [
        0.8264204263687134,
        1.8097800016403198
    ],
    "tnr_1": [
        1.599031925201416,
        2.6444177627563477
    ],
    "nar_0": [
        99.05497741699219,
        1.8546026945114136
    ],
    "nar_1": [
        98.27908325195312,
        2.6722922325134277
    ]
}