{
    "cov": [
        63.08699035644531,
        5.846619129180908
    ],
    "acc": [
        68.10832214355469,
        1.9910393953323364
    ],
    "pos_0": [
        18.08084487915039,
        3.189396381378174
    ],
    "pos_1": [
        17.855043411254883,
        3.594494342803955
    ],
    "neg_0": [
        44.58492660522461,
        6.039117813110352
    ],
    "neg_1": [
        45.408504486083984,
        7.95777702331543
    ],
    "abs_0": [
        37.334224700927734,
        6.3866987228393555
    ],
    "abs_1": [
        36.736454010009766,
        7.231051921844482
    ],
    "tpr_0": [
        28.269981384277344,
        4.6405792236328125
    ],
    "tpr_1": [
        27.457406997680664,
        5.014822959899902
    ],
    "fnr_0": [
        32.041465759277344,
        6.000550270080566
    ],
    "fnr_1": [
        33.07353591918945,
        7.957552909851074
    ],
    "par_0": [
        39.68854904174805,
        7.0940470695495605
    ],
    "par_1": [
        39.469058990478516,
        7.392664909362793
    ],
    "fpr_0": [
        11.370479583740234,
        2.698385715484619
    ],
    "fpr_1": [
        9.076345443725586,
        2.821511745452881
    ],
    "tnr_0": [
        52.78224563598633,
        6.84718656539917
    ],
    "tnr_1": [
        56.67611312866211,
        8.150903701782227
    ],
    "nar_0": [
        35.84727096557617,
        6.795039176940918
    ],
    "nar_1": [
        34.24754333496094,
        7.65180778503418
    ]
}