{
    "cov": [
        0.25608906149864197,
        0.4915463626384735
    ],
    "acc": [
        32.91318893432617,
        42.03470993041992
    ],
    "pos_0": [
        0.0,
        0.0
    ],
    "pos_1": [
        0.08053115755319595,
        0.1786348819732666
    ],
    "neg_0": [
        0.19569237530231476,
        0.5711065530776978
    ],
    "neg_1": [
        0.20701129734516144,
        0.5968552827835083
    ],
    "abs_0": [
        99.80430603027344,
        0.5711057186126709
    ],
    "abs_1": [
        99.71245574951172,
        0.6757546067237854
    ],
    "tpr_0": [
        0.0,
        0.0
    ],
    "tpr_1": [
        0.12824295461177826,
        0.28584223985671997
    ],
    "fnr_0": [
        0.10691408067941666,
        0.3118537962436676
    ],
    "fnr_1": [
        0.059599313884973526,
        0.22509479522705078
    ],
    "par_0": [
        99.89308166503906,
        0.31185421347618103
    ],
    "par_1": [
        99.8121566772461,
        0.41511741280555725
    ],
    "fpr_0": [
        0.0,
        0.0
    ],
    "fpr_1": [
        0.03352246806025505,
        0.07841407507658005
    ],
    "tnr_0": [
        0.24917715787887573,
        0.7292656898498535
    ],
    "tnr_1": [
        0.35156944394111633,
        0.9704325795173645
    ],
    "nar_0": [
        99.75081634521484,
        0.7292660474777222
    ],
    "nar_1": [
        99.61489868164062,
        1.0011625289916992
    ]
}