{
    "cov": [
        72.79053497314453,
        7.45687198638916
    ],
    "acc": [
        66.72161865234375,
        1.6346509456634521
    ],
    "pos_0": [
        23.03424835205078,
        6.674135208129883
    ],
    "pos_1": [
        20.919828414916992,
        2.5782811641693115
    ],
    "neg_0": [
        58.59833908081055,
        6.785199165344238
    ],
    "neg_1": [
        47.40739822387695,
        9.200464248657227
    ],
    "abs_0": [
        18.367406845092773,
        8.756596565246582
    ],
    "abs_1": [
        31.672773361206055,
        10.283510208129883
    ],
    "tpr_0": [
        34.109230041503906,
        7.163926601409912
    ],
    "tpr_1": [
        31.509056091308594,
        3.75712513923645
    ],
    "fnr_0": [
        46.403648376464844,
        8.320653915405273
    ],
    "fnr_1": [
        34.85420227050781,
        8.404776573181152
    ],
    "par_0": [
        19.487125396728516,
        9.569143295288086
    ],
    "par_1": [
        33.636741638183594,
        10.542640686035156
    ],
    "fpr_0": [
        15.749314308166504,
        6.692399024963379
    ],
    "fpr_1": [
        11.235247611999512,
        2.0610198974609375
    ],
    "tnr_0": [
        66.59748840332031,
        5.9356842041015625
    ],
    "tnr_1": [
        58.883296966552734,
        10.248320579528809
    ],
    "nar_0": [
        17.6531925201416,
        8.411845207214355
    ],
    "nar_1": [
        29.881454467773438,
        10.36290454864502
    ]
}