{
    "cov": [
        1.138482928276062,
        0.722323477268219
    ],
    "acc": [
        86.78829956054688,
        12.52064037322998
    ],
    "pos_0": [
        0.2926989793777466,
        0.33332666754722595
    ],
    "pos_1": [
        0.7699958682060242,
        0.7008739113807678
    ],
    "neg_0": [
        0.326467365026474,
        0.49132904410362244
    ],
    "neg_1": [
        0.6423215270042419,
        0.5453307032585144
    ],
    "abs_0": [
        99.38082885742188,
        0.5680016279220581
    ],
    "abs_1": [
        98.58767700195312,
        0.9174672961235046
    ],
    "tpr_0": [
        0.7190681099891663,
        0.8456116318702698
    ],
    "tpr_1": [
        1.350024700164795,
        1.1814528703689575
    ],
    "fnr_0": [
        0.12586864829063416,
        0.344592422246933
    ],
    "fnr_1": [
        0.18127048015594482,
        0.23920010030269623
    ],
    "par_0": [
        99.15505981445312,
        0.9135124087333679
    ],
    "par_1": [
        98.46871185302734,
        1.2165217399597168
    ],
    "fpr_0": [
        0.026058631017804146,
        0.13029316067695618
    ],
    "fpr_1": [
        0.23772583901882172,
        0.36197370290756226
    ],
    "tnr_0": [
        0.4573763906955719,
        0.639060378074646
    ],
    "tnr_1": [
        1.0786314010620117,
        0.9030680656433105
    ],
    "nar_0": [
        99.51656341552734,
        0.6734930276870728
    ],
    "nar_1": [
        98.68363952636719,
        0.980231761932373
    ]
}