{
    "cov": [
        22.8837833404541,
        7.452939510345459
    ],
    "acc": [
        79.70024108886719,
        2.687074899673462
    ],
    "pos_0": [
        2.5528757572174072,
        1.7264224290847778
    ],
    "pos_1": [
        4.912919521331787,
        2.231821298599243
    ],
    "neg_0": [
        18.937026977539062,
        7.800292015075684
    ],
    "neg_1": [
        18.74028968811035,
        6.681697368621826
    ],
    "abs_0": [
        78.51009368896484,
        8.152420997619629
    ],
    "abs_1": [
        76.34678649902344,
        7.902340888977051
    ],
    "tpr_0": [
        4.930667877197266,
        3.5465991497039795
    ],
    "tpr_1": [
        8.600537300109863,
        3.819268226623535
    ],
    "fnr_0": [
        9.25546932220459,
        5.240187168121338
    ],
    "fnr_1": [
        8.748541831970215,
        4.225262641906738
    ],
    "par_0": [
        85.81385803222656,
        6.572634696960449
    ],
    "par_1": [
        82.65091705322266,
        6.537639141082764
    ],
    "fpr_0": [
        1.04152250289917,
        0.7456759214401245
    ],
    "fpr_1": [
        1.4566679000854492,
        0.8582862019538879
    ],
    "tnr_0": [
        25.15828514099121,
        9.762042999267578
    ],
    "tnr_1": [
        28.11353302001953,
        9.328278541564941
    ],
    "nar_0": [
        73.8001937866211,
        9.709026336669922
    ],
    "nar_1": [
        70.42980194091797,
        9.6337251663208
    ]
}