{
    "cov": [
        3.490605354309082,
        3.1898534297943115
    ],
    "acc": [
        71.45976257324219,
        27.36702537536621
    ],
    "pos_0": [
        0.0,
        0.0
    ],
    "pos_1": [
        0.017019154503941536,
        0.03980328515172005
    ],
    "neg_0": [
        7.175573348999023,
        7.632685661315918
    ],
    "neg_1": [
        1.6068285703659058,
        2.5940868854522705
    ],
    "abs_0": [
        92.82442474365234,
        7.632686138153076
    ],
    "abs_1": [
        98.37615203857422,
        2.5884737968444824
    ],
    "tpr_0": [
        0.0,
        0.0
    ],
    "tpr_1": [
        0.03517650067806244,
        0.08230435103178024
    ],
    "fnr_0": [
        3.7018535137176514,
        4.471151351928711
    ],
    "fnr_1": [
        0.6469177007675171,
        1.141276240348816
    ],
    "par_0": [
        96.29814147949219,
        4.471151351928711
    ],
    "par_1": [
        99.31790924072266,
        1.1370640993118286
    ],
    "fpr_0": [
        0.0,
        0.0
    ],
    "fpr_1": [
        0.0,
        0.0
    ],
    "tnr_0": [
        9.502419471740723,
        9.867362022399902
    ],
    "tnr_1": [
        2.5001237392425537,
        3.9272308349609375
    ],
    "nar_0": [
        90.49757385253906,
        9.867362022399902
    ],
    "nar_1": [
        97.49987030029297,
        3.927231788635254
    ]
}