{
    "cov": [
        26.43562889099121,
        7.921952247619629
    ],
    "acc": [
        71.49925231933594,
        3.4988656044006348
    ],
    "pos_0": [
        0.10692273825407028,
        0.30369997024536133
    ],
    "pos_1": [
        1.675560712814331,
        2.460148572921753
    ],
    "neg_0": [
        39.13942337036133,
        9.364117622375488
    ],
    "neg_1": [
        18.143461227416992,
        8.663692474365234
    ],
    "abs_0": [
        60.7536506652832,
        9.421809196472168
    ],
    "abs_1": [
        80.18097686767578,
        9.342803955078125
    ],
    "tpr_0": [
        0.19677197933197021,
        0.5674859285354614
    ],
    "tpr_1": [
        2.8777666091918945,
        4.223160266876221
    ],
    "fnr_0": [
        28.397972106933594,
        8.720328330993652
    ],
    "fnr_1": [
        11.220155715942383,
        6.542250633239746
    ],
    "par_0": [
        71.4052505493164,
        8.797577857971191
    ],
    "par_1": [
        85.9020767211914,
        7.922473907470703
    ],
    "fpr_0": [
        0.04196900129318237,
        0.11623983085155487
    ],
    "fpr_1": [
        0.5602537989616394,
        0.8408825397491455
    ],
    "tnr_0": [
        46.05012512207031,
        10.290776252746582
    ],
    "tnr_1": [
        24.644481658935547,
        10.954699516296387
    ],
    "nar_0": [
        53.90790939331055,
        10.32968807220459
    ],
    "nar_1": [
        74.7952651977539,
        11.155730247497559
    ]
}