{
    "cov": [
        3.654836416244507,
        1.8088923692703247
    ],
    "acc": [
        84.01972198486328,
        4.705282211303711
    ],
    "pos_0": [
        0.8812318444252014,
        0.6813978552818298
    ],
    "pos_1": [
        1.7955209016799927,
        0.8934083580970764
    ],
    "neg_0": [
        1.8006973266601562,
        1.8252229690551758
    ],
    "neg_1": [
        2.3718011379241943,
        1.692657470703125
    ],
    "abs_0": [
        97.31806182861328,
        2.051737070083618
    ],
    "abs_1": [
        95.83267211914062,
        1.888735055923462
    ],
    "tpr_0": [
        1.7771413326263428,
        1.3297476768493652
    ],
    "tpr_1": [
        3.2222442626953125,
        1.6267303228378296
    ],
    "fnr_0": [
        0.738048255443573,
        0.9358543753623962
    ],
    "fnr_1": [
        0.7918545603752136,
        0.7731867432594299
    ],
    "par_0": [
        97.48480224609375,
        1.7764403820037842
    ],
    "par_1": [
        95.98589324951172,
        1.7030818462371826
    ],
    "fpr_0": [
        0.29572534561157227,
        0.33270424604415894
    ],
    "fpr_1": [
        0.4570794701576233,
        0.3681051433086395
    ],
    "tnr_0": [
        2.499131441116333,
        2.5481834411621094
    ],
    "tnr_1": [
        3.860926389694214,
        2.65804123878479
    ],
    "nar_0": [
        97.20514678955078,
        2.6102540493011475
    ],
    "nar_1": [
        95.68199157714844,
        2.6243507862091064
    ]
}