{
    "cov": [
        68.353515625,
        2.204575300216675
    ],
    "acc": [
        72.75892639160156,
        1.3728739023208618
    ],
    "pos_0": [
        8.88145923614502,
        1.927485466003418
    ],
    "pos_1": [
        24.74887466430664,
        2.828108310699463
    ],
    "neg_0": [
        64.39702606201172,
        3.3435420989990234
    ],
    "neg_1": [
        41.06554412841797,
        1.880811095237732
    ],
    "abs_0": [
        26.721513748168945,
        2.8574960231781006
    ],
    "abs_1": [
        34.185577392578125,
        2.7426564693450928
    ],
    "tpr_0": [
        17.253881454467773,
        4.517505645751953
    ],
    "tpr_1": [
        38.8358039855957,
        4.102914333343506
    ],
    "fnr_0": [
        48.474647521972656,
        5.247361183166504
    ],
    "fnr_1": [
        23.3331298828125,
        2.3626952171325684
    ],
    "par_0": [
        34.27146530151367,
        4.041511058807373
    ],
    "par_1": [
        37.83106231689453,
        3.603588581085205
    ],
    "fpr_0": [
        3.587052822113037,
        0.9866898059844971
    ],
    "fpr_1": [
        11.596266746520996,
        2.291353225708008
    ],
    "tnr_0": [
        74.601318359375,
        3.4209787845611572
    ],
    "tnr_1": [
        57.61865234375,
        1.9251948595046997
    ],
    "nar_0": [
        21.811626434326172,
        3.2173750400543213
    ],
    "nar_1": [
        30.785085678100586,
        2.6811835765838623
    ]
}