{
    "cov": [
        18.47181510925293,
        1.8672888278961182
    ],
    "acc": [
        76.55197143554688,
        2.8704750537872314
    ],
    "pos_0": [
        6.129752159118652,
        1.6411019563674927
    ],
    "pos_1": [
        6.53878927230835,
        1.4142284393310547
    ],
    "neg_0": [
        11.204729080200195,
        2.7509467601776123
    ],
    "neg_1": [
        12.49638557434082,
        2.0302536487579346
    ],
    "abs_0": [
        82.66551971435547,
        3.8204333782196045
    ],
    "abs_1": [
        80.9648208618164,
        2.3018674850463867
    ],
    "tpr_0": [
        11.27899169921875,
        3.022010087966919
    ],
    "tpr_1": [
        10.727784156799316,
        2.170527696609497
    ],
    "fnr_0": [
        5.841093063354492,
        1.923100233078003
    ],
    "fnr_1": [
        6.575160980224609,
        1.6083441972732544
    ],
    "par_0": [
        82.87992095947266,
        3.9364874362945557
    ],
    "par_1": [
        82.69705200195312,
        2.4381680488586426
    ],
    "fpr_0": [
        2.752755641937256,
        1.1191751956939697
    ],
    "fpr_1": [
        2.709535837173462,
        0.9736983180046082
    ],
    "tnr_0": [
        14.746528625488281,
        3.828247547149658
    ],
    "tnr_1": [
        17.925031661987305,
        2.8439197540283203
    ],
    "nar_0": [
        82.50072479248047,
        4.377110481262207
    ],
    "nar_1": [
        79.36543273925781,
        3.049443483352661
    ]
}