{
    "cov": [
        34.87821960449219,
        3.5094969272613525
    ],
    "acc": [
        72.83468627929688,
        1.5510503053665161
    ],
    "pos_0": [
        9.951333999633789,
        2.2675182819366455
    ],
    "pos_1": [
        10.058484077453613,
        1.4994314908981323
    ],
    "neg_0": [
        25.013351440429688,
        2.8808963298797607
    ],
    "neg_1": [
        24.773141860961914,
        4.863750457763672
    ],
    "abs_0": [
        65.03530883789062,
        3.782712459564209
    ],
    "abs_1": [
        65.16836547851562,
        4.447938919067383
    ],
    "tpr_0": [
        16.758642196655273,
        3.3270044326782227
    ],
    "tpr_1": [
        16.236244201660156,
        2.455247640609741
    ],
    "fnr_0": [
        14.454612731933594,
        2.7957088947296143
    ],
    "fnr_1": [
        15.582315444946289,
        3.926363229751587
    ],
    "par_0": [
        68.78675079345703,
        4.070067405700684
    ],
    "par_1": [
        68.18144226074219,
        3.9013919830322266
    ],
    "fpr_0": [
        5.468730449676514,
        1.8390439748764038
    ],
    "fpr_1": [
        4.418609142303467,
        1.0697505474090576
    ],
    "tnr_0": [
        31.949888229370117,
        3.8216731548309326
    ],
    "tnr_1": [
        33.17890548706055,
        6.035933494567871
    ],
    "nar_0": [
        62.581382751464844,
        4.315606594085693
    ],
    "nar_1": [
        62.40248107910156,
        5.835580825805664
    ]
}