{
    "cov": [
        6.165622234344482,
        2.0519049167633057
    ],
    "acc": [
        84.43855285644531,
        3.5152337551116943
    ],
    "pos_0": [
        0.9902288317680359,
        0.7403532266616821
    ],
    "pos_1": [
        2.4332268238067627,
        1.2034118175506592
    ],
    "neg_0": [
        4.048103332519531,
        1.9176791906356812
    ],
    "neg_1": [
        4.328238010406494,
        2.014284372329712
    ],
    "abs_0": [
        94.961669921875,
        2.1949691772460938
    ],
    "abs_1": [
        93.23853302001953,
        2.1888318061828613
    ],
    "tpr_0": [
        2.1036059856414795,
        1.597827434539795
    ],
    "tpr_1": [
        4.326959133148193,
        2.1009581089019775
    ],
    "fnr_0": [
        1.8389544486999512,
        1.1970512866973877
    ],
    "fnr_1": [
        1.4598931074142456,
        0.9333722591400146
    ],
    "par_0": [
        96.05744171142578,
        2.1501030921936035
    ],
    "par_1": [
        94.21314239501953,
        2.187023878097534
    ],
    "fpr_0": [
        0.28610464930534363,
        0.3097701966762543
    ],
    "fpr_1": [
        0.6657001376152039,
        0.4972497820854187
    ],
    "tnr_0": [
        5.481806755065918,
        2.524183750152588
    ],
    "tnr_1": [
        7.00976037979126,
        3.177612066268921
    ],
    "nar_0": [
        94.23208618164062,
        2.604623794555664
    ],
    "nar_1": [
        92.32453918457031,
        3.275639057159424
    ]
}