{
    "cov": [
        9.853861808776855,
        4.683562755584717
    ],
    "acc": [
        77.07991027832031,
        5.004274368286133
    ],
    "pos_0": [
        0.008113590069115162,
        0.04056795313954353
    ],
    "pos_1": [
        0.3135095238685608,
        1.1340560913085938
    ],
    "neg_0": [
        17.108930587768555,
        7.748724937438965
    ],
    "neg_1": [
        5.754479885101318,
        4.309165000915527
    ],
    "abs_0": [
        82.8829574584961,
        7.759366989135742
    ],
    "abs_1": [
        93.9320068359375,
        4.301517963409424
    ],
    "tpr_0": [
        0.0,
        0.0
    ],
    "tpr_1": [
        0.5167629718780518,
        2.049302816390991
    ],
    "fnr_0": [
        10.092169761657715,
        5.933786392211914
    ],
    "fnr_1": [
        2.975728750228882,
        2.6126821041107178
    ],
    "par_0": [
        89.90782928466797,
        5.933783054351807
    ],
    "par_1": [
        96.50750732421875,
        2.9837758541107178
    ],
    "fpr_0": [
        0.013029315508902073,
        0.06514658033847809
    ],
    "fpr_1": [
        0.13676057755947113,
        0.40351662039756775
    ],
    "tnr_0": [
        21.636966705322266,
        9.404420852661133
    ],
    "tnr_1": [
        8.367584228515625,
        5.979732513427734
    ],
    "nar_0": [
        78.3499984741211,
        9.41572093963623
    ],
    "nar_1": [
        91.49565124511719,
        5.952880859375
    ]
}