{
    "cov": [
        0.5260960459709167,
        0.7602147459983826
    ],
    "acc": [
        51.61359405517578,
        44.25728225708008
    ],
    "pos_0": [
        0.00826446246355772,
        0.041322316974401474
    ],
    "pos_1": [
        0.1309802234172821,
        0.4337388277053833
    ],
    "neg_0": [
        0.45008552074432373,
        1.282681941986084
    ],
    "neg_1": [
        0.44043105840682983,
        0.9142665266990662
    ],
    "abs_0": [
        99.5416488647461,
        1.2803236246109009
    ],
    "abs_1": [
        99.42858123779297,
        0.9932427406311035
    ],
    "tpr_0": [
        0.020408162847161293,
        0.10204081237316132
    ],
    "tpr_1": [
        0.2282416820526123,
        0.7373124361038208
    ],
    "fnr_0": [
        0.23295561969280243,
        0.5466331243515015
    ],
    "fnr_1": [
        0.15612885355949402,
        0.4185854494571686
    ],
    "par_0": [
        99.74663543701172,
        0.5470977425575256
    ],
    "par_1": [
        99.6156234741211,
        0.8492145538330078
    ],
    "fpr_0": [
        0.0,
        0.0
    ],
    "fpr_1": [
        0.03381523862481117,
        0.1313103586435318
    ],
    "tnr_0": [
        0.5953502655029297,
        1.822837471961975
    ],
    "tnr_1": [
        0.7026476860046387,
        1.379870057106018
    ],
    "nar_0": [
        99.40464782714844,
        1.8228378295898438
    ],
    "nar_1": [
        99.26353454589844,
        1.3775562047958374
    ]
}