{
    "cov": [
        10.739039421081543,
        1.2612334489822388
    ],
    "acc": [
        78.23391723632812,
        3.351971387863159
    ],
    "pos_0": [
        4.390603542327881,
        1.2812010049819946
    ],
    "pos_1": [
        4.461236476898193,
        0.8058323264122009
    ],
    "neg_0": [
        6.104935169219971,
        1.8523051738739014
    ],
    "neg_1": [
        6.395517349243164,
        1.3873217105865479
    ],
    "abs_0": [
        89.50446319580078,
        2.2348921298980713
    ],
    "abs_1": [
        89.14324188232422,
        1.7561596632003784
    ],
    "tpr_0": [
        8.235971450805664,
        2.684030294418335
    ],
    "tpr_1": [
        7.6399335861206055,
        1.420396089553833
    ],
    "fnr_0": [
        3.2440338134765625,
        1.2711186408996582
    ],
    "fnr_1": [
        3.1282105445861816,
        1.0978130102157593
    ],
    "par_0": [
        88.5199966430664,
        2.6449320316314697
    ],
    "par_1": [
        89.23185729980469,
        1.8490594625473022
    ],
    "fpr_0": [
        1.8706963062286377,
        0.8464078307151794
    ],
    "fpr_1": [
        1.5671131610870361,
        0.6777601838111877
    ],
    "tnr_0": [
        7.977205753326416,
        2.5554895401000977
    ],
    "tnr_1": [
        9.384376525878906,
        1.9248496294021606
    ],
    "nar_0": [
        90.152099609375,
        2.7122888565063477
    ],
    "nar_1": [
        89.04851531982422,
        2.1180357933044434
    ]
}