{
    "cov": [
        52.645790100097656,
        3.4490737915039062
    ],
    "acc": [
        74.79708862304688,
        1.595144510269165
    ],
    "pos_0": [
        13.451988220214844,
        3.0574660301208496
    ],
    "pos_1": [
        15.217164993286133,
        2.8067197799682617
    ],
    "neg_0": [
        36.529869079589844,
        2.543376922607422
    ],
    "neg_1": [
        38.807308197021484,
        3.210650682449341
    ],
    "abs_0": [
        50.01813888549805,
        3.542646884918213
    ],
    "abs_1": [
        45.975521087646484,
        4.051468372344971
    ],
    "tpr_0": [
        24.52596664428711,
        4.520820140838623
    ],
    "tpr_1": [
        24.7570743560791,
        4.224732875823975
    ],
    "fnr_0": [
        21.606836318969727,
        3.475748300552368
    ],
    "fnr_1": [
        21.770263671875,
        2.880356788635254
    ],
    "par_0": [
        53.86719512939453,
        5.868826866149902
    ],
    "par_1": [
        53.472660064697266,
        4.552145004272461
    ],
    "fpr_0": [
        6.346568584442139,
        2.3819777965545654
    ],
    "fpr_1": [
        6.317134857177734,
        2.0433263778686523
    ],
    "tnr_0": [
        46.14091873168945,
        2.9521617889404297
    ],
    "tnr_1": [
        54.70694351196289,
        3.9530792236328125
    ],
    "nar_0": [
        47.51251220703125,
        3.0527188777923584
    ],
    "nar_1": [
        38.975921630859375,
        4.437568664550781
    ]
}