{
    "cov": [
        7.440501689910889,
        2.1542694568634033
    ],
    "acc": [
        83.94204711914062,
        3.8869361877441406
    ],
    "pos_0": [
        1.0325541496276855,
        0.6930409669876099
    ],
    "pos_1": [
        4.511797904968262,
        1.1439769268035889
    ],
    "neg_0": [
        5.442034721374512,
        2.8978018760681152
    ],
    "neg_1": [
        3.449897050857544,
        1.578786015510559
    ],
    "abs_0": [
        93.52540588378906,
        2.923184633255005
    ],
    "abs_1": [
        92.03829956054688,
        2.1323049068450928
    ],
    "tpr_0": [
        2.1426079273223877,
        1.3316742181777954
    ],
    "tpr_1": [
        7.887138366699219,
        1.8680870532989502
    ],
    "fnr_0": [
        2.150420904159546,
        1.5947004556655884
    ],
    "fnr_1": [
        1.1621471643447876,
        0.7693515419960022
    ],
    "par_0": [
        95.70697021484375,
        2.082038640975952
    ],
    "par_1": [
        90.95071411132812,
        2.0915703773498535
    ],
    "fpr_0": [
        0.311868280172348,
        0.4126460552215576
    ],
    "fpr_1": [
        1.3622820377349854,
        0.6735936999320984
    ],
    "tnr_0": [
        7.59806489944458,
        4.119635581970215
    ],
    "tnr_1": [
        5.589361667633057,
        2.4742298126220703
    ],
    "nar_0": [
        92.0900650024414,
        4.047175407409668
    ],
    "nar_1": [
        93.04835510253906,
        2.6260063648223877
    ]
}