{
    "cov": [
        17.60890769958496,
        3.102619171142578
    ],
    "acc": [
        81.01101684570312,
        2.07065749168396
    ],
    "pos_0": [
        2.058105945587158,
        0.7935525178909302
    ],
    "pos_1": [
        7.31446647644043,
        1.9585075378417969
    ],
    "neg_0": [
        17.91383171081543,
        4.735661029815674
    ],
    "neg_1": [
        9.092591285705566,
        2.184936046600342
    ],
    "abs_0": [
        80.02806091308594,
        4.926774501800537
    ],
    "abs_1": [
        83.59294128417969,
        3.2499539852142334
    ],
    "tpr_0": [
        4.116408348083496,
        1.8980821371078491
    ],
    "tpr_1": [
        12.412062644958496,
        3.265458345413208
    ],
    "fnr_0": [
        8.491917610168457,
        3.153146505355835
    ],
    "fnr_1": [
        3.7253170013427734,
        1.4515619277954102
    ],
    "par_0": [
        87.39167022705078,
        3.6384003162384033
    ],
    "par_1": [
        83.86261749267578,
        3.640098810195923
    ],
    "fpr_0": [
        0.7572768926620483,
        0.3904222846031189
    ],
    "fpr_1": [
        2.543543815612793,
        0.9089204668998718
    ],
    "tnr_0": [
        24.043848037719727,
        6.482545375823975
    ],
    "tnr_1": [
        14.1270751953125,
        3.1943132877349854
    ],
    "nar_0": [
        75.19886779785156,
        6.462104320526123
    ],
    "nar_1": [
        83.32937622070312,
        3.335413932800293
    ]
}