{
    "cov": [
        7.0118303298950195,
        6.368043422698975
    ],
    "acc": [
        69.62238311767578,
        26.672359466552734
    ],
    "pos_0": [
        0.23868891596794128,
        0.707917332649231
    ],
    "pos_1": [
        0.5579894781112671,
        1.238295316696167
    ],
    "neg_0": [
        6.642572402954102,
        5.747617244720459
    ],
    "neg_1": [
        6.499082565307617,
        6.215185165405273
    ],
    "abs_0": [
        93.11873626708984,
        6.102159023284912
    ],
    "abs_1": [
        92.94292449951172,
        6.849841594696045
    ],
    "tpr_0": [
        0.4292750954627991,
        1.3000950813293457
    ],
    "tpr_1": [
        0.9207205772399902,
        2.019610643386841
    ],
    "fnr_0": [
        3.2571980953216553,
        2.9217796325683594
    ],
    "fnr_1": [
        3.145738124847412,
        3.250749349594116
    ],
    "par_0": [
        96.31352233886719,
        3.502220869064331
    ],
    "par_1": [
        95.93354034423828,
        4.378425121307373
    ],
    "fpr_0": [
        0.11544280499219894,
        0.34807443618774414
    ],
    "fpr_1": [
        0.22950874269008636,
        0.5544431209564209
    ],
    "tnr_0": [
        8.862698554992676,
        7.81303596496582
    ],
    "tnr_1": [
        9.6596040725708,
        9.130424499511719
    ],
    "nar_0": [
        91.0218505859375,
        8.009224891662598
    ],
    "nar_1": [
        90.11088562011719,
        9.383384704589844
    ]
}