{
    "cov": [
        23.70772361755371,
        3.911928176879883
    ],
    "acc": [
        79.7540512084961,
        1.8991320133209229
    ],
    "pos_0": [
        3.911799430847168,
        1.7585080862045288
    ],
    "pos_1": [
        6.437376022338867,
        2.1162333488464355
    ],
    "neg_0": [
        21.05915641784668,
        4.666120529174805
    ],
    "neg_1": [
        16.64004898071289,
        2.7551088333129883
    ],
    "abs_0": [
        75.02904510498047,
        5.466019153594971
    ],
    "abs_1": [
        76.92256927490234,
        3.7277309894561768
    ],
    "tpr_0": [
        7.528008937835693,
        3.494886636734009
    ],
    "tpr_1": [
        11.10683822631836,
        3.5400657653808594
    ],
    "fnr_0": [
        10.13867473602295,
        3.2799019813537598
    ],
    "fnr_1": [
        7.5220561027526855,
        1.7537423372268677
    ],
    "par_0": [
        82.33332061767578,
        5.115884304046631
    ],
    "par_1": [
        81.37110137939453,
        3.744746208190918
    ],
    "fpr_0": [
        1.5942693948745728,
        0.863345205783844
    ],
    "fpr_1": [
        2.111968755722046,
        1.0426186323165894
    ],
    "tnr_0": [
        28.079113006591797,
        6.134735107421875
    ],
    "tnr_1": [
        25.159564971923828,
        4.162306308746338
    ],
    "nar_0": [
        70.32661437988281,
        6.424679279327393
    ],
    "nar_1": [
        72.72846221923828,
        4.526012897491455
    ]
}