{
    "cov": [
        0.4036186635494232,
        0.8605391979217529
    ],
    "acc": [
        39.05714416503906,
        45.433006286621094
    ],
    "pos_0": [
        0.008064515888690948,
        0.04032257944345474
    ],
    "pos_1": [
        0.02095678076148033,
        0.08531178534030914
    ],
    "neg_0": [
        0.43536725640296936,
        1.1041806936264038
    ],
    "neg_1": [
        0.35750964283943176,
        0.8523498177528381
    ],
    "abs_0": [
        99.55655670166016,
        1.10160231590271
    ],
    "abs_1": [
        99.62152862548828,
        0.8644233345985413
    ],
    "tpr_0": [
        0.021739128977060318,
        0.10869564861059189
    ],
    "tpr_1": [
        0.034862689673900604,
        0.13477633893489838
    ],
    "fnr_0": [
        0.20119650661945343,
        0.4673719108104706
    ],
    "fnr_1": [
        0.13269385695457458,
        0.4478014409542084
    ],
    "par_0": [
        99.77706909179688,
        0.4702538549900055
    ],
    "par_1": [
        99.83243560791016,
        0.4572247564792633
    ],
    "fpr_0": [
        0.0,
        0.0
    ],
    "fpr_1": [
        0.008130080997943878,
        0.04065040498971939
    ],
    "tnr_0": [
        0.5774673819541931,
        1.509400486946106
    ],
    "tnr_1": [
        0.5683510899543762,
        1.2728344202041626
    ],
    "nar_0": [
        99.42252349853516,
        1.509401559829712
    ],
    "nar_1": [
        99.42351531982422,
        1.2804970741271973
    ]
}