{
    "cov": [
        30.867084503173828,
        9.833412170410156
    ],
    "acc": [
        71.39002227783203,
        2.5833513736724854
    ],
    "pos_0": [
        0.17005297541618347,
        0.34155815839767456
    ],
    "pos_1": [
        2.7607204914093018,
        3.997683525085449
    ],
    "neg_0": [
        43.14316940307617,
        12.460322380065918
    ],
    "neg_1": [
        21.74431610107422,
        8.856882095336914
    ],
    "abs_0": [
        56.68677520751953,
        12.49327278137207
    ],
    "abs_1": [
        75.49496459960938,
        11.17566967010498
    ],
    "tpr_0": [
        0.27705684304237366,
        0.6611654758453369
    ],
    "tpr_1": [
        4.581671237945557,
        6.577668190002441
    ],
    "fnr_0": [
        32.52069854736328,
        11.99389934539795
    ],
    "fnr_1": [
        13.292860984802246,
        6.242956161499023
    ],
    "par_0": [
        67.2022476196289,
        11.971038818359375
    ],
    "par_1": [
        82.1254653930664,
        10.537395477294922
    ],
    "fpr_0": [
        0.10782342404127121,
        0.25789788365364075
    ],
    "fpr_1": [
        1.0513322353363037,
        1.717437505722046
    ],
    "tnr_0": [
        49.97698211669922,
        13.02113151550293
    ],
    "tnr_1": [
        29.7247257232666,
        11.6925687789917
    ],
    "nar_0": [
        49.91519546508789,
        13.08574390411377
    ],
    "nar_1": [
        69.22394561767578,
        12.585448265075684
    ]
}