{
    "cov": [
        0.022268613800406456,
        0.03874574601650238
    ],
    "acc": [
        28.0,
        45.82575607299805
    ],
    "pos_0": [
        0.01669013686478138,
        0.05781025439500809
    ],
    "pos_1": [
        0.025465259328484535,
        0.04626256600022316
    ],
    "neg_0": [
        0.0,
        0.0
    ],
    "neg_1": [
        0.0,
        0.0
    ],
    "abs_0": [
        99.98330688476562,
        0.05781106650829315
    ],
    "abs_1": [
        99.97452545166016,
        0.04626467451453209
    ],
    "tpr_0": [
        0.04265093803405762,
        0.14780262112617493
    ],
    "tpr_1": [
        0.05301986634731293,
        0.09644024819135666
    ],
    "fnr_0": [
        0.0,
        0.0
    ],
    "fnr_1": [
        0.0,
        0.0
    ],
    "par_0": [
        99.95735168457031,
        0.14780287444591522
    ],
    "par_1": [
        99.94698333740234,
        0.09644068777561188
    ],
    "fpr_0": [
        0.0,
        0.0
    ],
    "fpr_1": [
        0.0,
        0.0
    ],
    "tnr_0": [
        0.0,
        0.0
    ],
    "tnr_1": [
        0.0,
        0.0
    ],
    "nar_0": [
        100.0,
        0.0
    ],
    "nar_1": [
        100.0,
        0.0
    ]
}