{
    "cov": [
        17.416839599609375,
        6.9726881980896
    ],
    "acc": [
        80.84197235107422,
        3.6753692626953125
    ],
    "pos_0": [
        2.2852516174316406,
        1.8513710498809814
    ],
    "pos_1": [
        4.067323684692383,
        2.300206184387207
    ],
    "neg_0": [
        13.165800094604492,
        6.810314655303955
    ],
    "neg_1": [
        14.388880729675293,
        6.218630790710449
    ],
    "abs_0": [
        84.54894256591797,
        7.525417804718018
    ],
    "abs_1": [
        81.5438003540039,
        7.445960998535156
    ],
    "tpr_0": [
        4.25569486618042,
        3.512258529663086
    ],
    "tpr_1": [
        7.174996376037598,
        3.9803617000579834
    ],
    "fnr_0": [
        5.7523322105407715,
        3.871375799179077
    ],
    "fnr_1": [
        6.425153732299805,
        3.7931559085845947
    ],
    "par_0": [
        89.99197387695312,
        5.415657997131348
    ],
    "par_1": [
        86.39984130859375,
        6.0486321449279785
    ],
    "fpr_0": [
        1.0313423871994019,
        0.8588137030601501
    ],
    "fpr_1": [
        1.2116440534591675,
        0.9500254988670349
    ],
    "tnr_0": [
        17.946044921875,
        8.97138786315918
    ],
    "tnr_1": [
        21.76846694946289,
        8.553114891052246
    ],
    "nar_0": [
        81.02261352539062,
        9.322020530700684
    ],
    "nar_1": [
        77.01988220214844,
        9.107172012329102
    ]
}