{
    "cov": [
        38.24356460571289,
        3.9726498126983643
    ],
    "acc": [
        72.35140991210938,
        1.5648802518844604
    ],
    "pos_0": [
        10.339564323425293,
        2.158179521560669
    ],
    "pos_1": [
        10.39541244506836,
        1.237541675567627
    ],
    "neg_0": [
        29.663646697998047,
        4.369908809661865
    ],
    "neg_1": [
        26.92489242553711,
        5.36009407043457
    ],
    "abs_0": [
        59.996788024902344,
        4.993267059326172
    ],
    "abs_1": [
        62.6796989440918,
        5.44618034362793
    ],
    "tpr_0": [
        17.354167938232422,
        3.1615800857543945
    ],
    "tpr_1": [
        16.756752014160156,
        2.0430808067321777
    ],
    "fnr_0": [
        17.956174850463867,
        3.5487194061279297
    ],
    "fnr_1": [
        17.243375778198242,
        4.112246513366699
    ],
    "par_0": [
        64.68966674804688,
        4.755660057067871
    ],
    "par_1": [
        65.99987030029297,
        4.656124591827393
    ],
    "fpr_0": [
        5.729165077209473,
        1.8218193054199219
    ],
    "fpr_1": [
        4.587590217590332,
        0.9990978837013245
    ],
    "tnr_0": [
        37.3354606628418,
        5.560390472412109
    ],
    "tnr_1": [
        35.75343704223633,
        6.596960544586182
    ],
    "nar_0": [
        56.93537139892578,
        5.854053974151611
    ],
    "nar_1": [
        59.658966064453125,
        6.689091682434082
    ]
}