{
    "cov": [
        64.5511474609375,
        2.65893292427063
    ],
    "acc": [
        72.56791687011719,
        1.4583784341812134
    ],
    "pos_0": [
        17.736663818359375,
        2.944296360015869
    ],
    "pos_1": [
        19.524396896362305,
        2.7560489177703857
    ],
    "neg_0": [
        44.8880615234375,
        2.649866819381714
    ],
    "neg_1": [
        46.04731369018555,
        2.356816291809082
    ],
    "abs_0": [
        37.37527084350586,
        3.812211751937866
    ],
    "abs_1": [
        34.428287506103516,
        2.464874267578125
    ],
    "tpr_0": [
        30.27125358581543,
        3.4125852584838867
    ],
    "tpr_1": [
        31.11285972595215,
        4.418592929840088
    ],
    "fnr_0": [
        29.20210838317871,
        3.14656400680542
    ],
    "fnr_1": [
        27.840999603271484,
        2.8541648387908936
    ],
    "par_0": [
        40.526634216308594,
        4.549844264984131
    ],
    "par_1": [
        41.0461311340332,
        3.8034961223602295
    ],
    "fpr_0": [
        9.672102928161621,
        2.738931894302368
    ],
    "fpr_1": [
        8.69859504699707,
        1.7321571111679077
    ],
    "tnr_0": [
        55.00148391723633,
        3.4000155925750732
    ],
    "tnr_1": [
        63.047821044921875,
        2.4845266342163086
    ],
    "nar_0": [
        35.32640838623047,
        4.290630340576172
    ],
    "nar_1": [
        28.253578186035156,
        2.29613995552063
    ]
}