{
    "cov": [
        17.567153930664062,
        1.6336331367492676
    ],
    "acc": [
        76.9097671508789,
        2.7731916904449463
    ],
    "pos_0": [
        5.936932563781738,
        1.62997567653656
    ],
    "pos_1": [
        6.221695423126221,
        1.282111406326294
    ],
    "neg_0": [
        10.799025535583496,
        2.848729372024536
    ],
    "neg_1": [
        11.771285057067871,
        2.062396764755249
    ],
    "abs_0": [
        83.26404571533203,
        3.2335824966430664
    ],
    "abs_1": [
        82.00701141357422,
        2.097182273864746
    ],
    "tpr_0": [
        10.917065620422363,
        3.0109000205993652
    ],
    "tpr_1": [
        10.27048110961914,
        1.9833600521087646
    ],
    "fnr_0": [
        5.484407901763916,
        2.033087968826294
    ],
    "fnr_1": [
        6.090989589691162,
        1.580160140991211
    ],
    "par_0": [
        83.59852600097656,
        3.2922093868255615
    ],
    "par_1": [
        83.6385269165039,
        2.2872133255004883
    ],
    "fpr_0": [
        2.672970771789551,
        1.134564757347107
    ],
    "fpr_1": [
        2.523042917251587,
        0.9410391449928284
    ],
    "tnr_0": [
        14.312878608703613,
        3.9795188903808594
    ],
    "tnr_1": [
        16.972915649414062,
        2.8401455879211426
    ],
    "nar_0": [
        83.01415252685547,
        4.264634132385254
    ],
    "nar_1": [
        80.50404357910156,
        2.808255195617676
    ]
}