{
    "cov": [
        58.96451187133789,
        3.243861675262451
    ],
    "acc": [
        73.48477172851562,
        1.3139407634735107
    ],
    "pos_0": [
        15.73745346069336,
        3.4648547172546387
    ],
    "pos_1": [
        17.585552215576172,
        2.8304452896118164
    ],
    "neg_0": [
        40.667503356933594,
        2.6384012699127197
    ],
    "neg_1": [
        42.716514587402344,
        2.886544704437256
    ],
    "abs_0": [
        43.59503936767578,
        4.28621244430542
    ],
    "abs_1": [
        39.69793701171875,
        3.211514711380005
    ],
    "tpr_0": [
        27.34419822692871,
        4.850681781768799
    ],
    "tpr_1": [
        28.239225387573242,
        4.299707889556885
    ],
    "fnr_0": [
        25.367977142333984,
        3.5714945793151855
    ],
    "fnr_1": [
        24.938251495361328,
        2.7773241996765137
    ],
    "par_0": [
        47.28782272338867,
        5.547861576080322
    ],
    "par_1": [
        46.82252502441406,
        4.04191780090332
    ],
    "fpr_0": [
        8.307644844055176,
        2.8125762939453125
    ],
    "fpr_1": [
        7.651557445526123,
        2.125927448272705
    ],
    "tnr_0": [
        50.53135681152344,
        3.108598232269287
    ],
    "tnr_1": [
        59.310829162597656,
        3.1663289070129395
    ],
    "nar_0": [
        41.16099548339844,
        4.41713285446167
    ],
    "nar_1": [
        33.03761291503906,
        3.234497547149658
    ]
}