{
    "cov": [
        84.65413665771484,
        12.528773307800293
    ],
    "acc": [
        65.61175537109375,
        2.2954132556915283
    ],
    "pos_0": [
        5.902863502502441,
        5.434217929840088
    ],
    "pos_1": [
        28.18119239807129,
        12.651742935180664
    ],
    "neg_0": [
        79.43470001220703,
        6.599380970001221
    ],
    "neg_1": [
        56.14793395996094,
        8.353318214416504
    ],
    "abs_0": [
        14.662428855895996,
        7.5826873779296875
    ],
    "abs_1": [
        15.670873641967773,
        16.69154167175293
    ],
    "tpr_0": [
        10.420475959777832,
        9.315570831298828
    ],
    "tpr_1": [
        40.391868591308594,
        17.528404235839844
    ],
    "fnr_0": [
        70.32855987548828,
        9.448530197143555
    ],
    "fnr_1": [
        41.71173858642578,
        6.712182521820068
    ],
    "par_0": [
        19.250959396362305,
        10.76595401763916
    ],
    "par_1": [
        17.896392822265625,
        19.19087028503418
    ],
    "fpr_0": [
        2.9955990314483643,
        3.0356483459472656
    ],
    "fpr_1": [
        16.86293601989746,
        8.556425094604492
    ],
    "tnr_0": [
        85.24173736572266,
        5.25186824798584
    ],
    "tnr_1": [
        69.58184051513672,
        10.285136222839355
    ],
    "nar_0": [
        11.762666702270508,
        5.8991265296936035
    ],
    "nar_1": [
        13.55522346496582,
        14.715108871459961
    ]
}