{
    "cov": [
        14.794711112976074,
        3.7692482471466064
    ],
    "acc": [
        81.06005859375,
        2.2612051963806152
    ],
    "pos_0": [
        2.305088520050049,
        1.3600643873214722
    ],
    "pos_1": [
        4.448272228240967,
        2.205050230026245
    ],
    "neg_0": [
        11.982232093811035,
        4.339906215667725
    ],
    "neg_1": [
        10.629006385803223,
        2.281923770904541
    ],
    "abs_0": [
        85.71267700195312,
        4.878670692443848
    ],
    "abs_1": [
        84.9227294921875,
        3.668539524078369
    ],
    "tpr_0": [
        4.579977512359619,
        2.8230857849121094
    ],
    "tpr_1": [
        7.794417381286621,
        3.642072916030884
    ],
    "fnr_0": [
        5.600930213928223,
        3.0369114875793457
    ],
    "fnr_1": [
        4.478312969207764,
        1.3047665357589722
    ],
    "par_0": [
        89.819091796875,
        4.4983367919921875
    ],
    "par_1": [
        87.72726440429688,
        3.9347639083862305
    ],
    "fpr_0": [
        0.8741656541824341,
        0.5848732590675354
    ],
    "fpr_1": [
        1.3547905683517456,
        1.0864962339401245
    ],
    "tnr_0": [
        16.11180877685547,
        5.634860515594482
    ],
    "tnr_1": [
        16.357791900634766,
        3.418827533721924
    ],
    "nar_0": [
        83.01402282714844,
        5.886421203613281
    ],
    "nar_1": [
        82.28742218017578,
        3.8983776569366455
    ]
}