{
    "cov": [
        2.290883779525757,
        0.6812185049057007
    ],
    "acc": [
        86.01953125,
        5.400071144104004
    ],
    "pos_0": [
        0.5411801934242249,
        0.40824851393699646
    ],
    "pos_1": [
        2.5207109451293945,
        0.9771801233291626
    ],
    "neg_0": [
        0.44588717818260193,
        0.5849090218544006
    ],
    "neg_1": [
        0.450714647769928,
        0.48718103766441345
    ],
    "abs_0": [
        99.01292419433594,
        0.7456624507904053
    ],
    "abs_1": [
        97.02857208251953,
        0.948550283908844
    ],
    "tpr_0": [
        1.177873134613037,
        0.881085991859436
    ],
    "tpr_1": [
        4.528182029724121,
        1.7956243753433228
    ],
    "fnr_0": [
        0.1682407557964325,
        0.3676305413246155
    ],
    "fnr_1": [
        0.13863246142864227,
        0.17586135864257812
    ],
    "par_0": [
        98.65388488769531,
        1.0666837692260742
    ],
    "par_1": [
        95.33318328857422,
        1.7474381923675537
    ],
    "fpr_0": [
        0.14608469605445862,
        0.23463070392608643
    ],
    "fpr_1": [
        0.6464910507202148,
        0.41679736971855164
    ],
    "tnr_0": [
        0.6214419007301331,
        0.803098201751709
    ],
    "tnr_1": [
        0.7504827976226807,
        0.8287894129753113
    ],
    "nar_0": [
        99.23247528076172,
        0.8235263824462891
    ],
    "nar_1": [
        98.60302734375,
        0.9193601608276367
    ]
}