{
    "cov": [
        25.171886444091797,
        3.0334341526031494
    ],
    "acc": [
        79.93576049804688,
        1.6389399766921997
    ],
    "pos_0": [
        2.681628465652466,
        0.9330111742019653
    ],
    "pos_1": [
        10.06905460357666,
        2.0049760341644287
    ],
    "neg_0": [
        24.883779525756836,
        3.691033124923706
    ],
    "neg_1": [
        13.88876724243164,
        2.3193166255950928
    ],
    "abs_0": [
        72.4345932006836,
        3.9393668174743652
    ],
    "abs_1": [
        76.04217529296875,
        3.4582576751708984
    ],
    "tpr_0": [
        5.261424541473389,
        1.902669072151184
    ],
    "tpr_1": [
        16.923582077026367,
        3.559797763824463
    ],
    "fnr_0": [
        12.57514762878418,
        2.993016004562378
    ],
    "fnr_1": [
        6.013200759887695,
        1.5476199388504028
    ],
    "par_0": [
        82.1634292602539,
        3.8043928146362305
    ],
    "par_1": [
        77.0632095336914,
        3.983116388320923
    ],
    "fpr_0": [
        1.0280261039733887,
        0.5014172196388245
    ],
    "fpr_1": [
        3.666388750076294,
        0.9512858986854553
    ],
    "tnr_0": [
        32.825340270996094,
        4.610371112823486
    ],
    "tnr_1": [
        21.224637985229492,
        3.4394004344940186
    ],
    "nar_0": [
        66.1466293334961,
        4.758108615875244
    ],
    "nar_1": [
        75.10897064208984,
        3.8023533821105957
    ]
}