{
    "cov": [
        15.44328498840332,
        7.597074031829834
    ],
    "acc": [
        79.62442016601562,
        4.150607585906982
    ],
    "pos_0": [
        0.7211534976959229,
        1.8843573331832886
    ],
    "pos_1": [
        1.2473618984222412,
        2.27109432220459
    ],
    "neg_0": [
        16.01568031311035,
        7.3387770652771
    ],
    "neg_1": [
        13.5762939453125,
        6.89981746673584
    ],
    "abs_0": [
        83.2631607055664,
        7.665685653686523
    ],
    "abs_1": [
        85.17634582519531,
        8.190412521362305
    ],
    "tpr_0": [
        1.425058126449585,
        3.7001075744628906
    ],
    "tpr_1": [
        2.155087471008301,
        3.8595478534698486
    ],
    "fnr_0": [
        7.9832305908203125,
        4.528200626373291
    ],
    "fnr_1": [
        6.4808573722839355,
        3.9619836807250977
    ],
    "par_0": [
        90.59170532226562,
        5.8098368644714355
    ],
    "par_1": [
        91.36405944824219,
        6.40647029876709
    ],
    "fpr_0": [
        0.2563835382461548,
        0.7061263918876648
    ],
    "fpr_1": [
        0.43733665347099304,
        0.9221592545509338
    ],
    "tnr_0": [
        21.306930541992188,
        9.517929077148438
    ],
    "tnr_1": [
        20.215723037719727,
        9.843241691589355
    ],
    "nar_0": [
        78.43669128417969,
        9.585384368896484
    ],
    "nar_1": [
        79.34693908691406,
        10.28845500946045
    ]
}