{
    "cov": [
        55.39039993286133,
        3.702789783477783
    ],
    "acc": [
        74.0947265625,
        1.3251523971557617
    ],
    "pos_0": [
        13.704936027526855,
        2.998668670654297
    ],
    "pos_1": [
        16.25550079345703,
        2.728853940963745
    ],
    "neg_0": [
        38.54649353027344,
        3.5404930114746094
    ],
    "neg_1": [
        40.770084381103516,
        2.8974409103393555
    ],
    "abs_0": [
        47.74856948852539,
        4.337523460388184
    ],
    "abs_1": [
        42.97441482543945,
        3.722040891647339
    ],
    "tpr_0": [
        24.547197341918945,
        4.2201738357543945
    ],
    "tpr_1": [
        26.312294006347656,
        4.001256465911865
    ],
    "fnr_0": [
        23.71891975402832,
        4.371642589569092
    ],
    "fnr_1": [
        23.490936279296875,
        2.620082139968872
    ],
    "par_0": [
        51.73388671875,
        5.754804611206055
    ],
    "par_1": [
        50.1967658996582,
        3.9020254611968994
    ],
    "fpr_0": [
        6.73085355758667,
        2.2236392498016357
    ],
    "fpr_1": [
        6.8410325050354,
        1.9034664630889893
    ],
    "tnr_0": [
        48.09218978881836,
        3.7382614612579346
    ],
    "tnr_1": [
        56.89543914794922,
        3.8052542209625244
    ],
    "nar_0": [
        45.17695236206055,
        4.400345802307129
    ],
    "nar_1": [
        36.26352310180664,
        4.295445919036865
    ]
}