{
    "cov": [
        4.108559608459473,
        3.455115556716919
    ],
    "acc": [
        66.70120239257812,
        30.52286148071289
    ],
    "pos_0": [
        0.016467876732349396,
        0.0570099763572216
    ],
    "pos_1": [
        0.008461417630314827,
        0.029286295175552368
    ],
    "neg_0": [
        7.604791641235352,
        6.840722560882568
    ],
    "neg_1": [
        2.2837319374084473,
        2.6261281967163086
    ],
    "abs_0": [
        92.37873840332031,
        6.821863651275635
    ],
    "abs_1": [
        97.70780944824219,
        2.625689744949341
    ],
    "tpr_0": [
        0.02185792475938797,
        0.10928962379693985
    ],
    "tpr_1": [
        0.017864352092146873,
        0.06184375286102295
    ],
    "fnr_0": [
        3.9616215229034424,
        3.716628074645996
    ],
    "fnr_1": [
        1.0467796325683594,
        1.2743641138076782
    ],
    "par_0": [
        96.01651763916016,
        3.6938958168029785
    ],
    "par_1": [
        98.93534851074219,
        1.2685250043869019
    ],
    "fpr_0": [
        0.012903224676847458,
        0.06451612710952759
    ],
    "fpr_1": [
        0.0,
        0.0
    ],
    "tnr_0": [
        9.920111656188965,
        9.023632049560547
    ],
    "tnr_1": [
        3.447598457336426,
        3.9565768241882324
    ],
    "nar_0": [
        90.06697845458984,
        9.009074211120605
    ],
    "nar_1": [
        96.55239868164062,
        3.9565775394439697
    ]
}