{
    "cov": [
        63.29575729370117,
        3.368269443511963
    ],
    "acc": [
        72.75336456298828,
        1.4651538133621216
    ],
    "pos_0": [
        17.87091064453125,
        2.8404712677001953
    ],
    "pos_1": [
        19.42021369934082,
        2.3991446495056152
    ],
    "neg_0": [
        43.4020881652832,
        3.236420154571533
    ],
    "neg_1": [
        44.946659088134766,
        2.996534824371338
    ],
    "abs_0": [
        38.72700119018555,
        4.453646183013916
    ],
    "abs_1": [
        35.63312530517578,
        3.2900350093841553
    ],
    "tpr_0": [
        30.150985717773438,
        4.006834030151367
    ],
    "tpr_1": [
        31.01479148864746,
        3.5628998279571533
    ],
    "fnr_0": [
        28.14243507385254,
        3.6830556392669678
    ],
    "fnr_1": [
        26.751508712768555,
        3.1159842014312744
    ],
    "par_0": [
        41.70656967163086,
        5.339324951171875
    ],
    "par_1": [
        42.23369598388672,
        4.398410797119141
    ],
    "fpr_0": [
        9.998730659484863,
        2.7098803520202637
    ],
    "fpr_1": [
        8.575335502624512,
        1.7660627365112305
    ],
    "tnr_0": [
        53.22970962524414,
        3.866095781326294
    ],
    "tnr_1": [
        61.93359375,
        3.3721306324005127
    ],
    "nar_0": [
        36.77155303955078,
        4.791941165924072
    ],
    "nar_1": [
        29.49106788635254,
        3.1926729679107666
    ]
}