{
    "cov": [
        72.80167388916016,
        2.622922420501709
    ],
    "acc": [
        70.87973022460938,
        1.4467260837554932
    ],
    "pos_0": [
        20.23680305480957,
        2.861722230911255
    ],
    "pos_1": [
        21.481679916381836,
        2.8376262187957764
    ],
    "neg_0": [
        52.04942321777344,
        3.5421345233917236
    ],
    "neg_1": [
        51.61884307861328,
        2.967769145965576
    ],
    "abs_0": [
        27.713773727416992,
        3.4684531688690186
    ],
    "abs_1": [
        26.899477005004883,
        2.5623209476470947
    ],
    "tpr_0": [
        32.9776496887207,
        4.455554008483887
    ],
    "tpr_1": [
        33.99214553833008,
        4.213918685913086
    ],
    "fnr_0": [
        36.579715728759766,
        4.507142543792725
    ],
    "fnr_1": [
        33.00346755981445,
        3.494032382965088
    ],
    "par_0": [
        30.4426326751709,
        4.800139904022217
    ],
    "par_1": [
        33.004390716552734,
        3.3613576889038086
    ],
    "fpr_0": [
        12.076125144958496,
        2.4568676948547363
    ],
    "fpr_1": [
        9.785234451293945,
        1.9423985481262207
    ],
    "tnr_0": [
        61.99429702758789,
        3.6443212032318115
    ],
    "tnr_1": [
        69.00418853759766,
        2.968384027481079
    ],
    "nar_0": [
        25.929576873779297,
        3.8567252159118652
    ],
    "nar_1": [
        21.210575103759766,
        2.7156732082366943
    ]
}