{
    "cov": [
        99.58524322509766,
        0.49226731061935425
    ],
    "acc": [
        66.3815689086914,
        1.4057598114013672
    ],
    "pos_0": [
        27.92000961303711,
        5.0852813720703125
    ],
    "pos_1": [
        31.45567512512207,
        4.534738540649414
    ],
    "neg_0": [
        71.68502044677734,
        5.154943943023682
    ],
    "neg_1": [
        68.1236343383789,
        4.5733418464660645
    ],
    "abs_0": [
        0.3949677646160126,
        0.6658524870872498
    ],
    "abs_1": [
        0.42069244384765625,
        0.6119294762611389
    ],
    "tpr_0": [
        43.15472412109375,
        6.694622039794922
    ],
    "tpr_1": [
        47.56591796875,
        5.879148006439209
    ],
    "fnr_0": [
        56.56536865234375,
        6.700035095214844
    ],
    "fnr_1": [
        51.89650344848633,
        5.899838447570801
    ],
    "par_0": [
        0.27990224957466125,
        0.5634244084358215
    ],
    "par_1": [
        0.5375743508338928,
        0.8023158311843872
    ],
    "fpr_0": [
        18.154706954956055,
        4.716563701629639
    ],
    "fpr_1": [
        16.428895950317383,
        3.81130313873291
    ],
    "tnr_0": [
        81.38160705566406,
        4.84403657913208
    ],
    "tnr_1": [
        83.25833892822266,
        3.9062137603759766
    ],
    "nar_0": [
        0.46367785334587097,
        0.8177921772003174
    ],
    "nar_1": [
        0.3127705454826355,
        0.49449723958969116
    ]
}