{
    "cov": [
        96.54558563232422,
        6.188141345977783
    ],
    "acc": [
        65.37770080566406,
        2.0142645835876465
    ],
    "pos_0": [
        12.15705394744873,
        6.133235931396484
    ],
    "pos_1": [
        37.38371276855469,
        6.250555038452148
    ],
    "neg_0": [
        82.49152374267578,
        5.306596279144287
    ],
    "neg_1": [
        60.15525436401367,
        5.100952625274658
    ],
    "abs_0": [
        5.3514227867126465,
        7.335550785064697
    ],
    "abs_1": [
        2.461029291152954,
        5.907878875732422
    ],
    "tpr_0": [
        19.90411376953125,
        9.994975090026855
    ],
    "tpr_1": [
        52.522029876708984,
        8.70345687866211
    ],
    "fnr_0": [
        73.23202514648438,
        6.955785274505615
    ],
    "fnr_1": [
        44.38581848144531,
        5.856259822845459
    ],
    "par_0": [
        6.863860130310059,
        9.445256233215332
    ],
    "par_1": [
        3.0921452045440674,
        7.739380359649658
    ],
    "fpr_0": [
        7.272228240966797,
        4.0844902992248535
    ],
    "fpr_1": [
        23.274032592773438,
        5.188594818115234
    ],
    "tnr_0": [
        88.38993835449219,
        4.793918132781982
    ],
    "tnr_1": [
        74.8707275390625,
        5.358931064605713
    ],
    "nar_0": [
        4.337835788726807,
        6.00422477722168
    ],
    "nar_1": [
        1.8552281856536865,
        4.2344970703125
    ]
}