{
    "cov": [
        64.47042846679688,
        6.8203277587890625
    ],
    "acc": [
        67.82813262939453,
        1.622090220451355
    ],
    "pos_0": [
        18.46277618408203,
        3.1362698078155518
    ],
    "pos_1": [
        17.576330184936523,
        3.697218418121338
    ],
    "neg_0": [
        46.285911560058594,
        6.4587860107421875
    ],
    "neg_1": [
        46.674861907958984,
        8.599940299987793
    ],
    "abs_0": [
        35.25130844116211,
        5.8498215675354
    ],
    "abs_1": [
        35.74880599975586,
        9.863670349121094
    ],
    "tpr_0": [
        28.73895263671875,
        4.53474235534668
    ],
    "tpr_1": [
        27.094614028930664,
        5.335031509399414
    ],
    "fnr_0": [
        33.83843994140625,
        6.586323261260986
    ],
    "fnr_1": [
        34.22690963745117,
        7.9850640296936035
    ],
    "par_0": [
        37.422607421875,
        6.403300762176514
    ],
    "par_1": [
        38.67848205566406,
        10.366036415100098
    ],
    "fpr_0": [
        11.697237968444824,
        2.688563823699951
    ],
    "fpr_1": [
        8.875097274780273,
        2.7273571491241455
    ],
    "tnr_0": [
        54.42586898803711,
        7.042008876800537
    ],
    "tnr_1": [
        58.034950256347656,
        9.1034517288208
    ],
    "nar_0": [
        33.87689208984375,
        6.355101585388184
    ],
    "nar_1": [
        33.08995056152344,
        9.717401504516602
    ]
}