{
    "cov": [
        3.1983299255371094,
        2.3363020420074463
    ],
    "acc": [
        77.23760986328125,
        24.135507583618164
    ],
    "pos_0": [
        0.2688846290111542,
        0.4678236246109009
    ],
    "pos_1": [
        0.8755807280540466,
        1.1446508169174194
    ],
    "neg_0": [
        1.7203004360198975,
        1.7773147821426392
    ],
    "neg_1": [
        2.9659368991851807,
        2.5450963973999023
    ],
    "abs_0": [
        98.01081085205078,
        1.756658911705017
    ],
    "abs_1": [
        96.15847778320312,
        2.8499555587768555
    ],
    "tpr_0": [
        0.5213965773582458,
        0.9214867353439331
    ],
    "tpr_1": [
        1.5972694158554077,
        2.0871028900146484
    ],
    "fnr_0": [
        0.6240217685699463,
        0.8551775813102722
    ],
    "fnr_1": [
        1.1759915351867676,
        1.183996558189392
    ],
    "par_0": [
        98.8545913696289,
        1.137935757637024
    ],
    "par_1": [
        97.22673797607422,
        2.340517997741699
    ],
    "fpr_0": [
        0.10479911416769028,
        0.20770445466041565
    ],
    "fpr_1": [
        0.21280445158481598,
        0.3887210190296173
    ],
    "tnr_0": [
        2.4139981269836426,
        2.413578987121582
    ],
    "tnr_1": [
        4.618021011352539,
        3.873929977416992
    ],
    "nar_0": [
        97.48120880126953,
        2.4020910263061523
    ],
    "nar_1": [
        95.16917419433594,
        3.9517149925231934
    ]
}