{
    "cov": [
        41.65066146850586,
        4.821761608123779
    ],
    "acc": [
        76.51154327392578,
        1.414734959602356
    ],
    "pos_0": [
        8.06757640838623,
        2.701589345932007
    ],
    "pos_1": [
        11.5269775390625,
        2.8935604095458984
    ],
    "neg_0": [
        32.87934875488281,
        2.665695905685425
    ],
    "neg_1": [
        30.497177124023438,
        3.8817059993743896
    ],
    "abs_0": [
        59.053070068359375,
        3.8577804565429688
    ],
    "abs_1": [
        57.97583770751953,
        5.685200214385986
    ],
    "tpr_0": [
        15.445326805114746,
        4.89542818069458
    ],
    "tpr_1": [
        19.18270492553711,
        4.76092004776001
    ],
    "fnr_0": [
        18.4924259185791,
        3.2017383575439453
    ],
    "fnr_1": [
        16.06220817565918,
        2.4592742919921875
    ],
    "par_0": [
        66.06224060058594,
        5.944177150726318
    ],
    "par_1": [
        64.75508117675781,
        5.850432872772217
    ],
    "fpr_0": [
        3.3637571334838867,
        1.6865482330322266
    ],
    "fpr_1": [
        4.40340518951416,
        1.5788384675979614
    ],
    "tnr_0": [
        42.15504837036133,
        3.4198529720306396
    ],
    "tnr_1": [
        43.94484329223633,
        5.373953819274902
    ],
    "nar_0": [
        54.4811897277832,
        3.601180076599121
    ],
    "nar_1": [
        51.65174865722656,
        6.057641506195068
    ]
}