{
    "cov": [
        2.8392486572265625,
        0.7842329740524292
    ],
    "acc": [
        85.45014190673828,
        4.3556084632873535
    ],
    "pos_0": [
        0.5569037795066833,
        0.4520646929740906
    ],
    "pos_1": [
        2.7528035640716553,
        0.9828905463218689
    ],
    "neg_0": [
        1.0364187955856323,
        1.2650516033172607
    ],
    "neg_1": [
        0.7457246780395508,
        0.5164434909820557
    ],
    "abs_0": [
        98.40667724609375,
        1.4215351343154907
    ],
    "abs_1": [
        96.50146484375,
        0.9172483086585999
    ],
    "tpr_0": [
        1.2232837677001953,
        1.0108065605163574
    ],
    "tpr_1": [
        4.958802223205566,
        1.8349179029464722
    ],
    "fnr_0": [
        0.4787918031215668,
        0.6797434091567993
    ],
    "fnr_1": [
        0.2604360282421112,
        0.22350144386291504
    ],
    "par_0": [
        98.29792785644531,
        1.346353530883789
    ],
    "par_1": [
        94.78076171875,
        1.7505048513412476
    ],
    "fpr_0": [
        0.13365843892097473,
        0.21459506452083588
    ],
    "fpr_1": [
        0.6974332928657532,
        0.35535186529159546
    ],
    "tnr_0": [
        1.4012635946273804,
        1.8238747119903564
    ],
    "tnr_1": [
        1.204583764076233,
        0.8873932957649231
    ],
    "nar_0": [
        98.46507263183594,
        1.8545496463775635
    ],
    "nar_1": [
        98.09798431396484,
        0.9565230011940002
    ]
}