{
    "cov": [
        35.27627182006836,
        3.7494380474090576
    ],
    "acc": [
        78.30547332763672,
        1.4617725610733032
    ],
    "pos_0": [
        8.60859489440918,
        1.8528215885162354
    ],
    "pos_1": [
        11.018149375915527,
        2.455583333969116
    ],
    "neg_0": [
        25.986961364746094,
        3.2906980514526367
    ],
    "neg_1": [
        24.62559700012207,
        3.389892339706421
    ],
    "abs_0": [
        65.4044418334961,
        4.204103469848633
    ],
    "abs_1": [
        64.35625457763672,
        4.0015435218811035
    ],
    "tpr_0": [
        16.538408279418945,
        3.559744119644165
    ],
    "tpr_1": [
        18.327434539794922,
        3.898413896560669
    ],
    "fnr_0": [
        13.104165077209473,
        3.858396053314209
    ],
    "fnr_1": [
        11.77569580078125,
        2.320667266845703
    ],
    "par_0": [
        70.357421875,
        5.407163143157959
    ],
    "par_1": [
        69.89686584472656,
        3.677659273147583
    ],
    "fpr_0": [
        3.542755126953125,
        1.222161054611206
    ],
    "fpr_1": [
        4.190588474273682,
        1.4072909355163574
    ],
    "tnr_0": [
        34.3130989074707,
        3.66847825050354
    ],
    "tnr_1": [
        36.65869140625,
        5.101468563079834
    ],
    "nar_0": [
        62.14414596557617,
        4.2025556564331055
    ],
    "nar_1": [
        59.15071105957031,
        5.334948539733887
    ]
}