{
    "cov": [
        62.82254409790039,
        3.350382089614868
    ],
    "acc": [
        72.67120361328125,
        1.3605760335922241
    ],
    "pos_0": [
        17.033050537109375,
        3.0848639011383057
    ],
    "pos_1": [
        18.741737365722656,
        3.2040297985076904
    ],
    "neg_0": [
        43.821102142333984,
        2.1330223083496094
    ],
    "neg_1": [
        45.11514663696289,
        2.7536332607269287
    ],
    "abs_0": [
        39.145843505859375,
        3.6449904441833496
    ],
    "abs_1": [
        36.14311218261719,
        3.562255859375
    ],
    "tpr_0": [
        29.055082321166992,
        3.8777339458465576
    ],
    "tpr_1": [
        30.00786781311035,
        5.00538444519043
    ],
    "fnr_0": [
        28.685882568359375,
        2.6578125953674316
    ],
    "fnr_1": [
        27.02968406677246,
        2.9877383708953857
    ],
    "par_0": [
        42.259033203125,
        4.429745197296143
    ],
    "par_1": [
        42.96245193481445,
        4.874212741851807
    ],
    "fpr_0": [
        9.329493522644043,
        2.8914859294891357
    ],
    "fpr_1": [
        8.241766929626465,
        2.1148595809936523
    ],
    "tnr_0": [
        53.55453109741211,
        2.690037965774536
    ],
    "tnr_1": [
        62.004940032958984,
        3.1112842559814453
    ],
    "nar_0": [
        37.11597442626953,
        3.8004770278930664
    ],
    "nar_1": [
        29.7532958984375,
        3.233309030532837
    ]
}