{
    "cov": [
        41.46694564819336,
        5.079365253448486
    ],
    "acc": [
        77.033935546875,
        1.0000097751617432
    ],
    "pos_0": [
        10.038928985595703,
        3.1564011573791504
    ],
    "pos_1": [
        12.234919548034668,
        2.8540656566619873
    ],
    "neg_0": [
        30.48032569885254,
        2.8138692378997803
    ],
    "neg_1": [
        29.741559982299805,
        4.002387046813965
    ],
    "abs_0": [
        59.48073959350586,
        4.577638149261475
    ],
    "abs_1": [
        58.02352523803711,
        5.726974964141846
    ],
    "tpr_0": [
        19.01582145690918,
        6.292952537536621
    ],
    "tpr_1": [
        20.25227928161621,
        4.507155418395996
    ],
    "fnr_0": [
        16.369062423706055,
        2.74833607673645
    ],
    "fnr_1": [
        15.194093704223633,
        2.5052249431610107
    ],
    "par_0": [
        64.6151123046875,
        6.810043811798096
    ],
    "par_1": [
        64.55361938476562,
        5.6571831703186035
    ],
    "fpr_0": [
        4.278012275695801,
        1.4330995082855225
    ],
    "fpr_1": [
        4.756770133972168,
        1.6203268766403198
    ],
    "tnr_0": [
        39.57691955566406,
        3.7003977298736572
    ],
    "tnr_1": [
        43.317665100097656,
        5.620442867279053
    ],
    "nar_0": [
        56.14506530761719,
        4.272250175476074
    ],
    "nar_1": [
        51.92555618286133,
        6.514078617095947
    ]
}