{
    "cov": [
        90.16840362548828,
        3.8291866779327393
    ],
    "acc": [
        67.6712875366211,
        1.4884048700332642
    ],
    "pos_0": [
        23.502992630004883,
        5.450646877288818
    ],
    "pos_1": [
        25.123607635498047,
        3.1329612731933594
    ],
    "neg_0": [
        69.02986145019531,
        5.754755020141602
    ],
    "neg_1": [
        63.81439208984375,
        5.324500560760498
    ],
    "abs_0": [
        7.4671454429626465,
        3.456028938293457
    ],
    "abs_1": [
        11.061991691589355,
        4.71586799621582
    ],
    "tpr_0": [
        37.89346694946289,
        6.648591041564941
    ],
    "tpr_1": [
        39.158470153808594,
        4.678494930267334
    ],
    "fnr_0": [
        53.422996520996094,
        6.452974796295166
    ],
    "fnr_1": [
        46.917049407958984,
        6.868256568908691
    ],
    "par_0": [
        8.683526039123535,
        3.8897945880889893
    ],
    "par_1": [
        13.924480438232422,
        5.901176929473877
    ],
    "fpr_0": [
        14.299704551696777,
        5.28275203704834
    ],
    "fpr_1": [
        12.028576850891113,
        2.352635622024536
    ],
    "tnr_0": [
        79.02387237548828,
        5.918575763702393
    ],
    "tnr_1": [
        79.56956481933594,
        4.430944919586182
    ],
    "nar_0": [
        6.676416873931885,
        3.3587775230407715
    ],
    "nar_1": [
        8.401850700378418,
        3.756038188934326
    ]
}