{
    "cov": [
        0.15588031709194183,
        0.41863691806793213
    ],
    "acc": [
        11.20952320098877,
        26.461254119873047
    ],
    "pos_0": [
        0.0,
        0.0
    ],
    "pos_1": [
        0.0,
        0.0
    ],
    "neg_0": [
        0.03312629461288452,
        0.1656314730644226
    ],
    "neg_1": [
        0.21756677329540253,
        0.5775040984153748
    ],
    "abs_0": [
        99.96687316894531,
        0.16563056409358978
    ],
    "abs_1": [
        99.78243255615234,
        0.5775048136711121
    ],
    "tpr_0": [
        0.0,
        0.0
    ],
    "tpr_1": [
        0.0,
        0.0
    ],
    "fnr_0": [
        0.02150537632405758,
        0.10752688348293304
    ],
    "fnr_1": [
        0.1289408951997757,
        0.35517966747283936
    ],
    "par_0": [
        99.9784927368164,
        0.10752588510513306
    ],
    "par_1": [
        99.87105560302734,
        0.3551802337169647
    ],
    "fpr_0": [
        0.0,
        0.0
    ],
    "fpr_1": [
        0.0,
        0.0
    ],
    "tnr_0": [
        0.04040403664112091,
        0.20202019810676575
    ],
    "tnr_1": [
        0.29770830273628235,
        0.8111189603805542
    ],
    "nar_0": [
        99.95958709716797,
        0.2020208090543747
    ],
    "nar_1": [
        99.70228576660156,
        0.8111194372177124
    ]
}