{
    "cov": [
        35.5212287902832,
        3.3995747566223145
    ],
    "acc": [
        78.26113891601562,
        1.5336381196975708
    ],
    "pos_0": [
        8.72209358215332,
        2.3786532878875732
    ],
    "pos_1": [
        11.053571701049805,
        1.8463464975357056
    ],
    "neg_0": [
        26.331310272216797,
        2.4043736457824707
    ],
    "neg_1": [
        24.716266632080078,
        3.2716925144195557
    ],
    "abs_0": [
        64.94659423828125,
        3.1584815979003906
    ],
    "abs_1": [
        64.23015594482422,
        3.958014488220215
    ],
    "tpr_0": [
        16.66415023803711,
        4.449613571166992
    ],
    "tpr_1": [
        18.47182273864746,
        3.0710248947143555
    ],
    "fnr_0": [
        13.178912162780762,
        3.021484613418579
    ],
    "fnr_1": [
        11.951099395751953,
        2.353510856628418
    ],
    "par_0": [
        70.15692901611328,
        4.7385149002075195
    ],
    "par_1": [
        69.57707977294922,
        4.101770877838135
    ],
    "fpr_0": [
        3.6519508361816406,
        1.335682988166809
    ],
    "fpr_1": [
        4.142343997955322,
        1.1918690204620361
    ],
    "tnr_0": [
        34.79597091674805,
        3.2614359855651855
    ],
    "tnr_1": [
        36.65019607543945,
        4.770395755767822
    ],
    "nar_0": [
        61.55207824707031,
        3.6001248359680176
    ],
    "nar_1": [
        59.20745849609375,
        4.997016429901123
    ]
}