{
    "cov": [
        3.1259570121765137,
        2.630084276199341
    ],
    "acc": [
        76.38035583496094,
        24.354291915893555
    ],
    "pos_0": [
        0.2984861433506012,
        0.5250962376594543
    ],
    "pos_1": [
        0.5900622606277466,
        0.946166455745697
    ],
    "neg_0": [
        2.1992383003234863,
        2.9925754070281982
    ],
    "neg_1": [
        2.8893253803253174,
        3.2255611419677734
    ],
    "abs_0": [
        97.50227355957031,
        2.8842525482177734
    ],
    "abs_1": [
        96.5206069946289,
        3.193105936050415
    ],
    "tpr_0": [
        0.561915397644043,
        1.066736102104187
    ],
    "tpr_1": [
        1.046317458152771,
        1.7145246267318726
    ],
    "fnr_0": [
        0.9741808772087097,
        1.6030877828598022
    ],
    "fnr_1": [
        1.3167411088943481,
        1.8267216682434082
    ],
    "par_0": [
        98.46390533447266,
        1.6881179809570312
    ],
    "par_1": [
        97.6369400024414,
        2.1864192485809326
    ],
    "fpr_0": [
        0.12242784351110458,
        0.2583596110343933
    ],
    "fpr_1": [
        0.17907384037971497,
        0.346711665391922
    ],
    "tnr_0": [
        2.971353769302368,
        3.9357707500457764
    ],
    "tnr_1": [
        4.35905122756958,
        4.60771369934082
    ],
    "nar_0": [
        96.90621948242188,
        3.8933207988739014
    ],
    "nar_1": [
        95.46187591552734,
        4.58083438873291
    ]
}