{
    "cov": [
        63.17327117919922,
        12.656286239624023
    ],
    "acc": [
        67.38221740722656,
        2.7490267753601074
    ],
    "pos_0": [
        1.5312200784683228,
        2.0430257320404053
    ],
    "pos_1": [
        17.627159118652344,
        11.38257884979248
    ],
    "neg_0": [
        69.06230926513672,
        8.74118709564209
    ],
    "neg_1": [
        41.705467224121094,
        8.798101425170898
    ],
    "abs_0": [
        29.406463623046875,
        8.888570785522461
    ],
    "abs_1": [
        40.66737365722656,
        17.610218048095703
    ],
    "tpr_0": [
        2.971747398376465,
        4.034852504730225
    ],
    "tpr_1": [
        25.830839157104492,
        16.148765563964844
    ],
    "fnr_0": [
        58.4946403503418,
        10.680280685424805
    ],
    "fnr_1": [
        29.101356506347656,
        7.273447513580322
    ],
    "par_0": [
        38.53361129760742,
        10.740408897399902
    ],
    "par_1": [
        45.06780242919922,
        20.531919479370117
    ],
    "fpr_0": [
        0.6246688961982727,
        0.9400033950805664
    ],
    "fpr_1": [
        9.978002548217773,
        7.334507465362549
    ],
    "tnr_0": [
        75.79133605957031,
        8.390219688415527
    ],
    "tnr_1": [
        53.45026397705078,
        10.957084655761719
    ],
    "nar_0": [
        23.583995819091797,
        8.428407669067383
    ],
    "nar_1": [
        36.57173156738281,
        15.56375789642334
    ]
}