{
    "cov": [
        20.96033477783203,
        8.818863868713379
    ],
    "acc": [
        78.84465789794922,
        3.4859938621520996
    ],
    "pos_0": [
        2.058049201965332,
        2.597223997116089
    ],
    "pos_1": [
        3.297638177871704,
        3.265983819961548
    ],
    "neg_0": [
        19.89194107055664,
        7.580628395080566
    ],
    "neg_1": [
        17.150285720825195,
        7.2489447593688965
    ],
    "abs_0": [
        78.05001068115234,
        8.52877426147461
    ],
    "abs_1": [
        79.55207061767578,
        9.314566612243652
    ],
    "tpr_0": [
        3.9632339477539062,
        4.890758991241455
    ],
    "tpr_1": [
        5.82016658782959,
        5.65219259262085
    ],
    "fnr_0": [
        9.885335922241211,
        4.200286388397217
    ],
    "fnr_1": [
        8.096199989318848,
        4.148193836212158
    ],
    "par_0": [
        86.15142059326172,
        6.740103721618652
    ],
    "par_1": [
        86.08363342285156,
        8.39309024810791
    ],
    "fpr_0": [
        0.8500451445579529,
        1.2343186140060425
    ],
    "fpr_1": [
        0.9561917185783386,
        1.1396703720092773
    ],
    "tnr_0": [
        26.309959411621094,
        10.091734886169434
    ],
    "tnr_1": [
        25.615819931030273,
        10.356485366821289
    ],
    "nar_0": [
        72.83999633789062,
        10.34748649597168
    ],
    "nar_1": [
        73.427978515625,
        10.887123107910156
    ]
}