{
    "cov": [
        56.81558609008789,
        4.292793273925781
    ],
    "acc": [
        73.71605682373047,
        1.6525331735610962
    ],
    "pos_0": [
        10.887290000915527,
        3.786370038986206
    ],
    "pos_1": [
        14.281309127807617,
        3.757359266281128
    ],
    "neg_0": [
        43.922943115234375,
        4.9571990966796875
    ],
    "neg_1": [
        43.593711853027344,
        3.472973346710205
    ],
    "abs_0": [
        45.18976593017578,
        5.646467208862305
    ],
    "abs_1": [
        42.12498092651367,
        4.269090175628662
    ],
    "tpr_0": [
        19.742414474487305,
        6.211235523223877
    ],
    "tpr_1": [
        23.33198356628418,
        5.699234485626221
    ],
    "fnr_0": [
        27.84724998474121,
        4.952860355377197
    ],
    "fnr_1": [
        25.59913444519043,
        3.751335620880127
    ],
    "par_0": [
        52.41033172607422,
        7.23042106628418
    ],
    "par_1": [
        51.06887435913086,
        5.443907737731934
    ],
    "fpr_0": [
        5.257441520690918,
        2.682196617126465
    ],
    "fpr_1": [
        5.831287860870361,
        2.242385149002075
    ],
    "tnr_0": [
        54.260921478271484,
        5.495015621185303
    ],
    "tnr_1": [
        60.39631652832031,
        3.8547606468200684
    ],
    "nar_0": [
        40.48162841796875,
        5.436995029449463
    ],
    "nar_1": [
        33.772396087646484,
        4.073611259460449
    ]
}