{
    "cov": [
        69.47529602050781,
        2.4476022720336914
    ],
    "acc": [
        71.40635681152344,
        1.325203776359558
    ],
    "pos_0": [
        18.42559242248535,
        3.3747382164001465
    ],
    "pos_1": [
        20.18360710144043,
        2.9306182861328125
    ],
    "neg_0": [
        49.88841247558594,
        2.9206888675689697
    ],
    "neg_1": [
        49.910648345947266,
        2.617112874984741
    ],
    "abs_0": [
        31.685993194580078,
        3.4410245418548584
    ],
    "abs_1": [
        29.905744552612305,
        2.579590082168579
    ],
    "tpr_0": [
        30.659496307373047,
        4.950411796569824
    ],
    "tpr_1": [
        32.13072204589844,
        4.783864498138428
    ],
    "fnr_0": [
        34.16810607910156,
        3.614556312561035
    ],
    "fnr_1": [
        31.50484275817871,
        3.1008341312408447
    ],
    "par_0": [
        35.17239761352539,
        5.017693996429443
    ],
    "par_1": [
        36.364437103271484,
        3.8033478260040283
    ],
    "fpr_0": [
        10.604199409484863,
        3.1966023445129395
    ],
    "fpr_1": [
        9.028199195861816,
        1.7794166803359985
    ],
    "tnr_0": [
        60.00541687011719,
        3.7121615409851074
    ],
    "tnr_1": [
        67.10420989990234,
        2.7702572345733643
    ],
    "nar_0": [
        29.390382766723633,
        3.4681317806243896
    ],
    "nar_1": [
        23.867591857910156,
        2.7407894134521484
    ]
}