{
    "cov": [
        97.4864273071289,
        2.2179934978485107
    ],
    "acc": [
        66.59369659423828,
        1.3586124181747437
    ],
    "pos_0": [
        28.03557586669922,
        5.380068302154541
    ],
    "pos_1": [
        29.44304656982422,
        4.459775924682617
    ],
    "neg_0": [
        70.311767578125,
        5.46937894821167
    ],
    "neg_1": [
        67.594482421875,
        4.312826633453369
    ],
    "abs_0": [
        1.6526497602462769,
        1.3690714836120605
    ],
    "abs_1": [
        2.962468385696411,
        2.9863269329071045
    ],
    "tpr_0": [
        42.98340606689453,
        6.695475101470947
    ],
    "tpr_1": [
        44.943050384521484,
        5.73502254486084
    ],
    "fnr_0": [
        54.942352294921875,
        6.720877647399902
    ],
    "fnr_1": [
        51.204345703125,
        5.462632179260254
    ],
    "par_0": [
        2.0742452144622803,
        1.4800173044204712
    ],
    "par_1": [
        3.8525984287261963,
        3.8989593982696533
    ],
    "fpr_0": [
        18.462480545043945,
        5.201624393463135
    ],
    "fpr_1": [
        14.957598686218262,
        3.344996452331543
    ],
    "tnr_0": [
        80.15066528320312,
        5.291306018829346
    ],
    "tnr_1": [
        82.91681671142578,
        3.4209485054016113
    ],
    "nar_0": [
        1.3868539333343506,
        1.4582054615020752
    ],
    "nar_1": [
        2.1255910396575928,
        2.2305805683135986
    ]
}