{
    "cov": [
        34.27418518066406,
        5.197981834411621
    ],
    "acc": [
        78.11563110351562,
        1.9363713264465332
    ],
    "pos_0": [
        5.828316688537598,
        2.5900349617004395
    ],
    "pos_1": [
        8.846038818359375,
        3.074411392211914
    ],
    "neg_0": [
        29.05120086669922,
        3.121342897415161
    ],
    "neg_1": [
        25.1164493560791,
        4.549604415893555
    ],
    "abs_0": [
        65.1204833984375,
        4.569863319396973
    ],
    "abs_1": [
        66.03750610351562,
        6.0614190101623535
    ],
    "tpr_0": [
        11.327201843261719,
        5.190166473388672
    ],
    "tpr_1": [
        14.986507415771484,
        5.004369735717773
    ],
    "fnr_0": [
        15.024337768554688,
        3.3785207271575928
    ],
    "fnr_1": [
        12.444494247436523,
        2.8509607315063477
    ],
    "par_0": [
        73.6484603881836,
        6.502742290496826
    ],
    "par_1": [
        72.56900024414062,
        6.1583733558654785
    ],
    "fpr_0": [
        2.3196070194244385,
        1.1445947885513306
    ],
    "fpr_1": [
        3.131734609603882,
        1.6278212070465088
    ],
    "tnr_0": [
        38.10700225830078,
        3.74426007270813
    ],
    "tnr_1": [
        36.9698371887207,
        6.768494129180908
    ],
    "nar_0": [
        59.573387145996094,
        4.295928001403809
    ],
    "nar_1": [
        59.8984260559082,
        7.2054057121276855
    ]
}