{
    "cov": [
        64.31175994873047,
        2.9685606956481934
    ],
    "acc": [
        72.64229583740234,
        1.3877607583999634
    ],
    "pos_0": [
        17.783689498901367,
        4.28896951675415
    ],
    "pos_1": [
        19.861675262451172,
        3.1124942302703857
    ],
    "neg_0": [
        44.263267517089844,
        2.9888839721679688
    ],
    "neg_1": [
        45.64735412597656,
        2.459346294403076
    ],
    "abs_0": [
        37.95303726196289,
        4.1347575187683105
    ],
    "abs_1": [
        34.490970611572266,
        2.769137144088745
    ],
    "tpr_0": [
        30.18351173400879,
        5.814559459686279
    ],
    "tpr_1": [
        31.691356658935547,
        4.758105278015137
    ],
    "fnr_0": [
        28.662450790405273,
        3.574650764465332
    ],
    "fnr_1": [
        27.438095092773438,
        3.0983266830444336
    ],
    "par_0": [
        41.15403747558594,
        5.085539817810059
    ],
    "par_1": [
        40.87054443359375,
        4.283571243286133
    ],
    "fpr_0": [
        9.850225448608398,
        3.6408121585845947
    ],
    "fpr_1": [
        8.818890571594238,
        2.0562353134155273
    ],
    "tnr_0": [
        54.30030059814453,
        3.5681700706481934
    ],
    "tnr_1": [
        62.64506149291992,
        2.577439069747925
    ],
    "nar_0": [
        35.84947204589844,
        4.36125373840332
    ],
    "nar_1": [
        28.536048889160156,
        2.4211361408233643
    ]
}