{
    "cov": [
        29.183019638061523,
        2.4444684982299805
    ],
    "acc": [
        78.9808349609375,
        1.409745693206787
    ],
    "pos_0": [
        3.310553550720215,
        1.082206130027771
    ],
    "pos_1": [
        11.384035110473633,
        1.9370170831680298
    ],
    "neg_0": [
        28.67616081237793,
        3.613629102706909
    ],
    "neg_1": [
        16.367467880249023,
        2.1583411693573
    ],
    "abs_0": [
        68.0132827758789,
        4.049875259399414
    ],
    "abs_1": [
        72.24849700927734,
        3.198988199234009
    ],
    "tpr_0": [
        6.551335334777832,
        2.2351267337799072
    ],
    "tpr_1": [
        18.82318878173828,
        3.2844419479370117
    ],
    "fnr_0": [
        15.566821098327637,
        3.952288866043091
    ],
    "fnr_1": [
        7.17827844619751,
        1.5487600564956665
    ],
    "par_0": [
        77.8818359375,
        4.728765964508057
    ],
    "par_1": [
        73.99852752685547,
        3.7984228134155273
    ],
    "fpr_0": [
        1.2471522092819214,
        0.5763078927993774
    ],
    "fpr_1": [
        4.434473037719727,
        1.1291621923446655
    ],
    "tnr_0": [
        37.107364654541016,
        4.08535623550415
    ],
    "tnr_1": [
        24.948720932006836,
        3.1015288829803467
    ],
    "nar_0": [
        61.645477294921875,
        4.21550178527832
    ],
    "nar_1": [
        70.6167984008789,
        3.620919942855835
    ]
}