{
    "cov": [
        11.849687576293945,
        3.2014615535736084
    ],
    "acc": [
        81.45710754394531,
        2.522728443145752
    ],
    "pos_0": [
        1.6046879291534424,
        0.7700790762901306
    ],
    "pos_1": [
        3.651956081390381,
        1.5530561208724976
    ],
    "neg_0": [
        9.416303634643555,
        4.010275363922119
    ],
    "neg_1": [
        8.643789291381836,
        2.2719614505767822
    ],
    "abs_0": [
        88.97900390625,
        4.244627952575684
    ],
    "abs_1": [
        87.7042465209961,
        2.9612865447998047
    ],
    "tpr_0": [
        3.184690475463867,
        1.5079526901245117
    ],
    "tpr_1": [
        6.460599422454834,
        2.641740083694458
    ],
    "fnr_0": [
        4.616996765136719,
        2.77683687210083
    ],
    "fnr_1": [
        3.4937918186187744,
        1.2396711111068726
    ],
    "par_0": [
        92.19831085205078,
        3.3715298175811768
    ],
    "par_1": [
        90.04560089111328,
        2.7712807655334473
    ],
    "fpr_0": [
        0.6025611758232117,
        0.4728337824344635
    ],
    "fpr_1": [
        1.0317283868789673,
        0.6513788104057312
    ],
    "tnr_0": [
        12.515202522277832,
        5.151289939880371
    ],
    "tnr_1": [
        13.445016860961914,
        3.4608395099639893
    ],
    "nar_0": [
        86.88223266601562,
        5.168256759643555
    ],
    "nar_1": [
        85.52326202392578,
        3.6864023208618164
    ]
}