{
    "cov": [
        41.455810546875,
        5.813963890075684
    ],
    "acc": [
        76.05884552001953,
        2.476200819015503
    ],
    "pos_0": [
        6.841670989990234,
        3.567922592163086
    ],
    "pos_1": [
        9.633485794067383,
        3.904365062713623
    ],
    "neg_0": [
        32.69664001464844,
        5.360204696655273
    ],
    "neg_1": [
        32.83407974243164,
        5.725052356719971
    ],
    "abs_0": [
        60.46168899536133,
        5.441644191741943
    ],
    "abs_1": [
        57.53242874145508,
        6.993496417999268
    ],
    "tpr_0": [
        12.909890174865723,
        6.4275031089782715
    ],
    "tpr_1": [
        16.081188201904297,
        6.53564453125
    ],
    "fnr_0": [
        18.596975326538086,
        4.551589488983154
    ],
    "fnr_1": [
        17.652061462402344,
        4.907332420349121
    ],
    "par_0": [
        68.49313354492188,
        6.320666313171387
    ],
    "par_1": [
        66.26675415039062,
        7.724730491638184
    ],
    "fpr_0": [
        2.983922243118286,
        2.059938669204712
    ],
    "fpr_1": [
        3.615046262741089,
        1.7004410028457642
    ],
    "tnr_0": [
        41.785701751708984,
        6.367641925811768
    ],
    "tnr_1": [
        47.064300537109375,
        7.358618259429932
    ],
    "nar_0": [
        55.230369567871094,
        6.243218898773193
    ],
    "nar_1": [
        49.320648193359375,
        7.644240856170654
    ]
}