{
    "cov": [
        0.2059846818447113,
        0.52901691198349
    ],
    "acc": [
        28.911109924316406,
        43.67048263549805
    ],
    "pos_0": [
        0.0075046899728477,
        0.03752344846725464
    ],
    "pos_1": [
        0.1361413598060608,
        0.31969428062438965
    ],
    "neg_0": [
        0.08414895832538605,
        0.3062995970249176
    ],
    "neg_1": [
        0.12832775712013245,
        0.5987482666969299
    ],
    "abs_0": [
        99.90834045410156,
        0.3064505159854889
    ],
    "abs_1": [
        99.73552703857422,
        0.6602957248687744
    ],
    "tpr_0": [
        0.0,
        0.0
    ],
    "tpr_1": [
        0.2345058023929596,
        0.5508922934532166
    ],
    "fnr_0": [
        0.0,
        0.0
    ],
    "fnr_1": [
        0.016771487891674042,
        0.08385743945837021
    ],
    "par_0": [
        100.0,
        0.0
    ],
    "par_1": [
        99.74871826171875,
        0.5498361587524414
    ],
    "fpr_0": [
        0.012658227235078812,
        0.06329113990068436
    ],
    "fpr_1": [
        0.04204413294792175,
        0.12149350345134735
    ],
    "tnr_0": [
        0.1431160420179367,
        0.5233239531517029
    ],
    "tnr_1": [
        0.2368735522031784,
        1.1000827550888062
    ],
    "nar_0": [
        99.8442153930664,
        0.5235449075698853
    ],
    "nar_1": [
        99.72108459472656,
        1.0990182161331177
    ]
}