{
    "cov": [
        28.807235717773438,
        4.052077293395996
    ],
    "acc": [
        78.6630630493164,
        1.7627156972885132
    ],
    "pos_0": [
        4.461862564086914,
        2.2397429943084717
    ],
    "pos_1": [
        7.374850749969482,
        3.2515034675598145
    ],
    "neg_0": [
        25.875255584716797,
        2.8544464111328125
    ],
    "neg_1": [
        20.651832580566406,
        3.184170961380005
    ],
    "abs_0": [
        69.66288757324219,
        3.7029953002929688
    ],
    "abs_1": [
        71.97332000732422,
        4.633273601531982
    ],
    "tpr_0": [
        8.713826179504395,
        4.423830509185791
    ],
    "tpr_1": [
        12.549325942993164,
        5.2432756423950195
    ],
    "fnr_0": [
        13.087326049804688,
        3.359828233718872
    ],
    "fnr_1": [
        9.965154647827148,
        2.1169066429138184
    ],
    "par_0": [
        78.19883728027344,
        5.123211860656738
    ],
    "par_1": [
        77.48551940917969,
        5.401350021362305
    ],
    "fpr_0": [
        1.732602596282959,
        1.0358219146728516
    ],
    "fpr_1": [
        2.5760695934295654,
        1.6507972478866577
    ],
    "tnr_0": [
        34.08517837524414,
        2.9718241691589355
    ],
    "tnr_1": [
        30.6308650970459,
        4.730263710021973
    ],
    "nar_0": [
        64.18221282958984,
        3.497117757797241
    ],
    "nar_1": [
        66.79306030273438,
        5.266642093658447
    ]
}