{
    "cov": [
        0.011134306900203228,
        0.05567153915762901
    ],
    "acc": [
        4.0,
        20.0
    ],
    "pos_0": [
        0.0,
        0.0
    ],
    "pos_1": [
        0.0,
        0.0
    ],
    "neg_0": [
        0.03305784985423088,
        0.1652892678976059
    ],
    "neg_1": [
        0.0,
        0.0
    ],
    "abs_0": [
        99.9669418334961,
        0.1652887612581253
    ],
    "abs_1": [
        100.0,
        0.0
    ],
    "tpr_0": [
        0.0,
        0.0
    ],
    "tpr_1": [
        0.0,
        0.0
    ],
    "fnr_0": [
        0.0,
        0.0
    ],
    "fnr_1": [
        0.0,
        0.0
    ],
    "par_0": [
        100.0,
        0.0
    ],
    "par_1": [
        100.0,
        0.0
    ],
    "fpr_0": [
        0.0,
        0.0
    ],
    "fpr_1": [
        0.0,
        0.0
    ],
    "tnr_0": [
        0.0555555522441864,
        0.277777761220932
    ],
    "tnr_1": [
        0.0,
        0.0
    ],
    "nar_0": [
        99.94444274902344,
        0.27777764201164246
    ],
    "nar_1": [
        100.0,
        0.0
    ]
}