{
    "cov": [
        68.95198059082031,
        6.7613348960876465
    ],
    "acc": [
        70.98180389404297,
        2.8356924057006836
    ],
    "pos_0": [
        12.724462509155273,
        5.086302757263184
    ],
    "pos_1": [
        15.964334487915039,
        4.983981609344482
    ],
    "neg_0": [
        57.20215606689453,
        8.226329803466797
    ],
    "neg_1": [
        52.49342727661133,
        7.500973224639893
    ],
    "abs_0": [
        30.07337760925293,
        8.24962043762207
    ],
    "abs_1": [
        31.542240142822266,
        6.473353862762451
    ],
    "tpr_0": [
        22.37651252746582,
        7.858855247497559
    ],
    "tpr_1": [
        25.78071403503418,
        7.571746349334717
    ],
    "fnr_0": [
        41.15740966796875,
        9.513310432434082
    ],
    "fnr_1": [
        34.352684020996094,
        8.250228881835938
    ],
    "par_0": [
        36.46607971191406,
        9.158522605895996
    ],
    "par_1": [
        39.866600036621094,
        7.650420188903809
    ],
    "fpr_0": [
        6.542041301727295,
        3.4990952014923096
    ],
    "fpr_1": [
        6.802129745483398,
        2.6826436519622803
    ],
    "tnr_0": [
        67.4784927368164,
        8.096352577209473
    ],
    "tnr_1": [
        69.43222045898438,
        7.115237236022949
    ],
    "nar_0": [
        25.97946548461914,
        8.35047435760498
    ],
    "nar_1": [
        23.76565170288086,
        6.459946632385254
    ]
}