{
    "cov": [
        31.621435165405273,
        3.383327007293701
    ],
    "acc": [
        78.78150939941406,
        1.6449644565582275
    ],
    "pos_0": [
        7.844422340393066,
        1.4432131052017212
    ],
    "pos_1": [
        9.815542221069336,
        1.7251863479614258
    ],
    "neg_0": [
        23.565210342407227,
        3.1846845149993896
    ],
    "neg_1": [
        21.939849853515625,
        3.651571750640869
    ],
    "abs_0": [
        68.59036254882812,
        3.6724326610565186
    ],
    "abs_1": [
        68.2446060180664,
        3.698307514190674
    ],
    "tpr_0": [
        15.020712852478027,
        2.724881887435913
    ],
    "tpr_1": [
        16.505659103393555,
        2.807213068008423
    ],
    "fnr_0": [
        11.386783599853516,
        2.736938953399658
    ],
    "fnr_1": [
        10.407092094421387,
        2.6079211235046387
    ],
    "par_0": [
        73.5925064086914,
        3.7770800590515137
    ],
    "par_1": [
        73.08724212646484,
        2.946378231048584
    ],
    "fpr_0": [
        3.243624210357666,
        1.0966249704360962
    ],
    "fpr_1": [
        3.5809764862060547,
        1.1171224117279053
    ],
    "tnr_0": [
        31.403959274291992,
        4.420365810394287
    ],
    "tnr_1": [
        32.703651428222656,
        5.009432315826416
    ],
    "nar_0": [
        65.35240936279297,
        4.727274417877197
    ],
    "nar_1": [
        63.715370178222656,
        5.156120300292969
    ]
}