{
    "cov": [
        0.9547669291496277,
        1.332008957862854
    ],
    "acc": [
        65.48484802246094,
        36.49824142456055
    ],
    "pos_0": [
        0.12386275827884674,
        0.304214209318161
    ],
    "pos_1": [
        0.28221437335014343,
        0.5722871422767639
    ],
    "neg_0": [
        0.7666616439819336,
        1.7594119310379028
    ],
    "neg_1": [
        0.7097985744476318,
        1.2408746480941772
    ],
    "abs_0": [
        99.1094741821289,
        1.7554821968078613
    ],
    "abs_1": [
        99.00798797607422,
        1.5022079944610596
    ],
    "tpr_0": [
        0.26903489232063293,
        0.6292732357978821
    ],
    "tpr_1": [
        0.5237326622009277,
        1.029810905456543
    ],
    "fnr_0": [
        0.43931692838668823,
        1.0007303953170776
    ],
    "fnr_1": [
        0.31479111313819885,
        0.5297212600708008
    ],
    "par_0": [
        99.29164123535156,
        1.1169453859329224
    ],
    "par_1": [
        99.1614761352539,
        1.2976001501083374
    ],
    "fpr_0": [
        0.028023162856698036,
        0.09699483215808868
    ],
    "fpr_1": [
        0.05827384814620018,
        0.1762973815202713
    ],
    "tnr_0": [
        0.9824649095535278,
        2.3444371223449707
    ],
    "tnr_1": [
        1.0721019506454468,
        1.9167996644973755
    ],
    "nar_0": [
        98.98950958251953,
        2.3427798748016357
    ],
    "nar_1": [
        98.86962890625,
        1.9980324506759644
    ]
}