{
    "cov": [
        46.37717819213867,
        3.2703378200531006
    ],
    "acc": [
        76.32337951660156,
        1.6454530954360962
    ],
    "pos_0": [
        12.028339385986328,
        2.524768590927124
    ],
    "pos_1": [
        13.78758716583252,
        1.572833776473999
    ],
    "neg_0": [
        32.26554489135742,
        2.7677457332611084
    ],
    "neg_1": [
        33.67593765258789,
        3.645536422729492
    ],
    "abs_0": [
        55.706111907958984,
        3.709238290786743
    ],
    "abs_1": [
        52.53647232055664,
        3.632746934890747
    ],
    "tpr_0": [
        22.29151725769043,
        3.5685245990753174
    ],
    "tpr_1": [
        22.70052719116211,
        2.797750949859619
    ],
    "fnr_0": [
        17.75797462463379,
        3.225496292114258
    ],
    "fnr_1": [
        17.761972427368164,
        3.1201744079589844
    ],
    "par_0": [
        59.95050811767578,
        4.934218883514404
    ],
    "par_1": [
        59.537498474121094,
        3.9169487953186035
    ],
    "fpr_0": [
        5.426563739776611,
        2.057821750640869
    ],
    "fpr_1": [
        5.459738254547119,
        0.9741493463516235
    ],
    "tnr_0": [
        41.62202453613281,
        3.5350544452667236
    ],
    "tnr_1": [
        48.550140380859375,
        4.910396575927734
    ],
    "nar_0": [
        52.95140838623047,
        4.116909503936768
    ],
    "nar_1": [
        45.990116119384766,
        4.784091949462891
    ]
}