{
    "cov": [
        0.12804453074932098,
        0.24577319622039795
    ],
    "acc": [
        24.267398834228516,
        40.03010177612305
    ],
    "pos_0": [
        0.0,
        0.0
    ],
    "pos_1": [
        0.0,
        0.0
    ],
    "neg_0": [
        0.15668530762195587,
        0.480633407831192
    ],
    "neg_1": [
        0.11343858391046524,
        0.2278679609298706
    ],
    "abs_0": [
        99.84330749511719,
        0.48063433170318604
    ],
    "abs_1": [
        99.88655853271484,
        0.22786766290664673
    ],
    "tpr_0": [
        0.0,
        0.0
    ],
    "tpr_1": [
        0.0,
        0.0
    ],
    "fnr_0": [
        0.054794520139694214,
        0.27397260069847107
    ],
    "fnr_1": [
        0.034154146909713745,
        0.07990027964115143
    ],
    "par_0": [
        99.94520568847656,
        0.27397382259368896
    ],
    "par_1": [
        99.96583557128906,
        0.07990111410617828
    ],
    "fpr_0": [
        0.0,
        0.0
    ],
    "fpr_1": [
        0.0,
        0.0
    ],
    "tnr_0": [
        0.22438666224479675,
        0.6655961275100708
    ],
    "tnr_1": [
        0.18792010843753815,
        0.40378472208976746
    ],
    "nar_0": [
        99.7756118774414,
        0.6655941605567932
    ],
    "nar_1": [
        99.81208038330078,
        0.4037839472293854
    ]
}