{
    "cov": [
        61.2025032043457,
        4.773521900177002
    ],
    "acc": [
        68.14694213867188,
        1.8880466222763062
    ],
    "pos_0": [
        18.757823944091797,
        5.962501525878906
    ],
    "pos_1": [
        17.54435920715332,
        3.766857385635376
    ],
    "neg_0": [
        40.859580993652344,
        5.11362886428833
    ],
    "neg_1": [
        44.42262649536133,
        7.125897407531738
    ],
    "abs_0": [
        40.382591247558594,
        7.335207939147949
    ],
    "abs_1": [
        38.03301239013672,
        6.169411659240723
    ],
    "tpr_0": [
        28.9070987701416,
        7.2891740798950195
    ],
    "tpr_1": [
        27.058950424194336,
        5.326951503753662
    ],
    "fnr_0": [
        28.87259292602539,
        5.842714309692383
    ],
    "fnr_1": [
        32.13581848144531,
        7.097903251647949
    ],
    "par_0": [
        42.22030258178711,
        8.63869857788086
    ],
    "par_1": [
        40.80522537231445,
        6.541497230529785
    ],
    "fpr_0": [
        12.0786714553833,
        5.196907043457031
    ],
    "fpr_1": [
        8.84370231628418,
        2.889338254928589
    ],
    "tnr_0": [
        48.7120361328125,
        5.335538387298584
    ],
    "tnr_1": [
        55.647003173828125,
        7.408907413482666
    ],
    "nar_0": [
        39.20929718017578,
        6.917956829071045
    ],
    "nar_1": [
        35.509300231933594,
        6.59271764755249
    ]
}