{
    "cov": [
        13.723033905029297,
        6.615449905395508
    ],
    "acc": [
        81.20316314697266,
        3.169403553009033
    ],
    "pos_0": [
        1.5388944149017334,
        1.267935872077942
    ],
    "pos_1": [
        3.0517795085906982,
        2.3513731956481934
    ],
    "neg_0": [
        9.24798583984375,
        7.464260101318359
    ],
    "neg_1": [
        12.20018482208252,
        6.044805526733398
    ],
    "abs_0": [
        89.2131118774414,
        7.418692588806152
    ],
    "abs_1": [
        84.74803161621094,
        7.107344150543213
    ],
    "tpr_0": [
        2.859724283218384,
        2.508904218673706
    ],
    "tpr_1": [
        5.451700210571289,
        4.150015354156494
    ],
    "fnr_0": [
        4.018622398376465,
        4.557851314544678
    ],
    "fnr_1": [
        5.289543151855469,
        3.2802791595458984
    ],
    "par_0": [
        93.12165832519531,
        4.952402591705322
    ],
    "par_1": [
        89.25875091552734,
        5.847781181335449
    ],
    "fpr_0": [
        0.7029324769973755,
        0.6032101511955261
    ],
    "fpr_1": [
        0.8396177291870117,
        0.7711269855499268
    ],
    "tnr_0": [
        12.635973930358887,
        9.739627838134766
    ],
    "tnr_1": [
        18.667499542236328,
        8.930818557739258
    ],
    "nar_0": [
        86.66109466552734,
        9.685489654541016
    ],
    "nar_1": [
        80.49288177490234,
        9.144190788269043
    ]
}