{
    "cov": [
        45.586639404296875,
        4.257150173187256
    ],
    "acc": [
        76.20439147949219,
        1.646912693977356
    ],
    "pos_0": [
        11.20695972442627,
        2.595122814178467
    ],
    "pos_1": [
        13.450339317321777,
        1.8573811054229736
    ],
    "neg_0": [
        32.72835922241211,
        2.862290143966675
    ],
    "neg_1": [
        32.99578857421875,
        4.426863193511963
    ],
    "abs_0": [
        56.06467819213867,
        3.2601916790008545
    ],
    "abs_1": [
        53.55386734008789,
        5.208561420440674
    ],
    "tpr_0": [
        21.144662857055664,
        4.441009998321533
    ],
    "tpr_1": [
        22.15264129638672,
        3.0343141555786133
    ],
    "fnr_0": [
        18.15082550048828,
        3.2820825576782227
    ],
    "fnr_1": [
        17.658292770385742,
        2.9075775146484375
    ],
    "par_0": [
        60.704505920410156,
        4.885705947875977
    ],
    "par_1": [
        60.18906784057617,
        4.5063605308532715
    ],
    "fpr_0": [
        4.8437628746032715,
        1.7348363399505615
    ],
    "fpr_1": [
        5.349578857421875,
        1.4789859056472778
    ],
    "tnr_0": [
        42.126346588134766,
        3.519376754760742
    ],
    "tnr_1": [
        47.309940338134766,
        6.2749409675598145
    ],
    "nar_0": [
        53.02989196777344,
        3.6622512340545654
    ],
    "nar_1": [
        47.340476989746094,
        6.5794477462768555
    ]
}