{
    "cov": [
        1.750869870185852,
        0.577941358089447
    ],
    "acc": [
        87.70817565917969,
        5.878406047821045
    ],
    "pos_0": [
        0.4294089376926422,
        0.3653720021247864
    ],
    "pos_1": [
        2.009253740310669,
        0.8543588519096375
    ],
    "neg_0": [
        0.2121886909008026,
        0.3466522693634033
    ],
    "neg_1": [
        0.32275205850601196,
        0.4083622992038727
    ],
    "abs_0": [
        99.3583984375,
        0.5608104467391968
    ],
    "abs_1": [
        97.66799926757812,
        0.8463739156723022
    ],
    "tpr_0": [
        0.9784789085388184,
        0.8749557137489319
    ],
    "tpr_1": [
        3.653978109359741,
        1.5304887294769287
    ],
    "fnr_0": [
        0.0807451456785202,
        0.18902523815631866
    ],
    "fnr_1": [
        0.10595694929361343,
        0.1438029706478119
    ],
    "par_0": [
        98.94078063964844,
        0.9370536208152771
    ],
    "par_1": [
        96.24005889892578,
        1.5003745555877686
    ],
    "fpr_0": [
        0.08003774285316467,
        0.2002973109483719
    ],
    "fpr_1": [
        0.48315033316612244,
        0.3558702766895294
    ],
    "tnr_0": [
        0.29897090792655945,
        0.4808656573295593
    ],
    "tnr_1": [
        0.5299872756004333,
        0.6929723620414734
    ],
    "nar_0": [
        99.62098693847656,
        0.5089944005012512
    ],
    "nar_1": [
        98.98685455322266,
        0.7289754748344421
    ]
}