{
    "cov": [
        41.95128631591797,
        11.877213478088379
    ],
    "acc": [
        69.94530487060547,
        2.8280646800994873
    ],
    "pos_0": [
        0.6579627990722656,
        1.2637205123901367
    ],
    "pos_1": [
        7.401363849639893,
        8.183809280395508
    ],
    "neg_0": [
        51.50767517089844,
        9.429779052734375
    ],
    "neg_1": [
        29.17146873474121,
        8.630350112915039
    ],
    "abs_0": [
        47.834354400634766,
        9.929479598999023
    ],
    "abs_1": [
        63.42716598510742,
        14.851927757263184
    ],
    "tpr_0": [
        1.1644963026046753,
        2.233349323272705
    ],
    "tpr_1": [
        11.623234748840332,
        12.699310302734375
    ],
    "fnr_0": [
        40.28066635131836,
        9.46832275390625
    ],
    "fnr_1": [
        18.957935333251953,
        6.364311695098877
    ],
    "par_0": [
        58.554832458496094,
        10.297381401062012
    ],
    "par_1": [
        69.4188232421875,
        16.277990341186523
    ],
    "fpr_0": [
        0.3045501112937927,
        0.6483376026153564
    ],
    "fpr_1": [
        3.409917116165161,
        4.156493663787842
    ],
    "tnr_0": [
        58.78378677368164,
        10.085771560668945
    ],
    "tnr_1": [
        38.77000045776367,
        11.285085678100586
    ],
    "nar_0": [
        40.911659240722656,
        10.269988059997559
    ],
    "nar_1": [
        57.82007598876953,
        13.966176986694336
    ]
}