{
    "cov": [
        94.04592895507812,
        3.7292656898498535
    ],
    "acc": [
        63.93479919433594,
        1.1479910612106323
    ],
    "pos_0": [
        25.4591007232666,
        7.974178314208984
    ],
    "pos_1": [
        28.61127471923828,
        2.6994900703430176
    ],
    "neg_0": [
        62.6577033996582,
        8.43088150024414
    ],
    "neg_1": [
        68.46514892578125,
        2.5351333618164062
    ],
    "abs_0": [
        11.883193016052246,
        10.028390884399414
    ],
    "abs_1": [
        2.923574924468994,
        1.2738882303237915
    ],
    "tpr_0": [
        36.8488655090332,
        8.62823486328125
    ],
    "tpr_1": [
        41.1931037902832,
        4.007014274597168
    ],
    "fnr_0": [
        50.860496520996094,
        8.940075874328613
    ],
    "fnr_1": [
        55.486148834228516,
        3.772660732269287
    ],
    "par_0": [
        12.290641784667969,
        10.465743064880371
    ],
    "par_1": [
        3.3207547664642334,
        1.5584204196929932
    ],
    "fpr_0": [
        17.97971534729004,
        7.964091777801514
    ],
    "fpr_1": [
        17.106342315673828,
        2.1962594985961914
    ],
    "tnr_0": [
        70.38880920410156,
        8.399295806884766
    ],
    "tnr_1": [
        80.33625793457031,
        1.9870418310165405
    ],
    "nar_0": [
        11.631473541259766,
        9.869648933410645
    ],
    "nar_1": [
        2.5573904514312744,
        1.2504910230636597
    ]
}