{
    "cov": [
        1.1635351181030273,
        1.468474268913269
    ],
    "acc": [
        66.40727233886719,
        37.107635498046875
    ],
    "pos_0": [
        0.1654951125383377,
        0.46146082878112793
    ],
    "pos_1": [
        0.7161911725997925,
        1.3499771356582642
    ],
    "neg_0": [
        0.8434151411056519,
        2.3602395057678223
    ],
    "neg_1": [
        0.5282616019248962,
        0.8047666549682617
    ],
    "abs_0": [
        98.99108123779297,
        2.398350954055786
    ],
    "abs_1": [
        98.75554656982422,
        1.778935432434082
    ],
    "tpr_0": [
        0.33974796533584595,
        1.0432171821594238
    ],
    "tpr_1": [
        1.2975451946258545,
        2.3784401416778564
    ],
    "fnr_0": [
        0.3636758327484131,
        1.1024194955825806
    ],
    "fnr_1": [
        0.2176492065191269,
        0.4034712612628937
    ],
    "par_0": [
        99.29657745361328,
        1.4927209615707397
    ],
    "par_1": [
        98.48480224609375,
        2.495561361312866
    ],
    "fpr_0": [
        0.04088248312473297,
        0.11323181539773941
    ],
    "fpr_1": [
        0.16468928754329681,
        0.37290850281715393
    ],
    "tnr_0": [
        1.1647002696990967,
        3.259901762008667
    ],
    "tnr_1": [
        0.8204180598258972,
        1.2330838441848755
    ],
    "nar_0": [
        98.7944107055664,
        3.253216028213501
    ],
    "nar_1": [
        99.014892578125,
        1.3795958757400513
    ]
}