{
    "cov": [
        33.967987060546875,
        2.7210652828216553
    ],
    "acc": [
        78.37255096435547,
        1.3629786968231201
    ],
    "pos_0": [
        8.889225006103516,
        1.9040329456329346
    ],
    "pos_1": [
        10.72602367401123,
        1.7863705158233643
    ],
    "neg_0": [
        25.69878387451172,
        2.008101463317871
    ],
    "neg_1": [
        22.936378479003906,
        2.7166104316711426
    ],
    "abs_0": [
        65.4119873046875,
        2.642677068710327
    ],
    "abs_1": [
        66.33759307861328,
        3.405090808868408
    ],
    "tpr_0": [
        16.952640533447266,
        3.7796480655670166
    ],
    "tpr_1": [
        17.780847549438477,
        2.7552742958068848
    ],
    "fnr_0": [
        12.780356407165527,
        2.5908751487731934
    ],
    "fnr_1": [
        10.850102424621582,
        2.137730836868286
    ],
    "par_0": [
        70.26700592041016,
        4.3743157386779785
    ],
    "par_1": [
        71.36904907226562,
        3.4542174339294434
    ],
    "fpr_0": [
        3.7295942306518555,
        1.2643965482711792
    ],
    "fpr_1": [
        4.153366565704346,
        1.3441798686981201
    ],
    "tnr_0": [
        34.01274871826172,
        2.4622788429260254
    ],
    "tnr_1": [
        34.24980545043945,
        3.8739922046661377
    ],
    "nar_0": [
        62.25765609741211,
        2.5860769748687744
    ],
    "nar_1": [
        61.59682846069336,
        4.20473051071167
    ]
}