{
    "cov": [
        6.9311065673828125,
        0.903323233127594
    ],
    "acc": [
        80.13349914550781,
        4.472146511077881
    ],
    "pos_0": [
        3.742985486984253,
        1.2828651666641235
    ],
    "pos_1": [
        3.6873223781585693,
        0.8468524217605591
    ],
    "neg_0": [
        3.0964584350585938,
        1.2559030055999756
    ],
    "neg_1": [
        3.2895116806030273,
        1.1396087408065796
    ],
    "abs_0": [
        93.16055297851562,
        1.525821566581726
    ],
    "abs_1": [
        93.02316284179688,
        1.4230319261550903
    ],
    "tpr_0": [
        7.010087966918945,
        2.4832019805908203
    ],
    "tpr_1": [
        6.433521747589111,
        1.3842966556549072
    ],
    "fnr_0": [
        1.7188247442245483,
        0.8616660237312317
    ],
    "fnr_1": [
        1.3249555826187134,
        0.665816068649292
    ],
    "par_0": [
        91.27108764648438,
        2.2858760356903076
    ],
    "par_1": [
        92.24152374267578,
        1.5676681995391846
    ],
    "fpr_0": [
        1.5773136615753174,
        0.7666362524032593
    ],
    "fpr_1": [
        1.1851592063903809,
        0.6761862635612488
    ],
    "tnr_0": [
        3.994946241378784,
        1.828481912612915
    ],
    "tnr_1": [
        5.088693141937256,
        1.7974140644073486
    ],
    "nar_0": [
        94.42774200439453,
        1.9446935653686523
    ],
    "nar_1": [
        93.72615051269531,
        1.956482172012329
    ]
}