{
    "cov": [
        0.005567153450101614,
        0.027835769578814507
    ],
    "acc": [
        4.0,
        20.0
    ],
    "pos_0": [
        0.0,
        0.0
    ],
    "pos_1": [
        0.0,
        0.0
    ],
    "neg_0": [
        0.0,
        0.0
    ],
    "neg_1": [
        0.008519701659679413,
        0.04259851202368736
    ],
    "abs_0": [
        100.0,
        0.0
    ],
    "abs_1": [
        99.99148559570312,
        0.0425974577665329
    ],
    "tpr_0": [
        0.0,
        0.0
    ],
    "tpr_1": [
        0.0,
        0.0
    ],
    "fnr_0": [
        0.0,
        0.0
    ],
    "fnr_1": [
        0.0,
        0.0
    ],
    "par_0": [
        100.0,
        0.0
    ],
    "par_1": [
        100.0,
        0.0
    ],
    "fpr_0": [
        0.0,
        0.0
    ],
    "fpr_1": [
        0.0,
        0.0
    ],
    "tnr_0": [
        0.0,
        0.0
    ],
    "tnr_1": [
        0.017316017299890518,
        0.08658009022474289
    ],
    "nar_0": [
        100.0,
        0.0
    ],
    "nar_1": [
        99.98268127441406,
        0.08657870441675186
    ]
}