{
    "cov": [
        59.96659851074219,
        4.750955104827881
    ],
    "acc": [
        68.37226867675781,
        1.928200125694275
    ],
    "pos_0": [
        17.39366912841797,
        3.047576665878296
    ],
    "pos_1": [
        18.004405975341797,
        3.7449047565460205
    ],
    "neg_0": [
        39.05161666870117,
        4.895379543304443
    ],
    "neg_1": [
        43.72930145263672,
        7.65163516998291
    ],
    "abs_0": [
        43.554718017578125,
        5.129519462585449
    ],
    "abs_1": [
        38.266292572021484,
        6.775295734405518
    ],
    "tpr_0": [
        27.366498947143555,
        4.489246845245361
    ],
    "tpr_1": [
        27.538768768310547,
        4.913095951080322
    ],
    "fnr_0": [
        27.128822326660156,
        5.136377334594727
    ],
    "fnr_1": [
        31.568653106689453,
        7.710635662078857
    ],
    "par_0": [
        45.504676818847656,
        5.817171573638916
    ],
    "par_1": [
        40.892581939697266,
        6.7124152183532715
    ],
    "fpr_0": [
        10.830707550048828,
        2.5019524097442627
    ],
    "fpr_1": [
        9.284651756286621,
        3.2616007328033447
    ],
    "tnr_0": [
        46.850067138671875,
        5.538287162780762
    ],
    "tnr_1": [
        54.83224105834961,
        7.751453876495361
    ],
    "nar_0": [
        42.3192253112793,
        5.679536819458008
    ],
    "nar_1": [
        35.88311004638672,
        7.407708168029785
    ]
}