{
    "cov": [
        54.67780303955078,
        3.3617002964019775
    ],
    "acc": [
        74.22772216796875,
        1.5986171960830688
    ],
    "pos_0": [
        13.803972244262695,
        3.370706558227539
    ],
    "pos_1": [
        15.618525505065918,
        2.8723881244659424
    ],
    "neg_0": [
        37.89350128173828,
        3.4090967178344727
    ],
    "neg_1": [
        40.60997009277344,
        2.9547340869903564
    ],
    "abs_0": [
        48.302528381347656,
        3.8963463306427
    ],
    "abs_1": [
        43.77150344848633,
        3.4700510501861572
    ],
    "tpr_0": [
        24.846078872680664,
        5.225198268890381
    ],
    "tpr_1": [
        25.350658416748047,
        4.449246406555176
    ],
    "fnr_0": [
        23.002304077148438,
        4.185773849487305
    ],
    "fnr_1": [
        23.257904052734375,
        2.905190944671631
    ],
    "par_0": [
        52.151615142822266,
        5.4428791999816895
    ],
    "par_1": [
        51.39143371582031,
        4.166321754455566
    ],
    "fpr_0": [
        6.72969388961792,
        2.479137897491455
    ],
    "fpr_1": [
        6.53932523727417,
        1.9478758573532104
    ],
    "tnr_0": [
        47.47175598144531,
        3.8544816970825195
    ],
    "tnr_1": [
        56.81241226196289,
        3.637662172317505
    ],
    "nar_0": [
        45.79854202270508,
        4.011497974395752
    ],
    "nar_1": [
        36.64826202392578,
        3.7806785106658936
    ]
}