{
    "cov": [
        76.64022064208984,
        9.927894592285156
    ],
    "acc": [
        66.72962951660156,
        1.7272751331329346
    ],
    "pos_0": [
        3.9907689094543457,
        4.0293779373168945
    ],
    "pos_1": [
        24.150238037109375,
        9.09641170501709
    ],
    "neg_0": [
        76.28441619873047,
        8.139503479003906
    ],
    "neg_1": [
        50.64752197265625,
        5.915316581726074
    ],
    "abs_0": [
        19.72480583190918,
        9.07714557647705
    ],
    "abs_1": [
        25.20223617553711,
        13.205636978149414
    ],
    "tpr_0": [
        7.137796401977539,
        7.283433437347412
    ],
    "tpr_1": [
        35.20530700683594,
        12.842874526977539
    ],
    "fnr_0": [
        66.29857635498047,
        10.470142364501953
    ],
    "fnr_1": [
        36.23270034790039,
        4.67572021484375
    ],
    "par_0": [
        26.563621520996094,
        12.780196189880371
    ],
    "par_1": [
        28.561986923217773,
        15.249990463256836
    ],
    "fpr_0": [
        1.9169094562530518,
        2.2903575897216797
    ],
    "fpr_1": [
        13.889092445373535,
        6.011733531951904
    ],
    "tnr_0": [
        82.74365234375,
        7.202243328094482
    ],
    "tnr_1": [
        64.08393096923828,
        7.872947692871094
    ],
    "nar_0": [
        15.339438438415527,
        7.423902988433838
    ],
    "nar_1": [
        22.026968002319336,
        11.76708698272705
    ]
}