{
    "cov": [
        36.31175994873047,
        12.271422386169434
    ],
    "acc": [
        69.86740112304688,
        3.2408366203308105
    ],
    "pos_0": [
        0.42952704429626465,
        0.9014413952827454
    ],
    "pos_1": [
        5.684193134307861,
        7.376208305358887
    ],
    "neg_0": [
        47.08217239379883,
        12.604633331298828
    ],
    "neg_1": [
        24.75993537902832,
        9.596348762512207
    ],
    "abs_0": [
        52.48830032348633,
        12.715067863464355
    ],
    "abs_1": [
        69.55587005615234,
        14.372426986694336
    ],
    "tpr_0": [
        0.8181801438331604,
        1.7894006967544556
    ],
    "tpr_1": [
        8.801892280578613,
        10.999187469482422
    ],
    "fnr_0": [
        36.62268829345703,
        13.83065128326416
    ],
    "fnr_1": [
        16.116317749023438,
        6.659747123718262
    ],
    "par_0": [
        62.55912780761719,
        13.914834976196289
    ],
    "par_1": [
        75.081787109375,
        14.281256675720215
    ],
    "fpr_0": [
        0.18366052210330963,
        0.44886189699172974
    ],
    "fpr_1": [
        2.717942953109741,
        4.176421642303467
    ],
    "tnr_0": [
        53.79018020629883,
        12.26115608215332
    ],
    "tnr_1": [
        32.87897872924805,
        12.913726806640625
    ],
    "nar_0": [
        46.02614974975586,
        12.301115036010742
    ],
    "nar_1": [
        64.403076171875,
        15.071660995483398
    ]
}