{
    "cov": [
        0.17814891040325165,
        0.3379926085472107
    ],
    "acc": [
        23.771427154541016,
        39.30060577392578
    ],
    "pos_0": [
        0.0,
        0.0
    ],
    "pos_1": [
        0.0,
        0.0
    ],
    "neg_0": [
        0.2639879286289215,
        0.7354868054389954
    ],
    "neg_1": [
        0.13469940423965454,
        0.2519541382789612
    ],
    "abs_0": [
        99.73601531982422,
        0.7354854345321655
    ],
    "abs_1": [
        99.86530303955078,
        0.2519538998603821
    ],
    "tpr_0": [
        0.0,
        0.0
    ],
    "tpr_1": [
        0.0,
        0.0
    ],
    "fnr_0": [
        0.16476517915725708,
        0.460552841424942
    ],
    "fnr_1": [
        0.034154146909713745,
        0.07990027964115143
    ],
    "par_0": [
        99.83523559570312,
        0.46055325865745544
    ],
    "par_1": [
        99.96583557128906,
        0.07990111410617828
    ],
    "fpr_0": [
        0.0,
        0.0
    ],
    "fpr_1": [
        0.0,
        0.0
    ],
    "tnr_0": [
        0.3313848674297333,
        0.9245209097862244
    ],
    "tnr_1": [
        0.22941173613071442,
        0.4424889087677002
    ],
    "nar_0": [
        99.66860961914062,
        0.9245207905769348
    ],
    "nar_1": [
        99.77058410644531,
        0.4424893260002136
    ]
}