{
    "cov": [
        49.51426696777344,
        4.677360534667969
    ],
    "acc": [
        75.56376647949219,
        1.5129766464233398
    ],
    "pos_0": [
        6.126489162445068,
        1.7256158590316772
    ],
    "pos_1": [
        17.99603271484375,
        2.8158938884735107
    ],
    "neg_0": [
        47.17814254760742,
        3.941007375717163
    ],
    "neg_1": [
        29.555809020996094,
        3.0939977169036865
    ],
    "abs_0": [
        46.69536209106445,
        5.160865306854248
    ],
    "abs_1": [
        52.44815444946289,
        5.20363187789917
    ],
    "tpr_0": [
        12.048213958740234,
        3.5050277709960938
    ],
    "tpr_1": [
        28.82723045349121,
        4.253544330596924
    ],
    "fnr_0": [
        31.205821990966797,
        4.611225605010986
    ],
    "fnr_1": [
        14.948787689208984,
        2.1751863956451416
    ],
    "par_0": [
        56.74596405029297,
        6.142160892486572
    ],
    "par_1": [
        56.22398376464844,
        5.65716028213501
    ],
    "fpr_0": [
        2.3395791053771973,
        0.8453523516654968
    ],
    "fpr_1": [
        7.862117290496826,
        1.9405345916748047
    ],
    "tnr_0": [
        57.41805648803711,
        4.653310775756836
    ],
    "tnr_1": [
        43.20388412475586,
        4.675445079803467
    ],
    "nar_0": [
        40.242366790771484,
        5.144406795501709
    ],
    "nar_1": [
        48.933998107910156,
        5.5951247215271
    ]
}