{
    "cov": [
        94.51078033447266,
        3.373670816421509
    ],
    "acc": [
        63.9173583984375,
        1.1285059452056885
    ],
    "pos_0": [
        24.044767379760742,
        6.74533748626709
    ],
    "pos_1": [
        29.579248428344727,
        2.679401397705078
    ],
    "neg_0": [
        62.62275695800781,
        8.022859573364258
    ],
    "neg_1": [
        68.92394256591797,
        2.7063262462615967
    ],
    "abs_0": [
        13.33247184753418,
        9.489590644836426
    ],
    "abs_1": [
        1.4968130588531494,
        1.0114253759384155
    ],
    "tpr_0": [
        35.3302116394043,
        7.185494899749756
    ],
    "tpr_1": [
        42.291015625,
        4.018311500549316
    ],
    "fnr_0": [
        50.70191955566406,
        8.686348915100098
    ],
    "fnr_1": [
        56.08290481567383,
        4.019196510314941
    ],
    "par_0": [
        13.967874526977539,
        10.13561725616455
    ],
    "par_1": [
        1.6260795593261719,
        1.164511799812317
    ],
    "fpr_0": [
        16.630220413208008,
        6.885866641998291
    ],
    "fpr_1": [
        17.952157974243164,
        2.223757266998291
    ],
    "tnr_0": [
        70.44241333007812,
        7.921926975250244
    ],
    "tnr_1": [
        80.66710662841797,
        2.0782268047332764
    ],
    "nar_0": [
        12.927364349365234,
        9.260026931762695
    ],
    "nar_1": [
        1.380729079246521,
        1.0376179218292236
    ]
}