{
    "cov": [
        12.328461647033691,
        5.891402721405029
    ],
    "acc": [
        74.30719757080078,
        3.525738000869751
    ],
    "pos_0": [
        0.09017065167427063,
        0.37572285532951355
    ],
    "pos_1": [
        0.7062484622001648,
        1.8604042530059814
    ],
    "neg_0": [
        23.422922134399414,
        11.034464836120605
    ],
    "neg_1": [
        5.944863796234131,
        5.473974227905273
    ],
    "abs_0": [
        76.48690795898438,
        11.026688575744629
    ],
    "abs_1": [
        93.34888458251953,
        6.133354663848877
    ],
    "tpr_0": [
        0.15763546526432037,
        0.6925811767578125
    ],
    "tpr_1": [
        1.1578994989395142,
        2.9820094108581543
    ],
    "fnr_0": [
        15.51246166229248,
        8.65864086151123
    ],
    "fnr_1": [
        3.1494266986846924,
        2.95221209526062
    ],
    "par_0": [
        84.32990264892578,
        8.582162857055664
    ],
    "par_1": [
        95.69267272949219,
        4.592044830322266
    ],
    "fpr_0": [
        0.0418739914894104,
        0.15428614616394043
    ],
    "fpr_1": [
        0.28781700134277344,
        0.8512627482414246
    ],
    "tnr_0": [
        28.588300704956055,
        12.976177215576172
    ],
    "tnr_1": [
        8.563748359680176,
        7.9076080322265625
    ],
    "nar_0": [
        71.36981964111328,
        12.985203742980957
    ],
    "nar_1": [
        91.1484375,
        8.060426712036133
    ]
}