{
    "cov": [
        44.645790100097656,
        3.510880470275879
    ],
    "acc": [
        76.56177520751953,
        1.5319722890853882
    ],
    "pos_0": [
        11.93769359588623,
        1.6578121185302734
    ],
    "pos_1": [
        13.542272567749023,
        1.6103657484054565
    ],
    "neg_0": [
        31.55888557434082,
        2.7336809635162354
    ],
    "neg_1": [
        31.70708656311035,
        3.5901434421539307
    ],
    "abs_0": [
        56.50341796875,
        3.460615634918213
    ],
    "abs_1": [
        54.75063705444336,
        3.947256326675415
    ],
    "tpr_0": [
        22.468408584594727,
        2.9782779216766357
    ],
    "tpr_1": [
        22.333337783813477,
        2.851642370223999
    ],
    "fnr_0": [
        17.299427032470703,
        3.420271396636963
    ],
    "fnr_1": [
        16.580963134765625,
        2.6296210289001465
    ],
    "par_0": [
        60.2321662902832,
        4.825409412384033
    ],
    "par_1": [
        61.085697174072266,
        3.7755582332611084
    ],
    "fpr_0": [
        5.203138828277588,
        1.5774368047714233
    ],
    "fpr_1": [
        5.336110591888428,
        1.1433968544006348
    ],
    "tnr_0": [
        40.76493835449219,
        3.3937227725982666
    ],
    "tnr_1": [
        45.82177734375,
        5.0085835456848145
    ],
    "nar_0": [
        54.03192138671875,
        3.8299949169158936
    ],
    "nar_1": [
        48.84211349487305,
        5.145788669586182
    ]
}