{
    "cov": [
        64.1697998046875,
        6.184079170227051
    ],
    "acc": [
        67.82522583007812,
        1.671616554260254
    ],
    "pos_0": [
        18.294960021972656,
        3.1286871433258057
    ],
    "pos_1": [
        17.924158096313477,
        3.7022087574005127
    ],
    "neg_0": [
        44.10447692871094,
        6.598793983459473
    ],
    "neg_1": [
        47.17369079589844,
        8.282365798950195
    ],
    "abs_0": [
        37.600563049316406,
        6.096292972564697
    ],
    "abs_1": [
        34.90215301513672,
        8.800956726074219
    ],
    "tpr_0": [
        28.501192092895508,
        4.512457847595215
    ],
    "tpr_1": [
        27.58269500732422,
        5.110479354858398
    ],
    "fnr_0": [
        31.855775833129883,
        6.480494499206543
    ],
    "fnr_1": [
        34.6860466003418,
        7.625853061676025
    ],
    "par_0": [
        39.64303207397461,
        6.6083292961120605
    ],
    "par_1": [
        37.73125457763672,
        8.858177185058594
    ],
    "fpr_0": [
        11.575571060180664,
        2.6712968349456787
    ],
    "fpr_1": [
        9.089548110961914,
        2.874831199645996
    ],
    "tnr_0": [
        52.11907196044922,
        7.442784786224365
    ],
    "tnr_1": [
        58.569149017333984,
        8.899425506591797
    ],
    "nar_0": [
        36.305355072021484,
        6.583037853240967
    ],
    "nar_1": [
        32.3412971496582,
        9.207005500793457
    ]
}