{
    "cov": [
        6.427278995513916,
        5.091925144195557
    ],
    "acc": [
        73.939208984375,
        23.151199340820312
    ],
    "pos_0": [
        0.00776698999106884,
        0.03883495181798935
    ],
    "pos_1": [
        0.021684156730771065,
        0.05491747707128525
    ],
    "neg_0": [
        11.336578369140625,
        10.034396171569824
    ],
    "neg_1": [
        3.8639934062957764,
        4.07455587387085
    ],
    "abs_0": [
        88.65565490722656,
        10.053650856018066
    ],
    "abs_1": [
        96.11432647705078,
        4.06102991104126
    ],
    "tpr_0": [
        0.021621620282530785,
        0.10810810327529907
    ],
    "tpr_1": [
        0.04599187150597572,
        0.11660471558570862
    ],
    "fnr_0": [
        6.251709938049316,
        6.380331039428711
    ],
    "fnr_1": [
        1.8276020288467407,
        2.4799885749816895
    ],
    "par_0": [
        93.72666931152344,
        6.452270030975342
    ],
    "par_1": [
        98.12640380859375,
        2.454735040664673
    ],
    "fpr_0": [
        0.0,
        0.0
    ],
    "fpr_1": [
        0.0,
        0.0
    ],
    "tnr_0": [
        14.566140174865723,
        12.610822677612305
    ],
    "tnr_1": [
        5.791860103607178,
        5.706573963165283
    ],
    "nar_0": [
        85.43385314941406,
        12.610821723937988
    ],
    "nar_1": [
        94.2081298828125,
        5.7065749168396
    ]
}