{
    "cov": [
        99.70215606689453,
        0.8695248961448669
    ],
    "acc": [
        65.56477355957031,
        1.418259859085083
    ],
    "pos_0": [
        14.006515502929688,
        6.0293474197387695
    ],
    "pos_1": [
        38.13567352294922,
        3.853121280670166
    ],
    "neg_0": [
        85.62619018554688,
        5.546514511108398
    ],
    "neg_1": [
        61.60313415527344,
        4.502421855926514
    ],
    "abs_0": [
        0.3672965168952942,
        1.143570899963379
    ],
    "abs_1": [
        0.2611890137195587,
        1.217635989189148
    ],
    "tpr_0": [
        22.95945167541504,
        9.829141616821289
    ],
    "tpr_1": [
        54.22433853149414,
        4.721875190734863
    ],
    "fnr_0": [
        76.36929321289062,
        8.890222549438477
    ],
    "fnr_1": [
        45.65223693847656,
        4.992038249969482
    ],
    "par_0": [
        0.6712542772293091,
        2.0805094242095947
    ],
    "par_1": [
        0.12342412024736404,
        0.5689609050750732
    ],
    "fpr_0": [
        8.271677017211914,
        4.122927188873291
    ],
    "fpr_1": [
        23.105478286743164,
        3.5728118419647217
    ],
    "tnr_0": [
        91.535888671875,
        3.9510464668273926
    ],
    "tnr_1": [
        76.5054702758789,
        4.541200637817383
    ],
    "nar_0": [
        0.19243863224983215,
        0.6409850716590881
    ],
    "nar_1": [
        0.3890472650527954,
        1.818968415260315
    ]
}