{
    "cov": [
        99.25678253173828,
        0.7751030921936035
    ],
    "acc": [
        65.8318862915039,
        1.6480218172073364
    ],
    "pos_0": [
        13.716768264770508,
        4.639671802520752
    ],
    "pos_1": [
        37.53685760498047,
        3.568289041519165
    ],
    "neg_0": [
        84.98504638671875,
        5.137567520141602
    ],
    "neg_1": [
        62.01316833496094,
        3.2520923614501953
    ],
    "abs_0": [
        1.298180341720581,
        1.2781695127487183
    ],
    "abs_1": [
        0.4499718248844147,
        0.979329526424408
    ],
    "tpr_0": [
        23.25436019897461,
        7.089687824249268
    ],
    "tpr_1": [
        53.57414245605469,
        4.5011887550354
    ],
    "fnr_0": [
        75.01703643798828,
        7.706303596496582
    ],
    "fnr_1": [
        45.88019561767578,
        4.239744186401367
    ],
    "par_0": [
        1.7286006212234497,
        1.805573582649231
    ],
    "par_1": [
        0.5456570982933044,
        1.1179271936416626
    ],
    "fpr_0": [
        7.625306606292725,
        3.664351463317871
    ],
    "fpr_1": [
        22.57402801513672,
        3.4870963096618652
    ],
    "tnr_0": [
        91.32730865478516,
        4.216071605682373
    ],
    "tnr_1": [
        77.06838989257812,
        3.1707510948181152
    ],
    "nar_0": [
        1.0473785400390625,
        1.1218287944793701
    ],
    "nar_1": [
        0.35757678747177124,
        0.9653159379959106
    ]
}