{
    "cov": [
        71.90535736083984,
        2.9261021614074707
    ],
    "acc": [
        71.11778259277344,
        1.21719491481781
    ],
    "pos_0": [
        20.16438102722168,
        3.5820178985595703
    ],
    "pos_1": [
        21.555240631103516,
        3.1829094886779785
    ],
    "neg_0": [
        51.08195877075195,
        4.103105068206787
    ],
    "neg_1": [
        50.708740234375,
        3.365440607070923
    ],
    "abs_0": [
        28.753658294677734,
        3.8785345554351807
    ],
    "abs_1": [
        27.73601722717285,
        2.932914972305298
    ],
    "tpr_0": [
        33.10224914550781,
        5.646406650543213
    ],
    "tpr_1": [
        34.13457489013672,
        5.026573181152344
    ],
    "fnr_0": [
        35.334144592285156,
        4.854521751403809
    ],
    "fnr_1": [
        32.202903747558594,
        3.5615789890289307
    ],
    "par_0": [
        31.563602447509766,
        5.218147277832031
    ],
    "par_1": [
        33.66251754760742,
        3.833383083343506
    ],
    "fpr_0": [
        11.890613555908203,
        2.883161783218384
    ],
    "fpr_1": [
        9.811030387878418,
        1.9532151222229004
    ],
    "tnr_0": [
        61.217041015625,
        4.023686408996582
    ],
    "tnr_1": [
        67.9908447265625,
        3.362362861633301
    ],
    "nar_0": [
        26.892337799072266,
        3.9514894485473633
    ],
    "nar_1": [
        22.1981201171875,
        2.9409945011138916
    ]
}