{
    "cov": [
        21.979122161865234,
        3.406607151031494
    ],
    "acc": [
        79.98320007324219,
        2.084157943725586
    ],
    "pos_0": [
        3.179936408996582,
        1.1991771459579468
    ],
    "pos_1": [
        5.74895715713501,
        2.0119454860687256
    ],
    "neg_0": [
        20.700849533081055,
        3.79957914352417
    ],
    "neg_1": [
        15.25057315826416,
        2.4529922008514404
    ],
    "abs_0": [
        76.11920928955078,
        4.306427001953125
    ],
    "abs_1": [
        79.0004653930664,
        3.3629634380340576
    ],
    "tpr_0": [
        6.262817859649658,
        2.632626533508301
    ],
    "tpr_1": [
        10.013612747192383,
        3.4060590267181396
    ],
    "fnr_0": [
        9.86071491241455,
        2.884796619415283
    ],
    "fnr_1": [
        6.944511413574219,
        1.715630292892456
    ],
    "par_0": [
        83.87646484375,
        3.917757034301758
    ],
    "par_1": [
        83.0418701171875,
        3.703990936279297
    ],
    "fpr_0": [
        1.2374910116195679,
        0.6206671595573425
    ],
    "fpr_1": [
        1.7847362756729126,
        0.9521387815475464
    ],
    "tnr_0": [
        27.655624389648438,
        4.860886573791504
    ],
    "tnr_1": [
        23.00876808166504,
        3.695073366165161
    ],
    "nar_0": [
        71.10688018798828,
        5.032429218292236
    ],
    "nar_1": [
        75.20648956298828,
        4.03873872756958
    ]
}