{
    "cov": [
        79.64466094970703,
        1.2598470449447632
    ],
    "acc": [
        86.25554656982422,
        0.4268835186958313
    ],
    "pos_0": [
        1.6608319282531738,
        0.39514413475990295
    ],
    "pos_1": [
        1.0348460674285889,
        0.24107693135738373
    ],
    "neg_0": [
        74.7734375,
        1.2387795448303223
    ],
    "neg_1": [
        80.72566223144531,
        1.6507192850112915
    ],
    "abs_0": [
        23.56572914123535,
        1.178566336631775
    ],
    "abs_1": [
        18.239484786987305,
        1.6603929996490479
    ],
    "tpr_0": [
        5.2004923820495605,
        1.3084882497787476
    ],
    "tpr_1": [
        3.696347236633301,
        1.009113073348999
    ],
    "fnr_0": [
        44.36335754394531,
        2.1552350521087646
    ],
    "fnr_1": [
        50.79423904418945,
        2.3050527572631836
    ],
    "par_0": [
        50.43614959716797,
        2.2604153156280518
    ],
    "par_1": [
        45.50940704345703,
        2.39463472366333
    ],
    "fpr_0": [
        0.5361163020133972,
        0.1525830328464508
    ],
    "fpr_1": [
        0.33633583784103394,
        0.09469910711050034
    ],
    "tnr_0": [
        84.43534851074219,
        1.1463146209716797
    ],
    "tnr_1": [
        88.59613037109375,
        1.6495765447616577
    ],
    "nar_0": [
        15.028534889221191,
        1.1086773872375488
    ],
    "nar_1": [
        11.067533493041992,
        1.6293035745620728
    ]
}