{
    "cov": [
        88.91266632080078,
        0.7778802514076233
    ],
    "acc": [
        84.5692367553711,
        0.3419480621814728
    ],
    "pos_0": [
        5.70833683013916,
        0.7288827300071716
    ],
    "pos_1": [
        3.790966749191284,
        0.651183009147644
    ],
    "neg_0": [
        82.21495819091797,
        0.8073186278343201
    ],
    "neg_1": [
        85.7758560180664,
        0.9375545382499695
    ],
    "abs_0": [
        12.076699256896973,
        0.8308927416801453
    ],
    "abs_1": [
        10.433171272277832,
        0.9489125609397888
    ],
    "tpr_0": [
        17.608793258666992,
        2.3581199645996094
    ],
    "tpr_1": [
        13.593390464782715,
        2.2724287509918213
    ],
    "fnr_0": [
        54.652366638183594,
        1.4404878616333008
    ],
    "fnr_1": [
        58.386287689208984,
        1.6405713558197021
    ],
    "par_0": [
        27.738840103149414,
        2.1149165630340576
    ],
    "par_1": [
        28.02031898498535,
        2.6326775550842285
    ],
    "fpr_0": [
        1.9272267818450928,
        0.3212391138076782
    ],
    "fpr_1": [
        1.2121516466140747,
        0.23973596096038818
    ],
    "tnr_0": [
        90.97199249267578,
        0.7939274311065674
    ],
    "tnr_1": [
        92.9805908203125,
        0.7757096290588379
    ],
    "nar_0": [
        7.100787162780762,
        0.6741337776184082
    ],
    "nar_1": [
        5.807257175445557,
        0.7272682189941406
    ]
}