{
    "cov": [
        41.030662536621094,
        9.26833724975586
    ],
    "acc": [
        87.90716552734375,
        0.7817199230194092
    ],
    "pos_0": [
        0.33367758989334106,
        0.21331781148910522
    ],
    "pos_1": [
        0.18479374051094055,
        0.08206052333116531
    ],
    "neg_0": [
        40.96489334106445,
        9.960457801818848
    ],
    "neg_1": [
        40.67294692993164,
        8.888053894042969
    ],
    "abs_0": [
        58.7014274597168,
        10.035771369934082
    ],
    "abs_1": [
        59.14225387573242,
        8.923417091369629
    ],
    "tpr_0": [
        0.9384976029396057,
        0.6671192646026611
    ],
    "tpr_1": [
        0.5940967202186584,
        0.3019593060016632
    ],
    "fnr_0": [
        20.97801971435547,
        6.13843297958374
    ],
    "fnr_1": [
        22.926225662231445,
        4.975637912750244
    ],
    "par_0": [
        78.08348083496094,
        6.3579020500183105
    ],
    "par_1": [
        76.47967529296875,
        5.095668792724609
    ],
    "fpr_0": [
        0.14141401648521423,
        0.10993124544620514
    ],
    "fpr_1": [
        0.0768299251794815,
        0.046224791556596756
    ],
    "tnr_0": [
        47.31761169433594,
        11.283510208129883
    ],
    "tnr_1": [
        45.322792053222656,
        9.933667182922363
    ],
    "nar_0": [
        52.54097366333008,
        11.315448760986328
    ],
    "nar_1": [
        54.600379943847656,
        9.952662467956543
    ]
}