{
    "cov": [
        1.935999870300293,
        0.3118671476840973
    ],
    "acc": [
        85.42839050292969,
        2.675055980682373
    ],
    "pos_0": [
        0.20191937685012817,
        0.13614466786384583
    ],
    "pos_1": [
        0.22205092012882233,
        0.06196087598800659
    ],
    "neg_0": [
        1.7408719062805176,
        0.394922137260437
    ],
    "neg_1": [
        1.7097162008285522,
        0.3846971392631531
    ],
    "abs_0": [
        98.05720520019531,
        0.39478376507759094
    ],
    "abs_1": [
        98.06822967529297,
        0.4038473963737488
    ],
    "tpr_0": [
        0.45177924633026123,
        0.33582666516304016
    ],
    "tpr_1": [
        0.6415788531303406,
        0.26053670048713684
    ],
    "fnr_0": [
        0.8061842918395996,
        0.3201598525047302
    ],
    "fnr_1": [
        0.9001822471618652,
        0.3660414516925812
    ],
    "par_0": [
        98.7420425415039,
        0.4911499619483948
    ],
    "par_1": [
        98.4582290649414,
        0.5314648747444153
    ],
    "fpr_0": [
        0.12192434072494507,
        0.09912771731615067
    ],
    "fpr_1": [
        0.11284908652305603,
        0.05211792513728142
    ],
    "tnr_0": [
        2.0381364822387695,
        0.48320603370666504
    ],
    "tnr_1": [
        1.921433448791504,
        0.4259481728076935
    ],
    "nar_0": [
        97.83993530273438,
        0.47262197732925415
    ],
    "nar_1": [
        97.9657211303711,
        0.4281373918056488
    ]
}