{
    "cov": [
        67.47000122070312,
        8.754426956176758
    ],
    "acc": [
        86.32279205322266,
        0.5979031324386597
    ],
    "pos_0": [
        0.27900466322898865,
        0.153206929564476
    ],
    "pos_1": [
        0.17784909904003143,
        0.09235621988773346
    ],
    "neg_0": [
        66.39482116699219,
        8.65135669708252
    ],
    "neg_1": [
        67.82540893554688,
        9.140925407409668
    ],
    "abs_0": [
        33.326168060302734,
        8.611175537109375
    ],
    "abs_1": [
        31.996740341186523,
        9.104710578918457
    ],
    "tpr_0": [
        0.7787261009216309,
        0.47569599747657776
    ],
    "tpr_1": [
        0.5884899497032166,
        0.31672555208206177
    ],
    "fnr_0": [
        40.119232177734375,
        6.4334635734558105
    ],
    "fnr_1": [
        42.46767044067383,
        5.977025032043457
    ],
    "par_0": [
        59.1020393371582,
        6.329487323760986
    ],
    "par_1": [
        56.9438362121582,
        5.842501640319824
    ],
    "fpr_0": [
        0.11975514888763428,
        0.07495748996734619
    ],
    "fpr_1": [
        0.06980366259813309,
        0.05012141168117523
    ],
    "tnr_0": [
        74.7386245727539,
        9.446451187133789
    ],
    "tnr_1": [
        74.50050354003906,
        10.093243598937988
    ],
    "nar_0": [
        25.141626358032227,
        9.429048538208008
    ],
    "nar_1": [
        25.42969512939453,
        10.078897476196289
    ]
}