{
    "cov": [
        20.90999984741211,
        0.5809077024459839
    ],
    "acc": [
        86.17298889160156,
        0.9218703508377075
    ],
    "pos_0": [
        0.6803058385848999,
        0.23802946507930756
    ],
    "pos_1": [
        0.6978735327720642,
        0.20842087268829346
    ],
    "neg_0": [
        20.488021850585938,
        0.9163477420806885
    ],
    "neg_1": [
        20.0450496673584,
        0.7297629117965698
    ],
    "abs_0": [
        78.83167266845703,
        0.8132290244102478
    ],
    "abs_1": [
        79.257080078125,
        0.7758569717407227
    ],
    "tpr_0": [
        1.7863035202026367,
        0.7272158265113831
    ],
    "tpr_1": [
        2.5073254108428955,
        0.8501085638999939
    ],
    "fnr_0": [
        11.412342071533203,
        1.1051329374313354
    ],
    "fnr_1": [
        12.679045677185059,
        0.9386406540870667
    ],
    "par_0": [
        86.80134582519531,
        1.3616865873336792
    ],
    "par_1": [
        84.81362915039062,
        1.4086579084396362
    ],
    "fpr_0": [
        0.32964804768562317,
        0.1693684160709381
    ],
    "fpr_1": [
        0.22865165770053864,
        0.07898890972137451
    ],
    "tnr_0": [
        23.374555587768555,
        1.0540522336959839
    ],
    "tnr_1": [
        21.971454620361328,
        0.9394202828407288
    ],
    "nar_0": [
        76.29579162597656,
        0.9759782552719116
    ],
    "nar_1": [
        77.79989624023438,
        0.9298624396324158
    ]
}