{
    "cov": [
        1.687999963760376,
        1.6518545150756836
    ],
    "acc": [
        90.74556732177734,
        3.5357253551483154
    ],
    "pos_0": [
        0.010190202854573727,
        0.025406887754797935
    ],
    "pos_1": [
        0.019804826006293297,
        0.03594837710261345
    ],
    "neg_0": [
        1.4684405326843262,
        1.553098201751709
    ],
    "neg_1": [
        1.8064147233963013,
        1.7211116552352905
    ],
    "abs_0": [
        98.5213623046875,
        1.5688068866729736
    ],
    "abs_1": [
        98.17378997802734,
        1.7378233671188354
    ],
    "tpr_0": [
        0.028461970388889313,
        0.06656607985496521
    ],
    "tpr_1": [
        0.05764296278357506,
        0.11381099373102188
    ],
    "fnr_0": [
        0.46208491921424866,
        0.5189889669418335
    ],
    "fnr_1": [
        0.8339759707450867,
        1.0245319604873657
    ],
    "par_0": [
        99.50945281982422,
        0.556043803691864
    ],
    "par_1": [
        99.1083755493164,
        1.091388463973999
    ],
    "fpr_0": [
        0.004480597097426653,
        0.015507875941693783
    ],
    "fpr_1": [
        0.009771453216671944,
        0.021439209580421448
    ],
    "tnr_0": [
        1.7863729000091553,
        1.896251916885376
    ],
    "tnr_1": [
        2.0613296031951904,
        1.9265482425689697
    ],
    "nar_0": [
        98.20913696289062,
        1.9047729969024658
    ],
    "nar_1": [
        97.92889404296875,
        1.9321630001068115
    ]
}