{
    "cov": [
        88.05933380126953,
        2.4546546936035156
    ],
    "acc": [
        84.5297622680664,
        0.5581098198890686
    ],
    "pos_0": [
        3.2119314670562744,
        1.172529697418213
    ],
    "pos_1": [
        2.8966710567474365,
        1.1871144771575928
    ],
    "neg_0": [
        84.39656066894531,
        2.2438199520111084
    ],
    "neg_1": [
        85.46623229980469,
        1.4500645399093628
    ],
    "abs_0": [
        12.391507148742676,
        3.0022881031036377
    ],
    "abs_1": [
        11.637094497680664,
        2.184920310974121
    ],
    "tpr_0": [
        10.161382675170898,
        3.927433967590332
    ],
    "tpr_1": [
        10.550820350646973,
        4.246116638183594
    ],
    "fnr_0": [
        58.74553680419922,
        4.030927658081055
    ],
    "fnr_1": [
        58.00791931152344,
        2.304725408554077
    ],
    "par_0": [
        31.09308433532715,
        6.663261413574219
    ],
    "par_1": [
        31.44125747680664,
        5.648629188537598
    ],
    "fpr_0": [
        1.0059552192687988,
        0.35172706842422485
    ],
    "fpr_1": [
        0.8886331915855408,
        0.3996741473674774
    ],
    "tnr_0": [
        92.54390716552734,
        1.7995721101760864
    ],
    "tnr_1": [
        92.6885757446289,
        1.2199556827545166
    ],
    "nar_0": [
        6.450130462646484,
        1.9591145515441895
    ],
    "nar_1": [
        6.42279577255249,
        1.3730390071868896
    ]
}