{
    "cov": [
        77.78266143798828,
        4.090498924255371
    ],
    "acc": [
        86.20881652832031,
        0.6368492841720581
    ],
    "pos_0": [
        1.1430346965789795,
        0.3954225480556488
    ],
    "pos_1": [
        0.6709299087524414,
        0.24333348870277405
    ],
    "neg_0": [
        76.6946792602539,
        2.991014242172241
    ],
    "neg_1": [
        77.07867431640625,
        4.8347649574279785
    ],
    "abs_0": [
        22.16228485107422,
        3.1138954162597656
    ],
    "abs_1": [
        22.25039291381836,
        4.911340713500977
    ],
    "tpr_0": [
        3.520132303237915,
        1.330736756324768
    ],
    "tpr_1": [
        2.318835496902466,
        0.9452182650566101
    ],
    "fnr_0": [
        47.544734954833984,
        3.0674543380737305
    ],
    "fnr_1": [
        47.42351150512695,
        4.850972652435303
    ],
    "par_0": [
        48.93513107299805,
        3.4953956604003906
    ],
    "par_1": [
        50.25765609741211,
        5.172114372253418
    ],
    "fpr_0": [
        0.39152729511260986,
        0.14013426005840302
    ],
    "fpr_1": [
        0.23614215850830078,
        0.08085683733224869
    ],
    "tnr_0": [
        85.95298767089844,
        3.142535448074341
    ],
    "tnr_1": [
        84.8772964477539,
        4.962254047393799
    ],
    "nar_0": [
        13.65548038482666,
        3.1633706092834473
    ],
    "nar_1": [
        14.886569023132324,
        4.967937469482422
    ]
}