{
    "cov": [
        8.390666007995605,
        8.368882179260254
    ],
    "acc": [
        91.61985778808594,
        2.2000246047973633
    ],
    "pos_0": [
        0.07226818799972534,
        0.08336357772350311
    ],
    "pos_1": [
        0.038863085210323334,
        0.052611108869314194
    ],
    "neg_0": [
        6.92297887802124,
        6.529353141784668
    ],
    "neg_1": [
        9.283706665039062,
        9.790483474731445
    ],
    "abs_0": [
        93.00475311279297,
        6.555572986602783
    ],
    "abs_1": [
        90.67742919921875,
        9.798399925231934
    ],
    "tpr_0": [
        0.2176232486963272,
        0.27360692620277405
    ],
    "tpr_1": [
        0.1317807137966156,
        0.17314258217811584
    ],
    "fnr_0": [
        2.6834421157836914,
        2.964956760406494
    ],
    "fnr_1": [
        3.5028820037841797,
        4.133673667907715
    ],
    "par_0": [
        97.09893035888672,
        3.0626533031463623
    ],
    "par_1": [
        96.36534118652344,
        4.175185680389404
    ],
    "fpr_0": [
        0.02648763358592987,
        0.039522647857666016
    ],
    "fpr_1": [
        0.014081117697060108,
        0.03822783753275871
    ],
    "tnr_0": [
        8.257600784301758,
        7.64051628112793
    ],
    "tnr_1": [
        10.818910598754883,
        11.324828147888184
    ],
    "nar_0": [
        91.7159194946289,
        7.649511337280273
    ],
    "nar_1": [
        89.16700744628906,
        11.324892044067383
    ]
}