{
    "cov": [
        70.99266815185547,
        8.984640121459961
    ],
    "acc": [
        86.70446014404297,
        0.7597875595092773
    ],
    "pos_0": [
        0.9041959047317505,
        0.36057937145233154
    ],
    "pos_1": [
        0.5142583847045898,
        0.24340230226516724
    ],
    "neg_0": [
        71.18733215332031,
        8.726608276367188
    ],
    "neg_1": [
        69.761474609375,
        9.195141792297363
    ],
    "abs_0": [
        27.90846824645996,
        8.729029655456543
    ],
    "abs_1": [
        29.724266052246094,
        9.289356231689453
    ],
    "tpr_0": [
        2.7561135292053223,
        1.1505086421966553
    ],
    "tpr_1": [
        1.7570455074310303,
        0.9819536209106445
    ],
    "fnr_0": [
        42.35442352294922,
        7.025252342224121
    ],
    "fnr_1": [
        41.596038818359375,
        6.578678607940674
    ],
    "par_0": [
        54.889461517333984,
        7.011532306671143
    ],
    "par_1": [
        56.64691162109375,
        6.915168285369873
    ],
    "fpr_0": [
        0.3174014985561371,
        0.15481768548488617
    ],
    "fpr_1": [
        0.1861608773469925,
        0.08086562901735306
    ],
    "tnr_0": [
        80.35133361816406,
        9.462079048156738
    ],
    "tnr_1": [
        77.16632843017578,
        9.983477592468262
    ],
    "nar_0": [
        19.331268310546875,
        9.440141677856445
    ],
    "nar_1": [
        22.647504806518555,
        10.00031852722168
    ]
}