{
    "cov": [
        86.49665832519531,
        1.6311993598937988
    ],
    "acc": [
        84.09622955322266,
        0.8289849162101746
    ],
    "pos_0": [
        0.14699897170066833,
        0.318855881690979
    ],
    "pos_1": [
        0.12669013440608978,
        0.32359036803245544
    ],
    "neg_0": [
        85.86900329589844,
        2.098773717880249
    ],
    "neg_1": [
        86.6885986328125,
        1.4169719219207764
    ],
    "abs_0": [
        13.984000205993652,
        2.1515777111053467
    ],
    "abs_1": [
        13.18470573425293,
        1.5085519552230835
    ],
    "tpr_0": [
        0.4266880452632904,
        0.9027203917503357
    ],
    "tpr_1": [
        0.37066397070884705,
        1.0421607494354248
    ],
    "fnr_0": [
        63.12417984008789,
        5.109001636505127
    ],
    "fnr_1": [
        61.14373779296875,
        3.3374929428100586
    ],
    "par_0": [
        36.449134826660156,
        5.240645408630371
    ],
    "par_1": [
        38.485595703125,
        3.5710015296936035
    ],
    "fpr_0": [
        0.05911624804139137,
        0.1398983895778656
    ],
    "fpr_1": [
        0.06169028952717781,
        0.14159803092479706
    ],
    "tnr_0": [
        93.0946044921875,
        1.2605955600738525
    ],
    "tnr_1": [
        93.40638732910156,
        1.0003529787063599
    ],
    "nar_0": [
        6.8462700843811035,
        1.2765816450119019
    ],
    "nar_1": [
        6.531919956207275,
        1.0463379621505737
    ]
}