{
    "cov": [
        76.99132537841797,
        0.633993923664093
    ],
    "acc": [
        85.82794952392578,
        0.5301291942596436
    ],
    "pos_0": [
        1.2472343444824219,
        0.39187946915626526
    ],
    "pos_1": [
        1.227933645248413,
        0.2230747640132904
    ],
    "neg_0": [
        75.92855834960938,
        1.0702170133590698
    ],
    "neg_1": [
        75.64877319335938,
        0.8277069926261902
    ],
    "abs_0": [
        22.824203491210938,
        1.127118468284607
    ],
    "abs_1": [
        23.123292922973633,
        0.8597103953361511
    ],
    "tpr_0": [
        3.740255355834961,
        1.3713030815124512
    ],
    "tpr_1": [
        4.214247703552246,
        0.8419979214668274
    ],
    "fnr_0": [
        48.17219161987305,
        2.373955249786377
    ],
    "fnr_1": [
        47.49567794799805,
        1.6315922737121582
    ],
    "par_0": [
        48.087554931640625,
        2.8456082344055176
    ],
    "par_1": [
        48.290077209472656,
        1.7426522970199585
    ],
    "fpr_0": [
        0.4561939537525177,
        0.20530816912651062
    ],
    "fpr_1": [
        0.4502525329589844,
        0.14058971405029297
    ],
    "tnr_0": [
        84.77111053466797,
        1.1671078205108643
    ],
    "tnr_1": [
        83.01089477539062,
        0.8983824849128723
    ],
    "nar_0": [
        14.772697448730469,
        1.1602137088775635
    ],
    "nar_1": [
        16.538854598999023,
        0.894562304019928
    ]
}