{
    "cov": [
        83.43399047851562,
        1.354668140411377
    ],
    "acc": [
        85.54412078857422,
        0.5046826004981995
    ],
    "pos_0": [
        2.363457202911377,
        0.6716309189796448
    ],
    "pos_1": [
        1.4935213327407837,
        0.4183373749256134
    ],
    "neg_0": [
        78.54524993896484,
        1.938210368156433
    ],
    "neg_1": [
        83.6103286743164,
        1.2943875789642334
    ],
    "abs_0": [
        19.091289520263672,
        1.9443340301513672
    ],
    "abs_1": [
        14.896150588989258,
        1.3889505863189697
    ],
    "tpr_0": [
        7.47020959854126,
        2.277794361114502
    ],
    "tpr_1": [
        5.355556011199951,
        1.692123293876648
    ],
    "fnr_0": [
        49.324153900146484,
        3.4811019897460938
    ],
    "fnr_1": [
        54.85110092163086,
        2.24165415763855
    ],
    "par_0": [
        43.20563507080078,
        3.7402007579803467
    ],
    "par_1": [
        39.793338775634766,
        2.7765352725982666
    ],
    "fpr_0": [
        0.743894100189209,
        0.18756017088890076
    ],
    "fpr_1": [
        0.4812285602092743,
        0.1397414207458496
    ],
    "tnr_0": [
        87.82666778564453,
        1.5864955186843872
    ],
    "tnr_1": [
        91.17181396484375,
        1.1787627935409546
    ],
    "nar_0": [
        11.429435729980469,
        1.572457194328308
    ],
    "nar_1": [
        8.346961975097656,
        1.1902724504470825
    ]
}