{
    "cov": [
        90.03132629394531,
        1.4385185241699219
    ],
    "acc": [
        84.32624053955078,
        0.5469737648963928
    ],
    "pos_0": [
        5.983481407165527,
        1.0082683563232422
    ],
    "pos_1": [
        4.255462169647217,
        0.898461639881134
    ],
    "neg_0": [
        83.10474395751953,
        1.2962998151779175
    ],
    "neg_1": [
        86.39997100830078,
        1.1546012163162231
    ],
    "abs_0": [
        10.911770820617676,
        1.655327558517456
    ],
    "abs_1": [
        9.344565391540527,
        1.4067031145095825
    ],
    "tpr_0": [
        18.371196746826172,
        3.0196640491485596
    ],
    "tpr_1": [
        15.246185302734375,
        3.0199501514434814
    ],
    "fnr_0": [
        56.17812728881836,
        2.57835054397583
    ],
    "fnr_1": [
        59.4974250793457,
        2.1070327758789062
    ],
    "par_0": [
        25.45067596435547,
        3.703984260559082
    ],
    "par_1": [
        25.256385803222656,
        3.5384912490844727
    ],
    "fpr_0": [
        2.04947566986084,
        0.4392562210559845
    ],
    "fpr_1": [
        1.362980604171753,
        0.35206666588783264
    ],
    "tnr_0": [
        91.65687561035156,
        1.047899842262268
    ],
    "tnr_1": [
        93.47537994384766,
        0.9281086325645447
    ],
    "nar_0": [
        6.293646335601807,
        1.1379122734069824
    ],
    "nar_1": [
        5.161636829376221,
        0.9938775300979614
    ]
}