{
    "cov": [
        21.862001419067383,
        0.6510235071182251
    ],
    "acc": [
        86.1720962524414,
        0.9737383127212524
    ],
    "pos_0": [
        0.6954219341278076,
        0.24271723628044128
    ],
    "pos_1": [
        0.7034200429916382,
        0.21134555339813232
    ],
    "neg_0": [
        21.427766799926758,
        0.9521308541297913
    ],
    "neg_1": [
        20.98833656311035,
        0.788455605506897
    ],
    "abs_0": [
        77.8768081665039,
        0.8821502327919006
    ],
    "abs_1": [
        78.30824279785156,
        0.8258368968963623
    ],
    "tpr_0": [
        1.8399848937988281,
        0.7519707679748535
    ],
    "tpr_1": [
        2.528649091720581,
        0.8627737164497375
    ],
    "fnr_0": [
        11.915427207946777,
        1.1791138648986816
    ],
    "fnr_1": [
        13.3353910446167,
        1.086854338645935
    ],
    "par_0": [
        86.24458312988281,
        1.4768381118774414
    ],
    "par_1": [
        84.13595581054688,
        1.5331614017486572
    ],
    "fpr_0": [
        0.3318902254104614,
        0.16905823349952698
    ],
    "fpr_1": [
        0.23006358742713928,
        0.07964494079351425
    ],
    "tnr_0": [
        24.454200744628906,
        1.126042366027832
    ],
    "tnr_1": [
        22.989547729492188,
        1.017332911491394
    ],
    "nar_0": [
        75.21390533447266,
        1.059354305267334
    ],
    "nar_1": [
        76.7803955078125,
        1.005199670791626
    ]
}