{
    "cov": [
        30.882665634155273,
        0.8646275401115417
    ],
    "acc": [
        86.36503601074219,
        0.6699018478393555
    ],
    "pos_0": [
        0.8347802758216858,
        0.26971521973609924
    ],
    "pos_1": [
        0.8570129871368408,
        0.26112645864486694
    ],
    "neg_0": [
        30.35993003845215,
        1.3913049697875977
    ],
    "neg_1": [
        29.823104858398438,
        0.9054999947547913
    ],
    "abs_0": [
        68.80529022216797,
        1.439386010169983
    ],
    "abs_1": [
        69.31987762451172,
        0.9179259538650513
    ],
    "tpr_0": [
        2.309112787246704,
        0.8956671953201294
    ],
    "tpr_1": [
        3.0962069034576416,
        1.0281428098678589
    ],
    "fnr_0": [
        16.94081687927246,
        1.6419053077697754
    ],
    "fnr_1": [
        18.72406005859375,
        1.162866234779358
    ],
    "par_0": [
        80.75007629394531,
        2.0903704166412354
    ],
    "par_1": [
        78.17973327636719,
        1.328412652015686
    ],
    "fpr_0": [
        0.36727002263069153,
        0.16642920672893524
    ],
    "fpr_1": [
        0.2760370075702667,
        0.10325787961483002
    ],
    "tnr_0": [
        34.63404846191406,
        1.5562188625335693
    ],
    "tnr_1": [
        32.72380447387695,
        1.0999630689620972
    ],
    "nar_0": [
        64.9986801147461,
        1.545894980430603
    ],
    "nar_1": [
        67.00016021728516,
        1.1012715101242065
    ]
}