{
    "cov": [
        94.59599304199219,
        3.3649961948394775
    ],
    "acc": [
        82.09540557861328,
        1.0832418203353882
    ],
    "pos_0": [
        4.530062675476074,
        3.0760936737060547
    ],
    "pos_1": [
        3.7501823902130127,
        2.390314817428589
    ],
    "neg_0": [
        89.82280731201172,
        1.9441640377044678
    ],
    "neg_1": [
        91.00528717041016,
        2.037175178527832
    ],
    "abs_0": [
        5.647121906280518,
        3.686053991317749
    ],
    "abs_1": [
        5.2445197105407715,
        3.236114501953125
    ],
    "tpr_0": [
        13.447352409362793,
        9.181334495544434
    ],
    "tpr_1": [
        12.760077476501465,
        8.198296546936035
    ],
    "fnr_0": [
        71.31574249267578,
        5.157650947570801
    ],
    "fnr_1": [
        71.45343780517578,
        5.9760212898254395
    ],
    "par_0": [
        15.236903190612793,
        10.555692672729492
    ],
    "par_1": [
        15.786478996276855,
        9.898686408996582
    ],
    "fpr_0": [
        1.6822528839111328,
        1.1440380811691284
    ],
    "fpr_1": [
        1.374709129333496,
        0.8862127065658569
    ],
    "tnr_0": [
        95.70059204101562,
        0.9699153900146484
    ],
    "tnr_1": [
        96.14405822753906,
        1.1250524520874023
    ],
    "nar_0": [
        2.6171514987945557,
        1.5949866771697998
    ],
    "nar_1": [
        2.481232166290283,
        1.5609514713287354
    ]
}