{
    "cov": [
        92.1486587524414,
        3.705385208129883
    ],
    "acc": [
        82.71552276611328,
        0.8817253708839417
    ],
    "pos_0": [
        2.728693723678589,
        3.380856513977051
    ],
    "pos_1": [
        2.4360928535461426,
        3.127721071243286
    ],
    "neg_0": [
        88.90425872802734,
        2.0203726291656494
    ],
    "neg_1": [
        90.05511474609375,
        2.1212544441223145
    ],
    "abs_0": [
        8.367042541503906,
        4.009425163269043
    ],
    "abs_1": [
        7.508785247802734,
        3.629770278930664
    ],
    "tpr_0": [
        8.308029174804688,
        10.022247314453125
    ],
    "tpr_1": [
        8.337260246276855,
        10.610054969787598
    ],
    "fnr_0": [
        69.32123565673828,
        4.644394397735596
    ],
    "fnr_1": [
        68.50951385498047,
        5.84352445602417
    ],
    "par_0": [
        22.370729446411133,
        11.0570650100708
    ],
    "par_1": [
        23.15321922302246,
        11.294400215148926
    ],
    "fpr_0": [
        0.9531728625297546,
        1.2900909185409546
    ],
    "fpr_1": [
        0.8874734044075012,
        1.1786234378814697
    ],
    "tnr_0": [
        95.12898254394531,
        1.2826403379440308
    ],
    "tnr_1": [
        95.7189712524414,
        1.2754243612289429
    ],
    "nar_0": [
        3.917841672897339,
        1.8454656600952148
    ],
    "nar_1": [
        3.3935546875,
        1.6957305669784546
    ]
}