{
    "cov": [
        54.47200012207031,
        14.516613006591797
    ],
    "acc": [
        86.58351135253906,
        0.8454578518867493
    ],
    "pos_0": [
        0.22466254234313965,
        0.21112260222434998
    ],
    "pos_1": [
        0.1299607902765274,
        0.09244804084300995
    ],
    "neg_0": [
        54.59531021118164,
        14.77127456665039
    ],
    "neg_1": [
        54.10120391845703,
        14.502365112304688
    ],
    "abs_0": [
        45.180023193359375,
        14.855131149291992
    ],
    "abs_1": [
        45.76882553100586,
        14.543750762939453
    ],
    "tpr_0": [
        0.6576352715492249,
        0.7165239453315735
    ],
    "tpr_1": [
        0.4298193156719208,
        0.31375905871391296
    ],
    "fnr_0": [
        32.48574447631836,
        10.246685028076172
    ],
    "fnr_1": [
        33.53131103515625,
        9.72480583190918
    ],
    "par_0": [
        66.85661315917969,
        10.528138160705566
    ],
    "par_1": [
        66.03886413574219,
        9.859166145324707
    ],
    "fpr_0": [
        0.08845803141593933,
        0.09166046977043152
    ],
    "fpr_1": [
        0.051246222108602524,
        0.05626492574810982
    ],
    "tnr_0": [
        61.61563491821289,
        16.27361488342285
    ],
    "tnr_1": [
        59.523807525634766,
        15.873757362365723
    ],
    "nar_0": [
        38.29590606689453,
        16.30415916442871
    ],
    "nar_1": [
        40.42494583129883,
        15.885313987731934
    ]
}