{
    "cov": [
        70.53999328613281,
        10.401530265808105
    ],
    "acc": [
        86.22315979003906,
        0.5547763705253601
    ],
    "pos_0": [
        0.3400662839412689,
        0.21979689598083496
    ],
    "pos_1": [
        0.22558104991912842,
        0.15495669841766357
    ],
    "neg_0": [
        68.83281707763672,
        9.955843925476074
    ],
    "neg_1": [
        71.21468353271484,
        11.030316352844238
    ],
    "abs_0": [
        30.82711410522461,
        9.928184509277344
    ],
    "abs_1": [
        28.559728622436523,
        10.984107971191406
    ],
    "tpr_0": [
        0.9614181518554688,
        0.6798391938209534
    ],
    "tpr_1": [
        0.7520055770874023,
        0.508829653263092
    ],
    "fnr_0": [
        42.306114196777344,
        7.689970016479492
    ],
    "fnr_1": [
        44.69083786010742,
        7.485682487487793
    ],
    "par_0": [
        56.73246765136719,
        7.519049167633057
    ],
    "par_1": [
        54.557151794433594,
        7.353580951690674
    ],
    "fpr_0": [
        0.14415717124938965,
        0.09967393428087234
    ],
    "fpr_1": [
        0.08643953502178192,
        0.0771903470158577
    ],
    "tnr_0": [
        77.26947021484375,
        10.8689603805542
    ],
    "tnr_1": [
        78.18797302246094,
        11.999944686889648
    ],
    "nar_0": [
        22.586374282836914,
        10.867305755615234
    ],
    "nar_1": [
        21.725576400756836,
        11.978802680969238
    ]
}