{
    "cov": [
        86.38399505615234,
        1.94154953956604
    ],
    "acc": [
        84.77433776855469,
        0.7609169483184814
    ],
    "pos_0": [
        2.8083574771881104,
        1.1329238414764404
    ],
    "pos_1": [
        2.190326452255249,
        0.9306204915046692
    ],
    "neg_0": [
        81.46265411376953,
        2.1645069122314453
    ],
    "neg_1": [
        85.58881378173828,
        1.7121983766555786
    ],
    "abs_0": [
        15.728984832763672,
        2.490785837173462
    ],
    "abs_1": [
        12.22084903717041,
        2.006268262863159
    ],
    "tpr_0": [
        8.64052677154541,
        3.4472463130950928
    ],
    "tpr_1": [
        7.717867374420166,
        3.3887507915496826
    ],
    "fnr_0": [
        53.97247314453125,
        4.665101051330566
    ],
    "fnr_1": [
        58.64500045776367,
        3.9966235160827637
    ],
    "par_0": [
        37.38699722290039,
        5.583367824554443
    ],
    "par_1": [
        33.63712692260742,
        5.421573638916016
    ],
    "fpr_0": [
        0.9541024565696716,
        0.4534348249435425
    ],
    "fpr_1": [
        0.7281191349029541,
        0.2861115038394928
    ],
    "tnr_0": [
        90.20187377929688,
        1.4518845081329346
    ],
    "tnr_1": [
        92.67302703857422,
        1.2383307218551636
    ],
    "nar_0": [
        8.844022750854492,
        1.6033363342285156
    ],
    "nar_1": [
        6.598855018615723,
        1.29261314868927
    ]
}