{
    "cov": [
        69.22533416748047,
        9.724348068237305
    ],
    "acc": [
        87.19458770751953,
        0.8255695700645447
    ],
    "pos_0": [
        0.0,
        0.0
    ],
    "pos_1": [
        0.0,
        0.0
    ],
    "neg_0": [
        67.69781494140625,
        9.893472671508789
    ],
    "neg_1": [
        70.23908996582031,
        10.07936954498291
    ],
    "abs_0": [
        32.302181243896484,
        9.893473625183105
    ],
    "abs_1": [
        29.76091194152832,
        10.07936954498291
    ],
    "tpr_0": [
        0.0,
        0.0
    ],
    "tpr_1": [
        0.0,
        0.0
    ],
    "fnr_0": [
        39.101715087890625,
        7.380882740020752
    ],
    "fnr_1": [
        41.132816314697266,
        7.617105960845947
    ],
    "par_0": [
        60.89828109741211,
        7.3808817863464355
    ],
    "par_1": [
        58.8671760559082,
        7.617105484008789
    ],
    "fpr_0": [
        0.0,
        0.0
    ],
    "fpr_1": [
        0.0,
        0.0
    ],
    "tnr_0": [
        76.77848815917969,
        10.776782989501953
    ],
    "tnr_1": [
        77.88063049316406,
        10.779237747192383
    ],
    "nar_0": [
        23.221513748168945,
        10.776782035827637
    ],
    "nar_1": [
        22.119365692138672,
        10.77923583984375
    ]
}