{
    "cov": [
        15.618666648864746,
        6.555580139160156
    ],
    "acc": [
        90.28767395019531,
        1.1811277866363525
    ],
    "pos_0": [
        0.0,
        0.0
    ],
    "pos_1": [
        0.0,
        0.0
    ],
    "neg_0": [
        17.318424224853516,
        7.221831321716309
    ],
    "neg_1": [
        14.503657341003418,
        6.811663627624512
    ],
    "abs_0": [
        82.68157958984375,
        7.221830368041992
    ],
    "abs_1": [
        85.49634552001953,
        6.811663627624512
    ],
    "tpr_0": [
        0.0,
        0.0
    ],
    "tpr_1": [
        0.0,
        0.0
    ],
    "fnr_0": [
        7.17842960357666,
        3.6314780712127686
    ],
    "fnr_1": [
        6.627982139587402,
        3.1977407932281494
    ],
    "par_0": [
        92.82157135009766,
        3.6314775943756104
    ],
    "par_1": [
        93.37200927734375,
        3.1977407932281494
    ],
    "fpr_0": [
        0.0,
        0.0
    ],
    "fpr_1": [
        0.0,
        0.0
    ],
    "tnr_0": [
        20.540042877197266,
        8.437211990356445
    ],
    "tnr_1": [
        16.56391716003418,
        7.7768940925598145
    ],
    "nar_0": [
        79.4599609375,
        8.437211036682129
    ],
    "nar_1": [
        83.43608093261719,
        7.776894569396973
    ]
}