{
    "cov": [
        45.163333892822266,
        1.3072360754013062
    ],
    "acc": [
        86.59100341796875,
        0.6542198061943054
    ],
    "pos_0": [
        0.9491773247718811,
        0.3067525625228882
    ],
    "pos_1": [
        0.9795998930931091,
        0.2622790038585663
    ],
    "neg_0": [
        44.63371276855469,
        2.0661189556121826
    ],
    "neg_1": [
        43.916194915771484,
        1.670749545097351
    ],
    "abs_0": [
        54.417110443115234,
        2.001569986343384
    ],
    "abs_1": [
        55.10419845581055,
        1.7492542266845703
    ],
    "tpr_0": [
        2.699713945388794,
        1.0569202899932861
    ],
    "tpr_1": [
        3.4525938034057617,
        0.9697797298431396
    ],
    "fnr_0": [
        24.969053268432617,
        2.2578370571136475
    ],
    "fnr_1": [
        27.01213836669922,
        1.6610413789749146
    ],
    "par_0": [
        72.33122253417969,
        2.6222596168518066
    ],
    "par_1": [
        69.53527069091797,
        1.8814080953598022
    ],
    "fpr_0": [
        0.3939686715602875,
        0.18610645830631256
    ],
    "fpr_1": [
        0.3373104929924011,
        0.1347145140171051
    ],
    "tnr_0": [
        50.89765167236328,
        2.303715467453003
    ],
    "tnr_1": [
        48.331783294677734,
        1.858872413635254
    ],
    "nar_0": [
        48.708377838134766,
        2.2197446823120117
    ],
    "nar_1": [
        51.330902099609375,
        1.8888275623321533
    ]
}