{
    "cov": [
        16.172666549682617,
        0.5228766202926636
    ],
    "acc": [
        86.5700912475586,
        1.0455509424209595
    ],
    "pos_0": [
        0.5449907779693604,
        0.2321915179491043
    ],
    "pos_1": [
        0.5772038102149963,
        0.2025572657585144
    ],
    "neg_0": [
        15.794266700744629,
        0.8615235686302185
    ],
    "neg_1": [
        15.490367889404297,
        0.7599843144416809
    ],
    "abs_0": [
        83.6607437133789,
        0.7729262113571167
    ],
    "abs_1": [
        83.93243408203125,
        0.8279643058776855
    ],
    "tpr_0": [
        1.3343513011932373,
        0.6464240550994873
    ],
    "tpr_1": [
        2.0291876792907715,
        0.8323842883110046
    ],
    "fnr_0": [
        8.812536239624023,
        1.012140154838562
    ],
    "fnr_1": [
        9.121082305908203,
        0.9136200547218323
    ],
    "par_0": [
        89.85311889648438,
        1.1837096214294434
    ],
    "par_1": [
        88.84972381591797,
        1.2434159517288208
    ],
    "fpr_0": [
        0.2946402430534363,
        0.16728158295154572
    ],
    "fpr_1": [
        0.20069952309131622,
        0.07233260571956635
    ],
    "tnr_0": [
        18.013193130493164,
        1.0160200595855713
    ],
    "tnr_1": [
        17.15557098388672,
        0.8789973855018616
    ],
    "nar_0": [
        81.6921615600586,
        0.9725338220596313
    ],
    "nar_1": [
        82.64373016357422,
        0.8886202573776245
    ]
}