{
    "cov": [
        5.041332721710205,
        3.9418928623199463
    ],
    "acc": [
        88.98857116699219,
        3.9023358821868896
    ],
    "pos_0": [
        0.03977999836206436,
        0.08340919017791748
    ],
    "pos_1": [
        0.027905724942684174,
        0.0456828810274601
    ],
    "neg_0": [
        4.671806335449219,
        3.576144218444824
    ],
    "neg_1": [
        5.227669715881348,
        4.215282917022705
    ],
    "abs_0": [
        95.28841400146484,
        3.5742645263671875
    ],
    "abs_1": [
        94.74442291259766,
        4.222399711608887
    ],
    "tpr_0": [
        0.1113213300704956,
        0.2004047930240631
    ],
    "tpr_1": [
        0.08666961640119553,
        0.15991277992725372
    ],
    "fnr_0": [
        1.8247487545013428,
        1.5161718130111694
    ],
    "fnr_1": [
        2.649585485458374,
        2.248926877975464
    ],
    "par_0": [
        98.06392669677734,
        1.5007433891296387
    ],
    "par_1": [
        97.26374816894531,
        2.2766568660736084
    ],
    "fpr_0": [
        0.01726466789841652,
        0.05747254192829132
    ],
    "fpr_1": [
        0.012628595344722271,
        0.022316286340355873
    ],
    "tnr_0": [
        5.573421001434326,
        4.248485565185547
    ],
    "tnr_1": [
        5.902398586273193,
        4.753123760223389
    ],
    "nar_0": [
        94.40931701660156,
        4.246867656707764
    ],
    "nar_1": [
        94.08497619628906,
        4.755711555480957
    ]
}