{
    "cov": [
        99.21266174316406,
        2.1483445167541504
    ],
    "acc": [
        81.07219696044922,
        0.8242855668067932
    ],
    "pos_0": [
        7.626091003417969,
        2.9687747955322266
    ],
    "pos_1": [
        7.0862274169921875,
        2.904404640197754
    ],
    "neg_0": [
        91.5457992553711,
        2.0149002075195312
    ],
    "neg_1": [
        92.15190124511719,
        1.9040493965148926
    ],
    "abs_0": [
        0.8281062841415405,
        2.194181203842163
    ],
    "abs_1": [
        0.7618679404258728,
        2.1360294818878174
    ],
    "tpr_0": [
        22.091121673583984,
        8.543025016784668
    ],
    "tpr_1": [
        23.39634132385254,
        9.559769630432129
    ],
    "fnr_0": [
        75.55818939208984,
        5.710978984832764
    ],
    "fnr_1": [
        74.20844268798828,
        6.006961822509766
    ],
    "par_0": [
        2.3506813049316406,
        6.297786235809326
    ],
    "par_1": [
        2.3952155113220215,
        6.839887619018555
    ],
    "fpr_0": [
        3.032794237136841,
        1.2550652027130127
    ],
    "fpr_1": [
        2.7744767665863037,
        1.2014057636260986
    ],
    "tnr_0": [
        96.6207504272461,
        0.9342139959335327
    ],
    "tnr_1": [
        96.87806701660156,
        0.9013557434082031
    ],
    "nar_0": [
        0.3464612364768982,
        0.8897292613983154
    ],
    "nar_1": [
        0.3474596440792084,
        0.9536027908325195
    ]
}