{
    "cov": [
        88.05400085449219,
        0.4163130521774292
    ],
    "acc": [
        84.16413116455078,
        0.5835912227630615
    ],
    "pos_0": [
        1.7130337953567505,
        0.5064495801925659
    ],
    "pos_1": [
        1.7128807306289673,
        0.4081377387046814
    ],
    "neg_0": [
        86.6631851196289,
        0.7769532203674316
    ],
    "neg_1": [
        86.13285827636719,
        0.802301824092865
    ],
    "abs_0": [
        11.623779296875,
        0.7625645399093628
    ],
    "abs_1": [
        12.154258728027344,
        0.6659995913505554
    ],
    "tpr_0": [
        5.176315784454346,
        1.7244740724563599
    ],
    "tpr_1": [
        5.865816116333008,
        1.5699429512023926
    ],
    "fnr_0": [
        63.272178649902344,
        2.3561151027679443
    ],
    "fnr_1": [
        59.07369613647461,
        2.1709916591644287
    ],
    "par_0": [
        31.55150604248047,
        2.466156005859375
    ],
    "par_1": [
        35.060489654541016,
        1.9164279699325562
    ],
    "fpr_0": [
        0.6155983209609985,
        0.23088999092578888
    ],
    "fpr_1": [
        0.6311798691749573,
        0.17529450356960297
    ],
    "tnr_0": [
        94.10647583007812,
        0.5573418736457825
    ],
    "tnr_1": [
        93.20619201660156,
        0.6164088249206543
    ],
    "nar_0": [
        5.277932643890381,
        0.48878204822540283
    ],
    "nar_1": [
        6.16262674331665,
        0.542389988899231
    ]
}