{
    "cov": [
        3.2133331298828125,
        0.9341142773628235
    ],
    "acc": [
        94.28855895996094,
        1.7779079675674438
    ],
    "pos_0": [
        0.0034158837515860796,
        0.017079418525099754
    ],
    "pos_1": [
        0.006597226485610008,
        0.02274324558675289
    ],
    "neg_0": [
        3.064030885696411,
        0.7966408133506775
    ],
    "neg_1": [
        3.3032732009887695,
        1.0448838472366333
    ],
    "abs_0": [
        96.93255615234375,
        0.8084181547164917
    ],
    "abs_1": [
        96.69012451171875,
        1.0623465776443481
    ],
    "tpr_0": [
        0.007104795426130295,
        0.035523977130651474
    ],
    "tpr_1": [
        0.021165238693356514,
        0.0625452846288681
    ],
    "fnr_0": [
        0.7657245993614197,
        0.37530893087387085
    ],
    "fnr_1": [
        0.8714204430580139,
        0.42066654562950134
    ],
    "par_0": [
        99.22716522216797,
        0.3862486183643341
    ],
    "par_1": [
        99.10740661621094,
        0.4413689970970154
    ],
    "fpr_0": [
        0.002248454140499234,
        0.011242271400988102
    ],
    "fpr_1": [
        0.0027557697612792253,
        0.013778849504888058
    ],
    "tnr_0": [
        3.794865608215332,
        0.9982995390892029
    ],
    "tnr_1": [
        3.9422051906585693,
        1.25003981590271
    ],
    "nar_0": [
        96.20288848876953,
        1.006045937538147
    ],
    "nar_1": [
        96.05503845214844,
        1.2618117332458496
    ]
}