{
    "cov": [
        61.2586669921875,
        4.821295261383057
    ],
    "acc": [
        88.16097259521484,
        0.6343299150466919
    ],
    "pos_0": [
        0.6134656667709351,
        0.2714241147041321
    ],
    "pos_1": [
        0.37163493037223816,
        0.12174186110496521
    ],
    "neg_0": [
        48.13036346435547,
        6.743616580963135
    ],
    "neg_1": [
        69.10905456542969,
        4.528004169464111
    ],
    "abs_0": [
        51.25617218017578,
        6.861142635345459
    ],
    "abs_1": [
        30.51930046081543,
        4.5463409423828125
    ],
    "tpr_0": [
        1.917580485343933,
        0.8733331561088562
    ],
    "tpr_1": [
        1.2577881813049316,
        0.440908819437027
    ],
    "fnr_0": [
        23.61216926574707,
        4.574172019958496
    ],
    "fnr_1": [
        38.84196090698242,
        3.923783779144287
    ],
    "par_0": [
        74.47025299072266,
        4.994485378265381
    ],
    "par_1": [
        59.90024948120117,
        4.0638322830200195
    ],
    "fpr_0": [
        0.2006070911884308,
        0.11356040835380554
    ],
    "fpr_1": [
        0.1393069624900818,
        0.07712707668542862
    ],
    "tnr_0": [
        55.92593765258789,
        7.587536334991455
    ],
    "tnr_1": [
        77.0628662109375,
        4.724664688110352
    ],
    "nar_0": [
        43.87345504760742,
        7.6167778968811035
    ],
    "nar_1": [
        22.797828674316406,
        4.720885276794434
    ]
}