{
    "cov": [
        0.025333331897854805,
        0.12666666507720947
    ],
    "acc": [
        3.473684072494507,
        17.368419647216797
    ],
    "pos_0": [
        0.0,
        0.0
    ],
    "pos_1": [
        0.001092597609385848,
        0.005462987814098597
    ],
    "neg_0": [
        0.02565198764204979,
        0.12825994193553925
    ],
    "neg_1": [
        0.02403714880347252,
        0.1201857402920723
    ],
    "abs_0": [
        99.9743423461914,
        0.12825973331928253
    ],
    "abs_1": [
        99.97486877441406,
        0.1256474256515503
    ],
    "tpr_0": [
        0.0,
        0.0
    ],
    "tpr_1": [
        0.0052287583239376545,
        0.026143793016672134
    ],
    "fnr_0": [
        0.0069808028638362885,
        0.03490401431918144
    ],
    "fnr_1": [
        0.020915033295750618,
        0.10457517206668854
    ],
    "par_0": [
        99.9930191040039,
        0.034905437380075455
    ],
    "par_1": [
        99.9738540649414,
        0.13071933388710022
    ],
    "fpr_0": [
        0.0,
        0.0
    ],
    "fpr_1": [
        0.0,
        0.0
    ],
    "tnr_0": [
        0.031710077077150345,
        0.15855039656162262
    ],
    "tnr_1": [
        0.024861879646778107,
        0.12430939823389053
    ],
    "nar_0": [
        99.96829223632812,
        0.1585506945848465
    ],
    "nar_1": [
        99.97513580322266,
        0.12430950999259949
    ]
}