{
    "cov": [
        88.0333251953125,
        1.8027105331420898
    ],
    "acc": [
        84.45201110839844,
        0.7001553773880005
    ],
    "pos_0": [
        3.870530366897583,
        1.3045564889907837
    ],
    "pos_1": [
        2.7495932579040527,
        1.2155567407608032
    ],
    "neg_0": [
        82.54116821289062,
        2.12699294090271
    ],
    "neg_1": [
        86.35271453857422,
        1.559496283531189
    ],
    "abs_0": [
        13.588302612304688,
        2.1986355781555176
    ],
    "abs_1": [
        10.897693634033203,
        1.771083116531372
    ],
    "tpr_0": [
        11.790175437927246,
        3.771613836288452
    ],
    "tpr_1": [
        9.651586532592773,
        4.280856609344482
    ],
    "fnr_0": [
        55.64913558959961,
        4.424492835998535
    ],
    "fnr_1": [
        59.90485382080078,
        3.371333122253418
    ],
    "par_0": [
        32.56068801879883,
        4.683222770690918
    ],
    "par_1": [
        30.44356346130371,
        5.239729404449463
    ],
    "fpr_0": [
        1.3546956777572632,
        0.5999812483787537
    ],
    "fpr_1": [
        0.9276137351989746,
        0.4208570718765259
    ],
    "tnr_0": [
        91.09107208251953,
        1.472517490386963
    ],
    "tnr_1": [
        93.30912017822266,
        1.1711708307266235
    ],
    "nar_0": [
        7.554229736328125,
        1.503321647644043
    ],
    "nar_1": [
        5.763269424438477,
        1.150541067123413
    ]
}