{
    "cov": [
        85.9813232421875,
        2.0983312129974365
    ],
    "acc": [
        84.9317626953125,
        0.8001439571380615
    ],
    "pos_0": [
        3.186239004135132,
        1.1757367849349976
    ],
    "pos_1": [
        2.158750534057617,
        1.1247732639312744
    ],
    "neg_0": [
        80.79462432861328,
        1.9697836637496948
    ],
    "neg_1": [
        85.14334869384766,
        2.0930685997009277
    ],
    "abs_0": [
        16.01912498474121,
        1.9146291017532349
    ],
    "abs_1": [
        12.69789981842041,
        2.346709728240967
    ],
    "tpr_0": [
        9.684195518493652,
        3.613257646560669
    ],
    "tpr_1": [
        7.692275047302246,
        4.04878568649292
    ],
    "fnr_0": [
        52.86277770996094,
        3.773984432220459
    ],
    "fnr_1": [
        57.59088897705078,
        4.220183372497559
    ],
    "par_0": [
        37.453025817871094,
        4.266166687011719
    ],
    "par_1": [
        34.71683120727539,
        5.561589241027832
    ],
    "fpr_0": [
        1.1226662397384644,
        0.45425379276275635
    ],
    "fpr_1": [
        0.7013430595397949,
        0.3753238618373871
    ],
    "tnr_0": [
        89.67415618896484,
        1.5081520080566406
    ],
    "tnr_1": [
        92.38146209716797,
        1.7345064878463745
    ],
    "nar_0": [
        9.203167915344238,
        1.4318196773529053
    ],
    "nar_1": [
        6.917184829711914,
        1.7729849815368652
    ]
}