{
    "cov": [
        31.036664962768555,
        18.02082061767578
    ],
    "acc": [
        90.3825454711914,
        1.7929490804672241
    ],
    "pos_0": [
        0.17827068269252777,
        0.12408082187175751
    ],
    "pos_1": [
        0.10281112790107727,
        0.07900438457727432
    ],
    "neg_0": [
        24.571720123291016,
        16.045679092407227
    ],
    "neg_1": [
        35.101280212402344,
        20.02326202392578
    ],
    "abs_0": [
        75.25000762939453,
        16.044700622558594
    ],
    "abs_1": [
        64.79590606689453,
        20.012205123901367
    ],
    "tpr_0": [
        0.5648224353790283,
        0.415414035320282
    ],
    "tpr_1": [
        0.3536132872104645,
        0.2990945875644684
    ],
    "fnr_0": [
        10.98558235168457,
        8.560471534729004
    ],
    "fnr_1": [
        17.117841720581055,
        12.594747543334961
    ],
    "par_0": [
        88.4495849609375,
        8.615937232971191
    ],
    "par_1": [
        82.5285415649414,
        12.552077293395996
    ],
    "fpr_0": [
        0.0554334856569767,
        0.05544005706906319
    ],
    "fpr_1": [
        0.0376078300178051,
        0.03747688606381416
    ],
    "tnr_0": [
        28.90054702758789,
        18.50002098083496
    ],
    "tnr_1": [
        39.86101531982422,
        22.09847068786621
    ],
    "nar_0": [
        71.04401397705078,
        18.49039649963379
    ],
    "nar_1": [
        60.10137176513672,
        22.094545364379883
    ]
}