{
    "cov": [
        94.82400512695312,
        0.9220811128616333
    ],
    "acc": [
        83.28956604003906,
        0.35845139622688293
    ],
    "pos_0": [
        8.336090087890625,
        1.3880120515823364
    ],
    "pos_1": [
        6.873049736022949,
        1.0572764873504639
    ],
    "neg_0": [
        85.3997802734375,
        1.1084840297698975
    ],
    "neg_1": [
        88.66915893554688,
        0.7764066457748413
    ],
    "abs_0": [
        6.264118671417236,
        1.0324262380599976
    ],
    "abs_1": [
        4.457789421081543,
        0.9908478856086731
    ],
    "tpr_0": [
        25.02663230895996,
        3.869141101837158
    ],
    "tpr_1": [
        23.98258399963379,
        3.6587743759155273
    ],
    "fnr_0": [
        60.33694839477539,
        2.5677592754364014
    ],
    "fnr_1": [
        63.87765121459961,
        1.721479058265686
    ],
    "par_0": [
        14.636415481567383,
        2.7561023235321045
    ],
    "par_1": [
        12.139762878417969,
        3.216932535171509
    ],
    "fpr_0": [
        3.0419609546661377,
        0.7367921471595764
    ],
    "fpr_1": [
        2.3735110759735107,
        0.4443148970603943
    ],
    "tnr_0": [
        93.36035919189453,
        0.7869143486022949
    ],
    "tnr_1": [
        95.19021606445312,
        0.5861347913742065
    ],
    "nar_0": [
        3.5976765155792236,
        0.5933387279510498
    ],
    "nar_1": [
        2.4362785816192627,
        0.5263732671737671
    ]
}