{
    "cov": [
        99.99199676513672,
        0.030092434957623482
    ],
    "acc": [
        80.88249969482422,
        0.6213074326515198
    ],
    "pos_0": [
        8.226728439331055,
        1.3019789457321167
    ],
    "pos_1": [
        8.033984184265137,
        1.4306848049163818
    ],
    "neg_0": [
        91.75515747070312,
        1.2979249954223633
    ],
    "neg_1": [
        91.96488189697266,
        1.4285848140716553
    ],
    "abs_0": [
        0.018122762441635132,
        0.06579692661762238
    ],
    "abs_1": [
        0.0011261261533945799,
        0.005630630999803543
    ],
    "tpr_0": [
        23.89240264892578,
        3.7627923488616943
    ],
    "tpr_1": [
        26.02559471130371,
        4.508785247802734
    ],
    "fnr_0": [
        76.0596694946289,
        3.751033306121826
    ],
    "fnr_1": [
        73.97440338134766,
        4.508785247802734
    ],
    "par_0": [
        0.04792455583810806,
        0.1751295030117035
    ],
    "par_1": [
        0.0,
        0.0
    ],
    "fpr_0": [
        3.24686598777771,
        0.5921013951301575
    ],
    "fpr_1": [
        3.2974956035614014,
        0.68291836977005
    ],
    "tnr_0": [
        96.74445343017578,
        0.5917889475822449
    ],
    "tnr_1": [
        96.70110321044922,
        0.6801653504371643
    ],
    "nar_0": [
        0.008684035390615463,
        0.03363605961203575
    ],
    "nar_1": [
        0.001398112392053008,
        0.006990562193095684
    ]
}