{
    "cov": [
        1.7153332233428955,
        0.984555721282959
    ],
    "acc": [
        92.3814468383789,
        3.4484035968780518
    ],
    "pos_0": [
        0.0,
        0.0
    ],
    "pos_1": [
        0.0,
        0.0
    ],
    "neg_0": [
        2.2184081077575684,
        1.7085959911346436
    ],
    "neg_1": [
        1.3832753896713257,
        0.8357658386230469
    ],
    "abs_0": [
        97.7815933227539,
        1.7085968255996704
    ],
    "abs_1": [
        98.61671447753906,
        0.8357667326927185
    ],
    "tpr_0": [
        0.0,
        0.0
    ],
    "tpr_1": [
        0.0,
        0.0
    ],
    "fnr_0": [
        0.7185900807380676,
        0.7174434661865234
    ],
    "fnr_1": [
        0.42258575558662415,
        0.3590918481349945
    ],
    "par_0": [
        99.28140258789062,
        0.717444121837616
    ],
    "par_1": [
        99.57742309570312,
        0.3590911626815796
    ],
    "fpr_0": [
        0.0,
        0.0
    ],
    "fpr_1": [
        0.0,
        0.0
    ],
    "tnr_0": [
        2.692441940307617,
        2.053577184677124
    ],
    "tnr_1": [
        1.6362054347991943,
        0.9999868869781494
    ],
    "nar_0": [
        97.30755615234375,
        2.053577184677124
    ],
    "nar_1": [
        98.36380004882812,
        0.9999863505363464
    ]
}