{
    "cov": [
        14.196000099182129,
        0.5823658108711243
    ],
    "acc": [
        86.4658203125,
        1.0267055034637451
    ],
    "pos_0": [
        0.47592678666114807,
        0.22114337980747223
    ],
    "pos_1": [
        0.5164141654968262,
        0.1765918731689453
    ],
    "neg_0": [
        13.856220245361328,
        0.9825319051742554
    ],
    "neg_1": [
        13.595285415649414,
        0.8200743794441223
    ],
    "abs_0": [
        85.66785430908203,
        0.905074954032898
    ],
    "abs_1": [
        85.88829040527344,
        0.9065369963645935
    ],
    "tpr_0": [
        1.1441032886505127,
        0.6217707395553589
    ],
    "tpr_1": [
        1.7883193492889404,
        0.7367349863052368
    ],
    "fnr_0": [
        7.740543365478516,
        0.9647175073623657
    ],
    "fnr_1": [
        8.07785415649414,
        0.9528947472572327
    ],
    "par_0": [
        91.11534881591797,
        1.1383907794952393
    ],
    "par_1": [
        90.13382720947266,
        1.2891019582748413
    ],
    "fpr_0": [
        0.2635509967803955,
        0.15140141546726227
    ],
    "fpr_1": [
        0.18674303591251373,
        0.06392098218202591
    ],
    "tnr_0": [
        15.800642013549805,
        1.1270942687988281
    ],
    "tnr_1": [
        15.038954734802246,
        0.9442936778068542
    ],
    "nar_0": [
        83.93579864501953,
        1.0733476877212524
    ],
    "nar_1": [
        84.77429962158203,
        0.9605304598808289
    ]
}