{
    "cov": [
        91.91665649414062,
        1.7928414344787598
    ],
    "acc": [
        83.96663665771484,
        0.47409340739250183
    ],
    "pos_0": [
        7.073964595794678,
        1.1426265239715576
    ],
    "pos_1": [
        5.35430908203125,
        1.1939927339553833
    ],
    "neg_0": [
        83.82540893554688,
        1.1839505434036255
    ],
    "neg_1": [
        87.23578643798828,
        1.2702598571777344
    ],
    "abs_0": [
        9.10062026977539,
        1.7812931537628174
    ],
    "abs_1": [
        7.409898281097412,
        1.8870470523834229
    ],
    "tpr_0": [
        21.54571533203125,
        3.5077667236328125
    ],
    "tpr_1": [
        18.899110794067383,
        4.169670104980469
    ],
    "fnr_0": [
        57.266414642333984,
        2.560652494430542
    ],
    "fnr_1": [
        60.94735336303711,
        2.286391019821167
    ],
    "par_0": [
        21.1878662109375,
        4.276534080505371
    ],
    "par_1": [
        20.153533935546875,
        5.181112766265869
    ],
    "fpr_0": [
        2.483510732650757,
        0.5031255483627319
    ],
    "fpr_1": [
        1.8021951913833618,
        0.5053527355194092
    ],
    "tnr_0": [
        92.26144409179688,
        0.8969362378120422
    ],
    "tnr_1": [
        94.1520004272461,
        1.0118883848190308
    ],
    "nar_0": [
        5.255043029785156,
        1.0818043947219849
    ],
    "nar_1": [
        4.045801639556885,
        1.127896785736084
    ]
}