{
    "cov": [
        47.056663513183594,
        18.369028091430664
    ],
    "acc": [
        89.19947052001953,
        1.5487115383148193
    ],
    "pos_0": [
        0.3148336410522461,
        0.25905641913414
    ],
    "pos_1": [
        0.16805461049079895,
        0.13328081369400024
    ],
    "neg_0": [
        38.5572395324707,
        18.685754776000977
    ],
    "neg_1": [
        52.291351318359375,
        18.784948348999023
    ],
    "abs_0": [
        61.1279296875,
        18.740497589111328
    ],
    "abs_1": [
        47.54059600830078,
        18.83318328857422
    ],
    "tpr_0": [
        0.9672906398773193,
        0.8070694208145142
    ],
    "tpr_1": [
        0.5059458613395691,
        0.46330150961875916
    ],
    "fnr_0": [
        19.011852264404297,
        11.128891944885254
    ],
    "fnr_1": [
        27.353485107421875,
        12.256158828735352
    ],
    "par_0": [
        80.0208511352539,
        11.36453914642334
    ],
    "par_1": [
        72.14057159423828,
        12.402071952819824
    ],
    "fpr_0": [
        0.10687427222728729,
        0.09912502765655518
    ],
    "fpr_1": [
        0.07935920357704163,
        0.06691547483205795
    ],
    "tnr_0": [
        44.783958435058594,
        21.15422248840332
    ],
    "tnr_1": [
        58.85342788696289,
        20.556947708129883
    ],
    "nar_0": [
        55.109169006347656,
        21.170211791992188
    ],
    "nar_1": [
        41.06721496582031,
        20.576719284057617
    ]
}