{
    "cov": [
        9.933333396911621,
        3.7386865615844727
    ],
    "acc": [
        90.19046783447266,
        1.5190850496292114
    ],
    "pos_0": [
        0.09744340926408768,
        0.06709324568510056
    ],
    "pos_1": [
        0.06865595281124115,
        0.04236336424946785
    ],
    "neg_0": [
        9.82638931274414,
        3.6168735027313232
    ],
    "neg_1": [
        9.875505447387695,
        3.8648972511291504
    ],
    "abs_0": [
        90.076171875,
        3.624192714691162
    ],
    "abs_1": [
        90.05583953857422,
        3.8649702072143555
    ],
    "tpr_0": [
        0.2593057453632355,
        0.18441559374332428
    ],
    "tpr_1": [
        0.2554313838481903,
        0.14390547573566437
    ],
    "fnr_0": [
        3.7180371284484863,
        1.9442380666732788
    ],
    "fnr_1": [
        5.039054870605469,
        2.6383135318756104
    ],
    "par_0": [
        96.02265167236328,
        1.9820600748062134
    ],
    "par_1": [
        94.70551300048828,
        2.6462812423706055
    ],
    "fpr_0": [
        0.04635489359498024,
        0.05430956929922104
    ],
    "fpr_1": [
        0.019596699625253677,
        0.0268060564994812
    ],
    "tnr_0": [
        11.765871047973633,
        4.163630485534668
    ],
    "tnr_1": [
        11.14760971069336,
        4.226224899291992
    ],
    "nar_0": [
        88.18777465820312,
        4.164025783538818
    ],
    "nar_1": [
        88.83279418945312,
        4.223110675811768
    ]
}