{
    "cov": [
        81.31866455078125,
        1.5541266202926636
    ],
    "acc": [
        85.9345703125,
        0.5336819887161255
    ],
    "pos_0": [
        1.840296745300293,
        0.41246145963668823
    ],
    "pos_1": [
        1.1589123010635376,
        0.19641649723052979
    ],
    "neg_0": [
        76.5880355834961,
        2.0457510948181152
    ],
    "neg_1": [
        82.0667724609375,
        1.7244447469711304
    ],
    "abs_0": [
        21.571664810180664,
        1.9215140342712402
    ],
    "abs_1": [
        16.774314880371094,
        1.7532354593276978
    ],
    "tpr_0": [
        5.721786975860596,
        1.3655115365982056
    ],
    "tpr_1": [
        4.120046138763428,
        0.6702495813369751
    ],
    "fnr_0": [
        46.56719207763672,
        3.3055009841918945
    ],
    "fnr_1": [
        52.70728302001953,
        2.4905059337615967
    ],
    "par_0": [
        47.71101760864258,
        2.9899332523345947
    ],
    "par_1": [
        43.17266845703125,
        2.6537790298461914
    ],
    "fpr_0": [
        0.6086612939834595,
        0.15930421650409698
    ],
    "fpr_1": [
        0.37984687089920044,
        0.11519744992256165
    ],
    "tnr_0": [
        86.12716674804688,
        1.7933735847473145
    ],
    "tnr_1": [
        89.78495025634766,
        1.6719986200332642
    ],
    "nar_0": [
        13.264178276062012,
        1.751717209815979
    ],
    "nar_1": [
        9.835200309753418,
        1.6798276901245117
    ]
}