{
    "cov": [
        40.02799606323242,
        16.848772048950195
    ],
    "acc": [
        89.19921875,
        1.136599063873291
    ],
    "pos_0": [
        0.0,
        0.0
    ],
    "pos_1": [
        0.0,
        0.0
    ],
    "neg_0": [
        39.10099792480469,
        16.589344024658203
    ],
    "neg_1": [
        40.62531280517578,
        17.31072235107422
    ],
    "abs_0": [
        60.89900207519531,
        16.589344024658203
    ],
    "abs_1": [
        59.37468719482422,
        17.310720443725586
    ],
    "tpr_0": [
        0.0,
        0.0
    ],
    "tpr_1": [
        0.0,
        0.0
    ],
    "fnr_0": [
        19.610042572021484,
        9.915664672851562
    ],
    "fnr_1": [
        20.635061264038086,
        10.351825714111328
    ],
    "par_0": [
        80.38996124267578,
        9.915664672851562
    ],
    "par_1": [
        79.36493682861328,
        10.351825714111328
    ],
    "fpr_0": [
        0.0,
        0.0
    ],
    "fpr_1": [
        0.0,
        0.0
    ],
    "tnr_0": [
        45.30455780029297,
        18.75521469116211
    ],
    "tnr_1": [
        45.88141632080078,
        19.18802833557129
    ],
    "nar_0": [
        54.695438385009766,
        18.75521469116211
    ],
    "nar_1": [
        54.11858367919922,
        19.18802833557129
    ]
}