{
    "cov": [
        2.1686666011810303,
        1.1728143692016602
    ],
    "acc": [
        92.66678619384766,
        2.5579729080200195
    ],
    "pos_0": [
        0.030142975971102715,
        0.04427191987633705
    ],
    "pos_1": [
        0.02883509173989296,
        0.03362702578306198
    ],
    "neg_0": [
        2.1797709465026855,
        1.342666745185852
    ],
    "neg_1": [
        2.1129603385925293,
        1.0805131196975708
    ],
    "abs_0": [
        97.79007720947266,
        1.3501195907592773
    ],
    "abs_1": [
        97.85820007324219,
        1.0964250564575195
    ],
    "tpr_0": [
        0.089622363448143,
        0.13234199583530426
    ],
    "tpr_1": [
        0.11666969954967499,
        0.1353064775466919
    ],
    "fnr_0": [
        0.6719210743904114,
        0.5135130882263184
    ],
    "fnr_1": [
        0.7007405161857605,
        0.44255563616752625
    ],
    "par_0": [
        99.23845672607422,
        0.5803730487823486
    ],
    "par_1": [
        99.18258666992188,
        0.5100488066673279
    ],
    "fpr_0": [
        0.011088409461081028,
        0.03907321020960808
    ],
    "fpr_1": [
        0.0055967033840715885,
        0.013089255429804325
    ],
    "tnr_0": [
        2.6642959117889404,
        1.6576132774353027
    ],
    "tnr_1": [
        2.4877963066101074,
        1.2653119564056396
    ],
    "nar_0": [
        97.3246078491211,
        1.655221939086914
    ],
    "nar_1": [
        97.50659942626953,
        1.2708253860473633
    ]
}