{
    "cov": [
        88.11599731445312,
        2.1841835975646973
    ],
    "acc": [
        83.69792938232422,
        0.8611930012702942
    ],
    "pos_0": [
        0.7254667282104492,
        1.1085773706436157
    ],
    "pos_1": [
        0.6554595828056335,
        1.0795605182647705
    ],
    "neg_0": [
        86.7481689453125,
        1.9063421487808228
    ],
    "neg_1": [
        87.8810806274414,
        1.7371408939361572
    ],
    "abs_0": [
        12.526362419128418,
        2.264389991760254
    ],
    "abs_1": [
        11.463449478149414,
        2.363394260406494
    ],
    "tpr_0": [
        2.2584068775177,
        3.3749287128448486
    ],
    "tpr_1": [
        2.2614963054656982,
        3.804107904434204
    ],
    "fnr_0": [
        64.69888305664062,
        4.074395179748535
    ],
    "fnr_1": [
        63.737796783447266,
        4.949170112609863
    ],
    "par_0": [
        33.04269790649414,
        5.383482456207275
    ],
    "par_1": [
        34.00070571899414,
        7.343929290771484
    ],
    "fpr_0": [
        0.23265092074871063,
        0.38140615820884705
    ],
    "fpr_1": [
        0.2335476577281952,
        0.36845746636390686
    ],
    "tnr_0": [
        93.75028991699219,
        1.342244029045105
    ],
    "tnr_1": [
        94.23030090332031,
        1.0063114166259766
    ],
    "nar_0": [
        6.017061233520508,
        1.4398705959320068
    ],
    "nar_1": [
        5.536148548126221,
        1.164393663406372
    ]
}