{
    "cov": [
        81.0913314819336,
        0.6509100198745728
    ],
    "acc": [
        85.4236831665039,
        0.5610905289649963
    ],
    "pos_0": [
        1.327723741531372,
        0.40374132990837097
    ],
    "pos_1": [
        1.309574842453003,
        0.20606151223182678
    ],
    "neg_0": [
        79.87901306152344,
        1.1325360536575317
    ],
    "neg_1": [
        79.7114028930664,
        0.912632405757904
    ],
    "abs_0": [
        18.793258666992188,
        1.155401349067688
    ],
    "abs_1": [
        18.979021072387695,
        0.8878920078277588
    ],
    "tpr_0": [
        4.005480766296387,
        1.3651041984558105
    ],
    "tpr_1": [
        4.473567008972168,
        0.8443102836608887
    ],
    "fnr_0": [
        52.55864334106445,
        2.5465035438537598
    ],
    "fnr_1": [
        51.204708099365234,
        1.9268748760223389
    ],
    "par_0": [
        43.435874938964844,
        2.80717134475708
    ],
    "par_1": [
        44.32172775268555,
        1.8254809379577637
    ],
    "fpr_0": [
        0.4780818223953247,
        0.20198485255241394
    ],
    "fpr_1": [
        0.48514270782470703,
        0.1328311413526535
    ],
    "tnr_0": [
        88.5785140991211,
        1.0613073110580444
    ],
    "tnr_1": [
        87.1653823852539,
        0.8915849328041077
    ],
    "nar_0": [
        10.943412780761719,
        1.0514469146728516
    ],
    "nar_1": [
        12.349479675292969,
        0.8694410920143127
    ]
}