{
    "cov": [
        51.050662994384766,
        1.0973711013793945
    ],
    "acc": [
        86.67696380615234,
        0.6422831416130066
    ],
    "pos_0": [
        0.9893093705177307,
        0.3012826144695282
    ],
    "pos_1": [
        1.018165111541748,
        0.2616482675075531
    ],
    "neg_0": [
        49.65599060058594,
        2.188272714614868
    ],
    "neg_1": [
        50.304317474365234,
        1.4029994010925293
    ],
    "abs_0": [
        49.354698181152344,
        2.153700828552246
    ],
    "abs_1": [
        48.677520751953125,
        1.4770768880844116
    ],
    "tpr_0": [
        2.8379743099212646,
        1.0581092834472656
    ],
    "tpr_1": [
        3.589829206466675,
        0.9569265246391296
    ],
    "fnr_0": [
        28.050134658813477,
        1.9633190631866455
    ],
    "fnr_1": [
        30.54092025756836,
        1.6425894498825073
    ],
    "par_0": [
        69.11189270019531,
        2.3558692932128906
    ],
    "par_1": [
        65.86924743652344,
        1.824210286140442
    ],
    "fpr_0": [
        0.40282195806503296,
        0.18457980453968048
    ],
    "fpr_1": [
        0.34974801540374756,
        0.1391335278749466
    ],
    "tnr_0": [
        56.534481048583984,
        2.624907970428467
    ],
    "tnr_1": [
        55.46870422363281,
        1.6325631141662598
    ],
    "nar_0": [
        43.06269836425781,
        2.557483434677124
    ],
    "nar_1": [
        44.181549072265625,
        1.6619635820388794
    ]
}