{
    "cov": [
        9.298666000366211,
        6.2667365074157715
    ],
    "acc": [
        91.5395278930664,
        3.59930682182312
    ],
    "pos_0": [
        0.0,
        0.0
    ],
    "pos_1": [
        0.0,
        0.0
    ],
    "neg_0": [
        10.076630592346191,
        7.568367958068848
    ],
    "neg_1": [
        8.776813507080078,
        5.799081325531006
    ],
    "abs_0": [
        89.92335510253906,
        7.568366527557373
    ],
    "abs_1": [
        91.22318267822266,
        5.7990803718566895
    ],
    "tpr_0": [
        0.0,
        0.0
    ],
    "tpr_1": [
        0.0,
        0.0
    ],
    "fnr_0": [
        3.810743570327759,
        3.275303602218628
    ],
    "fnr_1": [
        3.1873185634613037,
        2.5179734230041504
    ],
    "par_0": [
        96.18925476074219,
        3.2753052711486816
    ],
    "par_1": [
        96.81267547607422,
        2.5179736614227295
    ],
    "fpr_0": [
        0.0,
        0.0
    ],
    "fpr_1": [
        0.0,
        0.0
    ],
    "tnr_0": [
        12.063276290893555,
        8.914596557617188
    ],
    "tnr_1": [
        10.249456405639648,
        6.708500385284424
    ],
    "nar_0": [
        87.93671417236328,
        8.914597511291504
    ],
    "nar_1": [
        89.75054168701172,
        6.708500862121582
    ]
}