{
    "cov": [
        79.65733337402344,
        2.4043915271759033
    ],
    "acc": [
        86.03206634521484,
        0.4724452793598175
    ],
    "pos_0": [
        1.2859779596328735,
        0.3904583752155304
    ],
    "pos_1": [
        0.7840366363525391,
        0.2606658637523651
    ],
    "neg_0": [
        77.986083984375,
        1.9590665102005005
    ],
    "neg_1": [
        79.1273422241211,
        2.7812416553497314
    ],
    "abs_0": [
        20.72793197631836,
        2.0636849403381348
    ],
    "abs_1": [
        20.0886173248291,
        2.8533945083618164
    ],
    "tpr_0": [
        3.9277350902557373,
        1.3899602890014648
    ],
    "tpr_1": [
        2.820237159729004,
        1.0538532733917236
    ],
    "fnr_0": [
        48.86310958862305,
        2.6444032192230225
    ],
    "fnr_1": [
        49.40253829956055,
        3.3823654651641846
    ],
    "par_0": [
        47.20915603637695,
        3.135310649871826
    ],
    "par_1": [
        47.7772216796875,
        3.9500718116760254
    ],
    "fpr_0": [
        0.44536030292510986,
        0.12752075493335724
    ],
    "fpr_1": [
        0.24971903860569,
        0.09722292423248291
    ],
    "tnr_0": [
        87.23878479003906,
        1.9278652667999268
    ],
    "tnr_1": [
        86.94440460205078,
        2.646250009536743
    ],
    "nar_0": [
        12.315849304199219,
        1.9414148330688477
    ],
    "nar_1": [
        12.80587387084961,
        2.6248841285705566
    ]
}