{
    "cov": [
        44.4913330078125,
        11.579948425292969
    ],
    "acc": [
        88.36965942382812,
        1.0681992769241333
    ],
    "pos_0": [
        0.0,
        0.0
    ],
    "pos_1": [
        0.0,
        0.0
    ],
    "neg_0": [
        44.505184173583984,
        9.695965766906738
    ],
    "neg_1": [
        44.46121597290039,
        13.224364280700684
    ],
    "abs_0": [
        55.49481201171875,
        9.695965766906738
    ],
    "abs_1": [
        55.53877639770508,
        13.224363327026367
    ],
    "tpr_0": [
        0.0,
        0.0
    ],
    "tpr_1": [
        0.0,
        0.0
    ],
    "fnr_0": [
        23.246732711791992,
        6.699191570281982
    ],
    "fnr_1": [
        24.03883171081543,
        8.79146957397461
    ],
    "par_0": [
        76.75326538085938,
        6.699190616607666
    ],
    "par_1": [
        75.96116638183594,
        8.791470527648926
    ],
    "fpr_0": [
        0.0,
        0.0
    ],
    "fpr_1": [
        0.0,
        0.0
    ],
    "tnr_0": [
        51.27802658081055,
        10.855738639831543
    ],
    "tnr_1": [
        49.84044647216797,
        14.48597240447998
    ],
    "nar_0": [
        48.72197341918945,
        10.855737686157227
    ],
    "nar_1": [
        50.159549713134766,
        14.48597240447998
    ]
}