{
    "cov": [
        98.9306640625,
        2.4116692543029785
    ],
    "acc": [
        80.91943359375,
        0.5867209434509277
    ],
    "pos_0": [
        6.80029296875,
        2.4777798652648926
    ],
    "pos_1": [
        6.799676418304443,
        2.395793914794922
    ],
    "neg_0": [
        91.96742248535156,
        0.9991281032562256
    ],
    "neg_1": [
        92.24003601074219,
        1.285518765449524
    ],
    "abs_0": [
        1.232283115386963,
        2.7602179050445557
    ],
    "abs_1": [
        0.9602885842323303,
        2.280510187149048
    ],
    "tpr_0": [
        19.966028213500977,
        7.256659030914307
    ],
    "tpr_1": [
        22.050094604492188,
        7.478338718414307
    ],
    "fnr_0": [
        76.60259246826172,
        2.672203302383423
    ],
    "fnr_1": [
        75.12079620361328,
        3.4295899868011475
    ],
    "par_0": [
        3.4313783645629883,
        7.694945812225342
    ],
    "par_1": [
        2.8291125297546387,
        6.852179050445557
    ],
    "fpr_0": [
        2.629624605178833,
        1.007075309753418
    ],
    "fpr_1": [
        2.7845818996429443,
        1.0907014608383179
    ],
    "tnr_0": [
        96.84673309326172,
        0.5487082004547119
    ],
    "tnr_1": [
        96.74858093261719,
        0.7596866488456726
    ],
    "nar_0": [
        0.5236352682113647,
        1.1624714136123657
    ],
    "nar_1": [
        0.4668360650539398,
        1.0821627378463745
    ]
}