{
    "cov": [
        83.48332977294922,
        2.351030111312866
    ],
    "acc": [
        85.45669555664062,
        0.8365886211395264
    ],
    "pos_0": [
        2.356583595275879,
        1.2441731691360474
    ],
    "pos_1": [
        1.4151922464370728,
        0.8602749109268188
    ],
    "neg_0": [
        78.99878692626953,
        2.689190626144409
    ],
    "neg_1": [
        83.47257995605469,
        2.086453676223755
    ],
    "abs_0": [
        18.64462661743164,
        2.8551464080810547
    ],
    "abs_1": [
        15.112228393554688,
        2.1635937690734863
    ],
    "tpr_0": [
        7.150642395019531,
        3.9331753253936768
    ],
    "tpr_1": [
        5.096504211425781,
        3.1632020473480225
    ],
    "fnr_0": [
        50.2593879699707,
        4.788209915161133
    ],
    "fnr_1": [
        54.742576599121094,
        4.092553615570068
    ],
    "par_0": [
        42.589969635009766,
        5.60176944732666
    ],
    "par_1": [
        40.16091537475586,
        4.803933620452881
    ],
    "fpr_0": [
        0.8331201672554016,
        0.4058155417442322
    ],
    "fpr_1": [
        0.4522780478000641,
        0.2935332655906677
    ],
    "tnr_0": [
        88.12528991699219,
        2.1968612670898438
    ],
    "tnr_1": [
        91.02495574951172,
        1.6580119132995605
    ],
    "nar_0": [
        11.04158878326416,
        2.2073733806610107
    ],
    "nar_1": [
        8.522758483886719,
        1.6531809568405151
    ]
}