{
    "cov": [
        94.13533020019531,
        1.783920168876648
    ],
    "acc": [
        83.46937561035156,
        0.4750758409500122
    ],
    "pos_0": [
        7.875777244567871,
        1.1782333850860596
    ],
    "pos_1": [
        6.609940052032471,
        1.5490764379501343
    ],
    "neg_0": [
        85.09685516357422,
        1.3615394830703735
    ],
    "neg_1": [
        88.29622650146484,
        0.9977485537528992
    ],
    "abs_0": [
        7.027359962463379,
        1.956925392150879
    ],
    "abs_1": [
        5.093822956085205,
        1.7336914539337158
    ],
    "tpr_0": [
        23.802988052368164,
        3.4416792392730713
    ],
    "tpr_1": [
        22.986284255981445,
        5.324164390563965
    ],
    "fnr_0": [
        59.646575927734375,
        2.6324968338012695
    ],
    "fnr_1": [
        62.9422607421875,
        2.3924880027770996
    ],
    "par_0": [
        16.550434112548828,
        4.156393527984619
    ],
    "par_1": [
        14.071452140808105,
        5.576448440551758
    ],
    "fpr_0": [
        2.8241703510284424,
        0.5977018475532532
    ],
    "fpr_1": [
        2.309558868408203,
        0.635779619216919
    ],
    "tnr_0": [
        93.18109893798828,
        1.0821386575698853
    ],
    "tnr_1": [
        94.96470642089844,
        0.6962910890579224
    ],
    "nar_0": [
        3.9947264194488525,
        1.325735092163086
    ],
    "nar_1": [
        2.7257347106933594,
        0.7902988791465759
    ]
}