{
    "cov": [
        87.68533325195312,
        2.3098928928375244
    ],
    "acc": [
        83.73405456542969,
        1.0830124616622925
    ],
    "pos_0": [
        0.1670360118150711,
        0.46903371810913086
    ],
    "pos_1": [
        0.14954210817813873,
        0.5221208930015564
    ],
    "neg_0": [
        86.70254516601562,
        2.689039707183838
    ],
    "neg_1": [
        88.06916809082031,
        2.209731340408325
    ],
    "abs_0": [
        13.13041877746582,
        2.61643385887146
    ],
    "abs_1": [
        11.78128719329834,
        2.2579197883605957
    ],
    "tpr_0": [
        0.5003699660301208,
        1.4009615182876587
    ],
    "tpr_1": [
        0.5165653228759766,
        1.8526315689086914
    ],
    "fnr_0": [
        64.422119140625,
        6.7759881019592285
    ],
    "fnr_1": [
        64.3087158203125,
        5.463345050811768
    ],
    "par_0": [
        35.07750701904297,
        6.592818737030029
    ],
    "par_1": [
        35.17471694946289,
        5.624480724334717
    ],
    "fpr_0": [
        0.06213192269206047,
        0.17659126222133636
    ],
    "fpr_1": [
        0.05156842619180679,
        0.1699356883764267
    ],
    "tnr_0": [
        93.7711410522461,
        1.5280526876449585
    ],
    "tnr_1": [
        94.3278579711914,
        1.380874514579773
    ],
    "nar_0": [
        6.16672945022583,
        1.496013879776001
    ],
    "nar_1": [
        5.620570659637451,
        1.39974844455719
    ]
}