{
    "cov": [
        0.10399999469518661,
        0.0992191806435585
    ],
    "acc": [
        71.21000671386719,
        41.347660064697266
    ],
    "pos_0": [
        0.0,
        0.0
    ],
    "pos_1": [
        0.0,
        0.0
    ],
    "neg_0": [
        0.057420819997787476,
        0.07414024323225021
    ],
    "neg_1": [
        0.13440577685832977,
        0.1311817616224289
    ],
    "abs_0": [
        99.94257354736328,
        0.0741395577788353
    ],
    "abs_1": [
        99.86559295654297,
        0.13118135929107666
    ],
    "tpr_0": [
        0.0,
        0.0
    ],
    "tpr_1": [
        0.0,
        0.0
    ],
    "fnr_0": [
        0.034471891820430756,
        0.08545058965682983
    ],
    "fnr_1": [
        0.04822336137294769,
        0.0931939110159874
    ],
    "par_0": [
        99.96552276611328,
        0.08545127511024475
    ],
    "par_1": [
        99.95177459716797,
        0.09319432079792023
    ],
    "fpr_0": [
        0.0,
        0.0
    ],
    "fpr_1": [
        0.0,
        0.0
    ],
    "tnr_0": [
        0.06485176086425781,
        0.08975031226873398
    ],
    "tnr_1": [
        0.15705448389053345,
        0.15082255005836487
    ],
    "nar_0": [
        99.93514251708984,
        0.08974796533584595
    ],
    "nar_1": [
        99.84294891357422,
        0.15082328021526337
    ]
}