{
    "cov": [
        81.68666076660156,
        2.399904251098633
    ],
    "acc": [
        85.6517105102539,
        0.8273695111274719
    ],
    "pos_0": [
        0.0,
        0.0
    ],
    "pos_1": [
        0.0,
        0.0
    ],
    "neg_0": [
        79.91618347167969,
        3.1832733154296875
    ],
    "neg_1": [
        82.8582763671875,
        2.6173458099365234
    ],
    "abs_0": [
        20.083810806274414,
        3.1832730770111084
    ],
    "abs_1": [
        17.141721725463867,
        2.617347478866577
    ],
    "tpr_0": [
        0.0,
        0.0
    ],
    "tpr_1": [
        0.0,
        0.0
    ],
    "fnr_0": [
        51.89011764526367,
        5.614593982696533
    ],
    "fnr_1": [
        53.91815185546875,
        4.688187599182129
    ],
    "par_0": [
        48.10988235473633,
        5.614594459533691
    ],
    "par_1": [
        46.081844329833984,
        4.688187599182129
    ],
    "fpr_0": [
        0.0,
        0.0
    ],
    "fpr_1": [
        0.0,
        0.0
    ],
    "tnr_0": [
        88.82687377929688,
        2.524590253829956
    ],
    "tnr_1": [
        90.46451568603516,
        2.1813547611236572
    ],
    "nar_0": [
        11.173128128051758,
        2.524590015411377
    ],
    "nar_1": [
        9.53547477722168,
        2.181356191635132
    ]
}