{
    "cov": [
        53.413330078125,
        9.477679252624512
    ],
    "acc": [
        87.76651000976562,
        0.7486708760261536
    ],
    "pos_0": [
        0.0,
        0.0
    ],
    "pos_1": [
        0.0,
        0.0
    ],
    "neg_0": [
        53.10213851928711,
        9.156986236572266
    ],
    "neg_1": [
        53.62091827392578,
        10.109912872314453
    ],
    "abs_0": [
        46.89786148071289,
        9.156986236572266
    ],
    "abs_1": [
        46.37908172607422,
        10.109912872314453
    ],
    "tpr_0": [
        0.0,
        0.0
    ],
    "tpr_1": [
        0.0,
        0.0
    ],
    "fnr_0": [
        29.270774841308594,
        5.717600345611572
    ],
    "fnr_1": [
        29.800193786621094,
        6.075767993927002
    ],
    "par_0": [
        70.7292251586914,
        5.717600345611572
    ],
    "par_1": [
        70.1998062133789,
        6.075767993927002
    ],
    "fpr_0": [
        0.0,
        0.0
    ],
    "fpr_1": [
        0.0,
        0.0
    ],
    "tnr_0": [
        60.67735290527344,
        10.362578392028809
    ],
    "tnr_1": [
        59.885868072509766,
        11.264897346496582
    ],
    "nar_0": [
        39.32264709472656,
        10.362578392028809
    ],
    "nar_1": [
        40.114131927490234,
        11.264896392822266
    ]
}