{
    "cov": [
        81.5,
        1.6092898845672607
    ],
    "acc": [
        85.91487884521484,
        0.531596839427948
    ],
    "pos_0": [
        1.879913330078125,
        0.38531792163848877
    ],
    "pos_1": [
        1.2359519004821777,
        0.27015411853790283
    ],
    "neg_0": [
        76.70034790039062,
        1.5786480903625488
    ],
    "neg_1": [
        82.1896743774414,
        1.7507834434509277
    ],
    "abs_0": [
        21.419734954833984,
        1.5774368047714233
    ],
    "abs_1": [
        16.574369430541992,
        1.8268176317214966
    ],
    "tpr_0": [
        5.875548362731934,
        1.339269995689392
    ],
    "tpr_1": [
        4.471012592315674,
        1.1080718040466309
    ],
    "fnr_0": [
        46.71913528442383,
        2.812481164932251
    ],
    "fnr_1": [
        52.88119125366211,
        2.5979769229888916
    ],
    "par_0": [
        47.405311584472656,
        2.865151882171631
    ],
    "par_1": [
        42.64780044555664,
        2.9971165657043457
    ],
    "fpr_0": [
        0.6112906336784363,
        0.1360585242509842
    ],
    "fpr_1": [
        0.3863123655319214,
        0.11066247522830963
    ],
    "tnr_0": [
        86.22459411621094,
        1.4227021932601929
    ],
    "tnr_1": [
        89.89485168457031,
        1.695344090461731
    ],
    "nar_0": [
        13.164114952087402,
        1.4133579730987549
    ],
    "nar_1": [
        9.71883487701416,
        1.7127408981323242
    ]
}