{
    "cov": [
        19.82533073425293,
        14.863265991210938
    ],
    "acc": [
        90.76480102539062,
        1.2634484767913818
    ],
    "pos_0": [
        0.0,
        0.0
    ],
    "pos_1": [
        0.0,
        0.0
    ],
    "neg_0": [
        19.943214416503906,
        15.06210708618164
    ],
    "neg_1": [
        19.746829986572266,
        15.00345230102539
    ],
    "abs_0": [
        80.0567855834961,
        15.062108993530273
    ],
    "abs_1": [
        80.25316619873047,
        15.00345230102539
    ],
    "tpr_0": [
        0.0,
        0.0
    ],
    "tpr_1": [
        0.0,
        0.0
    ],
    "fnr_0": [
        8.593413352966309,
        7.442027568817139
    ],
    "fnr_1": [
        8.77401065826416,
        7.64993953704834
    ],
    "par_0": [
        91.40657806396484,
        7.442028522491455
    ],
    "par_1": [
        91.22598266601562,
        7.649937629699707
    ],
    "fpr_0": [
        0.0,
        0.0
    ],
    "fpr_1": [
        0.0,
        0.0
    ],
    "tnr_0": [
        23.551504135131836,
        17.51812171936035
    ],
    "tnr_1": [
        22.645883560180664,
        17.00221824645996
    ],
    "nar_0": [
        76.448486328125,
        17.51812171936035
    ],
    "nar_1": [
        77.35411071777344,
        17.002216339111328
    ]
}