{
    "cov": [
        97.14066314697266,
        3.079014778137207
    ],
    "acc": [
        81.34571838378906,
        0.9136033058166504
    ],
    "pos_0": [
        5.550762176513672,
        2.6652109622955322
    ],
    "pos_1": [
        5.588298320770264,
        2.6696250438690186
    ],
    "neg_0": [
        91.4381103515625,
        1.3207018375396729
    ],
    "neg_1": [
        91.65548706054688,
        1.4167635440826416
    ],
    "abs_0": [
        3.0111196041107178,
        3.1364686489105225
    ],
    "abs_1": [
        2.7562062740325928,
        3.158052921295166
    ],
    "tpr_0": [
        16.246335983276367,
        7.7032365798950195
    ],
    "tpr_1": [
        18.422170639038086,
        8.848337173461914
    ],
    "fnr_0": [
        75.57231140136719,
        3.5840253829956055
    ],
    "fnr_1": [
        73.32860565185547,
        4.276666641235352
    ],
    "par_0": [
        8.181346893310547,
        9.040140151977539
    ],
    "par_1": [
        8.249220848083496,
        9.642460823059082
    ],
    "fpr_0": [
        2.138381242752075,
        1.0868827104568481
    ],
    "fpr_1": [
        2.20715594291687,
        1.081689476966858
    ],
    "tnr_0": [
        96.4732666015625,
        0.6785399317741394
    ],
    "tnr_1": [
        96.47142028808594,
        0.7940950989723206
    ],
    "nar_0": [
        1.3883498907089233,
        1.3212612867355347
    ],
    "nar_1": [
        1.3214139938354492,
        1.4727537631988525
    ]
}