{
    "cov": [
        10.391999244689941,
        10.265824317932129
    ],
    "acc": [
        91.55924224853516,
        1.304893970489502
    ],
    "pos_0": [
        0.08767122030258179,
        0.10831849277019501
    ],
    "pos_1": [
        0.03329422324895859,
        0.05440600961446762
    ],
    "neg_0": [
        8.002402305603027,
        8.735153198242188
    ],
    "neg_1": [
        11.880074501037598,
        11.51983642578125
    ],
    "abs_0": [
        91.90991973876953,
        8.71535873413086
    ],
    "abs_1": [
        88.08663177490234,
        11.505475997924805
    ],
    "tpr_0": [
        0.27374106645584106,
        0.3700089752674103
    ],
    "tpr_1": [
        0.08605574071407318,
        0.1404155194759369
    ],
    "fnr_0": [
        3.3571105003356934,
        4.074374675750732
    ],
    "fnr_1": [
        4.433150768280029,
        5.048522472381592
    ],
    "par_0": [
        96.369140625,
        4.026627540588379
    ],
    "par_1": [
        95.48078918457031,
        5.009406566619873
    ],
    "fpr_0": [
        0.028783291578292847,
        0.042646624147892
    ],
    "fpr_1": [
        0.019585929811000824,
        0.03513813391327858
    ],
    "tnr_0": [
        9.48207950592041,
        10.265569686889648
    ],
    "tnr_1": [
        13.845075607299805,
        13.275833129882812
    ],
    "nar_0": [
        90.48912811279297,
        10.257940292358398
    ],
    "nar_1": [
        86.13533782958984,
        13.268387794494629
    ]
}