{
    "cov": [
        31.870664596557617,
        0.8676449656486511
    ],
    "acc": [
        86.3213119506836,
        0.6865076422691345
    ],
    "pos_0": [
        0.8449251651763916,
        0.28461891412734985
    ],
    "pos_1": [
        0.8681221604347229,
        0.26756423711776733
    ],
    "neg_0": [
        31.2101993560791,
        1.2858105897903442
    ],
    "neg_1": [
        30.885263442993164,
        0.9560354948043823
    ],
    "abs_0": [
        67.94486999511719,
        1.336011290550232
    ],
    "abs_1": [
        68.24661254882812,
        0.9699499607086182
    ],
    "tpr_0": [
        2.3438897132873535,
        0.9336684346199036
    ],
    "tpr_1": [
        3.128788471221924,
        1.0468921661376953
    ],
    "fnr_0": [
        17.550626754760742,
        1.6483863592147827
    ],
    "fnr_1": [
        19.425846099853516,
        1.1432125568389893
    ],
    "par_0": [
        80.10547637939453,
        2.168850898742676
    ],
    "par_1": [
        77.44536590576172,
        1.2563732862472534
    ],
    "fpr_0": [
        0.3694971799850464,
        0.17093496024608612
    ],
    "fpr_1": [
        0.281624972820282,
        0.10565588623285294
    ],
    "tnr_0": [
        35.56153106689453,
        1.3703683614730835
    ],
    "tnr_1": [
        33.87962341308594,
        1.1680763959884644
    ],
    "nar_0": [
        64.0689697265625,
        1.349474549293518
    ],
    "nar_1": [
        65.83875274658203,
        1.1769732236862183
    ]
}