{
    "cov": [
        27.920665740966797,
        0.7227020859718323
    ],
    "acc": [
        86.24866485595703,
        0.7244524359703064
    ],
    "pos_0": [
        0.7909547686576843,
        0.2638968229293823
    ],
    "pos_1": [
        0.8028357625007629,
        0.24290789663791656
    ],
    "neg_0": [
        27.440784454345703,
        1.1951369047164917
    ],
    "neg_1": [
        26.91620635986328,
        0.9470646381378174
    ],
    "abs_0": [
        71.76826477050781,
        1.2048360109329224
    ],
    "abs_1": [
        72.28096008300781,
        0.9442675709724426
    ],
    "tpr_0": [
        2.167999267578125,
        0.8679906725883484
    ],
    "tpr_1": [
        2.882523775100708,
        0.9889131784439087
    ],
    "fnr_0": [
        15.3375825881958,
        1.3338265419006348
    ],
    "fnr_1": [
        17.06139373779297,
        1.0329617261886597
    ],
    "par_0": [
        82.49441528320312,
        1.7381879091262817
    ],
    "par_1": [
        80.05609130859375,
        1.2744736671447754
    ],
    "fpr_0": [
        0.354002982378006,
        0.17044445872306824
    ],
    "fpr_1": [
        0.2635352611541748,
        0.09319107979536057
    ],
    "tnr_0": [
        31.294313430786133,
        1.4066612720489502
    ],
    "tnr_1": [
        29.4913387298584,
        1.1333465576171875
    ],
    "nar_0": [
        68.35167694091797,
        1.3976970911026
    ],
    "nar_1": [
        70.24512481689453,
        1.1187933683395386
    ]
}