{
    "cov": [
        87.33133697509766,
        1.8449896574020386
    ],
    "acc": [
        84.58552551269531,
        0.801832914352417
    ],
    "pos_0": [
        3.499150514602661,
        1.3581979274749756
    ],
    "pos_1": [
        2.34873628616333,
        1.1443829536437988
    ],
    "neg_0": [
        81.99881744384766,
        2.420783519744873
    ],
    "neg_1": [
        86.19194793701172,
        1.7543128728866577
    ],
    "abs_0": [
        14.502028465270996,
        2.3118348121643066
    ],
    "abs_1": [
        11.459311485290527,
        1.7128082513809204
    ],
    "tpr_0": [
        10.675824165344238,
        4.027288436889648
    ],
    "tpr_1": [
        8.392308235168457,
        4.188290596008301
    ],
    "fnr_0": [
        54.92081832885742,
        4.849079132080078
    ],
    "fnr_1": [
        59.66390609741211,
        4.21400785446167
    ],
    "par_0": [
        34.40335464477539,
        4.870599746704102
    ],
    "par_1": [
        31.943782806396484,
        4.744481563568115
    ],
    "fpr_0": [
        1.219586968421936,
        0.5592140555381775
    ],
    "fpr_1": [
        0.751128077507019,
        0.3528888523578644
    ],
    "tnr_0": [
        90.60794067382812,
        1.7464089393615723
    ],
    "tnr_1": [
        93.16852569580078,
        1.2039823532104492
    ],
    "nar_0": [
        8.172475814819336,
        1.6833866834640503
    ],
    "nar_1": [
        6.080348968505859,
        1.1750733852386475
    ]
}