{
    "cov": [
        55.41533279418945,
        1.304443120956421
    ],
    "acc": [
        86.70547485351562,
        0.550743043422699
    ],
    "pos_0": [
        1.0396597385406494,
        0.31706660985946655
    ],
    "pos_1": [
        1.0446624755859375,
        0.25305113196372986
    ],
    "neg_0": [
        54.59908676147461,
        1.4834669828414917
    ],
    "neg_1": [
        54.228878021240234,
        1.852036476135254
    ],
    "abs_0": [
        44.36125564575195,
        1.4423178434371948
    ],
    "abs_1": [
        44.72645950317383,
        1.8185393810272217
    ],
    "tpr_0": [
        3.0404725074768066,
        1.1279966831207275
    ],
    "tpr_1": [
        3.673549175262451,
        0.9349121451377869
    ],
    "fnr_0": [
        31.110063552856445,
        2.0007433891296387
    ],
    "fnr_1": [
        32.688472747802734,
        1.7616829872131348
    ],
    "par_0": [
        65.8494644165039,
        2.4774527549743652
    ],
    "par_1": [
        63.637977600097656,
        1.8071852922439575
    ],
    "fpr_0": [
        0.40504172444343567,
        0.1854267716407776
    ],
    "fpr_1": [
        0.3609685003757477,
        0.14022031426429749
    ],
    "tnr_0": [
        62.08234786987305,
        1.6826986074447632
    ],
    "tnr_1": [
        59.860145568847656,
        2.1016881465911865
    ],
    "nar_0": [
        37.512611389160156,
        1.629891037940979
    ],
    "nar_1": [
        39.77888107299805,
        2.084965944290161
    ]
}