{
    "cov": [
        0.5146666169166565,
        0.5771963000297546
    ],
    "acc": [
        83.2696304321289,
        31.792823791503906
    ],
    "pos_0": [
        0.0,
        0.0
    ],
    "pos_1": [
        0.0,
        0.0
    ],
    "neg_0": [
        0.5704911947250366,
        0.6597204804420471
    ],
    "neg_1": [
        0.47800764441490173,
        0.551451563835144
    ],
    "abs_0": [
        99.42951202392578,
        0.6597215533256531
    ],
    "abs_1": [
        99.52198791503906,
        0.55145263671875
    ],
    "tpr_0": [
        0.0,
        0.0
    ],
    "tpr_1": [
        0.0,
        0.0
    ],
    "fnr_0": [
        0.18155555427074432,
        0.25158846378326416
    ],
    "fnr_1": [
        0.12794317305088043,
        0.16870133578777313
    ],
    "par_0": [
        99.81844329833984,
        0.25158852338790894
    ],
    "par_1": [
        99.87205505371094,
        0.1687009632587433
    ],
    "fpr_0": [
        0.0,
        0.0
    ],
    "fpr_1": [
        0.0,
        0.0
    ],
    "tnr_0": [
        0.6927359104156494,
        0.8062415719032288
    ],
    "tnr_1": [
        0.5687969923019409,
        0.6556222438812256
    ],
    "nar_0": [
        99.30726623535156,
        0.8062418699264526
    ],
    "nar_1": [
        99.43119812011719,
        0.6556223630905151
    ]
}