{
    "cov": [
        91.94866943359375,
        0.34907087683677673
    ],
    "acc": [
        83.03926849365234,
        0.509762704372406
    ],
    "pos_0": [
        2.594500780105591,
        0.6590076088905334
    ],
    "pos_1": [
        2.7072560787200928,
        0.6483328938484192
    ],
    "neg_0": [
        89.52984619140625,
        0.7974150776863098
    ],
    "neg_1": [
        89.12751770019531,
        0.8915520310401917
    ],
    "abs_0": [
        7.875655651092529,
        0.6343411803245544
    ],
    "abs_1": [
        8.16522216796875,
        0.5231132507324219
    ],
    "tpr_0": [
        7.710776329040527,
        2.1510167121887207
    ],
    "tpr_1": [
        9.405797004699707,
        2.4560208320617676
    ],
    "fnr_0": [
        69.9381332397461,
        2.4120097160339355
    ],
    "fnr_1": [
        65.0689697265625,
        2.1857986450195312
    ],
    "par_0": [
        22.351093292236328,
        2.2953083515167236
    ],
    "par_1": [
        25.52523422241211,
        1.8267878293991089
    ],
    "fpr_0": [
        0.969963014125824,
        0.2915498912334442
    ],
    "fpr_1": [
        0.9575607776641846,
        0.24688947200775146
    ],
    "tnr_0": [
        95.76263427734375,
        0.5012930035591125
    ],
    "tnr_1": [
        95.41866302490234,
        0.6624574661254883
    ],
    "nar_0": [
        3.267406940460205,
        0.39487093687057495
    ],
    "nar_1": [
        3.6237688064575195,
        0.5256655216217041
    ]
}