{
    "cov": [
        7.7173333168029785,
        7.8943257331848145
    ],
    "acc": [
        91.96153259277344,
        1.6297250986099243
    ],
    "pos_0": [
        0.07213446497917175,
        0.08584378659725189
    ],
    "pos_1": [
        0.038835473358631134,
        0.06101544573903084
    ],
    "neg_0": [
        6.354987144470215,
        6.218470096588135
    ],
    "neg_1": [
        8.541731834411621,
        9.228452682495117
    ],
    "abs_0": [
        93.57286834716797,
        6.258841514587402
    ],
    "abs_1": [
        91.41943359375,
        9.242118835449219
    ],
    "tpr_0": [
        0.21663184463977814,
        0.2763998210430145
    ],
    "tpr_1": [
        0.12089637666940689,
        0.1692807376384735
    ],
    "fnr_0": [
        2.509185791015625,
        2.8593339920043945
    ],
    "fnr_1": [
        3.131460189819336,
        3.7730424404144287
    ],
    "par_0": [
        97.27417755126953,
        2.9909801483154297
    ],
    "par_1": [
        96.74763488769531,
        3.826817274093628
    ],
    "fpr_0": [
        0.026406800374388695,
        0.03932168707251549
    ],
    "fpr_1": [
        0.016887495294213295,
        0.0445404089987278
    ],
    "tnr_0": [
        7.561814785003662,
        7.268798351287842
    ],
    "tnr_1": [
        9.977898597717285,
        10.711625099182129
    ],
    "nar_0": [
        92.41177368164062,
        7.283957481384277
    ],
    "nar_1": [
        90.00521087646484,
        10.715082168579102
    ]
}