{
    "cov": [
        1.8633332252502441,
        1.989654779434204
    ],
    "acc": [
        85.0656509399414,
        25.890361785888672
    ],
    "pos_0": [
        0.0,
        0.0
    ],
    "pos_1": [
        0.0,
        0.0
    ],
    "neg_0": [
        2.3645219802856445,
        2.730742931365967
    ],
    "neg_1": [
        1.5306811332702637,
        1.839890956878662
    ],
    "abs_0": [
        97.6354751586914,
        2.730743646621704
    ],
    "abs_1": [
        98.46931457519531,
        1.839890956878662
    ],
    "tpr_0": [
        0.0,
        0.0
    ],
    "tpr_1": [
        0.0,
        0.0
    ],
    "fnr_0": [
        0.7150745987892151,
        1.0843596458435059
    ],
    "fnr_1": [
        0.5747551321983337,
        0.6884974241256714
    ],
    "par_0": [
        99.28491973876953,
        1.0843603610992432
    ],
    "par_1": [
        99.42523956298828,
        0.688497006893158
    ],
    "fpr_0": [
        0.0,
        0.0
    ],
    "fpr_1": [
        0.0,
        0.0
    ],
    "tnr_0": [
        2.8901784420013428,
        3.2927346229553223
    ],
    "tnr_1": [
        1.7816450595855713,
        2.1542274951934814
    ],
    "nar_0": [
        97.10982513427734,
        3.2927355766296387
    ],
    "nar_1": [
        98.2183609008789,
        2.154228448867798
    ]
}