{
    "cov": [
        68.20999908447266,
        10.692264556884766
    ],
    "acc": [
        86.22441101074219,
        0.5959004163742065
    ],
    "pos_0": [
        0.3514992296695709,
        0.2471175491809845
    ],
    "pos_1": [
        0.21796952188014984,
        0.13791905343532562
    ],
    "neg_0": [
        68.00259399414062,
        10.644247055053711
    ],
    "neg_1": [
        67.90499877929688,
        10.884312629699707
    ],
    "abs_0": [
        31.645904541015625,
        10.687817573547363
    ],
    "abs_1": [
        31.877025604248047,
        10.907034873962402
    ],
    "tpr_0": [
        1.0107864141464233,
        0.7928322553634644
    ],
    "tpr_1": [
        0.6990221738815308,
        0.4269194006919861
    ],
    "fnr_0": [
        41.849246978759766,
        7.7194623947143555
    ],
    "fnr_1": [
        42.43362808227539,
        7.432263374328613
    ],
    "par_0": [
        57.13996887207031,
        7.793509006500244
    ],
    "par_1": [
        56.86734390258789,
        7.5023512840271
    ],
    "fpr_0": [
        0.14144743978977203,
        0.11385206133127213
    ],
    "fpr_1": [
        0.09079153835773468,
        0.08077380061149597
    ],
    "tnr_0": [
        76.3094253540039,
        11.596343040466309
    ],
    "tnr_1": [
        74.60735321044922,
        11.900506973266602
    ],
    "nar_0": [
        23.549129486083984,
        11.624459266662598
    ],
    "nar_1": [
        25.301855087280273,
        11.908735275268555
    ]
}