{
    "cov": [
        99.72333526611328,
        1.3349480628967285
    ],
    "acc": [
        80.93922424316406,
        0.6134617328643799
    ],
    "pos_0": [
        7.882099628448486,
        2.049956798553467
    ],
    "pos_1": [
        8.02587604522705,
        2.0947251319885254
    ],
    "neg_0": [
        91.81574249267578,
        1.2791543006896973
    ],
    "neg_1": [
        91.71370697021484,
        1.3262614011764526
    ],
    "abs_0": [
        0.30216142535209656,
        1.4498711824417114
    ],
    "abs_1": [
        0.2604077160358429,
        1.2618308067321777
    ],
    "tpr_0": [
        22.86648178100586,
        5.973888397216797
    ],
    "tpr_1": [
        25.94675636291504,
        6.689563274383545
    ],
    "fnr_0": [
        76.31495666503906,
        3.775630474090576
    ],
    "fnr_1": [
        73.17803192138672,
        4.101726531982422
    ],
    "par_0": [
        0.8185574412345886,
        3.9550130367279053
    ],
    "par_1": [
        0.8752057552337646,
        4.266615390777588
    ],
    "fpr_0": [
        3.1242778301239014,
        0.8574309945106506
    ],
    "fpr_1": [
        3.3048582077026367,
        0.913932740688324
    ],
    "tnr_0": [
        96.74209594726562,
        0.5710511207580566
    ],
    "tnr_1": [
        96.59445190429688,
        0.6372356414794922
    ],
    "nar_0": [
        0.13362175226211548,
        0.6333409547805786
    ],
    "nar_1": [
        0.10068537294864655,
        0.4815191328525543
    ]
}