{
    "cov": [
        89.03799438476562,
        1.1055467128753662
    ],
    "acc": [
        84.54962921142578,
        0.38990458846092224
    ],
    "pos_0": [
        5.590340614318848,
        0.9514806270599365
    ],
    "pos_1": [
        3.77067232131958,
        0.7521233558654785
    ],
    "neg_0": [
        82.49188995361328,
        1.016787052154541
    ],
    "neg_1": [
        85.89903259277344,
        0.9713466763496399
    ],
    "abs_0": [
        11.917763710021973,
        1.283520221710205
    ],
    "abs_1": [
        10.33029556274414,
        1.1327112913131714
    ],
    "tpr_0": [
        17.363821029663086,
        2.834581136703491
    ],
    "tpr_1": [
        13.54601764678955,
        2.584036111831665
    ],
    "fnr_0": [
        55.12229537963867,
        1.8512986898422241
    ],
    "fnr_1": [
        58.55466079711914,
        1.442933440208435
    ],
    "par_0": [
        27.513877868652344,
        3.099946975708008
    ],
    "par_1": [
        27.89931869506836,
        3.1748898029327393
    ],
    "fpr_0": [
        1.849794626235962,
        0.42515265941619873
    ],
    "fpr_1": [
        1.200828194618225,
        0.29950040578842163
    ],
    "tnr_0": [
        91.18621826171875,
        0.951096773147583
    ],
    "tnr_1": [
        93.09198760986328,
        0.8477704524993896
    ],
    "nar_0": [
        6.9639811515808105,
        0.8952242136001587
    ],
    "nar_1": [
        5.707177639007568,
        0.8183483481407166
    ]
}