{
    "cov": [
        83.07865905761719,
        2.6355419158935547
    ],
    "acc": [
        85.6359634399414,
        0.8276558518409729
    ],
    "pos_0": [
        2.0689857006073,
        0.823491632938385
    ],
    "pos_1": [
        1.4741103649139404,
        0.7579455375671387
    ],
    "neg_0": [
        78.51848602294922,
        2.8176889419555664
    ],
    "neg_1": [
        83.25090026855469,
        2.120310068130493
    ],
    "abs_0": [
        19.41253089904785,
        3.047297954559326
    ],
    "abs_1": [
        15.27498722076416,
        2.5240046977996826
    ],
    "tpr_0": [
        6.326595783233643,
        2.699294090270996
    ],
    "tpr_1": [
        5.305026054382324,
        2.857624053955078
    ],
    "fnr_0": [
        49.06724548339844,
        4.2257280349731445
    ],
    "fnr_1": [
        54.25490951538086,
        4.175955295562744
    ],
    "par_0": [
        44.60615921020508,
        5.076643943786621
    ],
    "par_1": [
        40.44005584716797,
        5.842442035675049
    ],
    "fpr_0": [
        0.7194467186927795,
        0.2713834345340729
    ],
    "fpr_1": [
        0.4627808928489685,
        0.22034041583538055
    ],
    "tnr_0": [
        87.87445068359375,
        2.568047523498535
    ],
    "tnr_1": [
        90.87298583984375,
        1.6956520080566406
    ],
    "nar_0": [
        11.406106948852539,
        2.618234157562256
    ],
    "nar_1": [
        8.664230346679688,
        1.8022791147232056
    ]
}