{
    "cov": [
        11.375999450683594,
        4.050642967224121
    ],
    "acc": [
        89.81183624267578,
        1.3581738471984863
    ],
    "pos_0": [
        0.1261431872844696,
        0.07638688385486603
    ],
    "pos_1": [
        0.08963422477245331,
        0.056195564568042755
    ],
    "neg_0": [
        11.02944278717041,
        4.0036115646362305
    ],
    "neg_1": [
        11.427887916564941,
        4.182805061340332
    ],
    "abs_0": [
        88.84441375732422,
        3.9692599773406982
    ],
    "abs_1": [
        88.48247528076172,
        4.157107353210449
    ],
    "tpr_0": [
        0.3639196753501892,
        0.23946517705917358
    ],
    "tpr_1": [
        0.31219688057899475,
        0.2044236660003662
    ],
    "fnr_0": [
        4.226243019104004,
        1.771178960800171
    ],
    "fnr_1": [
        5.793033123016357,
        2.2798891067504883
    ],
    "par_0": [
        95.40984344482422,
        1.6543834209442139
    ],
    "par_1": [
        93.894775390625,
        2.1845643520355225
    ],
    "fpr_0": [
        0.05096042528748512,
        0.05275386944413185
    ],
    "fpr_1": [
        0.030742695555090904,
        0.030684439465403557
    ],
    "tnr_0": [
        13.192306518554688,
        4.75299072265625
    ],
    "tnr_1": [
        12.908540725708008,
        4.740929126739502
    ],
    "nar_0": [
        86.7567367553711,
        4.749197483062744
    ],
    "nar_1": [
        87.06072235107422,
        4.736424446105957
    ]
}