{
    "cov": [
        91.23200225830078,
        1.8775216341018677
    ],
    "acc": [
        83.89097595214844,
        0.6022012233734131
    ],
    "pos_0": [
        4.900996208190918,
        1.2037509679794312
    ],
    "pos_1": [
        4.776312828063965,
        1.3088434934616089
    ],
    "neg_0": [
        86.09181213378906,
        1.8010132312774658
    ],
    "neg_1": [
        86.61851501464844,
        1.3118391036987305
    ],
    "abs_0": [
        9.007193565368652,
        1.9786481857299805
    ],
    "abs_1": [
        8.605165481567383,
        1.899911642074585
    ],
    "tpr_0": [
        15.291997909545898,
        3.970635414123535
    ],
    "tpr_1": [
        16.76720428466797,
        4.167896747589111
    ],
    "fnr_0": [
        61.95534896850586,
        3.460728645324707
    ],
    "fnr_1": [
        59.86513137817383,
        2.4521403312683105
    ],
    "par_0": [
        22.752653121948242,
        4.418522834777832
    ],
    "par_1": [
        23.367660522460938,
        5.281887531280518
    ],
    "fpr_0": [
        1.6047930717468262,
        0.4121699631214142
    ],
    "fpr_1": [
        1.6179876327514648,
        0.5715174078941345
    ],
    "tnr_0": [
        93.76002502441406,
        1.3943506479263306
    ],
    "tnr_1": [
        93.65143585205078,
        1.1544034481048584
    ],
    "nar_0": [
        4.635176181793213,
        1.3971513509750366
    ],
    "nar_1": [
        4.730579376220703,
        1.2443714141845703
    ]
}