{
    "cov": [
        86.4506607055664,
        1.677689552307129
    ],
    "acc": [
        84.13872528076172,
        0.9779396653175354
    ],
    "pos_0": [
        0.2878337800502777,
        0.5954388380050659
    ],
    "pos_1": [
        0.18969477713108063,
        0.3699932098388672
    ],
    "neg_0": [
        85.43666076660156,
        2.096782684326172
    ],
    "neg_1": [
        86.74113464355469,
        1.5436896085739136
    ],
    "abs_0": [
        14.275510787963867,
        2.2243988513946533
    ],
    "abs_1": [
        13.069180488586426,
        1.5957398414611816
    ],
    "tpr_0": [
        0.8608227372169495,
        1.7981418371200562
    ],
    "tpr_1": [
        0.6383715867996216,
        1.3240371942520142
    ],
    "fnr_0": [
        62.14760971069336,
        4.995991230010986
    ],
    "fnr_1": [
        61.412635803222656,
        4.238111972808838
    ],
    "par_0": [
        36.99156188964844,
        5.459763050079346
    ],
    "par_1": [
        37.9489860534668,
        4.63280725479126
    ],
    "fpr_0": [
        0.10057055205106735,
        0.20712457597255707
    ],
    "fpr_1": [
        0.07125008851289749,
        0.12488243728876114
    ],
    "tnr_0": [
        92.83269500732422,
        1.3342180252075195
    ],
    "tnr_1": [
        93.40064239501953,
        0.9258456230163574
    ],
    "nar_0": [
        7.066732406616211,
        1.3738300800323486
    ],
    "nar_1": [
        6.528100490570068,
        0.9178440570831299
    ]
}