{
    "cov": [
        7.108666896820068,
        5.371196269989014
    ],
    "acc": [
        91.70024108886719,
        4.0240373611450195
    ],
    "pos_0": [
        0.0,
        0.0
    ],
    "pos_1": [
        0.0,
        0.0
    ],
    "neg_0": [
        7.426565170288086,
        6.313521385192871
    ],
    "neg_1": [
        6.899150371551514,
        4.976705551147461
    ],
    "abs_0": [
        92.57343292236328,
        6.313520431518555
    ],
    "abs_1": [
        93.10084533691406,
        4.976706027984619
    ],
    "tpr_0": [
        0.0,
        0.0
    ],
    "tpr_1": [
        0.0,
        0.0
    ],
    "fnr_0": [
        2.5157933235168457,
        2.383338451385498
    ],
    "fnr_1": [
        2.303462266921997,
        1.6111483573913574
    ],
    "par_0": [
        97.48420715332031,
        2.383338451385498
    ],
    "par_1": [
        97.69654083251953,
        1.611149549484253
    ],
    "fpr_0": [
        0.0,
        0.0
    ],
    "fpr_1": [
        0.0,
        0.0
    ],
    "tnr_0": [
        8.981588363647461,
        7.568370342254639
    ],
    "tnr_1": [
        8.103018760681152,
        5.871915340423584
    ],
    "nar_0": [
        91.01841735839844,
        7.568370819091797
    ],
    "nar_1": [
        91.89697265625,
        5.871915817260742
    ]
}