{
    "cov": [
        44.55999755859375,
        7.527923583984375
    ],
    "acc": [
        87.734619140625,
        0.840018093585968
    ],
    "pos_0": [
        0.42607107758522034,
        0.24489352107048035
    ],
    "pos_1": [
        0.2423413246870041,
        0.1342712938785553
    ],
    "neg_0": [
        44.47657012939453,
        8.343110084533691
    ],
    "neg_1": [
        44.07883834838867,
        7.085256099700928
    ],
    "abs_0": [
        55.09735107421875,
        8.362730979919434
    ],
    "abs_1": [
        55.67881774902344,
        7.104769229888916
    ],
    "tpr_0": [
        1.2497978210449219,
        0.8033169507980347
    ],
    "tpr_1": [
        0.775720477104187,
        0.47768405079841614
    ],
    "fnr_0": [
        23.223461151123047,
        5.0127482414245605
    ],
    "fnr_1": [
        24.960657119750977,
        3.8984405994415283
    ],
    "par_0": [
        75.52674102783203,
        5.133132457733154
    ],
    "par_1": [
        74.26361846923828,
        3.923248529434204
    ],
    "fpr_0": [
        0.16398997604846954,
        0.0964786484837532
    ],
    "fpr_1": [
        0.10312214493751526,
        0.06108748912811279
    ],
    "tnr_0": [
        51.237850189208984,
        9.574901580810547
    ],
    "tnr_1": [
        49.09522247314453,
        8.030701637268066
    ],
    "nar_0": [
        48.59816360473633,
        9.574080467224121
    ],
    "nar_1": [
        50.80165100097656,
        8.043233871459961
    ]
}