{
    "cov": [
        85.37733459472656,
        1.888113021850586
    ],
    "acc": [
        84.45658111572266,
        0.8927331566810608
    ],
    "pos_0": [
        0.7137467265129089,
        0.543186604976654
    ],
    "pos_1": [
        0.4245416820049286,
        0.2866988182067871
    ],
    "neg_0": [
        83.91868591308594,
        2.2741785049438477
    ],
    "neg_1": [
        85.44542694091797,
        1.786712884902954
    ],
    "abs_0": [
        15.367560386657715,
        2.272550582885742
    ],
    "abs_1": [
        14.130022048950195,
        1.7548667192459106
    ],
    "tpr_0": [
        2.166166305541992,
        1.715599536895752
    ],
    "tpr_1": [
        1.3592333793640137,
        0.9824255108833313
    ],
    "fnr_0": [
        59.447635650634766,
        4.9689741134643555
    ],
    "fnr_1": [
        59.14056396484375,
        4.167426586151123
    ],
    "par_0": [
        38.386192321777344,
        4.881918907165527
    ],
    "par_1": [
        39.50019836425781,
        4.137025356292725
    ],
    "fpr_0": [
        0.2560790181159973,
        0.1883772611618042
    ],
    "fpr_1": [
        0.17867662012577057,
        0.11984369903802872
    ],
    "tnr_0": [
        91.6843032836914,
        1.6348484754562378
    ],
    "tnr_1": [
        92.36062622070312,
        1.2232263088226318
    ],
    "nar_0": [
        8.059612274169922,
        1.607576847076416
    ],
    "nar_1": [
        7.460700035095215,
        1.2100856304168701
    ]
}