{
    "cov": [
        57.26466751098633,
        10.157095909118652
    ],
    "acc": [
        87.39476013183594,
        0.6373095512390137
    ],
    "pos_0": [
        0.6525359749794006,
        0.3048817813396454
    ],
    "pos_1": [
        0.3554309904575348,
        0.15690851211547852
    ],
    "neg_0": [
        58.31843566894531,
        10.610414505004883
    ],
    "neg_1": [
        55.79397201538086,
        9.95663833618164
    ],
    "abs_0": [
        41.02902603149414,
        10.713346481323242
    ],
    "abs_1": [
        43.85059356689453,
        9.989546775817871
    ],
    "tpr_0": [
        1.9317940473556519,
        0.9628651142120361
    ],
    "tpr_1": [
        1.1426700353622437,
        0.5104265213012695
    ],
    "fnr_0": [
        32.05701446533203,
        7.238640785217285
    ],
    "fnr_1": [
        32.044517517089844,
        5.946535110473633
    ],
    "par_0": [
        66.01119232177734,
        7.492742538452148
    ],
    "par_1": [
        66.81281280517578,
        5.9574666023254395
    ],
    "fpr_0": [
        0.24771501123905182,
        0.13750770688056946
    ],
    "fpr_1": [
        0.14774657785892487,
        0.08268505334854126
    ],
    "tnr_0": [
        66.67738342285156,
        11.818086624145508
    ],
    "tnr_1": [
        62.024139404296875,
        11.025596618652344
    ],
    "nar_0": [
        33.07489776611328,
        11.866111755371094
    ],
    "nar_1": [
        37.82810974121094,
        11.053245544433594
    ]
}