{
    "cov": [
        83.67332458496094,
        3.2176449298858643
    ],
    "acc": [
        84.83509826660156,
        0.8293936252593994
    ],
    "pos_0": [
        0.6535203456878662,
        0.4912750720977783
    ],
    "pos_1": [
        0.39820295572280884,
        0.31694886088371277
    ],
    "neg_0": [
        82.11931610107422,
        2.959566593170166
    ],
    "neg_1": [
        83.86966705322266,
        3.375798463821411
    ],
    "abs_0": [
        17.227163314819336,
        2.991034984588623
    ],
    "abs_1": [
        15.732123374938965,
        3.455838203430176
    ],
    "tpr_0": [
        1.9724401235580444,
        1.5242334604263306
    ],
    "tpr_1": [
        1.3141769170761108,
        1.1761105060577393
    ],
    "fnr_0": [
        56.57471466064453,
        4.1344780921936035
    ],
    "fnr_1": [
        56.87576675415039,
        5.002879619598389
    ],
    "par_0": [
        41.45284652709961,
        4.173155307769775
    ],
    "par_1": [
        41.81005859375,
        5.054320335388184
    ],
    "fpr_0": [
        0.2330286204814911,
        0.1898949295282364
    ],
    "fpr_1": [
        0.1590748131275177,
        0.11551065742969513
    ],
    "tnr_0": [
        90.24095153808594,
        2.727811098098755
    ],
    "tnr_1": [
        90.96271514892578,
        3.2049803733825684
    ],
    "nar_0": [
        9.526009559631348,
        2.7584214210510254
    ],
    "nar_1": [
        8.878212928771973,
        3.240748882293701
    ]
}