{
    "cov": [
        82.51866912841797,
        2.1056272983551025
    ],
    "acc": [
        85.48125457763672,
        0.7994879484176636
    ],
    "pos_0": [
        0.0,
        0.0
    ],
    "pos_1": [
        0.0,
        0.0
    ],
    "neg_0": [
        80.86919403076172,
        2.1573357582092285
    ],
    "neg_1": [
        83.60421752929688,
        2.2631113529205322
    ],
    "abs_0": [
        19.13080406188965,
        2.157334804534912
    ],
    "abs_1": [
        16.395790100097656,
        2.263110399246216
    ],
    "tpr_0": [
        0.0,
        0.0
    ],
    "tpr_1": [
        0.0,
        0.0
    ],
    "fnr_0": [
        53.02632141113281,
        4.209439754486084
    ],
    "fnr_1": [
        55.07790756225586,
        4.053133487701416
    ],
    "par_0": [
        46.97367477416992,
        4.209439754486084
    ],
    "par_1": [
        44.922088623046875,
        4.053133487701416
    ],
    "fpr_0": [
        0.0,
        0.0
    ],
    "fpr_1": [
        0.0,
        0.0
    ],
    "tnr_0": [
        89.71411895751953,
        1.6851105690002441
    ],
    "tnr_1": [
        91.10370635986328,
        1.9007278680801392
    ],
    "nar_0": [
        10.285871505737305,
        1.685110330581665
    ],
    "nar_1": [
        8.896283149719238,
        1.9007281064987183
    ]
}