{
    "cov": [
        83.45333099365234,
        1.1379997730255127
    ],
    "acc": [
        85.52568054199219,
        0.40025702118873596
    ],
    "pos_0": [
        2.5626931190490723,
        0.7679544687271118
    ],
    "pos_1": [
        1.533665418624878,
        0.4708986282348633
    ],
    "neg_0": [
        78.30509185791016,
        1.3950170278549194
    ],
    "neg_1": [
        83.62734985351562,
        1.329933762550354
    ],
    "abs_0": [
        19.13221549987793,
        1.3554006814956665
    ],
    "abs_1": [
        14.83898639678955,
        1.2543500661849976
    ],
    "tpr_0": [
        8.015734672546387,
        2.6414144039154053
    ],
    "tpr_1": [
        5.547141075134277,
        1.8290365934371948
    ],
    "fnr_0": [
        48.97063064575195,
        2.279094934463501
    ],
    "fnr_1": [
        55.02459716796875,
        1.742806077003479
    ],
    "par_0": [
        43.01363754272461,
        2.5576491355895996
    ],
    "par_1": [
        39.428253173828125,
        2.369723320007324
    ],
    "fpr_0": [
        0.8331823348999023,
        0.23987005650997162
    ],
    "fpr_1": [
        0.481580525636673,
        0.16908614337444305
    ],
    "tnr_0": [
        87.62419891357422,
        1.3860491514205933
    ],
    "tnr_1": [
        91.14810180664062,
        1.3651987314224243
    ],
    "nar_0": [
        11.542616844177246,
        1.360326886177063
    ],
    "nar_1": [
        8.370311737060547,
        1.3001821041107178
    ]
}