{
    "cov": [
        7.553999900817871,
        8.055745124816895
    ],
    "acc": [
        91.50831604003906,
        2.3317534923553467
    ],
    "pos_0": [
        0.04674075171351433,
        0.0729106068611145
    ],
    "pos_1": [
        0.015581697225570679,
        0.03422534093260765
    ],
    "neg_0": [
        5.557132244110107,
        5.7551960945129395
    ],
    "neg_1": [
        8.825698852539062,
        10.101142883300781
    ],
    "abs_0": [
        94.39613342285156,
        5.776392459869385
    ],
    "abs_1": [
        91.15872192382812,
        10.10730266571045
    ],
    "tpr_0": [
        0.1395590901374817,
        0.21330100297927856
    ],
    "tpr_1": [
        0.04806942865252495,
        0.09401509910821915
    ],
    "fnr_0": [
        2.1615235805511475,
        2.6411001682281494
    ],
    "fnr_1": [
        3.547233819961548,
        4.582313060760498
    ],
    "par_0": [
        97.69891357421875,
        2.6691195964813232
    ],
    "par_1": [
        96.40469360351562,
        4.5954060554504395
    ],
    "fpr_0": [
        0.017364291474223137,
        0.04038131609559059
    ],
    "fpr_1": [
        0.007036526221781969,
        0.020276235416531563
    ],
    "tnr_0": [
        6.628749370574951,
        6.764814376831055
    ],
    "tnr_1": [
        10.236059188842773,
        11.609014511108398
    ],
    "nar_0": [
        93.3538818359375,
        6.773352146148682
    ],
    "nar_1": [
        89.75690460205078,
        11.613332748413086
    ]
}