{
    "cov": [
        83.86133575439453,
        2.6158249378204346
    ],
    "acc": [
        84.97534942626953,
        0.9451680183410645
    ],
    "pos_0": [
        0.7173185348510742,
        0.3826560974121094
    ],
    "pos_1": [
        0.4263781011104584,
        0.26722273230552673
    ],
    "neg_0": [
        82.10225677490234,
        2.8958206176757812
    ],
    "neg_1": [
        84.11991882324219,
        2.6259605884552
    ],
    "abs_0": [
        17.18042755126953,
        2.841999053955078
    ],
    "abs_1": [
        15.45370101928711,
        2.6325325965881348
    ],
    "tpr_0": [
        2.0455739498138428,
        1.1189301013946533
    ],
    "tpr_1": [
        1.4073952436447144,
        0.8983302712440491
    ],
    "fnr_0": [
        55.935302734375,
        5.6244988441467285
    ],
    "fnr_1": [
        56.42218017578125,
        4.108588695526123
    ],
    "par_0": [
        42.019126892089844,
        5.505009174346924
    ],
    "par_1": [
        42.17041778564453,
        4.052862644195557
    ],
    "fpr_0": [
        0.2961277365684509,
        0.18137554824352264
    ],
    "fpr_1": [
        0.16787810623645782,
        0.11284956336021423
    ],
    "tnr_0": [
        90.4043960571289,
        2.2918283939361572
    ],
    "tnr_1": [
        91.39750671386719,
        2.4622654914855957
    ],
    "nar_0": [
        9.299473762512207,
        2.2822306156158447
    ],
    "nar_1": [
        8.434615135192871,
        2.4557547569274902
    ]
}