{
    "cov": [
        45.539329528808594,
        8.96610164642334
    ],
    "acc": [
        87.7398452758789,
        0.7806801199913025
    ],
    "pos_0": [
        0.4885694682598114,
        0.26755550503730774
    ],
    "pos_1": [
        0.2722282409667969,
        0.13400132954120636
    ],
    "neg_0": [
        45.31086730957031,
        9.545113563537598
    ],
    "neg_1": [
        45.1059455871582,
        8.700668334960938
    ],
    "abs_0": [
        54.2005615234375,
        9.602234840393066
    ],
    "abs_1": [
        54.621826171875,
        8.725448608398438
    ],
    "tpr_0": [
        1.447003722190857,
        0.8403175473213196
    ],
    "tpr_1": [
        0.8838002681732178,
        0.42692989110946655
    ],
    "fnr_0": [
        23.665878295898438,
        6.241342544555664
    ],
    "fnr_1": [
        25.722267150878906,
        5.064121246337891
    ],
    "par_0": [
        74.88711547851562,
        6.394534587860107
    ],
    "par_1": [
        73.3939208984375,
        5.189565181732178
    ],
    "fpr_0": [
        0.1855923980474472,
        0.12270645052194595
    ],
    "fpr_1": [
        0.11048320680856705,
        0.06918428093194962
    ],
    "tnr_0": [
        52.18490219116211,
        10.638261795043945
    ],
    "tnr_1": [
        50.19346237182617,
        9.692309379577637
    ],
    "nar_0": [
        47.6295051574707,
        10.672747611999512
    ],
    "nar_1": [
        49.69605255126953,
        9.698831558227539
    ]
}