{
    "cov": [
        85.01333618164062,
        0.5574824810028076
    ],
    "acc": [
        84.81847381591797,
        0.5773322582244873
    ],
    "pos_0": [
        1.4508106708526611,
        0.4535489082336426
    ],
    "pos_1": [
        1.4761980772018433,
        0.3232591152191162
    ],
    "neg_0": [
        83.82369232177734,
        0.8633311986923218
    ],
    "neg_1": [
        83.36882019042969,
        0.8137750029563904
    ],
    "abs_0": [
        14.725505828857422,
        0.9429249167442322
    ],
    "abs_1": [
        15.154979705810547,
        0.7249146699905396
    ],
    "tpr_0": [
        4.37705135345459,
        1.4860644340515137
    ],
    "tpr_1": [
        5.063378810882568,
        1.246058464050293
    ],
    "fnr_0": [
        57.95402526855469,
        2.4244847297668457
    ],
    "fnr_1": [
        55.42225646972656,
        2.19388747215271
    ],
    "par_0": [
        37.668922424316406,
        2.7546868324279785
    ],
    "par_1": [
        39.514366149902344,
        2.054065465927124
    ],
    "fpr_0": [
        0.5225042104721069,
        0.22514675557613373
    ],
    "fpr_1": [
        0.5419462323188782,
        0.15786269307136536
    ],
    "tnr_0": [
        92.0577163696289,
        0.8006255626678467
    ],
    "tnr_1": [
        90.6767807006836,
        0.6783636808395386
    ],
    "nar_0": [
        7.419773578643799,
        0.7691500782966614
    ],
    "nar_1": [
        8.781280517578125,
        0.6634157299995422
    ]
}