{
    "cov": [
        65.1866683959961,
        9.61784553527832
    ],
    "acc": [
        87.82815551757812,
        1.0551233291625977
    ],
    "pos_0": [
        0.5491037368774414,
        0.32119429111480713
    ],
    "pos_1": [
        0.33325356245040894,
        0.21526846289634705
    ],
    "neg_0": [
        57.64719772338867,
        13.544761657714844
    ],
    "neg_1": [
        69.442138671875,
        7.101620674133301
    ],
    "abs_0": [
        41.80369567871094,
        13.612935066223145
    ],
    "abs_1": [
        30.224609375,
        7.251632213592529
    ],
    "tpr_0": [
        1.6036944389343262,
        0.9048779010772705
    ],
    "tpr_1": [
        1.0521553754806519,
        0.7012269496917725
    ],
    "fnr_0": [
        30.731170654296875,
        9.66618824005127
    ],
    "fnr_1": [
        39.24498748779297,
        6.2098469734191895
    ],
    "par_0": [
        67.66513061523438,
        9.88890552520752
    ],
    "par_1": [
        59.702850341796875,
        6.65172815322876
    ],
    "fpr_0": [
        0.21381911635398865,
        0.15939360857009888
    ],
    "fpr_1": [
        0.14408235251903534,
        0.10368182510137558
    ],
    "tnr_0": [
        66.21499633789062,
        14.899535179138184
    ],
    "tnr_1": [
        77.37984466552734,
        7.472631931304932
    ],
    "nar_0": [
        33.57118225097656,
        14.923271179199219
    ],
    "nar_1": [
        22.47607421875,
        7.540706157684326
    ]
}