{
    "cov": [
        1.1766666173934937,
        0.7844997048377991
    ],
    "acc": [
        93.4295883178711,
        3.5526609420776367
    ],
    "pos_0": [
        0.0,
        0.0
    ],
    "pos_1": [
        0.0,
        0.0
    ],
    "neg_0": [
        1.4574759006500244,
        1.2866568565368652
    ],
    "neg_1": [
        0.9913654923439026,
        0.635139524936676
    ],
    "abs_0": [
        98.54251861572266,
        1.2866568565368652
    ],
    "abs_1": [
        99.00862884521484,
        0.6351394653320312
    ],
    "tpr_0": [
        0.0,
        0.0
    ],
    "tpr_1": [
        0.0,
        0.0
    ],
    "fnr_0": [
        0.4456069767475128,
        0.5707927942276001
    ],
    "fnr_1": [
        0.3079071640968323,
        0.2935410141944885
    ],
    "par_0": [
        99.55438995361328,
        0.5707927346229553
    ],
    "par_1": [
        99.69208526611328,
        0.2935391664505005
    ],
    "fpr_0": [
        0.0,
        0.0
    ],
    "fpr_1": [
        0.0,
        0.0
    ],
    "tnr_0": [
        1.7774320840835571,
        1.5282163619995117
    ],
    "tnr_1": [
        1.1718965768814087,
        0.7500629425048828
    ],
    "nar_0": [
        98.22257232666016,
        1.5282171964645386
    ],
    "nar_1": [
        98.8281021118164,
        0.7500647306442261
    ]
}