{
    "cov": [
        0.11133333295583725,
        0.314639687538147
    ],
    "acc": [
        26.869535446166992,
        44.06269454956055
    ],
    "pos_0": [
        0.0016508459812030196,
        0.00825423002243042
    ],
    "pos_1": [
        0.0033076368272304535,
        0.012082904577255249
    ],
    "neg_0": [
        0.12052161991596222,
        0.34466925263404846
    ],
    "neg_1": [
        0.100583016872406,
        0.2866033911705017
    ],
    "abs_0": [
        99.8778305053711,
        0.3488766551017761
    ],
    "abs_1": [
        99.89611053466797,
        0.29192399978637695
    ],
    "tpr_0": [
        0.00673400703817606,
        0.033670034259557724
    ],
    "tpr_1": [
        0.010668203234672546,
        0.03692653775215149
    ],
    "fnr_0": [
        0.04705893248319626,
        0.141616553068161
    ],
    "fnr_1": [
        0.038030799478292465,
        0.1329355537891388
    ],
    "par_0": [
        99.94620513916016,
        0.16617508232593536
    ],
    "par_1": [
        99.95130920410156,
        0.1557595431804657
    ],
    "fpr_0": [
        0.0,
        0.0
    ],
    "fpr_1": [
        0.001381692592985928,
        0.006908463314175606
    ],
    "tnr_0": [
        0.14450053870677948,
        0.41159793734550476
    ],
    "tnr_1": [
        0.11689726263284683,
        0.33160173892974854
    ],
    "nar_0": [
        99.85550689697266,
        0.41159749031066895
    ],
    "nar_1": [
        99.8817138671875,
        0.33355867862701416
    ]
}