{
    "cov": [
        89.69866180419922,
        1.2256404161453247
    ],
    "acc": [
        84.39376068115234,
        0.48124179244041443
    ],
    "pos_0": [
        5.879963397979736,
        0.9530292749404907
    ],
    "pos_1": [
        4.131782531738281,
        0.7686549425125122
    ],
    "neg_0": [
        82.91863250732422,
        1.0995838642120361
    ],
    "neg_1": [
        86.16384887695312,
        1.131938099861145
    ],
    "abs_0": [
        11.201399803161621,
        1.4351418018341064
    ],
    "abs_1": [
        9.704371452331543,
        1.2235188484191895
    ],
    "tpr_0": [
        18.029510498046875,
        3.11958909034729
    ],
    "tpr_1": [
        14.78273868560791,
        2.571384906768799
    ],
    "fnr_0": [
        55.82042694091797,
        2.4537644386291504
    ],
    "fnr_1": [
        59.04631805419922,
        1.9596734046936035
    ],
    "par_0": [
        26.150062561035156,
        3.2407913208007812
    ],
    "par_1": [
        26.17094612121582,
        2.879948377609253
    ],
    "fpr_0": [
        2.026555061340332,
        0.3782167434692383
    ],
    "fpr_1": [
        1.3279224634170532,
        0.30502578616142273
    ],
    "tnr_0": [
        91.52615356445312,
        0.8615999221801758
    ],
    "tnr_1": [
        93.29653930664062,
        0.9578630924224854
    ],
    "nar_0": [
        6.447290897369385,
        0.9787850975990295
    ],
    "nar_1": [
        5.37553596496582,
        0.9535070061683655
    ]
}