{
    "cov": [
        85.19866180419922,
        0.6690925359725952
    ],
    "acc": [
        85.2425765991211,
        0.3610907196998596
    ],
    "pos_0": [
        3.285355806350708,
        0.8938396573066711
    ],
    "pos_1": [
        2.0429775714874268,
        0.6271547079086304
    ],
    "neg_0": [
        79.86306762695312,
        1.2197123765945435
    ],
    "neg_1": [
        84.50555419921875,
        0.651134729385376
    ],
    "abs_0": [
        16.851573944091797,
        1.021544098854065
    ],
    "abs_1": [
        13.451461791992188,
        0.8414717316627502
    ],
    "tpr_0": [
        10.337203979492188,
        3.019294261932373
    ],
    "tpr_1": [
        7.358161449432373,
        2.354081153869629
    ],
    "fnr_0": [
        51.13455581665039,
        2.487182140350342
    ],
    "fnr_1": [
        56.16283416748047,
        1.4525030851364136
    ],
    "par_0": [
        38.52824020385742,
        2.60636043548584
    ],
    "par_1": [
        36.47900390625,
        2.893097162246704
    ],
    "fpr_0": [
        1.0491411685943604,
        0.27424120903015137
    ],
    "fpr_1": [
        0.6462615728378296,
        0.2165830284357071
    ],
    "tnr_0": [
        88.99079895019531,
        1.0303643941879272
    ],
    "tnr_1": [
        91.95777893066406,
        0.6751276254653931
    ],
    "nar_0": [
        9.96005630493164,
        0.9050216674804688
    ],
    "nar_1": [
        7.395955562591553,
        0.6385176777839661
    ]
}