{
    "cov": [
        0.001999999862164259,
        0.007328280713409185
    ],
    "acc": [
        8.0,
        27.68874740600586
    ],
    "pos_0": [
        0.0,
        0.0
    ],
    "pos_1": [
        0.0,
        0.0
    ],
    "neg_0": [
        0.0,
        0.0
    ],
    "neg_1": [
        0.0033128357026726007,
        0.012153654359281063
    ],
    "abs_0": [
        100.0,
        0.0
    ],
    "abs_1": [
        99.9966812133789,
        0.01215393841266632
    ],
    "tpr_0": [
        0.0,
        0.0
    ],
    "tpr_1": [
        0.0,
        0.0
    ],
    "fnr_0": [
        0.0,
        0.0
    ],
    "fnr_1": [
        0.0,
        0.0
    ],
    "par_0": [
        100.0,
        0.0
    ],
    "par_1": [
        100.0,
        0.0
    ],
    "fpr_0": [
        0.0,
        0.0
    ],
    "fpr_1": [
        0.0,
        0.0
    ],
    "tnr_0": [
        0.0,
        0.0
    ],
    "tnr_1": [
        0.004184271674603224,
        0.015361819416284561
    ],
    "nar_0": [
        100.0,
        0.0
    ],
    "nar_1": [
        99.99581909179688,
        0.015362147241830826
    ]
}