{
    "cov": [
        83.10466766357422,
        2.5410115718841553
    ],
    "acc": [
        85.244873046875,
        0.6752580404281616
    ],
    "pos_0": [
        0.0,
        0.0
    ],
    "pos_1": [
        0.0,
        0.0
    ],
    "neg_0": [
        81.52534484863281,
        2.302326202392578
    ],
    "neg_1": [
        84.14457702636719,
        2.903571367263794
    ],
    "abs_0": [
        18.474655151367188,
        2.3023250102996826
    ],
    "abs_1": [
        15.855424880981445,
        2.903571605682373
    ],
    "tpr_0": [
        0.0,
        0.0
    ],
    "tpr_1": [
        0.0,
        0.0
    ],
    "fnr_0": [
        54.61370086669922,
        4.87901496887207
    ],
    "fnr_1": [
        56.17478561401367,
        4.25354528427124
    ],
    "par_0": [
        45.38629913330078,
        4.87901496887207
    ],
    "par_1": [
        43.82521438598633,
        4.25354528427124
    ],
    "fpr_0": [
        0.0,
        0.0
    ],
    "fpr_1": [
        0.0,
        0.0
    ],
    "tnr_0": [
        90.07656860351562,
        1.6525400876998901
    ],
    "tnr_1": [
        91.50444793701172,
        2.48020601272583
    ],
    "nar_0": [
        9.923428535461426,
        1.652542233467102
    ],
    "nar_1": [
        8.495543479919434,
        2.480207681655884
    ]
}