{
    "cov": [
        85.92400360107422,
        1.724993348121643
    ],
    "acc": [
        84.3031005859375,
        0.8719978332519531
    ],
    "pos_0": [
        0.13129419088363647,
        0.2975617051124573
    ],
    "pos_1": [
        0.081600122153759,
        0.1862766444683075
    ],
    "neg_0": [
        84.88373565673828,
        2.217313289642334
    ],
    "neg_1": [
        86.4444351196289,
        1.5499281883239746
    ],
    "abs_0": [
        14.984963417053223,
        2.3332459926605225
    ],
    "abs_1": [
        13.473958015441895,
        1.5542453527450562
    ],
    "tpr_0": [
        0.40390071272850037,
        0.9354584217071533
    ],
    "tpr_1": [
        0.2703039050102234,
        0.6306856870651245
    ],
    "fnr_0": [
        61.19123077392578,
        5.143482685089111
    ],
    "fnr_1": [
        60.64495849609375,
        3.8428542613983154
    ],
    "par_0": [
        38.404869079589844,
        5.505661487579346
    ],
    "par_1": [
        39.0847282409668,
        3.877812147140503
    ],
    "fpr_0": [
        0.04448017477989197,
        0.1013801321387291
    ],
    "fpr_1": [
        0.030862445011734962,
        0.06979873031377792
    ],
    "tnr_0": [
        92.41661071777344,
        1.3910597562789917
    ],
    "tnr_1": [
        93.22569274902344,
        1.039570689201355
    ],
    "nar_0": [
        7.538913249969482,
        1.4217482805252075
    ],
    "nar_1": [
        6.743444442749023,
        1.0468441247940063
    ]
}