{
    "cov": [
        0.9246666431427002,
        1.2446191310882568
    ],
    "acc": [
        84.69356536865234,
        26.28032875061035
    ],
    "pos_0": [
        0.0,
        0.0
    ],
    "pos_1": [
        0.0,
        0.0
    ],
    "neg_0": [
        1.046355128288269,
        1.5459996461868286
    ],
    "neg_1": [
        0.841420590877533,
        1.1259349584579468
    ],
    "abs_0": [
        98.95364379882812,
        1.5459996461868286
    ],
    "abs_1": [
        99.1585693359375,
        1.1259359121322632
    ],
    "tpr_0": [
        0.0,
        0.0
    ],
    "tpr_1": [
        0.0,
        0.0
    ],
    "fnr_0": [
        0.3091681897640228,
        0.5300567746162415
    ],
    "fnr_1": [
        0.24209488928318024,
        0.25109007954597473
    ],
    "par_0": [
        99.69082641601562,
        0.5300562977790833
    ],
    "par_1": [
        99.7579116821289,
        0.2510901391506195
    ],
    "fpr_0": [
        0.0,
        0.0
    ],
    "fpr_1": [
        0.0,
        0.0
    ],
    "tnr_0": [
        1.280560851097107,
        1.8803309202194214
    ],
    "tnr_1": [
        0.9966937303543091,
        1.3562361001968384
    ],
    "nar_0": [
        98.71944427490234,
        1.880332112312317
    ],
    "nar_1": [
        99.0032958984375,
        1.3562341928482056
    ]
}