{
    "cov": [
        0.001999999862164259,
        0.007328280713409185
    ],
    "acc": [
        8.0,
        27.68874740600586
    ],
    "pos_0": [
        0.0,
        0.0
    ],
    "pos_1": [
        0.0,
        0.0
    ],
    "neg_0": [
        0.0,
        0.0
    ],
    "neg_1": [
        0.00329097849316895,
        0.012056232430040836
    ],
    "abs_0": [
        100.0,
        0.0
    ],
    "abs_1": [
        99.9967041015625,
        0.012055975385010242
    ],
    "tpr_0": [
        0.0,
        0.0
    ],
    "tpr_1": [
        0.0,
        0.0
    ],
    "fnr_0": [
        0.0,
        0.0
    ],
    "fnr_1": [
        0.0,
        0.0
    ],
    "par_0": [
        100.0,
        0.0
    ],
    "par_1": [
        100.0,
        0.0
    ],
    "fpr_0": [
        0.0,
        0.0
    ],
    "fpr_1": [
        0.0,
        0.0
    ],
    "tnr_0": [
        0.0,
        0.0
    ],
    "tnr_1": [
        0.004157057497650385,
        0.015240390785038471
    ],
    "nar_0": [
        100.0,
        0.0
    ],
    "nar_1": [
        99.99583435058594,
        0.015239388681948185
    ]
}