{
    "cov": [
        81.07333374023438,
        2.16414475440979
    ],
    "acc": [
        85.91549682617188,
        0.712885856628418
    ],
    "pos_0": [
        0.0,
        0.0
    ],
    "pos_1": [
        0.0,
        0.0
    ],
    "neg_0": [
        79.62643432617188,
        2.197197437286377
    ],
    "neg_1": [
        82.02558135986328,
        2.2626962661743164
    ],
    "abs_0": [
        20.373565673828125,
        2.1971986293792725
    ],
    "abs_1": [
        17.97441291809082,
        2.2626960277557373
    ],
    "tpr_0": [
        0.0,
        0.0
    ],
    "tpr_1": [
        0.0,
        0.0
    ],
    "fnr_0": [
        50.76301574707031,
        4.229018211364746
    ],
    "fnr_1": [
        52.33010482788086,
        3.6400179862976074
    ],
    "par_0": [
        49.23698043823242,
        4.229018211364746
    ],
    "par_1": [
        47.669891357421875,
        3.6400179862976074
    ],
    "fpr_0": [
        0.0,
        0.0
    ],
    "fpr_1": [
        0.0,
        0.0
    ],
    "tnr_0": [
        88.79966735839844,
        1.641444444656372
    ],
    "tnr_1": [
        89.83214569091797,
        1.9460256099700928
    ],
    "nar_0": [
        11.200332641601562,
        1.6414438486099243
    ],
    "nar_1": [
        10.167853355407715,
        1.9460265636444092
    ]
}