{
    "cov": [
        90.24400329589844,
        2.5338189601898193
    ],
    "acc": [
        84.09368896484375,
        0.6508166193962097
    ],
    "pos_0": [
        4.229156970977783,
        1.3717061281204224
    ],
    "pos_1": [
        4.181540012359619,
        1.3633298873901367
    ],
    "neg_0": [
        85.72532653808594,
        2.0986387729644775
    ],
    "neg_1": [
        86.25831604003906,
        1.4578291177749634
    ],
    "abs_0": [
        10.045517921447754,
        2.918240785598755
    ],
    "abs_1": [
        9.560138702392578,
        2.3725497722625732
    ],
    "tpr_0": [
        13.268885612487793,
        4.383723258972168
    ],
    "tpr_1": [
        14.904332160949707,
        4.958418846130371
    ],
    "fnr_0": [
        61.44731140136719,
        3.9209272861480713
    ],
    "fnr_1": [
        59.16593551635742,
        2.7545416355133057
    ],
    "par_0": [
        25.283798217773438,
        6.7651047706604
    ],
    "par_1": [
        25.929725646972656,
        6.742640972137451
    ],
    "fpr_0": [
        1.3525431156158447,
        0.4642775356769562
    ],
    "fpr_1": [
        1.3632351160049438,
        0.45878398418426514
    ],
    "tnr_0": [
        93.43656921386719,
        1.6378227472305298
    ],
    "tnr_1": [
        93.3857192993164,
        1.0930980443954468
    ],
    "nar_0": [
        5.21087646484375,
        1.850783109664917
    ],
    "nar_1": [
        5.251046657562256,
        1.3280375003814697
    ]
}