{
    "cov": [
        87.49533081054688,
        0.6807633638381958
    ],
    "acc": [
        84.80378723144531,
        0.41823020577430725
    ],
    "pos_0": [
        4.871565341949463,
        0.8165311813354492
    ],
    "pos_1": [
        3.059941053390503,
        0.6216679215431213
    ],
    "neg_0": [
        81.46055603027344,
        0.8911982178688049
    ],
    "neg_1": [
        85.20452880859375,
        0.5265862345695496
    ],
    "abs_0": [
        13.66787338256836,
        0.9524592757225037
    ],
    "abs_1": [
        11.735527038574219,
        0.7325314283370972
    ],
    "tpr_0": [
        15.136347770690918,
        2.578336000442505
    ],
    "tpr_1": [
        10.964731216430664,
        2.1228020191192627
    ],
    "fnr_0": [
        53.55802917480469,
        1.7363489866256714
    ],
    "fnr_1": [
        57.46309280395508,
        1.151027798652649
    ],
    "par_0": [
        31.305620193481445,
        2.4183454513549805
    ],
    "par_1": [
        31.57217788696289,
        2.465707302093506
    ],
    "fpr_0": [
        1.6143240928649902,
        0.36481425166130066
    ],
    "fpr_1": [
        0.9801849126815796,
        0.25330230593681335
    ],
    "tnr_0": [
        90.32562255859375,
        0.8390230536460876
    ],
    "tnr_1": [
        92.49864959716797,
        0.541477620601654
    ],
    "nar_0": [
        8.060049057006836,
        0.736937403678894
    ],
    "nar_1": [
        6.521164417266846,
        0.5428296327590942
    ]
}