{
    "cov": [
        1.8959999084472656,
        2.199885606765747
    ],
    "acc": [
        89.37372589111328,
        6.679250240325928
    ],
    "pos_0": [
        0.0,
        0.0
    ],
    "pos_1": [
        0.0,
        0.0
    ],
    "neg_0": [
        2.0032272338867188,
        2.414008617401123
    ],
    "neg_1": [
        1.8248281478881836,
        2.1694111824035645
    ],
    "abs_0": [
        97.99676513671875,
        2.414008378982544
    ],
    "abs_1": [
        98.1751708984375,
        2.169410228729248
    ],
    "tpr_0": [
        0.0,
        0.0
    ],
    "tpr_1": [
        0.0,
        0.0
    ],
    "fnr_0": [
        0.670920729637146,
        0.801853597164154
    ],
    "fnr_1": [
        0.6930283904075623,
        0.6400813460350037
    ],
    "par_0": [
        99.3290786743164,
        0.8018515110015869
    ],
    "par_1": [
        99.30696868896484,
        0.6400817036628723
    ],
    "fpr_0": [
        0.0,
        0.0
    ],
    "fpr_1": [
        0.0,
        0.0
    ],
    "tnr_0": [
        2.428056001663208,
        2.941476345062256
    ],
    "tnr_1": [
        2.124647855758667,
        2.595463752746582
    ],
    "nar_0": [
        97.57193756103516,
        2.9414772987365723
    ],
    "nar_1": [
        97.87535095214844,
        2.5954647064208984
    ]
}