{
    "cov": [
        86.52933502197266,
        2.1856188774108887
    ],
    "acc": [
        84.75074005126953,
        0.8987687230110168
    ],
    "pos_0": [
        2.9220542907714844,
        1.2542266845703125
    ],
    "pos_1": [
        2.1298441886901855,
        1.1606512069702148
    ],
    "neg_0": [
        81.41622161865234,
        2.2959048748016357
    ],
    "neg_1": [
        85.84626770019531,
        1.9341304302215576
    ],
    "abs_0": [
        15.661721229553223,
        2.487694025039673
    ],
    "abs_1": [
        12.023886680603027,
        2.159865617752075
    ],
    "tpr_0": [
        9.007251739501953,
        3.9142613410949707
    ],
    "tpr_1": [
        7.538197994232178,
        4.1572184562683105
    ],
    "fnr_0": [
        53.96531295776367,
        4.632795810699463
    ],
    "fnr_1": [
        59.05349349975586,
        4.874839782714844
    ],
    "par_0": [
        37.02743148803711,
        5.209267616271973
    ],
    "par_1": [
        33.40830612182617,
        6.109746932983398
    ],
    "fpr_0": [
        0.9928159117698669,
        0.49294570088386536
    ],
    "fpr_1": [
        0.6970729827880859,
        0.3816716969013214
    ],
    "tnr_0": [
        90.1451187133789,
        1.6411254405975342
    ],
    "tnr_1": [
        92.8907699584961,
        1.287380337715149
    ],
    "nar_0": [
        8.862074851989746,
        1.757973551750183
    ],
    "nar_1": [
        6.412153244018555,
        1.3111696243286133
    ]
}