{
    "cov": [
        85.0806655883789,
        0.8280190229415894
    ],
    "acc": [
        85.23431396484375,
        0.34544432163238525
    ],
    "pos_0": [
        3.1251182556152344,
        1.008263111114502
    ],
    "pos_1": [
        1.9322526454925537,
        0.6129640936851501
    ],
    "neg_0": [
        79.8603515625,
        1.4002107381820679
    ],
    "neg_1": [
        84.52902221679688,
        0.6939070820808411
    ],
    "abs_0": [
        17.0145206451416,
        1.1124322414398193
    ],
    "abs_1": [
        13.53873062133789,
        0.8827756643295288
    ],
    "tpr_0": [
        9.850851058959961,
        3.3667213916778564
    ],
    "tpr_1": [
        6.8961076736450195,
        2.3271708488464355
    ],
    "fnr_0": [
        51.13722229003906,
        2.61600923538208
    ],
    "fnr_1": [
        56.285125732421875,
        1.2733030319213867
    ],
    "par_0": [
        39.011924743652344,
        2.7929418087005615
    ],
    "par_1": [
        36.818763732910156,
        2.7265055179595947
    ],
    "fpr_0": [
        0.9934802055358887,
        0.3095894753932953
    ],
    "fpr_1": [
        0.6281957030296326,
        0.19535651803016663
    ],
    "tnr_0": [
        88.98509216308594,
        1.2200502157211304
    ],
    "tnr_1": [
        91.95635223388672,
        0.674503743648529
    ],
    "nar_0": [
        10.0214204788208,
        1.0672053098678589
    ],
    "nar_1": [
        7.415449142456055,
        0.6688806414604187
    ]
}