{
    "cov": [
        96.87999725341797,
        2.4948291778564453
    ],
    "acc": [
        81.4809341430664,
        0.8482884764671326
    ],
    "pos_0": [
        5.905226707458496,
        2.389047145843506
    ],
    "pos_1": [
        5.799002647399902,
        2.2221579551696777
    ],
    "neg_0": [
        91.01261138916016,
        1.5920432806015015
    ],
    "neg_1": [
        91.05775451660156,
        1.1065702438354492
    ],
    "abs_0": [
        3.082146644592285,
        2.5038373470306396
    ],
    "abs_1": [
        3.1432344913482666,
        2.5913515090942383
    ],
    "tpr_0": [
        17.49335289001465,
        7.208357334136963
    ],
    "tpr_1": [
        18.94350242614746,
        7.209061145782471
    ],
    "fnr_0": [
        74.468505859375,
        4.371640682220459
    ],
    "fnr_1": [
        71.92926025390625,
        3.5613391399383545
    ],
    "par_0": [
        8.038137435913086,
        6.958815097808838
    ],
    "par_1": [
        9.127236366271973,
        8.060922622680664
    ],
    "fpr_0": [
        2.222353935241699,
        0.9136301875114441
    ],
    "fpr_1": [
        2.3442697525024414,
        0.9832225441932678
    ],
    "tnr_0": [
        96.26432037353516,
        0.8170117139816284
    ],
    "tnr_1": [
        96.08232116699219,
        0.6370916962623596
    ],
    "nar_0": [
        1.513322114944458,
        1.143032431602478
    ],
    "nar_1": [
        1.5734083652496338,
        1.2292617559432983
    ]
}