{
    "cov": [
        83.90066528320312,
        2.496967315673828
    ],
    "acc": [
        85.43382263183594,
        0.6374425292015076
    ],
    "pos_0": [
        2.492000102996826,
        1.2242662906646729
    ],
    "pos_1": [
        1.5715546607971191,
        1.053975224494934
    ],
    "neg_0": [
        79.128173828125,
        2.8309154510498047
    ],
    "neg_1": [
        83.8309326171875,
        1.6445770263671875
    ],
    "abs_0": [
        18.379819869995117,
        3.1831932067871094
    ],
    "abs_1": [
        14.597509384155273,
        2.254747152328491
    ],
    "tpr_0": [
        7.61538553237915,
        3.8885629177093506
    ],
    "tpr_1": [
        5.625710964202881,
        3.798119306564331
    ],
    "fnr_0": [
        50.34475326538086,
        4.367900848388672
    ],
    "fnr_1": [
        54.984432220458984,
        2.8765156269073486
    ],
    "par_0": [
        42.039852142333984,
        5.965939998626709
    ],
    "par_1": [
        39.389854431152344,
        5.6239752769470215
    ],
    "fpr_0": [
        0.8678925037384033,
        0.4062294661998749
    ],
    "fpr_1": [
        0.509196937084198,
        0.3651457726955414
    ],
    "tnr_0": [
        88.27179718017578,
        2.4918270111083984
    ],
    "tnr_1": [
        91.41355895996094,
        1.389845371246338
    ],
    "nar_0": [
        10.86031436920166,
        2.552917242050171
    ],
    "nar_1": [
        8.07724380493164,
        1.4995992183685303
    ]
}