{
    "cov": [
        2.4120001792907715,
        1.5335032939910889
    ],
    "acc": [
        92.43447875976562,
        2.8043289184570312
    ],
    "pos_0": [
        0.0,
        0.0
    ],
    "pos_1": [
        0.0,
        0.0
    ],
    "neg_0": [
        2.6660289764404297,
        1.9286441802978516
    ],
    "neg_1": [
        2.244454860687256,
        1.5822097063064575
    ],
    "abs_0": [
        97.33396911621094,
        1.9286439418792725
    ],
    "abs_1": [
        97.75554656982422,
        1.5822093486785889
    ],
    "tpr_0": [
        0.0,
        0.0
    ],
    "tpr_1": [
        0.0,
        0.0
    ],
    "fnr_0": [
        0.92723548412323,
        0.7171001434326172
    ],
    "fnr_1": [
        0.7829107642173767,
        0.6875885725021362
    ],
    "par_0": [
        99.07275390625,
        0.7171006202697754
    ],
    "par_1": [
        99.21708679199219,
        0.6875898838043213
    ],
    "fpr_0": [
        0.0,
        0.0
    ],
    "fpr_1": [
        0.0,
        0.0
    ],
    "tnr_0": [
        3.219425678253174,
        2.3367748260498047
    ],
    "tnr_1": [
        2.629481554031372,
        1.8366339206695557
    ],
    "nar_0": [
        96.78057098388672,
        2.336775064468384
    ],
    "nar_1": [
        97.37051391601562,
        1.8366327285766602
    ]
}