{
    "cov": [
        0.019333332777023315,
        0.03492054343223572
    ],
    "acc": [
        38.0,
        48.47679901123047
    ],
    "pos_0": [
        0.0,
        0.0
    ],
    "pos_1": [
        0.0,
        0.0
    ],
    "neg_0": [
        0.010110384784638882,
        0.027857182547450066
    ],
    "neg_1": [
        0.025411786511540413,
        0.04217003285884857
    ],
    "abs_0": [
        99.98988342285156,
        0.02785549871623516
    ],
    "abs_1": [
        99.9745864868164,
        0.04217013716697693
    ],
    "tpr_0": [
        0.0,
        0.0
    ],
    "tpr_1": [
        0.0,
        0.0
    ],
    "fnr_0": [
        0.0,
        0.0
    ],
    "fnr_1": [
        0.005788711830973625,
        0.028943561017513275
    ],
    "par_0": [
        100.0,
        0.0
    ],
    "par_1": [
        99.99420928955078,
        0.028943156823515892
    ],
    "fpr_0": [
        0.0,
        0.0
    ],
    "fpr_1": [
        0.0,
        0.0
    ],
    "tnr_0": [
        0.013283133506774902,
        0.03646330535411835
    ],
    "tnr_1": [
        0.030741941183805466,
        0.05304472893476486
    ],
    "nar_0": [
        99.9867172241211,
        0.036463797092437744
    ],
    "nar_1": [
        99.96925354003906,
        0.05304546654224396
    ]
}