{
    "cov": [
        88.61399841308594,
        2.087043523788452
    ],
    "acc": [
        84.31802368164062,
        0.8350640535354614
    ],
    "pos_0": [
        4.110862731933594,
        1.0793657302856445
    ],
    "pos_1": [
        3.1003007888793945,
        1.1581323146820068
    ],
    "neg_0": [
        82.7787094116211,
        2.1892921924591064
    ],
    "neg_1": [
        86.64920806884766,
        1.671345591545105
    ],
    "abs_0": [
        13.110426902770996,
        2.254749298095703
    ],
    "abs_1": [
        10.250493049621582,
        2.1729633808135986
    ],
    "tpr_0": [
        12.451796531677246,
        3.0076560974121094
    ],
    "tpr_1": [
        10.870070457458496,
        3.9845340251922607
    ],
    "fnr_0": [
        56.18769454956055,
        4.652619361877441
    ],
    "fnr_1": [
        60.47102355957031,
        3.9654974937438965
    ],
    "par_0": [
        31.360509872436523,
        4.668102264404297
    ],
    "par_1": [
        28.658897399902344,
        6.109453201293945
    ],
    "fpr_0": [
        1.4543555974960327,
        0.5122847557067871
    ],
    "fpr_1": [
        1.0490288734436035,
        0.4299766719341278
    ],
    "tnr_0": [
        91.23136138916016,
        1.5760490894317627
    ],
    "tnr_1": [
        93.53132629394531,
        1.1847764253616333
    ],
    "nar_0": [
        7.314281940460205,
        1.6403297185897827
    ],
    "nar_1": [
        5.4196457862854,
        1.3048828840255737
    ]
}