{
    "cov": [
        0.6019999384880066,
        0.5656715035438538
    ],
    "acc": [
        84.05435180664062,
        25.68966293334961
    ],
    "pos_0": [
        0.004982492886483669,
        0.01377163641154766
    ],
    "pos_1": [
        0.004480100702494383,
        0.017528625205159187
    ],
    "neg_0": [
        0.5135238766670227,
        0.4768470823764801
    ],
    "neg_1": [
        0.652409017086029,
        0.640943706035614
    ],
    "abs_0": [
        99.48149108886719,
        0.47561588883399963
    ],
    "abs_1": [
        99.34310150146484,
        0.6393999457359314
    ],
    "tpr_0": [
        0.020959889516234398,
        0.05799781531095505
    ],
    "tpr_1": [
        0.015894096344709396,
        0.05827148258686066
    ],
    "fnr_0": [
        0.18159620463848114,
        0.1921832114458084
    ],
    "fnr_1": [
        0.26058241724967957,
        0.2767331600189209
    ],
    "par_0": [
        99.79743957519531,
        0.20470470190048218
    ],
    "par_1": [
        99.72352600097656,
        0.2804742455482483
    ],
    "fpr_0": [
        0.0,
        0.0
    ],
    "fpr_1": [
        0.0014265334466472268,
        0.0071326675824820995
    ],
    "tnr_0": [
        0.6182449460029602,
        0.5866280794143677
    ],
    "tnr_1": [
        0.7552124857902527,
        0.7525081038475037
    ],
    "nar_0": [
        99.38175201416016,
        0.5866281390190125
    ],
    "nar_1": [
        99.24335479736328,
        0.7521071434020996
    ]
}