{
    "cov": [
        0.020666666328907013,
        0.08337221294641495
    ],
    "acc": [
        15.839999198913574,
        37.049156188964844
    ],
    "pos_0": [
        0.0,
        0.0
    ],
    "pos_1": [
        0.0,
        0.0
    ],
    "neg_0": [
        0.011857377365231514,
        0.0512322299182415
    ],
    "neg_1": [
        0.026349026709794998,
        0.10468952357769012
    ],
    "abs_0": [
        99.98814392089844,
        0.05123255401849747
    ],
    "abs_1": [
        99.97364807128906,
        0.10469023883342743
    ],
    "tpr_0": [
        0.0,
        0.0
    ],
    "tpr_1": [
        0.0,
        0.0
    ],
    "fnr_0": [
        0.006896551698446274,
        0.03448275849223137
    ],
    "fnr_1": [
        0.0,
        0.0
    ],
    "par_0": [
        99.99310302734375,
        0.034483782947063446
    ],
    "par_1": [
        100.0,
        0.0
    ],
    "fpr_0": [
        0.0,
        0.0
    ],
    "fpr_1": [
        0.0,
        0.0
    ],
    "tnr_0": [
        0.013479490764439106,
        0.05688069760799408
    ],
    "tnr_1": [
        0.033314984291791916,
        0.13234280049800873
    ],
    "nar_0": [
        99.98651885986328,
        0.05688126012682915
    ],
    "nar_1": [
        99.96669006347656,
        0.13234193623065948
    ]
}