{
    "cov": [
        78.02799987792969,
        1.397498369216919
    ],
    "acc": [
        86.507080078125,
        0.4742637276649475
    ],
    "pos_0": [
        1.451040267944336,
        0.34684526920318604
    ],
    "pos_1": [
        0.8987632393836975,
        0.2152392417192459
    ],
    "neg_0": [
        73.15298461914062,
        1.7687296867370605
    ],
    "neg_1": [
        79.38815307617188,
        1.6119332313537598
    ],
    "abs_0": [
        25.395973205566406,
        1.781528115272522
    ],
    "abs_1": [
        19.713077545166016,
        1.6242223978042603
    ],
    "tpr_0": [
        4.4504804611206055,
        1.2116115093231201
    ],
    "tpr_1": [
        3.221198320388794,
        0.9488619565963745
    ],
    "fnr_0": [
        42.59898376464844,
        2.3224105834960938
    ],
    "fnr_1": [
        49.078582763671875,
        2.3995771408081055
    ],
    "par_0": [
        52.95053482055664,
        2.459040880203247
    ],
    "par_1": [
        47.70021438598633,
        2.4092636108398438
    ],
    "fpr_0": [
        0.49843695759773254,
        0.13415522873401642
    ],
    "fpr_1": [
        0.2901870310306549,
        0.0889834314584732
    ],
    "tnr_0": [
        82.86091613769531,
        1.865769863128662
    ],
    "tnr_1": [
        87.35752868652344,
        1.553184986114502
    ],
    "nar_0": [
        16.640642166137695,
        1.856378197669983
    ],
    "nar_1": [
        12.35228157043457,
        1.5571699142456055
    ]
}