{
    "cov": [
        29.972665786743164,
        12.190247535705566
    ],
    "acc": [
        87.45707702636719,
        1.2531143426895142
    ],
    "pos_0": [
        0.12587982416152954,
        0.08145028352737427
    ],
    "pos_1": [
        0.09197098761796951,
        0.07020039111375809
    ],
    "neg_0": [
        28.959957122802734,
        12.405130386352539
    ],
    "neg_1": [
        30.464433670043945,
        12.118568420410156
    ],
    "abs_0": [
        70.9141616821289,
        12.4190092086792
    ],
    "abs_1": [
        69.44359588623047,
        12.104625701904297
    ],
    "tpr_0": [
        0.33629149198532104,
        0.2531740069389343
    ],
    "tpr_1": [
        0.3354124426841736,
        0.2782093584537506
    ],
    "fnr_0": [
        15.75146198272705,
        7.6945953369140625
    ],
    "fnr_1": [
        18.110761642456055,
        7.380589485168457
    ],
    "par_0": [
        83.91224670410156,
        7.732316017150879
    ],
    "par_1": [
        81.55382537841797,
        7.311771869659424
    ],
    "fpr_0": [
        0.05956937000155449,
        0.05924846604466438
    ],
    "fpr_1": [
        0.02801990509033203,
        0.03353436291217804
    ],
    "tnr_0": [
        33.164710998535156,
        13.97181510925293
    ],
    "tnr_1": [
        33.70532989501953,
        13.396166801452637
    ],
    "nar_0": [
        66.77571105957031,
        13.982394218444824
    ],
    "nar_1": [
        66.26664733886719,
        13.399483680725098
    ]
}