{
    "cov": [
        0.14666666090488434,
        0.08779711276292801
    ],
    "acc": [
        87.76493072509766,
        27.126461029052734
    ],
    "pos_0": [
        0.0,
        0.0
    ],
    "pos_1": [
        0.0,
        0.0
    ],
    "neg_0": [
        0.13600848615169525,
        0.11724578589200974
    ],
    "neg_1": [
        0.15372957289218903,
        0.08726949244737625
    ],
    "abs_0": [
        99.8639907836914,
        0.11724678426980972
    ],
    "abs_1": [
        99.84626770019531,
        0.08726924657821655
    ],
    "tpr_0": [
        0.0,
        0.0
    ],
    "tpr_1": [
        0.0,
        0.0
    ],
    "fnr_0": [
        0.027811693027615547,
        0.06506910175085068
    ],
    "fnr_1": [
        0.03679772466421127,
        0.060228973627090454
    ],
    "par_0": [
        99.97218322753906,
        0.06506971269845963
    ],
    "par_1": [
        99.96320343017578,
        0.06023095175623894
    ],
    "fpr_0": [
        0.0,
        0.0
    ],
    "fpr_1": [
        0.0,
        0.0
    ],
    "tnr_0": [
        0.17082904279232025,
        0.15459425747394562
    ],
    "tnr_1": [
        0.1842786818742752,
        0.10226209461688995
    ],
    "nar_0": [
        99.82917022705078,
        0.15459369122982025
    ],
    "nar_1": [
        99.81571960449219,
        0.10226050019264221
    ]
}