{
    "cov": [
        86.83466339111328,
        0.7858403325080872
    ],
    "acc": [
        84.94124603271484,
        0.35255223512649536
    ],
    "pos_0": [
        4.169423580169678,
        1.0448585748672485
    ],
    "pos_1": [
        2.694822072982788,
        0.6932280659675598
    ],
    "neg_0": [
        81.40306091308594,
        0.8940318822860718
    ],
    "neg_1": [
        84.9734878540039,
        0.6218338012695312
    ],
    "abs_0": [
        14.427504539489746,
        0.9532658457756042
    ],
    "abs_1": [
        12.331693649291992,
        0.8249325752258301
    ],
    "tpr_0": [
        13.118526458740234,
        3.385143756866455
    ],
    "tpr_1": [
        9.713342666625977,
        2.564629316329956
    ],
    "fnr_0": [
        53.39151382446289,
        1.9311310052871704
    ],
    "fnr_1": [
        57.03167724609375,
        1.1872495412826538
    ],
    "par_0": [
        33.489959716796875,
        2.6198976039886475
    ],
    "par_1": [
        33.25497817993164,
        2.8790459632873535
    ],
    "fpr_0": [
        1.3273723125457764,
        0.35863369703292847
    ],
    "fpr_1": [
        0.8484508991241455,
        0.23321165144443512
    ],
    "tnr_0": [
        90.30392456054688,
        0.7675586938858032
    ],
    "tnr_1": [
        92.32080841064453,
        0.5912079215049744
    ],
    "nar_0": [
        8.368695259094238,
        0.6967442631721497
    ],
    "nar_1": [
        6.83073091506958,
        0.5717885494232178
    ]
}