{
    "cov": [
        53.28599548339844,
        14.1115083694458
    ],
    "acc": [
        88.33677673339844,
        0.9158381819725037
    ],
    "pos_0": [
        0.0,
        0.0
    ],
    "pos_1": [
        0.0,
        0.0
    ],
    "neg_0": [
        51.987117767333984,
        13.833122253417969
    ],
    "neg_1": [
        54.13273239135742,
        15.168295860290527
    ],
    "abs_0": [
        48.01288604736328,
        13.833122253417969
    ],
    "abs_1": [
        45.86726379394531,
        15.168296813964844
    ],
    "tpr_0": [
        0.0,
        0.0
    ],
    "tpr_1": [
        0.0,
        0.0
    ],
    "fnr_0": [
        27.612707138061523,
        8.285975456237793
    ],
    "fnr_1": [
        28.92084503173828,
        9.88365364074707
    ],
    "par_0": [
        72.38729095458984,
        8.285975456237793
    ],
    "par_1": [
        71.07915496826172,
        9.883650779724121
    ],
    "fpr_0": [
        0.0,
        0.0
    ],
    "fpr_1": [
        0.0,
        0.0
    ],
    "tnr_0": [
        59.7512092590332,
        15.776534080505371
    ],
    "tnr_1": [
        60.74824905395508,
        16.59214973449707
    ],
    "nar_0": [
        40.24878692626953,
        15.776535987854004
    ],
    "nar_1": [
        39.25175094604492,
        16.59214973449707
    ]
}