{
    "cov": [
        60.52865982055664,
        11.202886581420898
    ],
    "acc": [
        86.27867126464844,
        0.6558154821395874
    ],
    "pos_0": [
        0.2506360411643982,
        0.1438845843076706
    ],
    "pos_1": [
        0.15928156673908234,
        0.10679620504379272
    ],
    "neg_0": [
        60.10789108276367,
        11.064573287963867
    ],
    "neg_1": [
        60.466835021972656,
        11.51776123046875
    ],
    "abs_0": [
        39.641475677490234,
        11.101720809936523
    ],
    "abs_1": [
        39.37388229370117,
        11.547051429748535
    ],
    "tpr_0": [
        0.7473785877227783,
        0.48302239179611206
    ],
    "tpr_1": [
        0.5285863876342773,
        0.3429705500602722
    ],
    "fnr_0": [
        36.314395904541016,
        7.616419792175293
    ],
    "fnr_1": [
        38.070556640625,
        7.165312767028809
    ],
    "par_0": [
        62.9382209777832,
        7.802746772766113
    ],
    "par_1": [
        61.40085983276367,
        7.214849948883057
    ],
    "fpr_0": [
        0.09300795197486877,
        0.06865065544843674
    ],
    "fpr_1": [
        0.06149743124842644,
        0.06093078851699829
    ],
    "tnr_0": [
        67.6547622680664,
        12.182701110839844
    ],
    "tnr_1": [
        66.35643768310547,
        12.707547187805176
    ],
    "nar_0": [
        32.25222396850586,
        12.186088562011719
    ],
    "nar_1": [
        33.58206558227539,
        12.736830711364746
    ]
}