{
    "cov": [
        71.8219985961914,
        0.7424266934394836
    ],
    "acc": [
        86.1915512084961,
        0.5088663697242737
    ],
    "pos_0": [
        1.1594738960266113,
        0.370594322681427
    ],
    "pos_1": [
        1.1706570386886597,
        0.2454002946615219
    ],
    "neg_0": [
        70.78439331054688,
        1.0951968431472778
    ],
    "neg_1": [
        70.57811737060547,
        1.119338870048523
    ],
    "abs_0": [
        28.05612564086914,
        1.0698522329330444
    ],
    "abs_1": [
        28.2512264251709,
        1.1148386001586914
    ],
    "tpr_0": [
        3.4517011642456055,
        1.300288438796997
    ],
    "tpr_1": [
        4.039862155914307,
        0.8989414572715759
    ],
    "fnr_0": [
        43.364654541015625,
        2.078368902206421
    ],
    "fnr_1": [
        43.40864181518555,
        1.9604742527008057
    ],
    "par_0": [
        53.18364715576172,
        2.5931174755096436
    ],
    "par_1": [
        52.55149459838867,
        2.117117404937744
    ],
    "fpr_0": [
        0.431814968585968,
        0.1928253173828125
    ],
    "fpr_1": [
        0.4237322509288788,
        0.14554084837436676
    ],
    "tnr_0": [
        79.52192687988281,
        1.188599705696106
    ],
    "tnr_1": [
        77.68351745605469,
        1.1256036758422852
    ],
    "nar_0": [
        20.046260833740234,
        1.153721809387207
    ],
    "nar_1": [
        21.892759323120117,
        1.0828126668930054
    ]
}