{
    "cov": [
        23.886667251586914,
        0.6596331000328064
    ],
    "acc": [
        86.23538208007812,
        0.925963819026947
    ],
    "pos_0": [
        0.7322877645492554,
        0.255546897649765
    ],
    "pos_1": [
        0.7432277202606201,
        0.2214067280292511
    ],
    "neg_0": [
        23.471027374267578,
        1.0083571672439575
    ],
    "neg_1": [
        22.936677932739258,
        0.8521127700805664
    ],
    "abs_0": [
        75.79668426513672,
        0.9457778334617615
    ],
    "abs_1": [
        76.32009887695312,
        0.9025838375091553
    ],
    "tpr_0": [
        1.9581512212753296,
        0.8160789012908936
    ],
    "tpr_1": [
        2.7011525630950928,
        0.9210447669029236
    ],
    "fnr_0": [
        13.100970268249512,
        1.2498834133148193
    ],
    "fnr_1": [
        14.505096435546875,
        1.1090461015701294
    ],
    "par_0": [
        84.94087982177734,
        1.556171178817749
    ],
    "par_1": [
        82.79374694824219,
        1.5016485452651978
    ],
    "fpr_0": [
        0.3428279757499695,
        0.16735562682151794
    ],
    "fpr_1": [
        0.23560550808906555,
        0.08396966010332108
    ],
    "tnr_0": [
        26.771085739135742,
        1.1121171712875366
    ],
    "tnr_1": [
        25.140718460083008,
        1.074113130569458
    ],
    "nar_0": [
        72.8860855102539,
        1.0660792589187622
    ],
    "nar_1": [
        74.6236801147461,
        1.065068244934082
    ]
}