{
    "cov": [
        82.9853286743164,
        1.4602551460266113
    ],
    "acc": [
        85.2747802734375,
        0.6656918525695801
    ],
    "pos_0": [
        0.0,
        0.0
    ],
    "pos_1": [
        0.005633803084492683,
        0.028169015422463417
    ],
    "neg_0": [
        81.4137954711914,
        1.6054160594940186
    ],
    "neg_1": [
        84.01730346679688,
        1.5424102544784546
    ],
    "abs_0": [
        18.58620262145996,
        1.605417013168335
    ],
    "abs_1": [
        15.97706413269043,
        1.5451699495315552
    ],
    "tpr_0": [
        0.0,
        0.0
    ],
    "tpr_1": [
        0.021361814811825752,
        0.10680907964706421
    ],
    "fnr_0": [
        54.47257614135742,
        3.401824712753296
    ],
    "fnr_1": [
        55.81172561645508,
        3.1407856941223145
    ],
    "par_0": [
        45.52742004394531,
        3.401824712753296
    ],
    "par_1": [
        44.166908264160156,
        3.148240566253662
    ],
    "fpr_0": [
        0.0,
        0.0
    ],
    "fpr_1": [
        0.0014280613977462053,
        0.00714030722156167
    ],
    "tnr_0": [
        89.96878051757812,
        1.272598385810852
    ],
    "tnr_1": [
        91.4306411743164,
        1.2991191148757935
    ],
    "nar_0": [
        10.031224250793457,
        1.2725982666015625
    ],
    "nar_1": [
        8.567925453186035,
        1.2999982833862305
    ]
}