{
    "cov": [
        86.84266662597656,
        2.208904504776001
    ],
    "acc": [
        83.97081756591797,
        1.0521788597106934
    ],
    "pos_0": [
        0.20492683351039886,
        0.5518577694892883
    ],
    "pos_1": [
        0.21852393448352814,
        0.6533527970314026
    ],
    "neg_0": [
        85.46223449707031,
        2.380936861038208
    ],
    "neg_1": [
        87.39933776855469,
        1.9719895124435425
    ],
    "abs_0": [
        14.332836151123047,
        2.50038743019104
    ],
    "abs_1": [
        12.3821382522583,
        2.110990047454834
    ],
    "tpr_0": [
        0.657156229019165,
        1.8089163303375244
    ],
    "tpr_1": [
        0.8012524247169495,
        2.4471051692962646
    ],
    "fnr_0": [
        62.526092529296875,
        5.161715507507324
    ],
    "fnr_1": [
        62.861385345458984,
        5.1274566650390625
    ],
    "par_0": [
        36.81675338745117,
        5.406961917877197
    ],
    "par_1": [
        36.337364196777344,
        5.527566909790039
    ],
    "fpr_0": [
        0.06547258794307709,
        0.1696677953004837
    ],
    "fpr_1": [
        0.06707417964935303,
        0.18551982939243317
    ],
    "tnr_0": [
        92.73888397216797,
        1.6532684564590454
    ],
    "tnr_1": [
        93.84661865234375,
        1.291290521621704
    ],
    "nar_0": [
        7.195640563964844,
        1.6964939832687378
    ],
    "nar_1": [
        6.086308002471924,
        1.332265853881836
    ]
}