{
    "cov": [
        86.43866729736328,
        1.7733622789382935
    ],
    "acc": [
        84.13860321044922,
        0.858400285243988
    ],
    "pos_0": [
        0.22840312123298645,
        0.6028815507888794
    ],
    "pos_1": [
        0.10485269129276276,
        0.2223258763551712
    ],
    "neg_0": [
        84.91587829589844,
        2.4738247394561768
    ],
    "neg_1": [
        87.19065856933594,
        1.727594017982483
    ],
    "abs_0": [
        14.855719566345215,
        2.524484872817993
    ],
    "abs_1": [
        12.704477310180664,
        1.6971248388290405
    ],
    "tpr_0": [
        0.7306066751480103,
        1.9341238737106323
    ],
    "tpr_1": [
        0.3344328701496124,
        0.7147575616836548
    ],
    "fnr_0": [
        61.10116958618164,
        5.7524261474609375
    ],
    "fnr_1": [
        62.3866081237793,
        4.611175060272217
    ],
    "par_0": [
        38.16822052001953,
        5.7970709800720215
    ],
    "par_1": [
        37.278953552246094,
        4.4975810050964355
    ],
    "fpr_0": [
        0.07094849646091461,
        0.1842617690563202
    ],
    "fpr_1": [
        0.04333050176501274,
        0.09351810812950134
    ],
    "tnr_0": [
        92.47710418701172,
        1.6478633880615234
    ],
    "tnr_1": [
        93.7196044921875,
        1.0711023807525635
    ],
    "nar_0": [
        7.451935291290283,
        1.6718330383300781
    ],
    "nar_1": [
        6.237051963806152,
        1.070623517036438
    ]
}