{
    "cov": [
        2.2093331813812256,
        0.44072437286376953
    ],
    "acc": [
        93.9090576171875,
        1.8775538206100464
    ],
    "pos_0": [
        0.0,
        0.0
    ],
    "pos_1": [
        0.0011065006256103516,
        0.005532503128051758
    ],
    "neg_0": [
        2.0373082160949707,
        0.5201897621154785
    ],
    "neg_1": [
        2.322526454925537,
        0.4648664593696594
    ],
    "abs_0": [
        97.96269226074219,
        0.5201889872550964
    ],
    "abs_1": [
        97.6763687133789,
        0.46517738699913025
    ],
    "tpr_0": [
        0.0,
        0.0
    ],
    "tpr_1": [
        0.005277044605463743,
        0.026385223492980003
    ],
    "fnr_0": [
        0.543246865272522,
        0.3476605713367462
    ],
    "fnr_1": [
        0.6566221714019775,
        0.2900001108646393
    ],
    "par_0": [
        99.45674896240234,
        0.3476600646972656
    ],
    "par_1": [
        99.33810424804688,
        0.28623107075691223
    ],
    "fpr_0": [
        0.0,
        0.0
    ],
    "fpr_1": [
        0.0,
        0.0
    ],
    "tnr_0": [
        2.513331174850464,
        0.64683997631073
    ],
    "tnr_1": [
        2.7615044116973877,
        0.5751328468322754
    ],
    "nar_0": [
        97.48665618896484,
        0.6468408107757568
    ],
    "nar_1": [
        97.23849487304688,
        0.5751330256462097
    ]
}