{
    "cov": [
        75.77999877929688,
        4.653663635253906
    ],
    "acc": [
        86.79754638671875,
        0.811286211013794
    ],
    "pos_0": [
        1.007677435874939,
        0.5649670362472534
    ],
    "pos_1": [
        0.645493745803833,
        0.40626221895217896
    ],
    "neg_0": [
        70.63401794433594,
        6.358330249786377
    ],
    "neg_1": [
        77.8628158569336,
        3.6591129302978516
    ],
    "abs_0": [
        28.358304977416992,
        6.4799933433532715
    ],
    "abs_1": [
        21.491689682006836,
        3.7897214889526367
    ],
    "tpr_0": [
        3.0361757278442383,
        1.8058133125305176
    ],
    "tpr_1": [
        2.253994941711426,
        1.6338969469070435
    ],
    "fnr_0": [
        40.77558898925781,
        5.497848987579346
    ],
    "fnr_1": [
        47.0234260559082,
        4.636555194854736
    ],
    "par_0": [
        56.188232421875,
        5.883463382720947
    ],
    "par_1": [
        50.72257614135742,
        5.10476016998291
    ],
    "fpr_0": [
        0.36264023184776306,
        0.21748530864715576
    ],
    "fpr_1": [
        0.2229170948266983,
        0.12577171623706818
    ],
    "tnr_0": [
        80.12150573730469,
        6.761020660400391
    ],
    "tnr_1": [
        85.96771240234375,
        3.5963399410247803
    ],
    "nar_0": [
        19.515853881835938,
        6.80214262008667
    ],
    "nar_1": [
        13.809371948242188,
        3.637624740600586
    ]
}