{
    "cov": [
        27.010000228881836,
        0.7204838395118713
    ],
    "acc": [
        86.25020599365234,
        0.7679774165153503
    ],
    "pos_0": [
        0.7859088182449341,
        0.2643868923187256
    ],
    "pos_1": [
        0.7929113507270813,
        0.24113352596759796
    ],
    "neg_0": [
        26.457630157470703,
        1.2035499811172485
    ],
    "neg_1": [
        26.0669002532959,
        0.90871661901474
    ],
    "abs_0": [
        72.75646209716797,
        1.1950829029083252
    ],
    "abs_1": [
        73.14018249511719,
        0.9181194305419922
    ],
    "tpr_0": [
        2.1538991928100586,
        0.8658387064933777
    ],
    "tpr_1": [
        2.850654363632202,
        0.9863216280937195
    ],
    "fnr_0": [
        14.824051856994629,
        1.2920705080032349
    ],
    "fnr_1": [
        16.46939468383789,
        1.0095775127410889
    ],
    "par_0": [
        83.02204895019531,
        1.6471601724624634
    ],
    "par_1": [
        80.6799545288086,
        1.29782235622406
    ],
    "fpr_0": [
        0.35174182057380676,
        0.1718001365661621
    ],
    "fpr_1": [
        0.25938236713409424,
        0.09433958679437637
    ],
    "tnr_0": [
        30.161975860595703,
        1.3902634382247925
    ],
    "tnr_1": [
        28.574810028076172,
        1.1157233715057373
    ],
    "nar_0": [
        69.48628234863281,
        1.3777662515640259
    ],
    "nar_1": [
        71.16580200195312,
        1.1084818840026855
    ]
}