{
    "cov": [
        99.99799346923828,
        0.005528314039111137
    ],
    "acc": [
        80.88694763183594,
        0.8436961770057678
    ],
    "pos_0": [
        8.466358184814453,
        2.161499261856079
    ],
    "pos_1": [
        7.404812335968018,
        1.8129462003707886
    ],
    "neg_0": [
        91.53199005126953,
        2.1622650623321533
    ],
    "neg_1": [
        92.59298706054688,
        1.8122631311416626
    ],
    "abs_0": [
        0.0016508459812030196,
        0.00825423002243042
    ],
    "abs_1": [
        0.00220479816198349,
        0.007631069980561733
    ],
    "tpr_0": [
        24.535888671875,
        6.102498531341553
    ],
    "tpr_1": [
        24.503618240356445,
        5.782805919647217
    ],
    "fnr_0": [
        75.45738220214844,
        6.1067047119140625
    ],
    "fnr_1": [
        75.49637603759766,
        5.782805919647217
    ],
    "par_0": [
        0.00673400703817606,
        0.033670034259557724
    ],
    "par_1": [
        0.0,
        0.0
    ],
    "fpr_0": [
        3.3591794967651367,
        0.9506468772888184
    ],
    "fpr_1": [
        2.9162840843200684,
        0.8684049844741821
    ],
    "tnr_0": [
        96.64081573486328,
        0.9506471753120422
    ],
    "tnr_1": [
        97.08092498779297,
        0.8668991923332214
    ],
    "nar_0": [
        0.0,
        0.0
    ],
    "nar_1": [
        0.0027884768787771463,
        0.009651269763708115
    ]
}