{
    "cov": [
        61.611995697021484,
        11.540602684020996
    ],
    "acc": [
        86.24959564208984,
        0.727217972278595
    ],
    "pos_0": [
        0.23057982325553894,
        0.15455728769302368
    ],
    "pos_1": [
        0.16365577280521393,
        0.09662466496229172
    ],
    "neg_0": [
        61.96315383911133,
        12.033515930175781
    ],
    "neg_1": [
        61.05794906616211,
        11.467750549316406
    ],
    "abs_0": [
        37.8062629699707,
        12.06326675415039
    ],
    "abs_1": [
        38.77839660644531,
        11.49709701538086
    ],
    "tpr_0": [
        0.6356379389762878,
        0.5160576105117798
    ],
    "tpr_1": [
        0.4842453896999359,
        0.28905755281448364
    ],
    "fnr_0": [
        37.70240020751953,
        7.8952836990356445
    ],
    "fnr_1": [
        38.27533721923828,
        7.533205032348633
    ],
    "par_0": [
        61.66196060180664,
        7.989019393920898
    ],
    "par_1": [
        61.240413665771484,
        7.607450485229492
    ],
    "fpr_0": [
        0.10190078616142273,
        0.06735190749168396
    ],
    "fpr_1": [
        0.0792851522564888,
        0.06740378588438034
    ],
    "tnr_0": [
        69.68017578125,
        13.464584350585938
    ],
    "tnr_1": [
        67.04471588134766,
        12.585015296936035
    ],
    "nar_0": [
        30.217918395996094,
        13.481939315795898
    ],
    "nar_1": [
        32.87599563598633,
        12.602755546569824
    ]
}