{
    "cov": [
        83.64599609375,
        1.5059311389923096
    ],
    "acc": [
        85.42066192626953,
        0.44756489992141724
    ],
    "pos_0": [
        1.677767038345337,
        0.5135111212730408
    ],
    "pos_1": [
        1.1177897453308105,
        0.31389671564102173
    ],
    "neg_0": [
        80.85783386230469,
        1.7487767934799194
    ],
    "neg_1": [
        83.26227569580078,
        1.372609257698059
    ],
    "abs_0": [
        17.464399337768555,
        1.8053009510040283
    ],
    "abs_1": [
        15.619938850402832,
        1.4364960193634033
    ],
    "tpr_0": [
        5.184163570404053,
        1.6987866163253784
    ],
    "tpr_1": [
        4.0977606773376465,
        1.3690168857574463
    ],
    "fnr_0": [
        52.61949920654297,
        2.842778205871582
    ],
    "fnr_1": [
        54.42729949951172,
        2.2348732948303223
    ],
    "par_0": [
        42.19633102416992,
        3.3308660984039307
    ],
    "par_1": [
        41.47494125366211,
        2.719756603240967
    ],
    "fpr_0": [
        0.5646401643753052,
        0.18394486606121063
    ],
    "fpr_1": [
        0.33220070600509644,
        0.0841442123055458
    ],
    "tnr_0": [
        89.83138275146484,
        1.5215398073196411
    ],
    "tnr_1": [
        90.84542846679688,
        1.2492458820343018
    ],
    "nar_0": [
        9.603970527648926,
        1.5054781436920166
    ],
    "nar_1": [
        8.822366714477539,
        1.2392553091049194
    ]
}