{
    "cov": [
        38.426002502441406,
        1.0493834018707275
    ],
    "acc": [
        86.47749328613281,
        0.6739019155502319
    ],
    "pos_0": [
        0.8904231786727905,
        0.2946452796459198
    ],
    "pos_1": [
        0.9444013833999634,
        0.2694225311279297
    ],
    "neg_0": [
        37.504573822021484,
        1.3662456274032593
    ],
    "neg_1": [
        37.501644134521484,
        1.2928597927093506
    ],
    "abs_0": [
        61.60499572753906,
        1.4133601188659668
    ],
    "abs_1": [
        61.553955078125,
        1.3150689601898193
    ],
    "tpr_0": [
        2.491292953491211,
        0.9856808185577393
    ],
    "tpr_1": [
        3.3373870849609375,
        1.016253113746643
    ],
    "fnr_0": [
        20.990129470825195,
        1.5641676187515259
    ],
    "fnr_1": [
        23.277700424194336,
        1.402491807937622
    ],
    "par_0": [
        76.5185775756836,
        2.153581142425537
    ],
    "par_1": [
        73.3849105834961,
        1.5090644359588623
    ],
    "fpr_0": [
        0.3828999698162079,
        0.18232905864715576
    ],
    "fpr_1": [
        0.3234063684940338,
        0.1254889816045761
    ],
    "tnr_0": [
        42.762939453125,
        1.5167524814605713
    ],
    "tnr_1": [
        41.21684646606445,
        1.4702926874160767
    ],
    "nar_0": [
        56.85416030883789,
        1.504781723022461
    ],
    "nar_1": [
        58.45975112915039,
        1.4786486625671387
    ]
}