{
    "cov": [
        48.28399658203125,
        16.959888458251953
    ],
    "acc": [
        89.04071807861328,
        1.3919293880462646
    ],
    "pos_0": [
        0.3399883508682251,
        0.2501320540904999
    ],
    "pos_1": [
        0.19891256093978882,
        0.12890015542507172
    ],
    "neg_0": [
        41.488525390625,
        17.27159881591797
    ],
    "neg_1": [
        52.34315490722656,
        17.221261978149414
    ],
    "abs_0": [
        58.17148971557617,
        17.297462463378906
    ],
    "abs_1": [
        47.45793533325195,
        17.261398315429688
    ],
    "tpr_0": [
        1.0595909357070923,
        0.7928966283798218
    ],
    "tpr_1": [
        0.6111103892326355,
        0.46604040265083313
    ],
    "fnr_0": [
        20.610591888427734,
        10.365249633789062
    ],
    "fnr_1": [
        27.39665985107422,
        11.57652759552002
    ],
    "par_0": [
        78.32981872558594,
        10.54625129699707
    ],
    "par_1": [
        71.99222564697266,
        11.71963119506836
    ],
    "fpr_0": [
        0.11116525530815125,
        0.0938582718372345
    ],
    "fpr_1": [
        0.09055128693580627,
        0.059313464909791946
    ],
    "tnr_0": [
        48.12984848022461,
        19.51531219482422
    ],
    "tnr_1": [
        58.90727996826172,
        18.782800674438477
    ],
    "nar_0": [
        51.75898361206055,
        19.51014518737793
    ],
    "nar_1": [
        41.002166748046875,
        18.794282913208008
    ]
}