{
    "cov": [
        0.5606666207313538,
        0.5454118251800537
    ],
    "acc": [
        88.82945251464844,
        19.507532119750977
    ],
    "pos_0": [
        0.0,
        0.0
    ],
    "pos_1": [
        0.0,
        0.0
    ],
    "neg_0": [
        0.630534291267395,
        0.7671042084693909
    ],
    "neg_1": [
        0.5157309770584106,
        0.5784432888031006
    ],
    "abs_0": [
        99.36946868896484,
        0.7671038508415222
    ],
    "abs_1": [
        99.48426818847656,
        0.5784436464309692
    ],
    "tpr_0": [
        0.0,
        0.0
    ],
    "tpr_1": [
        0.0,
        0.0
    ],
    "fnr_0": [
        0.17884236574172974,
        0.23318803310394287
    ],
    "fnr_1": [
        0.22708015143871307,
        0.34936225414276123
    ],
    "par_0": [
        99.82115173339844,
        0.2331865429878235
    ],
    "par_1": [
        99.77291870117188,
        0.34936296939849854
    ],
    "fpr_0": [
        0.0,
        0.0
    ],
    "fpr_1": [
        0.0,
        0.0
    ],
    "tnr_0": [
        0.7744410634040833,
        0.9631251096725464
    ],
    "tnr_1": [
        0.5918049812316895,
        0.6425879597663879
    ],
    "nar_0": [
        99.2255630493164,
        0.9631249904632568
    ],
    "nar_1": [
        99.408203125,
        0.6425883173942566
    ]
}