{
    "cov": [
        74.25199890136719,
        8.411842346191406
    ],
    "acc": [
        85.9946060180664,
        0.6203435063362122
    ],
    "pos_0": [
        0.35809069871902466,
        0.2648109495639801
    ],
    "pos_1": [
        0.2190764993429184,
        0.14051368832588196
    ],
    "neg_0": [
        72.47789001464844,
        8.201971054077148
    ],
    "neg_1": [
        74.9654541015625,
        8.636277198791504
    ],
    "abs_0": [
        27.164018630981445,
        8.259954452514648
    ],
    "abs_1": [
        24.81546401977539,
        8.687122344970703
    ],
    "tpr_0": [
        0.995671808719635,
        0.7730409502983093
    ],
    "tpr_1": [
        0.7101544141769409,
        0.4791857600212097
    ],
    "fnr_0": [
        45.46097946166992,
        6.134785175323486
    ],
    "fnr_1": [
        47.47975540161133,
        5.563514232635498
    ],
    "par_0": [
        53.54335021972656,
        6.297759056091309
    ],
    "par_1": [
        51.81008529663086,
        5.702154159545898
    ],
    "fpr_0": [
        0.1573437601327896,
        0.12786225974559784
    ],
    "fpr_1": [
        0.08939331024885178,
        0.07203701883554459
    ],
    "tnr_0": [
        81.06365203857422,
        8.994979858398438
    ],
    "tnr_1": [
        82.19744873046875,
        9.563117980957031
    ],
    "nar_0": [
        18.779003143310547,
        9.016495704650879
    ],
    "nar_1": [
        17.713159561157227,
        9.591278076171875
    ]
}