{
    "cov": [
        73.21733093261719,
        2.438143730163574
    ],
    "acc": [
        87.11193084716797,
        0.4595789611339569
    ],
    "pos_0": [
        0.9750474095344543,
        0.28359919786453247
    ],
    "pos_1": [
        0.6079086661338806,
        0.1547107696533203
    ],
    "neg_0": [
        65.52597045898438,
        4.637973308563232
    ],
    "neg_1": [
        77.02529907226562,
        1.5444430112838745
    ],
    "abs_0": [
        33.49897766113281,
        4.648559093475342
    ],
    "abs_1": [
        22.366788864135742,
        1.5330390930175781
    ],
    "tpr_0": [
        2.8837532997131348,
        0.8440577983856201
    ],
    "tpr_1": [
        2.1032516956329346,
        0.6438176035881042
    ],
    "fnr_0": [
        35.69858932495117,
        4.568227291107178
    ],
    "fnr_1": [
        46.27070617675781,
        2.1721856594085693
    ],
    "par_0": [
        61.41765594482422,
        4.691635608673096
    ],
    "par_1": [
        51.62603759765625,
        2.2588303089141846
    ],
    "fpr_0": [
        0.36952176690101624,
        0.15602491796016693
    ],
    "fpr_1": [
        0.21470564603805542,
        0.07392816990613937
    ],
    "tnr_0": [
        75.00511169433594,
        4.758392810821533
    ],
    "tnr_1": [
        85.11199951171875,
        1.4613183736801147
    ],
    "nar_0": [
        24.6253662109375,
        4.726118564605713
    ],
    "nar_1": [
        14.673293113708496,
        1.4623256921768188
    ]
}