{
    "cov": [
        0.12933331727981567,
        0.15915575623512268
    ],
    "acc": [
        78.63706970214844,
        35.918521881103516
    ],
    "pos_0": [
        0.0,
        0.0
    ],
    "pos_1": [
        0.0,
        0.0
    ],
    "neg_0": [
        0.10926656424999237,
        0.2015731781721115
    ],
    "neg_1": [
        0.14226506650447845,
        0.147991344332695
    ],
    "abs_0": [
        99.89073181152344,
        0.20157375931739807
    ],
    "abs_1": [
        99.85773468017578,
        0.14799055457115173
    ],
    "tpr_0": [
        0.0,
        0.0
    ],
    "tpr_1": [
        0.0,
        0.0
    ],
    "fnr_0": [
        0.034486740827560425,
        0.07041637599468231
    ],
    "fnr_1": [
        0.036796532571315765,
        0.06023351848125458
    ],
    "par_0": [
        99.96550750732422,
        0.07041723281145096
    ],
    "par_1": [
        99.96320343017578,
        0.060235004872083664
    ],
    "fpr_0": [
        0.0,
        0.0
    ],
    "fpr_1": [
        0.0,
        0.0
    ],
    "tnr_0": [
        0.13282817602157593,
        0.24895913898944855
    ],
    "tnr_1": [
        0.17009662091732025,
        0.18490608036518097
    ],
    "nar_0": [
        99.8671646118164,
        0.24895906448364258
    ],
    "nar_1": [
        99.82990264892578,
        0.18490663170814514
    ]
}