{
    "cov": [
        92.8046646118164,
        1.5576218366622925
    ],
    "acc": [
        83.76644134521484,
        0.3622327446937561
    ],
    "pos_0": [
        7.296093463897705,
        1.2206907272338867
    ],
    "pos_1": [
        6.016951560974121,
        1.271788477897644
    ],
    "neg_0": [
        84.41924285888672,
        1.07655668258667
    ],
    "neg_1": [
        87.50810241699219,
        1.1598042249679565
    ],
    "abs_0": [
        8.284656524658203,
        1.4822551012039185
    ],
    "abs_1": [
        6.474947929382324,
        1.7271729707717896
    ],
    "tpr_0": [
        22.04228973388672,
        3.452996253967285
    ],
    "tpr_1": [
        21.101518630981445,
        4.554592609405518
    ],
    "fnr_0": [
        58.351688385009766,
        2.0874063968658447
    ],
    "fnr_1": [
        61.41371536254883,
        2.210489511489868
    ],
    "par_0": [
        19.60601806640625,
        3.5748894214630127
    ],
    "par_1": [
        17.48476791381836,
        4.870118618011475
    ],
    "fpr_0": [
        2.6184277534484863,
        0.6382818818092346
    ],
    "fpr_1": [
        2.0571446418762207,
        0.5046543478965759
    ],
    "tnr_0": [
        92.69894409179688,
        0.9228555560112
    ],
    "tnr_1": [
        94.37319946289062,
        0.927934467792511
    ],
    "nar_0": [
        4.682631015777588,
        0.8986822366714478
    ],
    "nar_1": [
        3.56964373588562,
        0.9870586395263672
    ]
}