{
    "cov": [
        8.961999893188477,
        3.3935141563415527
    ],
    "acc": [
        90.88843536376953,
        1.7491267919540405
    ],
    "pos_0": [
        0.0,
        0.0
    ],
    "pos_1": [
        0.0,
        0.0
    ],
    "neg_0": [
        10.756648063659668,
        5.350987434387207
    ],
    "neg_1": [
        7.777402400970459,
        3.0030293464660645
    ],
    "abs_0": [
        89.24335479736328,
        5.350987911224365
    ],
    "abs_1": [
        92.22259521484375,
        3.003028392791748
    ],
    "tpr_0": [
        0.0,
        0.0
    ],
    "tpr_1": [
        0.0,
        0.0
    ],
    "fnr_0": [
        4.428135395050049,
        2.8216497898101807
    ],
    "fnr_1": [
        3.276831865310669,
        1.5540450811386108
    ],
    "par_0": [
        95.57186126708984,
        2.8216497898101807
    ],
    "par_1": [
        96.72315979003906,
        1.5540441274642944
    ],
    "fpr_0": [
        0.0,
        0.0
    ],
    "fpr_1": [
        0.0,
        0.0
    ],
    "tnr_0": [
        12.76115608215332,
        6.195492744445801
    ],
    "tnr_1": [
        8.959599494934082,
        3.4383316040039062
    ],
    "nar_0": [
        87.23884582519531,
        6.195493698120117
    ],
    "nar_1": [
        91.0404052734375,
        3.438331127166748
    ]
}