{
    "cov": [
        80.41400146484375,
        1.640210747718811
    ],
    "acc": [
        85.80058288574219,
        0.5612564086914062
    ],
    "pos_0": [
        0.0,
        0.0
    ],
    "pos_1": [
        0.0,
        0.0
    ],
    "neg_0": [
        79.0586929321289,
        1.6807518005371094
    ],
    "neg_1": [
        81.3153076171875,
        2.1993985176086426
    ],
    "abs_0": [
        20.941308975219727,
        1.680751919746399
    ],
    "abs_1": [
        18.684682846069336,
        2.1993987560272217
    ],
    "tpr_0": [
        0.0,
        0.0
    ],
    "tpr_1": [
        0.0,
        0.0
    ],
    "fnr_0": [
        50.972938537597656,
        3.2118375301361084
    ],
    "fnr_1": [
        52.09791946411133,
        2.330228805541992
    ],
    "par_0": [
        49.02705764770508,
        3.2118375301361084
    ],
    "par_1": [
        47.90208053588867,
        2.330228805541992
    ],
    "fpr_0": [
        0.0,
        0.0
    ],
    "fpr_1": [
        0.0,
        0.0
    ],
    "tnr_0": [
        87.97840881347656,
        1.539859652519226
    ],
    "tnr_1": [
        88.99849700927734,
        2.241417407989502
    ],
    "nar_0": [
        12.021595001220703,
        1.539860725402832
    ],
    "nar_1": [
        11.001505851745605,
        2.2414164543151855
    ]
}