{
    "cov": [
        90.94734191894531,
        0.29161348938941956
    ],
    "acc": [
        83.3467788696289,
        0.5439866781234741
    ],
    "pos_0": [
        2.3196191787719727,
        0.6599859595298767
    ],
    "pos_1": [
        2.397911310195923,
        0.5500099658966064
    ],
    "neg_0": [
        88.87042236328125,
        0.7811678051948547
    ],
    "neg_1": [
        88.39286804199219,
        0.87063068151474
    ],
    "abs_0": [
        8.809957504272461,
        0.7177815437316895
    ],
    "abs_1": [
        9.209211349487305,
        0.5355300903320312
    ],
    "tpr_0": [
        6.970458984375,
        2.190873384475708
    ],
    "tpr_1": [
        8.316478729248047,
        2.1204066276550293
    ],
    "fnr_0": [
        68.2840347290039,
        2.409254789352417
    ],
    "fnr_1": [
        63.44142150878906,
        2.090183973312378
    ],
    "par_0": [
        24.745508193969727,
        2.4775094985961914
    ],
    "par_1": [
        28.242094039916992,
        1.6143596172332764
    ],
    "fpr_0": [
        0.8438183665275574,
        0.2693675756454468
    ],
    "fpr_1": [
        0.8529584407806396,
        0.2141037881374359
    ],
    "tnr_0": [
        95.41893768310547,
        0.5168765783309937
    ],
    "tnr_1": [
        94.91598510742188,
        0.6860465407371521
    ],
    "nar_0": [
        3.737248182296753,
        0.4356636703014374
    ],
    "nar_1": [
        4.231055736541748,
        0.5881227850914001
    ]
}