{
    "cov": [
        2.9539997577667236,
        2.8384482860565186
    ],
    "acc": [
        92.16575622558594,
        2.8008346557617188
    ],
    "pos_0": [
        0.02169938012957573,
        0.034076955169439316
    ],
    "pos_1": [
        0.019925111904740334,
        0.03147651255130768
    ],
    "neg_0": [
        2.296147346496582,
        2.336484670639038
    ],
    "neg_1": [
        3.351264476776123,
        3.323986768722534
    ],
    "abs_0": [
        97.68214416503906,
        2.34492564201355
    ],
    "abs_1": [
        96.6288070678711,
        3.322047472000122
    ],
    "tpr_0": [
        0.05528847873210907,
        0.09643350541591644
    ],
    "tpr_1": [
        0.053131092339754105,
        0.10147713124752045
    ],
    "fnr_0": [
        0.839191734790802,
        0.8245190978050232
    ],
    "fnr_1": [
        1.0492172241210938,
        1.268176555633545
    ],
    "par_0": [
        99.10552215576172,
        0.8507856130599976
    ],
    "par_1": [
        98.89764404296875,
        1.261030912399292
    ],
    "fpr_0": [
        0.010827981866896152,
        0.026989052072167397
    ],
    "fpr_1": [
        0.011263602413237095,
        0.024367142468690872
    ],
    "tnr_0": [
        2.7656543254852295,
        2.8664538860321045
    ],
    "tnr_1": [
        3.95892333984375,
        3.8917925357818604
    ],
    "nar_0": [
        97.2235107421875,
        2.868593454360962
    ],
    "nar_1": [
        96.02981567382812,
        3.8916373252868652
    ]
}