{
    "cov": [
        95.59732818603516,
        0.8911563754081726
    ],
    "acc": [
        83.16831970214844,
        0.40075045824050903
    ],
    "pos_0": [
        8.889087677001953,
        1.1702280044555664
    ],
    "pos_1": [
        7.411691188812256,
        0.9726130962371826
    ],
    "neg_0": [
        85.57470703125,
        1.0118688344955444
    ],
    "neg_1": [
        88.93596649169922,
        0.6814869046211243
    ],
    "abs_0": [
        5.536203384399414,
        1.044194221496582
    ],
    "abs_1": [
        3.652345895767212,
        0.9673842191696167
    ],
    "tpr_0": [
        26.56315040588379,
        3.2528586387634277
    ],
    "tpr_1": [
        25.70895004272461,
        3.2784388065338135
    ],
    "fnr_0": [
        60.4866828918457,
        2.413301706314087
    ],
    "fnr_1": [
        64.29387664794922,
        1.7898147106170654
    ],
    "par_0": [
        12.950162887573242,
        2.7561144828796387
    ],
    "par_1": [
        9.99716854095459,
        3.3044493198394775
    ],
    "fpr_0": [
        3.277994394302368,
        0.6097769737243652
    ],
    "fpr_1": [
        2.601790428161621,
        0.4516231119632721
    ],
    "tnr_0": [
        93.5438461303711,
        0.7349473237991333
    ],
    "tnr_1": [
        95.41730499267578,
        0.4832141399383545
    ],
    "nar_0": [
        3.1781554222106934,
        0.6184902787208557
    ],
    "nar_1": [
        1.9809134006500244,
        0.44967177510261536
    ]
}