{
    "cov": [
        73.56266784667969,
        7.027292251586914
    ],
    "acc": [
        87.03297424316406,
        0.9561238884925842
    ],
    "pos_0": [
        0.9731184244155884,
        0.6124001741409302
    ],
    "pos_1": [
        0.5084653496742249,
        0.357349693775177
    ],
    "neg_0": [
        68.1461181640625,
        8.4865140914917
    ],
    "neg_1": [
        75.98428344726562,
        6.324892044067383
    ],
    "abs_0": [
        30.880765914916992,
        8.6246337890625
    ],
    "abs_1": [
        23.50724983215332,
        6.493875503540039
    ],
    "tpr_0": [
        3.0412750244140625,
        1.9800540208816528
    ],
    "tpr_1": [
        1.7520705461502075,
        1.370853304862976
    ],
    "fnr_0": [
        38.72660446166992,
        6.671856880187988
    ],
    "fnr_1": [
        45.34328842163086,
        6.642256259918213
    ],
    "par_0": [
        58.23211669921875,
        7.117698669433594
    ],
    "par_1": [
        52.90463638305664,
        7.191962242126465
    ],
    "fpr_0": [
        0.31635406613349915,
        0.19879195094108582
    ],
    "fpr_1": [
        0.18148738145828247,
        0.11247983574867249
    ],
    "tnr_0": [
        77.49358367919922,
        9.169013977050781
    ],
    "tnr_1": [
        84.03644561767578,
        6.374232292175293
    ],
    "nar_0": [
        22.190053939819336,
        9.205636978149414
    ],
    "nar_1": [
        15.782072067260742,
        6.445362567901611
    ]
}