{
    "cov": [
        40.214664459228516,
        17.35971450805664
    ],
    "acc": [
        89.69654083251953,
        1.5731871128082275
    ],
    "pos_0": [
        0.2577097713947296,
        0.20221611857414246
    ],
    "pos_1": [
        0.12400303781032562,
        0.10758794844150543
    ],
    "neg_0": [
        33.332706451416016,
        15.21824836730957
    ],
    "neg_1": [
        44.4507942199707,
        19.200532913208008
    ],
    "abs_0": [
        66.40957641601562,
        15.260048866271973
    ],
    "abs_1": [
        55.425193786621094,
        19.19349479675293
    ],
    "tpr_0": [
        0.7649509906768799,
        0.6605279445648193
    ],
    "tpr_1": [
        0.40565916895866394,
        0.3867071270942688
    ],
    "fnr_0": [
        15.663042068481445,
        8.492486953735352
    ],
    "fnr_1": [
        22.188573837280273,
        12.240702629089355
    ],
    "par_0": [
        83.5719985961914,
        8.67105770111084
    ],
    "par_1": [
        77.40576171875,
        12.23675537109375
    ],
    "fpr_0": [
        0.09725175052881241,
        0.08464469015598297
    ],
    "fpr_1": [
        0.050130367279052734,
        0.04612603411078453
    ],
    "tnr_0": [
        38.954994201660156,
        17.390268325805664
    ],
    "tnr_1": [
        50.31167984008789,
        21.132944107055664
    ],
    "nar_0": [
        60.94775390625,
        17.390714645385742
    ],
    "nar_1": [
        49.638187408447266,
        21.1231689453125
    ]
}