{
    "cov": [
        79.0306625366211,
        1.332905888557434
    ],
    "acc": [
        86.37403869628906,
        0.46320095658302307
    ],
    "pos_0": [
        1.663554072380066,
        0.43155303597450256
    ],
    "pos_1": [
        1.0136886835098267,
        0.2202826291322708
    ],
    "neg_0": [
        73.97799682617188,
        1.3181477785110474
    ],
    "neg_1": [
        80.24958038330078,
        1.7477601766586304
    ],
    "abs_0": [
        24.358442306518555,
        1.1744577884674072
    ],
    "abs_1": [
        18.736736297607422,
        1.7325518131256104
    ],
    "tpr_0": [
        5.201377868652344,
        1.5315431356430054
    ],
    "tpr_1": [
        3.624666690826416,
        0.8600925207138062
    ],
    "fnr_0": [
        43.325965881347656,
        2.2568295001983643
    ],
    "fnr_1": [
        50.18219757080078,
        2.322857618331909
    ],
    "par_0": [
        51.47265625,
        1.8458560705184937
    ],
    "par_1": [
        46.19313430786133,
        2.274688720703125
    ],
    "fpr_0": [
        0.5406490564346313,
        0.1325460821390152
    ],
    "fpr_1": [
        0.3277944028377533,
        0.12860190868377686
    ],
    "tnr_0": [
        83.71675872802734,
        1.281105399131775
    ],
    "tnr_1": [
        88.1548843383789,
        1.7576789855957031
    ],
    "nar_0": [
        15.74259090423584,
        1.214121699333191
    ],
    "nar_1": [
        11.51732063293457,
        1.7554186582565308
    ]
}