{
    "cov": [
        22.56399917602539,
        14.882024765014648
    ],
    "acc": [
        90.3624267578125,
        1.2446353435516357
    ],
    "pos_0": [
        0.0,
        0.0
    ],
    "pos_1": [
        0.0,
        0.0
    ],
    "neg_0": [
        23.684946060180664,
        14.821969985961914
    ],
    "neg_1": [
        21.821374893188477,
        15.289827346801758
    ],
    "abs_0": [
        76.31504821777344,
        14.82197093963623
    ],
    "abs_1": [
        78.17861938476562,
        15.289827346801758
    ],
    "tpr_0": [
        0.0,
        0.0
    ],
    "tpr_1": [
        0.0,
        0.0
    ],
    "fnr_0": [
        10.581161499023438,
        7.70298433303833
    ],
    "fnr_1": [
        9.64982795715332,
        7.72447395324707
    ],
    "par_0": [
        89.41883850097656,
        7.7029852867126465
    ],
    "par_1": [
        90.35016632080078,
        7.724472522735596
    ],
    "fpr_0": [
        0.0,
        0.0
    ],
    "fpr_1": [
        0.0,
        0.0
    ],
    "tnr_0": [
        27.86796760559082,
        17.166221618652344
    ],
    "tnr_1": [
        25.029945373535156,
        17.3588924407959
    ],
    "nar_0": [
        72.13202667236328,
        17.166223526000977
    ],
    "nar_1": [
        74.97004699707031,
        17.358890533447266
    ]
}