{
    "cov": [
        94.44332885742188,
        2.4672675132751465
    ],
    "acc": [
        82.04593658447266,
        0.9212191104888916
    ],
    "pos_0": [
        4.255080699920654,
        1.9686975479125977
    ],
    "pos_1": [
        4.067211627960205,
        2.003999710083008
    ],
    "neg_0": [
        90.0112075805664,
        1.2083563804626465
    ],
    "neg_1": [
        90.49747467041016,
        1.7444984912872314
    ],
    "abs_0": [
        5.733704566955566,
        2.4786150455474854
    ],
    "abs_1": [
        5.435305118560791,
        2.6534225940704346
    ],
    "tpr_0": [
        12.775164604187012,
        5.868907928466797
    ],
    "tpr_1": [
        13.474390983581543,
        6.389861106872559
    ],
    "fnr_0": [
        72.1016616821289,
        3.548983097076416
    ],
    "fnr_1": [
        70.50796508789062,
        4.612098217010498
    ],
    "par_0": [
        15.123175621032715,
        7.20647668838501
    ],
    "par_1": [
        16.017637252807617,
        8.268792152404785
    ],
    "fpr_0": [
        1.5489733219146729,
        0.7810727953910828
    ],
    "fpr_1": [
        1.5805604457855225,
        0.8485351204872131
    ],
    "tnr_0": [
        95.69953155517578,
        0.5491480827331543
    ],
    "tnr_1": [
        95.75566101074219,
        1.0771007537841797
    ],
    "nar_0": [
        2.7514984607696533,
        1.0540295839309692
    ],
    "nar_1": [
        2.663775682449341,
        1.3070521354675293
    ]
}