{
    "cov": [
        92.83199310302734,
        1.413493037223816
    ],
    "acc": [
        83.2611083984375,
        0.8498680591583252
    ],
    "pos_0": [
        5.952120304107666,
        1.0172268152236938
    ],
    "pos_1": [
        4.831599235534668,
        1.0588046312332153
    ],
    "neg_0": [
        85.59561157226562,
        1.810687780380249
    ],
    "neg_1": [
        88.85161590576172,
        1.4153869152069092
    ],
    "abs_0": [
        8.452261924743652,
        1.7623498439788818
    ],
    "abs_1": [
        6.316775798797607,
        1.3692532777786255
    ],
    "tpr_0": [
        17.873682022094727,
        3.197421073913574
    ],
    "tpr_1": [
        16.902952194213867,
        3.4387850761413574
    ],
    "fnr_0": [
        61.569061279296875,
        4.253422260284424
    ],
    "fnr_1": [
        65.37561798095703,
        4.0484747886657715
    ],
    "par_0": [
        20.557254791259766,
        3.550553798675537
    ],
    "par_1": [
        17.72142791748047,
        4.224423408508301
    ],
    "fpr_0": [
        2.1706581115722656,
        0.4527687728404999
    ],
    "fpr_1": [
        1.652585744857788,
        0.44500911235809326
    ],
    "tnr_0": [
        93.22172546386719,
        1.2785745859146118
    ],
    "tnr_1": [
        95.02204895019531,
        0.7963727712631226
    ],
    "nar_0": [
        4.607614517211914,
        1.3370941877365112
    ],
    "nar_1": [
        3.325360059738159,
        0.7338135838508606
    ]
}