{
    "cov": [
        96.23866271972656,
        0.9839420914649963
    ],
    "acc": [
        82.9950942993164,
        0.38997507095336914
    ],
    "pos_0": [
        9.258906364440918,
        1.1042070388793945
    ],
    "pos_1": [
        7.814037322998047,
        0.8787423968315125
    ],
    "neg_0": [
        85.8428726196289,
        0.8578919768333435
    ],
    "neg_1": [
        89.1749267578125,
        0.8142632246017456
    ],
    "abs_0": [
        4.898217678070068,
        1.0782907009124756
    ],
    "abs_1": [
        3.0110292434692383,
        1.0880281925201416
    ],
    "tpr_0": [
        27.482181549072266,
        3.031332015991211
    ],
    "tpr_1": [
        27.024789810180664,
        3.085707664489746
    ],
    "fnr_0": [
        61.090576171875,
        2.1063215732574463
    ],
    "fnr_1": [
        64.90059661865234,
        1.9392433166503906
    ],
    "par_0": [
        11.427238464355469,
        2.8712809085845947
    ],
    "par_1": [
        8.074617385864258,
        3.406385898590088
    ],
    "fpr_0": [
        3.474979877471924,
        0.6191470623016357
    ],
    "fpr_1": [
        2.7677266597747803,
        0.4202101230621338
    ],
    "tnr_0": [
        93.7030258178711,
        0.6914512515068054
    ],
    "tnr_1": [
        95.55912780761719,
        0.6043243408203125
    ],
    "nar_0": [
        2.8219926357269287,
        0.6291177272796631
    ],
    "nar_1": [
        1.6731438636779785,
        0.5468878149986267
    ]
}