{
    "cov": [
        76.64799499511719,
        3.9314231872558594
    ],
    "acc": [
        86.33445739746094,
        0.6935757994651794
    ],
    "pos_0": [
        0.0,
        0.0
    ],
    "pos_1": [
        0.0,
        0.0
    ],
    "neg_0": [
        75.53468322753906,
        3.402449131011963
    ],
    "neg_1": [
        77.39088439941406,
        4.85980749130249
    ],
    "abs_0": [
        24.465316772460938,
        3.4024486541748047
    ],
    "abs_1": [
        22.609113693237305,
        4.859806537628174
    ],
    "tpr_0": [
        0.0,
        0.0
    ],
    "tpr_1": [
        0.0,
        0.0
    ],
    "fnr_0": [
        46.92733383178711,
        3.992644786834717
    ],
    "fnr_1": [
        47.79426193237305,
        4.8694353103637695
    ],
    "par_0": [
        53.07266616821289,
        3.992644786834717
    ],
    "par_1": [
        52.20573425292969,
        4.869435787200928
    ],
    "fpr_0": [
        0.0,
        0.0
    ],
    "fpr_1": [
        0.0,
        0.0
    ],
    "tnr_0": [
        84.62622833251953,
        3.537616014480591
    ],
    "tnr_1": [
        85.1771240234375,
        4.968530178070068
    ],
    "nar_0": [
        15.37377643585205,
        3.5376148223876953
    ],
    "nar_1": [
        14.822872161865234,
        4.968528747558594
    ]
}