{
    "cov": [
        2.3299999237060547,
        1.2563728094100952
    ],
    "acc": [
        92.4190902709961,
        1.9603749513626099
    ],
    "pos_0": [
        0.0,
        0.0
    ],
    "pos_1": [
        0.0,
        0.0
    ],
    "neg_0": [
        3.142573833465576,
        1.7907816171646118
    ],
    "neg_1": [
        1.7891532182693481,
        1.225014090538025
    ],
    "abs_0": [
        96.857421875,
        1.7907805442810059
    ],
    "abs_1": [
        98.21084594726562,
        1.2250150442123413
    ],
    "tpr_0": [
        0.0,
        0.0
    ],
    "tpr_1": [
        0.0,
        0.0
    ],
    "fnr_0": [
        1.0772135257720947,
        0.7363463640213013
    ],
    "fnr_1": [
        0.6528889536857605,
        0.5592480897903442
    ],
    "par_0": [
        98.92279052734375,
        0.7363463044166565
    ],
    "par_1": [
        99.34710693359375,
        0.5592469573020935
    ],
    "fpr_0": [
        0.0,
        0.0
    ],
    "fpr_1": [
        0.0,
        0.0
    ],
    "tnr_0": [
        3.7940826416015625,
        2.131147861480713
    ],
    "tnr_1": [
        2.086934804916382,
        1.4073820114135742
    ],
    "nar_0": [
        96.20591735839844,
        2.131148338317871
    ],
    "nar_1": [
        97.9130630493164,
        1.4073816537857056
    ]
}