{
    "cov": [
        0.007333332672715187,
        0.01084401085972786
    ],
    "acc": [
        36.0,
        48.98979568481445
    ],
    "pos_0": [
        0.0,
        0.0
    ],
    "pos_1": [
        0.0,
        0.0
    ],
    "neg_0": [
        0.0,
        0.0
    ],
    "neg_1": [
        0.01209352072328329,
        0.01785922795534134
    ],
    "abs_0": [
        100.0,
        0.0
    ],
    "abs_1": [
        99.98790740966797,
        0.01785914972424507
    ],
    "tpr_0": [
        0.0,
        0.0
    ],
    "tpr_1": [
        0.0,
        0.0
    ],
    "fnr_0": [
        0.0,
        0.0
    ],
    "fnr_1": [
        0.0,
        0.0
    ],
    "par_0": [
        100.0,
        0.0
    ],
    "par_1": [
        100.0,
        0.0
    ],
    "fpr_0": [
        0.0,
        0.0
    ],
    "fpr_1": [
        0.0,
        0.0
    ],
    "tnr_0": [
        0.0,
        0.0
    ],
    "tnr_1": [
        0.015265190042555332,
        0.02255425788462162
    ],
    "nar_0": [
        100.0,
        0.0
    ],
    "nar_1": [
        99.98473358154297,
        0.022553490474820137
    ]
}