{
    "cov": [
        10.742667198181152,
        8.873541831970215
    ],
    "acc": [
        91.62968444824219,
        1.4008926153182983
    ],
    "pos_0": [
        0.12872937321662903,
        0.16391688585281372
    ],
    "pos_1": [
        0.05288945883512497,
        0.08469294011592865
    ],
    "neg_0": [
        8.142461776733398,
        7.466733932495117
    ],
    "neg_1": [
        12.323087692260742,
        10.112730026245117
    ],
    "abs_0": [
        91.72880554199219,
        7.508971214294434
    ],
    "abs_1": [
        87.6240234375,
        10.131274223327637
    ],
    "tpr_0": [
        0.4153495728969574,
        0.6001133322715759
    ],
    "tpr_1": [
        0.16365079581737518,
        0.2344111055135727
    ],
    "fnr_0": [
        3.125412940979004,
        3.1392457485198975
    ],
    "fnr_1": [
        4.804049491882324,
        4.306762218475342
    ],
    "par_0": [
        96.45923614501953,
        3.349487066268921
    ],
    "par_1": [
        95.03230285644531,
        4.352768421173096
    ],
    "fpr_0": [
        0.037678223103284836,
        0.05231330543756485
    ],
    "fpr_1": [
        0.023652419447898865,
        0.05008266121149063
    ],
    "tnr_0": [
        9.746652603149414,
        8.888655662536621
    ],
    "tnr_1": [
        14.30684757232666,
        11.687191009521484
    ],
    "nar_0": [
        90.2156753540039,
        8.882637023925781
    ],
    "nar_1": [
        85.66950225830078,
        11.701526641845703
    ]
}