{
    "cov": [
        45.45532989501953,
        10.0277099609375
    ],
    "acc": [
        88.14265441894531,
        0.8957016468048096
    ],
    "pos_0": [
        0.0,
        0.0
    ],
    "pos_1": [
        0.0,
        0.0
    ],
    "neg_0": [
        45.579036712646484,
        9.842692375183105
    ],
    "neg_1": [
        45.3708381652832,
        10.500265121459961
    ],
    "abs_0": [
        54.42095947265625,
        9.842692375183105
    ],
    "abs_1": [
        54.62915802001953,
        10.500265121459961
    ],
    "tpr_0": [
        0.0,
        0.0
    ],
    "tpr_1": [
        0.0,
        0.0
    ],
    "fnr_0": [
        24.1177978515625,
        6.5452375411987305
    ],
    "fnr_1": [
        24.784828186035156,
        6.460373401641846
    ],
    "par_0": [
        75.8822021484375,
        6.545239448547363
    ],
    "par_1": [
        75.21517181396484,
        6.460373878479004
    ],
    "fpr_0": [
        0.0,
        0.0
    ],
    "fpr_1": [
        0.0,
        0.0
    ],
    "tnr_0": [
        52.40110397338867,
        10.99521255493164
    ],
    "tnr_1": [
        50.77253341674805,
        11.634771347045898
    ],
    "nar_0": [
        47.59889602661133,
        10.99521255493164
    ],
    "nar_1": [
        49.22746658325195,
        11.634771347045898
    ]
}