{
    "cov": [
        0.20133331418037415,
        0.32249459624290466
    ],
    "acc": [
        72.83924102783203,
        39.123233795166016
    ],
    "pos_0": [
        0.0,
        0.0
    ],
    "pos_1": [
        0.0,
        0.0
    ],
    "neg_0": [
        0.12324118614196777,
        0.22094635665416718
    ],
    "neg_1": [
        0.25286585092544556,
        0.39883866906166077
    ],
    "abs_0": [
        99.87675476074219,
        0.2209467738866806
    ],
    "abs_1": [
        99.74712371826172,
        0.39883866906166077
    ],
    "tpr_0": [
        0.0,
        0.0
    ],
    "tpr_1": [
        0.0,
        0.0
    ],
    "fnr_0": [
        0.055825259536504745,
        0.12001769989728928
    ],
    "fnr_1": [
        0.08133203536272049,
        0.13569988310337067
    ],
    "par_0": [
        99.94416809082031,
        0.12001805752515793
    ],
    "par_1": [
        99.91866302490234,
        0.1357007771730423
    ],
    "fpr_0": [
        0.0,
        0.0
    ],
    "fpr_1": [
        0.0,
        0.0
    ],
    "tnr_0": [
        0.14518001675605774,
        0.2712323069572449
    ],
    "tnr_1": [
        0.2973998486995697,
        0.4702931046485901
    ],
    "nar_0": [
        99.85482025146484,
        0.27123314142227173
    ],
    "nar_1": [
        99.70259857177734,
        0.47029417753219604
    ]
}