{
    "cov": [
        13.298666954040527,
        4.760220527648926
    ],
    "acc": [
        93.34941864013672,
        1.2445192337036133
    ],
    "pos_0": [
        0.08931072801351547,
        0.11192000657320023
    ],
    "pos_1": [
        0.05315665155649185,
        0.05432489886879921
    ],
    "neg_0": [
        10.062146186828613,
        2.2880380153656006
    ],
    "neg_1": [
        15.319772720336914,
        6.403597831726074
    ],
    "abs_0": [
        89.84854125976562,
        2.3740429878234863
    ],
    "abs_1": [
        84.62706756591797,
        6.427100658416748
    ],
    "tpr_0": [
        0.2930869162082672,
        0.3561669588088989
    ],
    "tpr_1": [
        0.19640403985977173,
        0.17723819613456726
    ],
    "fnr_0": [
        2.701293468475342,
        0.8510082364082336
    ],
    "fnr_1": [
        5.130129337310791,
        3.373537063598633
    ],
    "par_0": [
        97.005615234375,
        1.1409469842910767
    ],
    "par_1": [
        94.6734619140625,
        3.437175989151001
    ],
    "fpr_0": [
        0.0244338009506464,
        0.04307851567864418
    ],
    "fpr_1": [
        0.015375117771327496,
        0.03048592247068882
    ],
    "tnr_0": [
        12.403051376342773,
        2.806945562362671
    ],
    "tnr_1": [
        18.004638671875,
        7.252892017364502
    ],
    "nar_0": [
        87.57251739501953,
        2.829920530319214
    ],
    "nar_1": [
        81.97998046875,
        7.263597011566162
    ]
}