{
    "cov": [
        87.73866271972656,
        0.6915773153305054
    ],
    "acc": [
        84.77788543701172,
        0.42077818512916565
    ],
    "pos_0": [
        4.949626922607422,
        0.755897045135498
    ],
    "pos_1": [
        3.3180973529815674,
        0.6859477758407593
    ],
    "neg_0": [
        81.71269989013672,
        1.0408287048339844
    ],
    "neg_1": [
        85.1336898803711,
        0.6544381976127625
    ],
    "abs_0": [
        13.337674140930176,
        0.9713435173034668
    ],
    "abs_1": [
        11.548205375671387,
        0.7882075309753418
    ],
    "tpr_0": [
        15.351987838745117,
        2.457314968109131
    ],
    "tpr_1": [
        11.884175300598145,
        2.4387154579162598
    ],
    "fnr_0": [
        53.86412811279297,
        1.9795160293579102
    ],
    "fnr_1": [
        57.30012512207031,
        1.236204743385315
    ],
    "par_0": [
        30.78388023376465,
        2.144318103790283
    ],
    "par_1": [
        30.815696716308594,
        2.884066581726074
    ],
    "fpr_0": [
        1.647798776626587,
        0.32194921374320984
    ],
    "fpr_1": [
        1.0655850172042847,
        0.26071247458457947
    ],
    "tnr_0": [
        90.56089782714844,
        0.9733186960220337
    ],
    "tnr_1": [
        92.45236206054688,
        0.6458672881126404
    ],
    "nar_0": [
        7.791301250457764,
        0.8710232973098755
    ],
    "nar_1": [
        6.482054233551025,
        0.5687471032142639
    ]
}