{
    "cov": [
        80.40266418457031,
        4.980758190155029
    ],
    "acc": [
        85.50531768798828,
        0.6915144324302673
    ],
    "pos_0": [
        0.5478890538215637,
        0.3803372383117676
    ],
    "pos_1": [
        0.3209390938282013,
        0.2001281976699829
    ],
    "neg_0": [
        78.89447021484375,
        4.308432102203369
    ],
    "neg_1": [
        80.71781921386719,
        5.509735584259033
    ],
    "abs_0": [
        20.557636260986328,
        4.380238056182861
    ],
    "abs_1": [
        18.961240768432617,
        5.554196834564209
    ],
    "tpr_0": [
        1.6588140726089478,
        1.1500171422958374
    ],
    "tpr_1": [
        1.0618691444396973,
        0.700618326663971
    ],
    "fnr_0": [
        51.53258514404297,
        4.901028633117676
    ],
    "fnr_1": [
        52.73295211791992,
        5.274939060211182
    ],
    "par_0": [
        46.80859375,
        5.137807846069336
    ],
    "par_1": [
        46.20518112182617,
        5.365872859954834
    ],
    "fpr_0": [
        0.1962011307477951,
        0.16685324907302856
    ],
    "fpr_1": [
        0.12436690926551819,
        0.07557840645313263
    ],
    "tnr_0": [
        87.58439636230469,
        4.332992076873779
    ],
    "tnr_1": [
        88.0841293334961,
        5.7731428146362305
    ],
    "nar_0": [
        12.219412803649902,
        4.359100341796875
    ],
    "nar_1": [
        11.791496276855469,
        5.793936729431152
    ]
}