{
    "cov": [
        56.335330963134766,
        10.08799934387207
    ],
    "acc": [
        86.35888671875,
        0.74251788854599
    ],
    "pos_0": [
        0.24800164997577667,
        0.21820354461669922
    ],
    "pos_1": [
        0.15830259025096893,
        0.1270807683467865
    ],
    "neg_0": [
        56.789188385009766,
        10.434507369995117
    ],
    "neg_1": [
        55.705169677734375,
        10.217514991760254
    ],
    "abs_0": [
        42.96281051635742,
        10.496975898742676
    ],
    "abs_1": [
        44.13652420043945,
        10.213993072509766
    ],
    "tpr_0": [
        0.6904049515724182,
        0.6941414475440979
    ],
    "tpr_1": [
        0.5248721241950989,
        0.40744882822036743
    ],
    "fnr_0": [
        33.843727111816406,
        6.859959125518799
    ],
    "fnr_1": [
        34.86289596557617,
        6.34571647644043
    ],
    "par_0": [
        65.46586608886719,
        7.022311210632324
    ],
    "par_1": [
        64.61222839355469,
        6.279129981994629
    ],
    "fpr_0": [
        0.10789031535387039,
        0.10030212253332138
    ],
    "fpr_1": [
        0.06143897399306297,
        0.0646422952413559
    ],
    "tnr_0": [
        64.07817840576172,
        11.680974006652832
    ],
    "tnr_1": [
        61.1825065612793,
        11.316322326660156
    ],
    "nar_0": [
        35.813926696777344,
        11.710092544555664
    ],
    "nar_1": [
        38.75605010986328,
        11.32264232635498
    ]
}