{
    "cov": [
        87.4266586303711,
        0.930999219417572
    ],
    "acc": [
        84.8172836303711,
        0.441781222820282
    ],
    "pos_0": [
        4.722480773925781,
        1.0720114707946777
    ],
    "pos_1": [
        2.9440338611602783,
        0.7246810793876648
    ],
    "neg_0": [
        81.58879089355469,
        0.943838894367218
    ],
    "neg_1": [
        85.21935272216797,
        0.6723427176475525
    ],
    "abs_0": [
        13.688722610473633,
        1.1713383197784424
    ],
    "abs_1": [
        11.836604118347168,
        0.9725404381752014
    ],
    "tpr_0": [
        14.577789306640625,
        3.4395124912261963
    ],
    "tpr_1": [
        10.598424911499023,
        2.582695960998535
    ],
    "fnr_0": [
        53.666053771972656,
        1.9832981824874878
    ],
    "fnr_1": [
        57.442073822021484,
        1.1867773532867432
    ],
    "par_0": [
        31.75615119934082,
        3.5094645023345947
    ],
    "par_1": [
        31.959501266479492,
        3.061171770095825
    ],
    "fpr_0": [
        1.5916483402252197,
        0.3923569321632385
    ],
    "fpr_1": [
        0.9320774674415588,
        0.2728518545627594
    ],
    "tnr_0": [
        90.4593734741211,
        0.8684481382369995
    ],
    "tnr_1": [
        92.52288818359375,
        0.6875782608985901
    ],
    "nar_0": [
        7.948974609375,
        0.7786445021629333
    ],
    "nar_1": [
        6.545036315917969,
        0.6967809200286865
    ]
}