{
    "cov": [
        77.95866394042969,
        4.510776042938232
    ],
    "acc": [
        86.1431655883789,
        0.6229555606842041
    ],
    "pos_0": [
        1.0819261074066162,
        0.4374885559082031
    ],
    "pos_1": [
        0.5765671730041504,
        0.24518413841724396
    ],
    "neg_0": [
        76.77898406982422,
        3.758272886276245
    ],
    "neg_1": [
        77.43743133544922,
        5.152885913848877
    ],
    "abs_0": [
        22.13909149169922,
        3.8313279151916504
    ],
    "abs_1": [
        21.98599624633789,
        5.169632434844971
    ],
    "tpr_0": [
        3.325207233428955,
        1.472849726676941
    ],
    "tpr_1": [
        2.0470407009124756,
        0.9873692989349365
    ],
    "fnr_0": [
        47.65833282470703,
        3.911816358566284
    ],
    "fnr_1": [
        48.18585205078125,
        4.719540596008301
    ],
    "par_0": [
        49.01646041870117,
        4.148314952850342
    ],
    "par_1": [
        49.76710510253906,
        4.6846699714660645
    ],
    "fpr_0": [
        0.37124308943748474,
        0.1410619467496872
    ],
    "fpr_1": [
        0.18847693502902985,
        0.07405825704336166
    ],
    "tnr_0": [
        86.03028869628906,
        3.872426986694336
    ],
    "tnr_1": [
        85.129150390625,
        5.435617446899414
    ],
    "nar_0": [
        13.598464012145996,
        3.8878159523010254
    ],
    "nar_1": [
        14.68237018585205,
        5.446520805358887
    ]
}