{
    "cov": [
        90.90866088867188,
        1.8648511171340942
    ],
    "acc": [
        83.90486907958984,
        0.5835604667663574
    ],
    "pos_0": [
        4.3595147132873535,
        1.3324562311172485
    ],
    "pos_1": [
        4.248249530792236,
        1.3060662746429443
    ],
    "neg_0": [
        86.40474700927734,
        1.291651964187622
    ],
    "neg_1": [
        86.75920104980469,
        1.2541871070861816
    ],
    "abs_0": [
        9.23574161529541,
        1.8881456851959229
    ],
    "abs_1": [
        8.992552757263184,
        1.9477815628051758
    ],
    "tpr_0": [
        13.619354248046875,
        4.013184070587158
    ],
    "tpr_1": [
        15.120346069335938,
        4.558882713317871
    ],
    "fnr_0": [
        62.70747756958008,
        2.754862070083618
    ],
    "fnr_1": [
        60.16220474243164,
        2.243769645690918
    ],
    "par_0": [
        23.673160552978516,
        4.848166465759277
    ],
    "par_1": [
        24.71744155883789,
        5.537931442260742
    ],
    "fpr_0": [
        1.4100486040115356,
        0.5076722502708435
    ],
    "fpr_1": [
        1.3784945011138916,
        0.4468063712120056
    ],
    "tnr_0": [
        93.93032836914062,
        0.9629025459289551
    ],
    "tnr_1": [
        93.75265502929688,
        1.0684995651245117
    ],
    "nar_0": [
        4.659616470336914,
        1.0878515243530273
    ],
    "nar_1": [
        4.868842124938965,
        1.2018799781799316
    ]
}