{
    "cov": [
        5.845999717712402,
        4.334349155426025
    ],
    "acc": [
        89.36174774169922,
        2.9844119548797607
    ],
    "pos_0": [
        0.03051929362118244,
        0.04166560620069504
    ],
    "pos_1": [
        0.026524027809500694,
        0.03432855010032654
    ],
    "neg_0": [
        5.542691707611084,
        4.385175704956055
    ],
    "neg_1": [
        5.9979095458984375,
        4.3619384765625
    ],
    "abs_0": [
        94.42678833007812,
        4.3837409019470215
    ],
    "abs_1": [
        93.9755630493164,
        4.352301120758057
    ],
    "tpr_0": [
        0.06381288170814514,
        0.11321540921926498
    ],
    "tpr_1": [
        0.08639643341302872,
        0.11828811466693878
    ],
    "fnr_0": [
        2.2197930812835693,
        2.212631940841675
    ],
    "fnr_1": [
        3.2647581100463867,
        2.7356035709381104
    ],
    "par_0": [
        97.71639251708984,
        2.2353599071502686
    ],
    "par_1": [
        96.64884185791016,
        2.7043824195861816
    ],
    "fpr_0": [
        0.020062189549207687,
        0.03910737484693527
    ],
    "fpr_1": [
        0.011101890355348587,
        0.021738016977906227
    ],
    "tnr_0": [
        6.596729755401611,
        5.095914840698242
    ],
    "tnr_1": [
        6.716485500335693,
        4.8220343589782715
    ],
    "nar_0": [
        93.38320922851562,
        5.087209224700928
    ],
    "nar_1": [
        93.27242279052734,
        4.816553115844727
    ]
}