{
    "cov": [
        37.26333236694336,
        8.48084545135498
    ],
    "acc": [
        86.9203109741211,
        1.162909984588623
    ],
    "pos_0": [
        0.12088827043771744,
        0.09394065290689468
    ],
    "pos_1": [
        0.07644205540418625,
        0.06937771290540695
    ],
    "neg_0": [
        36.48984146118164,
        9.160676956176758
    ],
    "neg_1": [
        37.61563491821289,
        8.18288516998291
    ],
    "abs_0": [
        63.38926696777344,
        9.14394474029541
    ],
    "abs_1": [
        62.307918548583984,
        8.193582534790039
    ],
    "tpr_0": [
        0.3145116865634918,
        0.26245641708374023
    ],
    "tpr_1": [
        0.2625168561935425,
        0.2480020821094513
    ],
    "fnr_0": [
        20.32447624206543,
        6.365543842315674
    ],
    "fnr_1": [
        23.39725112915039,
        5.817648887634277
    ],
    "par_0": [
        79.36100769042969,
        6.329779148101807
    ],
    "par_1": [
        76.34022521972656,
        5.847573757171631
    ],
    "fpr_0": [
        0.05968637391924858,
        0.061307694762945175
    ],
    "fpr_1": [
        0.027951201424002647,
        0.03183833509683609
    ],
    "tnr_0": [
        41.61344528198242,
        10.112529754638672
    ],
    "tnr_1": [
        41.34674835205078,
        8.862542152404785
    ],
    "nar_0": [
        58.32686233520508,
        10.10280990600586
    ],
    "nar_1": [
        58.62529754638672,
        8.861346244812012
    ]
}