{
    "cov": [
        60.99400329589844,
        13.00418472290039
    ],
    "acc": [
        86.28560638427734,
        0.5806966423988342
    ],
    "pos_0": [
        0.270165354013443,
        0.2218090146780014
    ],
    "pos_1": [
        0.1660139411687851,
        0.12493091076612473
    ],
    "neg_0": [
        61.05559539794922,
        12.720394134521484
    ],
    "neg_1": [
        60.601131439208984,
        13.518850326538086
    ],
    "abs_0": [
        38.67423629760742,
        12.745991706848145
    ],
    "abs_1": [
        39.23285675048828,
        13.53392219543457
    ],
    "tpr_0": [
        0.7857668995857239,
        0.6711893081665039
    ],
    "tpr_1": [
        0.5569483637809753,
        0.4596976339817047
    ],
    "fnr_0": [
        36.68727493286133,
        8.521578788757324
    ],
    "fnr_1": [
        38.20590591430664,
        8.251646041870117
    ],
    "par_0": [
        62.52695846557617,
        8.602581024169922
    ],
    "par_1": [
        61.23713684082031,
        8.270157814025879
    ],
    "fpr_0": [
        0.1058669239282608,
        0.10610023885965347
    ],
    "fpr_1": [
        0.06267961114645004,
        0.0588732473552227
    ],
    "tnr_0": [
        68.78955078125,
        14.102307319641113
    ],
    "tnr_1": [
        66.47319793701172,
        14.852618217468262
    ],
    "nar_0": [
        31.10457420349121,
        14.111933708190918
    ],
    "nar_1": [
        33.464111328125,
        14.868205070495605
    ]
}