{
    "cov": [
        59.96999740600586,
        8.730050086975098
    ],
    "acc": [
        87.34198760986328,
        0.6989491581916809
    ],
    "pos_0": [
        0.0,
        0.0
    ],
    "pos_1": [
        0.0,
        0.0
    ],
    "neg_0": [
        59.79328155517578,
        9.091354370117188
    ],
    "neg_1": [
        60.1002311706543,
        8.908899307250977
    ],
    "abs_0": [
        40.20671844482422,
        9.091354370117188
    ],
    "abs_1": [
        39.89976501464844,
        8.908899307250977
    ],
    "tpr_0": [
        0.0,
        0.0
    ],
    "tpr_1": [
        0.0,
        0.0
    ],
    "fnr_0": [
        34.07406234741211,
        6.185506343841553
    ],
    "fnr_1": [
        34.582942962646484,
        5.7695231437683105
    ],
    "par_0": [
        65.9259262084961,
        6.18550443649292
    ],
    "par_1": [
        65.41705322265625,
        5.769525051116943
    ],
    "fpr_0": [
        0.0,
        0.0
    ],
    "fpr_1": [
        0.0,
        0.0
    ],
    "tnr_0": [
        67.968017578125,
        10.14072036743164
    ],
    "tnr_1": [
        66.80635833740234,
        9.815844535827637
    ],
    "nar_0": [
        32.031978607177734,
        10.140721321105957
    ],
    "nar_1": [
        33.19363784790039,
        9.815844535827637
    ]
}