{
    "cov": [
        86.99199676513672,
        2.1024258136749268
    ],
    "acc": [
        83.8924331665039,
        1.0001935958862305
    ],
    "pos_0": [
        0.3721199631690979,
        0.9910348653793335
    ],
    "pos_1": [
        0.33655619621276855,
        0.9102449417114258
    ],
    "neg_0": [
        85.6578598022461,
        2.3921940326690674
    ],
    "neg_1": [
        87.29347229003906,
        1.4942060708999634
    ],
    "abs_0": [
        13.970014572143555,
        2.797480821609497
    ],
    "abs_1": [
        12.36997127532959,
        1.8669573068618774
    ],
    "tpr_0": [
        1.13138747215271,
        2.906954288482666
    ],
    "tpr_1": [
        1.1661041975021362,
        3.1027920246124268
    ],
    "fnr_0": [
        63.12692642211914,
        5.656671524047852
    ],
    "fnr_1": [
        62.82392501831055,
        4.313724517822266
    ],
    "par_0": [
        35.74168395996094,
        6.815819263458252
    ],
    "par_1": [
        36.00996398925781,
        5.527247428894043
    ],
    "fpr_0": [
        0.1270783543586731,
        0.3797720670700073
    ],
    "fpr_1": [
        0.11972689628601074,
        0.3427732288837433
    ],
    "tnr_0": [
        92.80882263183594,
        1.4837369918823242
    ],
    "tnr_1": [
        93.7279052734375,
        0.8911736011505127
    ],
    "nar_0": [
        7.064095973968506,
        1.6304099559783936
    ],
    "nar_1": [
        6.152354717254639,
        1.0134098529815674
    ]
}