{
    "cov": [
        35.09000015258789,
        7.449286460876465
    ],
    "acc": [
        88.03435516357422,
        0.8722882866859436
    ],
    "pos_0": [
        0.37113189697265625,
        0.20011834800243378
    ],
    "pos_1": [
        0.21670879423618317,
        0.10924943536520004
    ],
    "neg_0": [
        34.62192916870117,
        7.666298866271973
    ],
    "neg_1": [
        34.93588638305664,
        7.472449779510498
    ],
    "abs_0": [
        65.0069351196289,
        7.697839260101318
    ],
    "abs_1": [
        64.84740447998047,
        7.494564533233643
    ],
    "tpr_0": [
        1.0569517612457275,
        0.6653155088424683
    ],
    "tpr_1": [
        0.7076780796051025,
        0.3883509337902069
    ],
    "fnr_0": [
        17.053203582763672,
        4.50736141204834
    ],
    "fnr_1": [
        19.71932029724121,
        4.217650890350342
    ],
    "par_0": [
        81.88984680175781,
        4.559088706970215
    ],
    "par_1": [
        79.572998046875,
        4.299276351928711
    ],
    "fpr_0": [
        0.15470346808433533,
        0.10192979127168655
    ],
    "fpr_1": [
        0.08779203146696091,
        0.053228698670864105
    ],
    "tnr_0": [
        40.205589294433594,
        8.7813720703125
    ],
    "tnr_1": [
        38.93000030517578,
        8.399848937988281
    ],
    "nar_0": [
        59.639705657958984,
        8.809642791748047
    ],
    "nar_1": [
        60.98220443725586,
        8.407209396362305
    ]
}