{
    "cov": [
        99.9739990234375,
        0.04591813683509827
    ],
    "acc": [
        80.81033325195312,
        0.9071678519248962
    ],
    "pos_0": [
        8.284433364868164,
        1.8970483541488647
    ],
    "pos_1": [
        7.213812828063965,
        2.1354527473449707
    ],
    "neg_0": [
        91.68380737304688,
        1.9125345945358276
    ],
    "neg_1": [
        92.7642593383789,
        2.1331229209899902
    ],
    "abs_0": [
        0.03175332769751549,
        0.058182407170534134
    ],
    "abs_1": [
        0.02193247340619564,
        0.06219018995761871
    ],
    "tpr_0": [
        23.951932907104492,
        5.414396286010742
    ],
    "tpr_1": [
        23.8856201171875,
        6.7356743812561035
    ],
    "fnr_0": [
        75.95175170898438,
        5.445573329925537
    ],
    "fnr_1": [
        76.0509033203125,
        6.720637798309326
    ],
    "par_0": [
        0.09631161391735077,
        0.22183793783187866
    ],
    "par_1": [
        0.0634726956486702,
        0.18774184584617615
    ],
    "fpr_0": [
        3.3223330974578857,
        0.9282652139663696
    ],
    "fpr_1": [
        2.8361098766326904,
        0.978398323059082
    ],
    "tnr_0": [
        96.66658020019531,
        0.9357595443725586
    ],
    "tnr_1": [
        97.15279388427734,
        0.9789642095565796
    ],
    "nar_0": [
        0.011086375452578068,
        0.02784608118236065
    ],
    "nar_1": [
        0.01109247375279665,
        0.031109146773815155
    ]
}