{
    "cov": [
        64.66466522216797,
        1.1525565385818481
    ],
    "acc": [
        86.46778106689453,
        0.5363903045654297
    ],
    "pos_0": [
        1.1070785522460938,
        0.33316296339035034
    ],
    "pos_1": [
        1.1077783107757568,
        0.2621263861656189
    ],
    "neg_0": [
        64.66622161865234,
        1.1049383878707886
    ],
    "neg_1": [
        62.834007263183594,
        1.8761060237884521
    ],
    "abs_0": [
        34.22669982910156,
        1.1492536067962646
    ],
    "abs_1": [
        36.0582160949707,
        1.8868697881698608
    ],
    "tpr_0": [
        3.284949541091919,
        1.221153736114502
    ],
    "tpr_1": [
        3.8709423542022705,
        0.909919798374176
    ],
    "fnr_0": [
        38.079715728759766,
        2.1649556159973145
    ],
    "fnr_1": [
        38.288143157958984,
        1.8185640573501587
    ],
    "par_0": [
        58.635337829589844,
        2.8025338649749756
    ],
    "par_1": [
        57.840911865234375,
        1.9115937948226929
    ],
    "fpr_0": [
        0.41615524888038635,
        0.18145686388015747
    ],
    "fpr_1": [
        0.3889327645301819,
        0.15333442389965057
    ],
    "tnr_0": [
        73.13385009765625,
        1.2779626846313477
    ],
    "tnr_1": [
        69.25282287597656,
        2.181018829345703
    ],
    "nar_0": [
        26.44998550415039,
        1.2621933221817017
    ],
    "nar_1": [
        30.35824203491211,
        2.1959333419799805
    ]
}