{
    "cov": [
        66.62133026123047,
        7.287929058074951
    ],
    "acc": [
        86.94825744628906,
        0.6933671236038208
    ],
    "pos_0": [
        0.7470179796218872,
        0.28080156445503235
    ],
    "pos_1": [
        0.47118276357650757,
        0.22254860401153564
    ],
    "neg_0": [
        67.72154235839844,
        7.432510852813721
    ],
    "neg_1": [
        64.935546875,
        7.466250896453857
    ],
    "abs_0": [
        31.53143882751465,
        7.528791427612305
    ],
    "abs_1": [
        34.59326934814453,
        7.480260848999023
    ],
    "tpr_0": [
        2.2240912914276123,
        0.8444073796272278
    ],
    "tpr_1": [
        1.5811889171600342,
        0.8333382606506348
    ],
    "fnr_0": [
        39.3416633605957,
        5.68380880355835
    ],
    "fnr_1": [
        38.00994873046875,
        5.040390491485596
    ],
    "par_0": [
        58.434242248535156,
        5.846359729766846
    ],
    "par_1": [
        60.40885543823242,
        5.18995475769043
    ],
    "fpr_0": [
        0.27845850586891174,
        0.12568345665931702
    ],
    "fpr_1": [
        0.17740720510482788,
        0.07838720083236694
    ],
    "tnr_0": [
        76.74077606201172,
        8.237109184265137
    ],
    "tnr_1": [
        72.01629638671875,
        8.18859577178955
    ],
    "nar_0": [
        22.98076057434082,
        8.285405158996582
    ],
    "nar_1": [
        27.80628776550293,
        8.169920921325684
    ]
}