{
    "cov": [
        85.09800720214844,
        2.542450428009033
    ],
    "acc": [
        84.56097412109375,
        0.9350181221961975
    ],
    "pos_0": [
        0.0,
        0.0
    ],
    "pos_1": [
        0.0,
        0.0
    ],
    "neg_0": [
        83.74028778076172,
        3.051922559738159
    ],
    "neg_1": [
        85.98540496826172,
        2.33894681930542
    ],
    "abs_0": [
        16.25971221923828,
        3.0519230365753174
    ],
    "abs_1": [
        14.014596939086914,
        2.3389456272125244
    ],
    "tpr_0": [
        0.0,
        0.0
    ],
    "tpr_1": [
        0.0,
        0.0
    ],
    "fnr_0": [
        58.890907287597656,
        6.196139812469482
    ],
    "fnr_1": [
        59.92314147949219,
        5.233768939971924
    ],
    "par_0": [
        41.109092712402344,
        6.196139812469482
    ],
    "par_1": [
        40.07685089111328,
        5.233769416809082
    ],
    "fpr_0": [
        0.0,
        0.0
    ],
    "fpr_1": [
        0.0,
        0.0
    ],
    "tnr_0": [
        91.64679718017578,
        2.0534939765930176
    ],
    "tnr_1": [
        92.83901977539062,
        1.6278170347213745
    ],
    "nar_0": [
        8.353193283081055,
        2.053493022918701
    ],
    "nar_1": [
        7.160971641540527,
        1.6278178691864014
    ]
}