{
    "cov": [
        96.29666137695312,
        1.0941987037658691
    ],
    "acc": [
        82.29953002929688,
        0.7818113565444946
    ],
    "pos_0": [
        8.1672945022583,
        1.0819531679153442
    ],
    "pos_1": [
        6.094796657562256,
        0.9099465012550354
    ],
    "neg_0": [
        87.54597473144531,
        1.5588072538375854
    ],
    "neg_1": [
        90.58919525146484,
        1.128484845161438
    ],
    "abs_0": [
        4.286727428436279,
        1.476838231086731
    ],
    "abs_1": [
        3.3160009384155273,
        1.174638271331787
    ],
    "tpr_0": [
        23.95832061767578,
        3.151930570602417
    ],
    "tpr_1": [
        20.838613510131836,
        3.188633918762207
    ],
    "fnr_0": [
        65.55219268798828,
        3.9822824001312256
    ],
    "fnr_1": [
        69.78980255126953,
        3.428978443145752
    ],
    "par_0": [
        10.48948860168457,
        3.3454835414886475
    ],
    "par_1": [
        9.371577262878418,
        3.375936269760132
    ],
    "fpr_0": [
        3.148391008377075,
        0.5421453714370728
    ],
    "fpr_1": [
        2.22507381439209,
        0.4511367678642273
    ],
    "tnr_0": [
        94.53656768798828,
        0.8678624629974365
    ],
    "tnr_1": [
        96.05187225341797,
        0.6859942078590393
    ],
    "nar_0": [
        2.3150384426116943,
        0.9010437726974487
    ],
    "nar_1": [
        1.7230474948883057,
        0.6543046832084656
    ]
}