{
    "cov": [
        79.09600830078125,
        0.7089910507202148
    ],
    "acc": [
        85.6456069946289,
        0.5656440854072571
    ],
    "pos_0": [
        1.2690906524658203,
        0.3790212869644165
    ],
    "pos_1": [
        1.260986089706421,
        0.21052049100399017
    ],
    "neg_0": [
        77.93516540527344,
        1.0601915121078491
    ],
    "neg_1": [
        77.76874542236328,
        0.8587774634361267
    ],
    "abs_0": [
        20.795740127563477,
        1.1098828315734863
    ],
    "abs_1": [
        20.970266342163086,
        0.8516882061958313
    ],
    "tpr_0": [
        3.8033993244171143,
        1.3377736806869507
    ],
    "tpr_1": [
        4.3302001953125,
        0.8235094547271729
    ],
    "fnr_0": [
        50.24394989013672,
        2.604017496109009
    ],
    "fnr_1": [
        49.37688064575195,
        1.7740802764892578
    ],
    "par_0": [
        45.95265197753906,
        3.0083563327789307
    ],
    "par_1": [
        46.29291915893555,
        1.7273049354553223
    ],
    "fpr_0": [
        0.46496403217315674,
        0.20379936695098877
    ],
    "fpr_1": [
        0.46138277649879456,
        0.13736286759376526
    ],
    "tnr_0": [
        86.75433349609375,
        1.0479578971862793
    ],
    "tnr_1": [
        85.19258880615234,
        0.8252802491188049
    ],
    "nar_0": [
        12.780699729919434,
        1.0425256490707397
    ],
    "nar_1": [
        14.346029281616211,
        0.8201318979263306
    ]
}