{
    "cov": [
        63.085330963134766,
        8.565386772155762
    ],
    "acc": [
        87.24040985107422,
        0.6716626882553101
    ],
    "pos_0": [
        0.0,
        0.0
    ],
    "pos_1": [
        0.0,
        0.0
    ],
    "neg_0": [
        62.522274017333984,
        9.312267303466797
    ],
    "neg_1": [
        63.44260787963867,
        8.890419960021973
    ],
    "abs_0": [
        37.47772216796875,
        9.312267303466797
    ],
    "abs_1": [
        36.55739212036133,
        8.890419960021973
    ],
    "tpr_0": [
        0.0,
        0.0
    ],
    "tpr_1": [
        0.0,
        0.0
    ],
    "fnr_0": [
        36.24039077758789,
        6.76144552230835
    ],
    "fnr_1": [
        36.54541015625,
        5.60884952545166
    ],
    "par_0": [
        63.75960922241211,
        6.76144552230835
    ],
    "par_1": [
        63.45458984375,
        5.608849048614502
    ],
    "fpr_0": [
        0.0,
        0.0
    ],
    "fpr_1": [
        0.0,
        0.0
    ],
    "tnr_0": [
        70.87806701660156,
        10.320844650268555
    ],
    "tnr_1": [
        70.5101089477539,
        9.794388771057129
    ],
    "nar_0": [
        29.12192726135254,
        10.320843696594238
    ],
    "nar_1": [
        29.48989486694336,
        9.794387817382812
    ]
}