{
    "cov": [
        72.21599578857422,
        5.230165958404541
    ],
    "acc": [
        87.13257598876953,
        0.784781277179718
    ],
    "pos_0": [
        0.0,
        0.0
    ],
    "pos_1": [
        0.0,
        0.0
    ],
    "neg_0": [
        71.10347747802734,
        5.524604320526123
    ],
    "neg_1": [
        72.95439910888672,
        5.524909496307373
    ],
    "abs_0": [
        28.896528244018555,
        5.524604797363281
    ],
    "abs_1": [
        27.04560089111328,
        5.524909019470215
    ],
    "tpr_0": [
        0.0,
        0.0
    ],
    "tpr_1": [
        0.0,
        0.0
    ],
    "fnr_0": [
        41.42892837524414,
        5.372856140136719
    ],
    "fnr_1": [
        42.66899871826172,
        5.519703388214111
    ],
    "par_0": [
        58.571067810058594,
        5.3728556632995605
    ],
    "par_1": [
        57.33100128173828,
        5.519703388214111
    ],
    "fpr_0": [
        0.0,
        0.0
    ],
    "fpr_1": [
        0.0,
        0.0
    ],
    "tnr_0": [
        80.5294418334961,
        5.5814208984375
    ],
    "tnr_1": [
        80.91368103027344,
        5.652616500854492
    ],
    "nar_0": [
        19.470548629760742,
        5.581419944763184
    ],
    "nar_1": [
        19.086322784423828,
        5.65261697769165
    ]
}