{
    "cov": [
        99.9393310546875,
        0.08092013001441956
    ],
    "acc": [
        80.76242065429688,
        0.5993419289588928
    ],
    "pos_0": [
        7.772995948791504,
        1.197243332862854
    ],
    "pos_1": [
        7.677685260772705,
        1.0427166223526
    ],
    "neg_0": [
        92.16954803466797,
        1.180896520614624
    ],
    "neg_1": [
        92.2591552734375,
        1.0819350481033325
    ],
    "abs_0": [
        0.057452935725450516,
        0.09219380468130112
    ],
    "abs_1": [
        0.06315051764249802,
        0.11056047677993774
    ],
    "tpr_0": [
        22.717763900756836,
        3.551816701889038
    ],
    "tpr_1": [
        24.78333854675293,
        3.482870101928711
    ],
    "fnr_0": [
        77.12879943847656,
        3.508089065551758
    ],
    "fnr_1": [
        75.01776885986328,
        3.599290132522583
    ],
    "par_0": [
        0.15343354642391205,
        0.28955644369125366
    ],
    "par_1": [
        0.19888660311698914,
        0.3723999857902527
    ],
    "fpr_0": [
        3.022587299346924,
        0.5289140939712524
    ],
    "fpr_1": [
        3.1767420768737793,
        0.47168606519699097
    ],
    "tnr_0": [
        96.95069885253906,
        0.5214230418205261
    ],
    "tnr_1": [
        96.79663848876953,
        0.4783344566822052
    ],
    "nar_0": [
        0.02671021968126297,
        0.039673902094364166
    ],
    "nar_1": [
        0.026621825993061066,
        0.050727326422929764
    ]
}