{
    "cov": [
        31.65666389465332,
        9.247923851013184
    ],
    "acc": [
        88.9027328491211,
        0.9711115956306458
    ],
    "pos_0": [
        0.0,
        0.0
    ],
    "pos_1": [
        0.0,
        0.0
    ],
    "neg_0": [
        32.843875885009766,
        9.295673370361328
    ],
    "neg_1": [
        30.86244010925293,
        9.556490898132324
    ],
    "abs_0": [
        67.1561279296875,
        9.295672416687012
    ],
    "abs_1": [
        69.1375503540039,
        9.556489944458008
    ],
    "tpr_0": [
        0.0,
        0.0
    ],
    "tpr_1": [
        0.0,
        0.0
    ],
    "fnr_0": [
        16.16006088256836,
        5.138558387756348
    ],
    "fnr_1": [
        15.839970588684082,
        5.489443302154541
    ],
    "par_0": [
        83.8399429321289,
        5.138558864593506
    ],
    "par_1": [
        84.16002655029297,
        5.489441871643066
    ],
    "fpr_0": [
        0.0,
        0.0
    ],
    "fpr_1": [
        0.0,
        0.0
    ],
    "tnr_0": [
        38.14735794067383,
        10.732667922973633
    ],
    "tnr_1": [
        34.82048797607422,
        10.729180335998535
    ],
    "nar_0": [
        61.85264205932617,
        10.732666015625
    ],
    "nar_1": [
        65.17951202392578,
        10.729180335998535
    ]
}