{
    "cov": [
        82.32799530029297,
        1.6010472774505615
    ],
    "acc": [
        85.6439208984375,
        0.468906432390213
    ],
    "pos_0": [
        1.33013916015625,
        0.31165921688079834
    ],
    "pos_1": [
        0.8112207055091858,
        0.1947804093360901
    ],
    "neg_0": [
        79.84808349609375,
        1.5257948637008667
    ],
    "neg_1": [
        82.2767333984375,
        1.9639883041381836
    ],
    "abs_0": [
        18.821773529052734,
        1.4990317821502686
    ],
    "abs_1": [
        16.91204071044922,
        1.9369465112686157
    ],
    "tpr_0": [
        4.067930698394775,
        1.108526349067688
    ],
    "tpr_1": [
        2.940046548843384,
        0.8739848732948303
    ],
    "fnr_0": [
        51.24531173706055,
        2.3112401962280273
    ],
    "fnr_1": [
        53.04669189453125,
        2.798582077026367
    ],
    "par_0": [
        44.6867561340332,
        2.316326379776001
    ],
    "par_1": [
        44.01325607299805,
        2.9081437587738037
    ],
    "fpr_0": [
        0.45895349979400635,
        0.10626983642578125
    ],
    "fpr_1": [
        0.25116318464279175,
        0.0712876245379448
    ],
    "tnr_0": [
        88.93714904785156,
        1.458730697631836
    ],
    "tnr_1": [
        89.96404266357422,
        1.8120397329330444
    ],
    "nar_0": [
        10.603904724121094,
        1.4278565645217896
    ],
    "nar_1": [
        9.784785270690918,
        1.7971782684326172
    ]
}