{
    "cov": [
        72.90666198730469,
        10.280580520629883
    ],
    "acc": [
        85.94039154052734,
        0.7132754325866699
    ],
    "pos_0": [
        0.34961870312690735,
        0.3381873369216919
    ],
    "pos_1": [
        0.2266995757818222,
        0.15500633418560028
    ],
    "neg_0": [
        72.27749633789062,
        9.504738807678223
    ],
    "neg_1": [
        72.86091613769531,
        10.89197063446045
    ],
    "abs_0": [
        27.37288475036621,
        9.62619400024414
    ],
    "abs_1": [
        26.912382125854492,
        10.933431625366211
    ],
    "tpr_0": [
        1.0219535827636719,
        1.0718824863433838
    ],
    "tpr_1": [
        0.7692211866378784,
        0.5687025785446167
    ],
    "fnr_0": [
        45.34726333618164,
        8.083569526672363
    ],
    "fnr_1": [
        46.6893310546875,
        7.615564823150635
    ],
    "par_0": [
        53.63077926635742,
        8.450676918029785
    ],
    "par_1": [
        52.54144287109375,
        7.781030178070068
    ],
    "fpr_0": [
        0.13719601929187775,
        0.12602105736732483
    ],
    "fpr_1": [
        0.08376258611679077,
        0.061195895075798035
    ],
    "tnr_0": [
        80.82789611816406,
        10.006611824035645
    ],
    "tnr_1": [
        79.7456283569336,
        11.84961223602295
    ],
    "nar_0": [
        19.034908294677734,
        10.063674926757812
    ],
    "nar_1": [
        20.17060661315918,
        11.864297866821289
    ]
}