{
    "cov": [
        40.52066421508789,
        0.9371483325958252
    ],
    "acc": [
        86.46613311767578,
        0.6670679450035095
    ],
    "pos_0": [
        0.9139293432235718,
        0.3133103847503662
    ],
    "pos_1": [
        0.9597859382629395,
        0.2613717019557953
    ],
    "neg_0": [
        39.2141227722168,
        2.0762548446655273
    ],
    "neg_1": [
        39.820281982421875,
        0.9081994295120239
    ],
    "abs_0": [
        59.8719482421875,
        2.184054136276245
    ],
    "abs_1": [
        59.21993637084961,
        0.9643122553825378
    ],
    "tpr_0": [
        2.582562208175659,
        1.0716718435287476
    ],
    "tpr_1": [
        3.3735976219177246,
        0.9845777153968811
    ],
    "fnr_0": [
        21.984935760498047,
        2.3135735988616943
    ],
    "fnr_1": [
        24.768444061279297,
        1.4391872882843018
    ],
    "par_0": [
        75.43250274658203,
        2.7977118492126465
    ],
    "par_1": [
        71.85795593261719,
        1.5686943531036377
    ],
    "fpr_0": [
        0.38514214754104614,
        0.18422134220600128
    ],
    "fpr_1": [
        0.3331475853919983,
        0.12957172095775604
    ],
    "tnr_0": [
        44.707862854003906,
        2.2751801013946533
    ],
    "tnr_1": [
        43.752967834472656,
        1.0028690099716187
    ],
    "nar_0": [
        54.90699768066406,
        2.3476321697235107
    ],
    "nar_1": [
        55.91387176513672,
        1.0262374877929688
    ]
}