{
    "cov": [
        26.715999603271484,
        9.866536140441895
    ],
    "acc": [
        87.45038604736328,
        0.9889501333236694
    ],
    "pos_0": [
        0.09134852886199951,
        0.07065718621015549
    ],
    "pos_1": [
        0.06957649439573288,
        0.05283605679869652
    ],
    "neg_0": [
        25.67619514465332,
        10.065319061279297
    ],
    "neg_1": [
        27.266021728515625,
        9.796523094177246
    ],
    "abs_0": [
        74.23245239257812,
        10.068949699401855
    ],
    "abs_1": [
        72.6644058227539,
        9.789651870727539
    ],
    "tpr_0": [
        0.2387017011642456,
        0.209127277135849
    ],
    "tpr_1": [
        0.21839411556720734,
        0.16430406272411346
    ],
    "fnr_0": [
        13.527104377746582,
        5.962186336517334
    ],
    "fnr_1": [
        16.361576080322266,
        6.476133346557617
    ],
    "par_0": [
        86.23419952392578,
        5.932182312011719
    ],
    "par_1": [
        83.42002868652344,
        6.449707508087158
    ],
    "fpr_0": [
        0.04468252509832382,
        0.05578572675585747
    ],
    "fpr_1": [
        0.030640525743365288,
        0.03217337280511856
    ],
    "tnr_0": [
        29.537919998168945,
        11.453866004943848
    ],
    "tnr_1": [
        30.138080596923828,
        10.734983444213867
    ],
    "nar_0": [
        70.41739654541016,
        11.471064567565918
    ],
    "nar_1": [
        69.8312759399414,
        10.730953216552734
    ]
}