{
    "cov": [
        90.4679946899414,
        1.6804208755493164
    ],
    "acc": [
        82.88072967529297,
        0.7998090386390686
    ],
    "pos_0": [
        1.5978529453277588,
        1.8834682703018188
    ],
    "pos_1": [
        1.6057342290878296,
        1.8526314496994019
    ],
    "neg_0": [
        88.55186462402344,
        1.643026351928711
    ],
    "neg_1": [
        89.06966400146484,
        1.8212018013000488
    ],
    "abs_0": [
        9.850281715393066,
        1.7187327146530151
    ],
    "abs_1": [
        9.324597358703613,
        1.8355988264083862
    ],
    "tpr_0": [
        4.961185932159424,
        5.839441299438477
    ],
    "tpr_1": [
        5.534827709197998,
        6.516203880310059
    ],
    "fnr_0": [
        69.00770568847656,
        4.257482528686523
    ],
    "fnr_1": [
        67.3502197265625,
        5.097917079925537
    ],
    "par_0": [
        26.03110122680664,
        4.852718830108643
    ],
    "par_1": [
        27.114946365356445,
        6.181540012359619
    ],
    "fpr_0": [
        0.5325700044631958,
        0.6464388370513916
    ],
    "fpr_1": [
        0.5665615797042847,
        0.6281864047050476
    ],
    "tnr_0": [
        94.75607299804688,
        0.9409577250480652
    ],
    "tnr_1": [
        94.7847900390625,
        0.9885575771331787
    ],
    "nar_0": [
        4.7113494873046875,
        0.876897931098938
    ],
    "nar_1": [
        4.6486406326293945,
        0.8417685031890869
    ]
}