{
    "cov": [
        10.610666275024414,
        9.807914733886719
    ],
    "acc": [
        91.82373046875,
        2.214052200317383
    ],
    "pos_0": [
        0.0,
        0.0
    ],
    "pos_1": [
        0.0,
        0.0
    ],
    "neg_0": [
        11.449519157409668,
        11.155166625976562
    ],
    "neg_1": [
        10.058125495910645,
        9.175332069396973
    ],
    "abs_0": [
        88.55048370361328,
        11.15516471862793
    ],
    "abs_1": [
        89.9418716430664,
        9.175332069396973
    ],
    "tpr_0": [
        0.0,
        0.0
    ],
    "tpr_1": [
        0.0,
        0.0
    ],
    "fnr_0": [
        4.425750255584717,
        5.552347183227539
    ],
    "fnr_1": [
        3.726755380630493,
        3.946923017501831
    ],
    "par_0": [
        95.57424926757812,
        5.5523481369018555
    ],
    "par_1": [
        96.27323913574219,
        3.9469223022460938
    ],
    "fpr_0": [
        0.0,
        0.0
    ],
    "fpr_1": [
        0.0,
        0.0
    ],
    "tnr_0": [
        13.678336143493652,
        12.962763786315918
    ],
    "tnr_1": [
        11.73006534576416,
        10.603495597839355
    ],
    "nar_0": [
        86.3216552734375,
        12.962764739990234
    ],
    "nar_1": [
        88.26992797851562,
        10.603497505187988
    ]
}