{
    "cov": [
        43.86799621582031,
        16.471946716308594
    ],
    "acc": [
        89.28236389160156,
        1.4659396409988403
    ],
    "pos_0": [
        0.24173887073993683,
        0.14905206859111786
    ],
    "pos_1": [
        0.13061343133449554,
        0.10063965618610382
    ],
    "neg_0": [
        36.34079360961914,
        14.691758155822754
    ],
    "neg_1": [
        48.53890609741211,
        18.179616928100586
    ],
    "abs_0": [
        63.4174690246582,
        14.67180061340332
    ],
    "abs_1": [
        51.330482482910156,
        18.167612075805664
    ],
    "tpr_0": [
        0.7331368923187256,
        0.5347082018852234
    ],
    "tpr_1": [
        0.40657687187194824,
        0.34687450528144836
    ],
    "fnr_0": [
        17.46040916442871,
        8.585946083068848
    ],
    "fnr_1": [
        24.992572784423828,
        11.947481155395508
    ],
    "par_0": [
        81.80644989013672,
        8.564886093139648
    ],
    "par_1": [
        74.60084533691406,
        11.923787117004395
    ],
    "fpr_0": [
        0.08633910119533539,
        0.07833565771579742
    ],
    "fpr_1": [
        0.05846729129552841,
        0.05195251852273941
    ],
    "tnr_0": [
        42.33694839477539,
        16.682586669921875
    ],
    "tnr_1": [
        54.73478698730469,
        19.927846908569336
    ],
    "nar_0": [
        57.57670593261719,
        16.668861389160156
    ],
    "nar_1": [
        45.20674514770508,
        19.919414520263672
    ]
}