{
    "cov": [
        72.57733154296875,
        6.021046161651611
    ],
    "acc": [
        87.2245864868164,
        0.6565278768539429
    ],
    "pos_0": [
        0.697260856628418,
        0.4738294780254364
    ],
    "pos_1": [
        0.3437086343765259,
        0.23590704798698425
    ],
    "neg_0": [
        66.90448760986328,
        8.331533432006836
    ],
    "neg_1": [
        75.51319885253906,
        4.54132080078125
    ],
    "abs_0": [
        32.398250579833984,
        8.45773983001709
    ],
    "abs_1": [
        24.143085479736328,
        4.634215354919434
    ],
    "tpr_0": [
        2.1760475635528564,
        1.5157777070999146
    ],
    "tpr_1": [
        1.1104048490524292,
        0.8195628523826599
    ],
    "fnr_0": [
        37.39704513549805,
        6.517788887023926
    ],
    "fnr_1": [
        44.52132797241211,
        4.548684120178223
    ],
    "par_0": [
        60.426902770996094,
        7.018357276916504
    ],
    "par_1": [
        54.36826705932617,
        4.911818981170654
    ],
    "fpr_0": [
        0.22596904635429382,
        0.1677059382200241
    ],
    "fpr_1": [
        0.14116205275058746,
        0.10252972692251205
    ],
    "tnr_0": [
        76.26978302001953,
        8.902318000793457
    ],
    "tnr_1": [
        83.66089630126953,
        4.5943522453308105
    ],
    "nar_0": [
        23.504247665405273,
        8.937138557434082
    ],
    "nar_1": [
        16.197935104370117,
        4.63369607925415
    ]
}