{
    "cov": [
        68.29733276367188,
        9.518155097961426
    ],
    "acc": [
        87.36351013183594,
        0.8870015144348145
    ],
    "pos_0": [
        0.0,
        0.0
    ],
    "pos_1": [
        0.0,
        0.0
    ],
    "neg_0": [
        67.62751007080078,
        9.427666664123535
    ],
    "neg_1": [
        68.73075866699219,
        10.471138000488281
    ],
    "abs_0": [
        32.372493743896484,
        9.427666664123535
    ],
    "abs_1": [
        31.269237518310547,
        10.471139907836914
    ],
    "tpr_0": [
        0.0,
        0.0
    ],
    "tpr_1": [
        0.0,
        0.0
    ],
    "fnr_0": [
        38.59708786010742,
        7.446842670440674
    ],
    "fnr_1": [
        39.71300506591797,
        7.855828285217285
    ],
    "par_0": [
        61.40290832519531,
        7.446842670440674
    ],
    "par_1": [
        60.286991119384766,
        7.855828762054443
    ],
    "fpr_0": [
        0.0,
        0.0
    ],
    "fpr_1": [
        0.0,
        0.0
    ],
    "tnr_0": [
        76.85330200195312,
        10.233312606811523
    ],
    "tnr_1": [
        76.35826110839844,
        11.233548164367676
    ],
    "nar_0": [
        23.14670181274414,
        10.233312606811523
    ],
    "nar_1": [
        23.641733169555664,
        11.233548164367676
    ]
}