{
    "cov": [
        69.88999938964844,
        8.548724174499512
    ],
    "acc": [
        86.69190216064453,
        0.7214930653572083
    ],
    "pos_0": [
        0.9272872805595398,
        0.36384934186935425
    ],
    "pos_1": [
        0.5108203291893005,
        0.21023620665073395
    ],
    "neg_0": [
        70.03041076660156,
        7.874105453491211
    ],
    "neg_1": [
        68.67597198486328,
        9.138381958007812
    ],
    "abs_0": [
        29.042299270629883,
        7.937956809997559
    ],
    "abs_1": [
        30.813201904296875,
        9.13920783996582
    ],
    "tpr_0": [
        2.7624459266662598,
        1.2617017030715942
    ],
    "tpr_1": [
        1.7291473150253296,
        0.7995424270629883
    ],
    "fnr_0": [
        41.522586822509766,
        6.400813102722168
    ],
    "fnr_1": [
        41.08679962158203,
        6.6673479080200195
    ],
    "par_0": [
        55.714969635009766,
        6.606206893920898
    ],
    "par_1": [
        57.184051513671875,
        6.630894660949707
    ],
    "fpr_0": [
        0.3452394902706146,
        0.11860693246126175
    ],
    "fpr_1": [
        0.1897232085466385,
        0.08668763190507889
    ],
    "tnr_0": [
        79.08589935302734,
        8.48267650604248
    ],
    "tnr_1": [
        75.92949676513672,
        9.879728317260742
    ],
    "nar_0": [
        20.568857192993164,
        8.486746788024902
    ],
    "nar_1": [
        23.880781173706055,
        9.885409355163574
    ]
}