{
    "cov": [
        85.982666015625,
        0.4908296465873718
    ],
    "acc": [
        84.63013458251953,
        0.5699805617332458
    ],
    "pos_0": [
        1.5247035026550293,
        0.47436511516571045
    ],
    "pos_1": [
        1.529282808303833,
        0.330783486366272
    ],
    "neg_0": [
        84.7568588256836,
        0.8164511322975159
    ],
    "neg_1": [
        84.26056671142578,
        0.8016157746315002
    ],
    "abs_0": [
        13.718445777893066,
        0.8376032114028931
    ],
    "abs_1": [
        14.210149765014648,
        0.7163044214248657
    ],
    "tpr_0": [
        4.600662708282471,
        1.5826486349105835
    ],
    "tpr_1": [
        5.23390007019043,
        1.278851866722107
    ],
    "fnr_0": [
        59.5322265625,
        2.342496633529663
    ],
    "fnr_1": [
        56.5289421081543,
        2.0271620750427246
    ],
    "par_0": [
        35.86711120605469,
        2.5566179752349854
    ],
    "par_1": [
        38.23716735839844,
        1.888054370880127
    ],
    "fpr_0": [
        0.5490095019340515,
        0.2224866896867752
    ],
    "fpr_1": [
        0.5642997622489929,
        0.15507933497428894
    ],
    "tnr_0": [
        92.78467559814453,
        0.7325501441955566
    ],
    "tnr_1": [
        91.51087188720703,
        0.6700921654701233
    ],
    "nar_0": [
        6.666318416595459,
        0.6837432980537415
    ],
    "nar_1": [
        7.924834728240967,
        0.6380063891410828
    ]
}