{
    "cov": [
        81.00199890136719,
        3.2894532680511475
    ],
    "acc": [
        85.39025115966797,
        0.674005389213562
    ],
    "pos_0": [
        0.5419339537620544,
        0.4107787013053894
    ],
    "pos_1": [
        0.3319472670555115,
        0.21180792152881622
    ],
    "neg_0": [
        79.57378387451172,
        3.07898211479187
    ],
    "neg_1": [
        81.2585220336914,
        3.5824294090270996
    ],
    "abs_0": [
        19.884279251098633,
        3.1751859188079834
    ],
    "abs_1": [
        18.409526824951172,
        3.671067714691162
    ],
    "tpr_0": [
        1.6754761934280396,
        1.2837753295898438
    ],
    "tpr_1": [
        1.0597182512283325,
        0.746090829372406
    ],
    "fnr_0": [
        52.7162971496582,
        3.516634941101074
    ],
    "fnr_1": [
        53.06473159790039,
        3.3282735347747803
    ],
    "par_0": [
        45.60822296142578,
        3.5551869869232178
    ],
    "par_1": [
        45.87555694580078,
        3.4953057765960693
    ],
    "fpr_0": [
        0.18567664921283722,
        0.16008260846138
    ],
    "fpr_1": [
        0.14231082797050476,
        0.09475632756948471
    ],
    "tnr_0": [
        88.09899139404297,
        3.3755288124084473
    ],
    "tnr_1": [
        88.66724395751953,
        3.7389323711395264
    ],
    "nar_0": [
        11.715324401855469,
        3.4198787212371826
    ],
    "nar_1": [
        11.190439224243164,
        3.776557445526123
    ]
}