{
    "cov": [
        28.489999771118164,
        7.281399726867676
    ],
    "acc": [
        88.5058364868164,
        0.8068803548812866
    ],
    "pos_0": [
        0.26428383588790894,
        0.18319082260131836
    ],
    "pos_1": [
        0.1515263170003891,
        0.10583265125751495
    ],
    "neg_0": [
        27.74068832397461,
        7.876067161560059
    ],
    "neg_1": [
        28.659095764160156,
        6.964492321014404
    ],
    "abs_0": [
        71.99502563476562,
        7.889840602874756
    ],
    "abs_1": [
        71.18937683105469,
        7.010885715484619
    ],
    "tpr_0": [
        0.7440419793128967,
        0.6263411641120911
    ],
    "tpr_1": [
        0.5014607310295105,
        0.3588576316833496
    ],
    "fnr_0": [
        13.297826766967773,
        4.434594631195068
    ],
    "fnr_1": [
        15.67443561553955,
        4.491979598999023
    ],
    "par_0": [
        85.95812225341797,
        4.568064212799072
    ],
    "par_1": [
        83.8240966796875,
        4.664904594421387
    ],
    "fpr_0": [
        0.11280226707458496,
        0.07377041131258011
    ],
    "fpr_1": [
        0.05874954164028168,
        0.05249689146876335
    ],
    "tnr_0": [
        32.325931549072266,
        9.006634712219238
    ],
    "tnr_1": [
        32.08144760131836,
        7.699093341827393
    ],
    "nar_0": [
        67.56127166748047,
        9.006369590759277
    ],
    "nar_1": [
        67.85979461669922,
        7.716124057769775
    ]
}