{
    "cov": [
        0.968666672706604,
        0.24973690509796143
    ],
    "acc": [
        85.4463882446289,
        4.911533355712891
    ],
    "pos_0": [
        0.17189829051494598,
        0.12243019789457321
    ],
    "pos_1": [
        0.17666444182395935,
        0.06003602594137192
    ],
    "neg_0": [
        0.825034499168396,
        0.32281357049942017
    ],
    "neg_1": [
        0.7735588550567627,
        0.25398072600364685
    ],
    "abs_0": [
        99.00306701660156,
        0.3060310482978821
    ],
    "abs_1": [
        99.0497817993164,
        0.28791099786758423
    ],
    "tpr_0": [
        0.39466962218284607,
        0.33450818061828613
    ],
    "tpr_1": [
        0.5250781774520874,
        0.24239149689674377
    ],
    "fnr_0": [
        0.34622904658317566,
        0.23992112278938293
    ],
    "fnr_1": [
        0.25579899549484253,
        0.19275645911693573
    ],
    "par_0": [
        99.25909423828125,
        0.4104141592979431
    ],
    "par_1": [
        99.21912384033203,
        0.35428348183631897
    ],
    "fpr_0": [
        0.09986936300992966,
        0.08846793323755264
    ],
    "fpr_1": [
        0.0863768458366394,
        0.04379095882177353
    ],
    "tnr_0": [
        0.9766181111335754,
        0.38618698716163635
    ],
    "tnr_1": [
        0.9090623259544373,
        0.30747106671333313
    ],
    "nar_0": [
        98.92350769042969,
        0.381168931722641
    ],
    "nar_1": [
        99.00456237792969,
        0.31373241543769836
    ]
}