{
    "cov": [
        90.0373306274414,
        1.9284989833831787
    ],
    "acc": [
        83.93791961669922,
        0.7960512638092041
    ],
    "pos_0": [
        4.871678829193115,
        1.4438227415084839
    ],
    "pos_1": [
        3.5570831298828125,
        0.9656397104263306
    ],
    "neg_0": [
        83.68826293945312,
        2.490041732788086
    ],
    "neg_1": [
        87.45054626464844,
        1.6104053258895874
    ],
    "abs_0": [
        11.440056800842285,
        2.4019997119903564
    ],
    "abs_1": [
        8.992376327514648,
        1.840835452079773
    ],
    "tpr_0": [
        14.779860496520996,
        4.647704601287842
    ],
    "tpr_1": [
        12.569104194641113,
        3.4691367149353027
    ],
    "fnr_0": [
        58.00986099243164,
        5.369739532470703
    ],
    "fnr_1": [
        62.372982025146484,
        3.993428945541382
    ],
    "par_0": [
        27.21027374267578,
        5.172860145568848
    ],
    "par_1": [
        25.057912826538086,
        4.967592239379883
    ],
    "fpr_0": [
        1.7285542488098145,
        0.5327795743942261
    ],
    "fpr_1": [
        1.1866645812988281,
        0.34139201045036316
    ],
    "tnr_0": [
        91.85353088378906,
        1.6469907760620117
    ],
    "tnr_1": [
        94.04248046875,
        1.12633216381073
    ],
    "nar_0": [
        6.417908191680908,
        1.6412196159362793
    ],
    "nar_1": [
        4.770857334136963,
        1.155442476272583
    ]
}