{
    "cov": [
        84.12200164794922,
        1.4350812435150146
    ],
    "acc": [
        85.31877899169922,
        0.42478835582733154
    ],
    "pos_0": [
        1.7889412641525269,
        0.675231397151947
    ],
    "pos_1": [
        1.166821002960205,
        0.4192671477794647
    ],
    "neg_0": [
        81.1939926147461,
        1.695075273513794
    ],
    "neg_1": [
        83.7118911743164,
        1.1142563819885254
    ],
    "abs_0": [
        17.017066955566406,
        2.0593438148498535
    ],
    "abs_1": [
        15.121281623840332,
        1.225321650505066
    ],
    "tpr_0": [
        5.533083915710449,
        2.33491587638855
    ],
    "tpr_1": [
        4.16786003112793,
        1.6140997409820557
    ],
    "fnr_0": [
        53.14313507080078,
        2.726689577102661
    ],
    "fnr_1": [
        54.98386764526367,
        1.641215443611145
    ],
    "par_0": [
        41.32378005981445,
        4.210893630981445
    ],
    "par_1": [
        40.84827423095703,
        2.5677781105041504
    ],
    "fpr_0": [
        0.6060139536857605,
        0.2107011079788208
    ],
    "fpr_1": [
        0.37821733951568604,
        0.14568616449832916
    ],
    "tnr_0": [
        90.10691833496094,
        1.4827888011932373
    ],
    "tnr_1": [
        91.26710510253906,
        1.079082727432251
    ],
    "nar_0": [
        9.287062644958496,
        1.5131034851074219
    ],
    "nar_1": [
        8.354677200317383,
        1.0773005485534668
    ]
}