{
    "cov": [
        93.95466613769531,
        3.3978681564331055
    ],
    "acc": [
        82.21852111816406,
        1.023850917816162
    ],
    "pos_0": [
        3.7757728099823,
        3.0799672603607178
    ],
    "pos_1": [
        3.173527240753174,
        2.8093018531799316
    ],
    "neg_0": [
        89.9106216430664,
        2.064337730407715
    ],
    "neg_1": [
        90.9561767578125,
        1.87423574924469
    ],
    "abs_0": [
        6.3135986328125,
        3.7348575592041016
    ],
    "abs_1": [
        5.870291709899902,
        3.294597625732422
    ],
    "tpr_0": [
        11.194658279418945,
        9.108612060546875
    ],
    "tpr_1": [
        10.964198112487793,
        9.467778205871582
    ],
    "fnr_0": [
        71.47333526611328,
        5.4721903800964355
    ],
    "fnr_1": [
        70.9676742553711,
        5.3929266929626465
    ],
    "par_0": [
        17.332006454467773,
        10.491101264953613
    ],
    "par_1": [
        18.068126678466797,
        10.393525123596191
    ],
    "fpr_0": [
        1.4189186096191406,
        1.1952447891235352
    ],
    "fpr_1": [
        1.1376534700393677,
        1.0846858024597168
    ],
    "tnr_0": [
        95.76093292236328,
        1.0754469633102417
    ],
    "tnr_1": [
        96.20976257324219,
        1.0246479511260986
    ],
    "nar_0": [
        2.8201403617858887,
        1.6605509519577026
    ],
    "nar_1": [
        2.652581214904785,
        1.4393460750579834
    ]
}