{
    "cov": [
        9.438666343688965,
        9.366397857666016
    ],
    "acc": [
        91.33643341064453,
        2.996652841567993
    ],
    "pos_0": [
        0.0,
        0.0
    ],
    "pos_1": [
        0.0,
        0.0
    ],
    "neg_0": [
        9.582472801208496,
        10.647570610046387
    ],
    "neg_1": [
        9.336532592773438,
        8.780519485473633
    ],
    "abs_0": [
        90.41752624511719,
        10.64756965637207
    ],
    "abs_1": [
        90.66346740722656,
        8.780519485473633
    ],
    "tpr_0": [
        0.0,
        0.0
    ],
    "tpr_1": [
        0.0,
        0.0
    ],
    "fnr_0": [
        3.6446597576141357,
        4.66162109375
    ],
    "fnr_1": [
        3.7081475257873535,
        3.496807336807251
    ],
    "par_0": [
        96.35533905029297,
        4.661620616912842
    ],
    "par_1": [
        96.29185485839844,
        3.49680757522583
    ],
    "fpr_0": [
        0.0,
        0.0
    ],
    "fpr_1": [
        0.0,
        0.0
    ],
    "tnr_0": [
        11.505663871765137,
        12.651342391967773
    ],
    "tnr_1": [
        10.827630043029785,
        10.226508140563965
    ],
    "nar_0": [
        88.49433135986328,
        12.651342391967773
    ],
    "nar_1": [
        89.17236328125,
        10.226508140563965
    ]
}