{
    "cov": [
        91.5826644897461,
        1.5973693132400513
    ],
    "acc": [
        83.59490966796875,
        0.9223941564559937
    ],
    "pos_0": [
        5.360417366027832,
        1.0523903369903564
    ],
    "pos_1": [
        4.30230712890625,
        0.9691205620765686
    ],
    "neg_0": [
        84.75830078125,
        2.040212869644165
    ],
    "neg_1": [
        88.24993896484375,
        1.3797450065612793
    ],
    "abs_0": [
        9.881284713745117,
        1.8326995372772217
    ],
    "abs_1": [
        7.447747707366943,
        1.6321941614151
    ],
    "tpr_0": [
        16.18138313293457,
        3.3734960556030273
    ],
    "tpr_1": [
        15.042158126831055,
        3.1907689571380615
    ],
    "fnr_0": [
        59.79582977294922,
        4.605749607086182
    ],
    "fnr_1": [
        63.896240234375,
        4.116941928863525
    ],
    "par_0": [
        24.022783279418945,
        3.6899616718292236
    ],
    "par_1": [
        21.061595916748047,
        5.002933025360107
    ],
    "fpr_0": [
        1.9281911849975586,
        0.44862499833106995
    ],
    "fpr_1": [
        1.477630376815796,
        0.4387052655220032
    ],
    "tnr_0": [
        92.68778991699219,
        1.349825143814087
    ],
    "tnr_1": [
        94.64958953857422,
        0.8028648495674133
    ],
    "nar_0": [
        5.384016036987305,
        1.319360375404358
    ],
    "nar_1": [
        3.8727781772613525,
        0.841347336769104
    ]
}