{
    "cov": [
        43.70066452026367,
        13.423064231872559
    ],
    "acc": [
        89.07451629638672,
        0.9982359409332275
    ],
    "pos_0": [
        0.0,
        0.0
    ],
    "pos_1": [
        0.0,
        0.0
    ],
    "neg_0": [
        45.06764602661133,
        13.776464462280273
    ],
    "neg_1": [
        42.77700424194336,
        14.089069366455078
    ],
    "abs_0": [
        54.93235778808594,
        13.77646541595459
    ],
    "abs_1": [
        57.222991943359375,
        14.089068412780762
    ],
    "tpr_0": [
        0.0,
        0.0
    ],
    "tpr_1": [
        0.0,
        0.0
    ],
    "fnr_0": [
        22.60675811767578,
        8.147400856018066
    ],
    "fnr_1": [
        21.386199951171875,
        8.591130256652832
    ],
    "par_0": [
        77.39323425292969,
        8.14739990234375
    ],
    "par_1": [
        78.61380004882812,
        8.591130256652832
    ],
    "fpr_0": [
        0.0,
        0.0
    ],
    "fpr_1": [
        0.0,
        0.0
    ],
    "tnr_0": [
        52.20949172973633,
        15.581002235412598
    ],
    "tnr_1": [
        48.40680694580078,
        15.5938138961792
    ],
    "nar_0": [
        47.79050827026367,
        15.581002235412598
    ],
    "nar_1": [
        51.593196868896484,
        15.593814849853516
    ]
}