{
    "cov": [
        28.35999870300293,
        8.548294067382812
    ],
    "acc": [
        86.36741638183594,
        4.853311061859131
    ],
    "pos_0": [
        0.0,
        0.0
    ],
    "pos_1": [
        0.0,
        0.0
    ],
    "neg_0": [
        29.6748104095459,
        8.8165864944458
    ],
    "neg_1": [
        25.513961791992188,
        9.307165145874023
    ],
    "abs_0": [
        70.32518768310547,
        8.816584587097168
    ],
    "abs_1": [
        74.48603057861328,
        9.30716609954834
    ],
    "tpr_0": [
        0.0,
        0.0
    ],
    "tpr_1": [
        0.0,
        0.0
    ],
    "fnr_0": [
        12.200553894042969,
        5.754156112670898
    ],
    "fnr_1": [
        11.51406192779541,
        6.439453601837158
    ],
    "par_0": [
        87.7994384765625,
        5.754156112670898
    ],
    "par_1": [
        88.4859390258789,
        6.439453601837158
    ],
    "fpr_0": [
        0.0,
        0.0
    ],
    "fpr_1": [
        0.0,
        0.0
    ],
    "tnr_0": [
        36.865291595458984,
        10.825251579284668
    ],
    "tnr_1": [
        33.59282302856445,
        12.6022310256958
    ],
    "nar_0": [
        63.13471221923828,
        10.8252534866333
    ],
    "nar_1": [
        66.40717315673828,
        12.6022310256958
    ]
}