{
    "cov": [
        68.36000061035156,
        4.667082786560059
    ],
    "acc": [
        79.77558135986328,
        4.5390095710754395
    ],
    "pos_0": [
        2.7730226516723633,
        2.2943801879882812
    ],
    "pos_1": [
        4.7521257400512695,
        3.918039321899414
    ],
    "neg_0": [
        67.81816101074219,
        6.230364799499512
    ],
    "neg_1": [
        58.748817443847656,
        5.447244644165039
    ],
    "abs_0": [
        29.408817291259766,
        5.675026893615723
    ],
    "abs_1": [
        36.49905776977539,
        5.893800258636475
    ],
    "tpr_0": [
        6.098437309265137,
        5.540311336517334
    ],
    "tpr_1": [
        10.276480674743652,
        7.836979866027832
    ],
    "fnr_0": [
        43.59001922607422,
        10.722633361816406
    ],
    "fnr_1": [
        34.891902923583984,
        9.712259292602539
    ],
    "par_0": [
        50.31154251098633,
        9.711885452270508
    ],
    "par_1": [
        54.83161163330078,
        11.339529991149902
    ],
    "fpr_0": [
        1.4139736890792847,
        1.6385772228240967
    ],
    "fpr_1": [
        1.573269009590149,
        1.9941868782043457
    ],
    "tnr_0": [
        77.73036193847656,
        6.026635646820068
    ],
    "tnr_1": [
        72.59491729736328,
        7.176652431488037
    ],
    "nar_0": [
        20.855655670166016,
        5.637115478515625
    ],
    "nar_1": [
        25.83180809020996,
        7.0527024269104
    ]
}