{
    "cov": [
        77.23999786376953,
        6.161236763000488
    ],
    "acc": [
        76.05226135253906,
        4.8728203773498535
    ],
    "pos_0": [
        0.05766139551997185,
        0.19977346062660217
    ],
    "pos_1": [
        0.06779661029577255,
        0.33898305892944336
    ],
    "neg_0": [
        78.56761169433594,
        6.4515910148620605
    ],
    "neg_1": [
        74.00360107421875,
        8.605718612670898
    ],
    "abs_0": [
        21.374725341796875,
        6.46561336517334
    ],
    "abs_1": [
        25.928600311279297,
        8.547351837158203
    ],
    "tpr_0": [
        0.20730894804000854,
        0.7216061353683472
    ],
    "tpr_1": [
        0.21052630245685577,
        1.0526316165924072
    ],
    "fnr_0": [
        60.69354248046875,
        12.302045822143555
    ],
    "fnr_1": [
        54.62394714355469,
        14.755166053771973
    ],
    "par_0": [
        39.09914779663086,
        12.260018348693848
    ],
    "par_1": [
        45.16551971435547,
        14.684711456298828
    ],
    "fpr_0": [
        0.0,
        0.0
    ],
    "fpr_1": [
        0.0,
        0.0
    ],
    "tnr_0": [
        85.78595733642578,
        5.403324604034424
    ],
    "tnr_1": [
        85.37248229980469,
        6.931912422180176
    ],
    "nar_0": [
        14.214041709899902,
        5.403323173522949
    ],
    "nar_1": [
        14.627513885498047,
        6.931912422180176
    ]
}