{
    "cov": [
        33.73999786376953,
        10.163373947143555
    ],
    "acc": [
        85.42855072021484,
        6.052268981933594
    ],
    "pos_0": [
        0.028776979073882103,
        0.14388489723205566
    ],
    "pos_1": [
        0.0,
        0.0
    ],
    "neg_0": [
        33.704830169677734,
        11.091910362243652
    ],
    "neg_1": [
        33.78800582885742,
        10.007948875427246
    ],
    "abs_0": [
        66.26638793945312,
        11.087302207946777
    ],
    "abs_1": [
        66.21199035644531,
        10.007950782775879
    ],
    "tpr_0": [
        0.08695651590824127,
        0.43478259444236755
    ],
    "tpr_1": [
        0.0,
        0.0
    ],
    "fnr_0": [
        14.651260375976562,
        7.7573137283325195
    ],
    "fnr_1": [
        16.909244537353516,
        10.24873161315918
    ],
    "par_0": [
        85.26177215576172,
        7.699742794036865
    ],
    "par_1": [
        83.09075927734375,
        10.24873161315918
    ],
    "fpr_0": [
        0.0,
        0.0
    ],
    "fpr_1": [
        0.0,
        0.0
    ],
    "tnr_0": [
        41.70810317993164,
        13.95940113067627
    ],
    "tnr_1": [
        43.565853118896484,
        12.772717475891113
    ],
    "nar_0": [
        58.291893005371094,
        13.95940113067627
    ],
    "nar_1": [
        56.43414306640625,
        12.772717475891113
    ]
}