{
    "cov": [
        6.21999979019165,
        6.416255474090576
    ],
    "acc": [
        76.26309204101562,
        31.073474884033203
    ],
    "pos_0": [
        0.0,
        0.0
    ],
    "pos_1": [
        0.0,
        0.0
    ],
    "neg_0": [
        6.606700420379639,
        6.5732645988464355
    ],
    "neg_1": [
        5.475815296173096,
        6.676156044006348
    ],
    "abs_0": [
        93.39329528808594,
        6.573263645172119
    ],
    "abs_1": [
        94.52417755126953,
        6.676156044006348
    ],
    "tpr_0": [
        0.0,
        0.0
    ],
    "tpr_1": [
        0.0,
        0.0
    ],
    "fnr_0": [
        2.1164615154266357,
        3.5253782272338867
    ],
    "fnr_1": [
        2.830942392349243,
        4.837071895599365
    ],
    "par_0": [
        97.88352966308594,
        3.525379180908203
    ],
    "par_1": [
        97.16905975341797,
        4.837070941925049
    ],
    "fpr_0": [
        0.0,
        0.0
    ],
    "fpr_1": [
        0.0,
        0.0
    ],
    "tnr_0": [
        8.45821762084961,
        8.485685348510742
    ],
    "tnr_1": [
        7.120952129364014,
        8.267891883850098
    ],
    "nar_0": [
        91.54177856445312,
        8.485685348510742
    ],
    "nar_1": [
        92.87904357910156,
        8.267892837524414
    ]
}