{
    "cov": [
        11.819999694824219,
        5.431159973144531
    ],
    "acc": [
        90.36161804199219,
        6.820570945739746
    ],
    "pos_0": [
        0.0,
        0.0
    ],
    "pos_1": [
        0.0,
        0.0
    ],
    "neg_0": [
        12.318387031555176,
        6.498326301574707
    ],
    "neg_1": [
        10.817646026611328,
        4.742246150970459
    ],
    "abs_0": [
        87.6816177368164,
        6.498326301574707
    ],
    "abs_1": [
        89.1823501586914,
        4.742244720458984
    ],
    "tpr_0": [
        0.0,
        0.0
    ],
    "tpr_1": [
        0.0,
        0.0
    ],
    "fnr_0": [
        3.307729721069336,
        3.2932727336883545
    ],
    "fnr_1": [
        4.70991849899292,
        4.657440662384033
    ],
    "par_0": [
        96.6922607421875,
        3.2932722568511963
    ],
    "par_1": [
        95.29007720947266,
        4.657439708709717
    ],
    "fpr_0": [
        0.0,
        0.0
    ],
    "fpr_1": [
        0.0,
        0.0
    ],
    "tnr_0": [
        16.114055633544922,
        8.673067092895508
    ],
    "tnr_1": [
        14.276825904846191,
        6.1353349685668945
    ],
    "nar_0": [
        83.88594818115234,
        8.673067092895508
    ],
    "nar_1": [
        85.72317504882812,
        6.135335922241211
    ]
}