{
    "cov": [
        63.05999755859375,
        4.854808807373047
    ],
    "acc": [
        80.94268035888672,
        4.228515625
    ],
    "pos_0": [
        1.4165265560150146,
        1.5429871082305908
    ],
    "pos_1": [
        2.7993600368499756,
        3.4184703826904297
    ],
    "neg_0": [
        63.99687194824219,
        4.550156593322754
    ],
    "neg_1": [
        55.14042663574219,
        6.940385818481445
    ],
    "abs_0": [
        34.58659744262695,
        4.626638412475586
    ],
    "abs_1": [
        42.06020736694336,
        8.433770179748535
    ],
    "tpr_0": [
        3.285156726837158,
        4.283890724182129
    ],
    "tpr_1": [
        6.011633396148682,
        6.761838436126709
    ],
    "fnr_0": [
        39.2098274230957,
        8.093435287475586
    ],
    "fnr_1": [
        31.118358612060547,
        9.844050407409668
    ],
    "par_0": [
        57.50502014160156,
        8.86173152923584
    ],
    "par_1": [
        62.87000274658203,
        12.699501037597656
    ],
    "fpr_0": [
        0.6847727298736572,
        0.9360091686248779
    ],
    "fpr_1": [
        0.9602808952331543,
        1.7435622215270996
    ],
    "tnr_0": [
        74.21977233886719,
        5.007858753204346
    ],
    "tnr_1": [
        69.11843872070312,
        7.26766300201416
    ],
    "nar_0": [
        25.0954532623291,
        4.865118503570557
    ],
    "nar_1": [
        29.921283721923828,
        7.5666375160217285
    ]
}