{
    "cov": [
        91.05999755859375,
        5.046285629272461
    ],
    "acc": [
        72.09166717529297,
        3.7391762733459473
    ],
    "pos_0": [
        0.9745585918426514,
        1.756431221961975
    ],
    "pos_1": [
        2.5907833576202393,
        3.9042420387268066
    ],
    "neg_0": [
        90.3941421508789,
        5.186663627624512
    ],
    "neg_1": [
        87.66927337646484,
        4.613171577453613
    ],
    "abs_0": [
        8.631299018859863,
        5.335689544677734
    ],
    "abs_1": [
        9.739945411682129,
        5.4743242263793945
    ],
    "tpr_0": [
        2.338716745376587,
        4.757310390472412
    ],
    "tpr_1": [
        5.371862888336182,
        8.243797302246094
    ],
    "fnr_0": [
        81.14028930664062,
        10.462169647216797
    ],
    "fnr_1": [
        75.91545104980469,
        9.066061019897461
    ],
    "par_0": [
        16.520992279052734,
        11.040387153625488
    ],
    "par_1": [
        18.712678909301758,
        10.761609077453613
    ],
    "fpr_0": [
        0.3708234429359436,
        0.6600717306137085
    ],
    "fpr_1": [
        1.0062090158462524,
        1.5987449884414673
    ],
    "tnr_0": [
        94.27057647705078,
        3.4198617935180664
    ],
    "tnr_1": [
        94.4342041015625,
        4.143130302429199
    ],
    "nar_0": [
        5.3585968017578125,
        3.4463305473327637
    ],
    "nar_1": [
        4.5595808029174805,
        4.00199031829834
    ]
}