{
    "cov": [
        79.4000015258789,
        9.341886520385742
    ],
    "acc": [
        74.98368835449219,
        4.833268165588379
    ],
    "pos_0": [
        0.3865188658237457,
        1.49784517288208
    ],
    "pos_1": [
        0.6495140194892883,
        2.6854183673858643
    ],
    "neg_0": [
        79.52554321289062,
        8.556880950927734
    ],
    "neg_1": [
        77.56084442138672,
        10.29277229309082
    ],
    "abs_0": [
        20.087932586669922,
        9.10750961303711
    ],
    "abs_1": [
        21.789636611938477,
        10.980079650878906
    ],
    "tpr_0": [
        0.6991569399833679,
        1.9556916952133179
    ],
    "tpr_1": [
        0.8484847545623779,
        3.41833758354187
    ],
    "fnr_0": [
        63.830726623535156,
        15.57633113861084
    ],
    "fnr_1": [
        60.82630157470703,
        16.711071014404297
    ],
    "par_0": [
        35.470115661621094,
        16.21860122680664
    ],
    "par_1": [
        38.32521057128906,
        17.835464477539062
    ],
    "fpr_0": [
        0.28318583965301514,
        1.4159291982650757
    ],
    "fpr_1": [
        0.5047021508216858,
        2.09972882270813
    ],
    "tnr_0": [
        85.99783325195312,
        6.6313300132751465
    ],
    "tnr_1": [
        87.28555297851562,
        7.8517327308654785
    ],
    "nar_0": [
        13.718981742858887,
        7.038563251495361
    ],
    "nar_1": [
        12.209735870361328,
        8.110150337219238
    ]
}