{
    "cov": [
        37.5,
        4.8239850997924805
    ],
    "acc": [
        87.94863891601562,
        5.323055744171143
    ],
    "pos_0": [
        0.1459895521402359,
        0.3617854416370392
    ],
    "pos_1": [
        0.4514597952365875,
        0.986983597278595
    ],
    "neg_0": [
        38.21819305419922,
        5.1834330558776855
    ],
    "neg_1": [
        35.12699890136719,
        7.830941200256348
    ],
    "abs_0": [
        61.63581848144531,
        5.163879871368408
    ],
    "abs_1": [
        64.42153930664062,
        7.809881210327148
    ],
    "tpr_0": [
        0.41620752215385437,
        0.9863002896308899
    ],
    "tpr_1": [
        0.9935302734375,
        2.05161452293396
    ],
    "fnr_0": [
        13.876590728759766,
        8.037498474121094
    ],
    "fnr_1": [
        14.23011589050293,
        6.8276166915893555
    ],
    "par_0": [
        85.70720672607422,
        8.08686351776123
    ],
    "par_1": [
        84.77635192871094,
        7.0088419914245605
    ],
    "fpr_0": [
        0.040816325694322586,
        0.20408162474632263
    ],
    "fpr_1": [
        0.11428571492433548,
        0.5714285373687744
    ],
    "tnr_0": [
        48.21931838989258,
        5.466531753540039
    ],
    "tnr_1": [
        47.12032699584961,
        10.868376731872559
    ],
    "nar_0": [
        51.73986053466797,
        5.460378646850586
    ],
    "nar_1": [
        52.765384674072266,
        10.836655616760254
    ]
}