{
    "cov": [
        27.520000457763672,
        4.040111541748047
    ],
    "acc": [
        86.94631958007812,
        3.6106700897216797
    ],
    "pos_0": [
        1.0935479402542114,
        1.1694238185882568
    ],
    "pos_1": [
        1.552262783050537,
        2.038393974304199
    ],
    "neg_0": [
        26.219223022460938,
        4.865793228149414
    ],
    "neg_1": [
        26.649120330810547,
        7.845231056213379
    ],
    "abs_0": [
        72.68722534179688,
        5.266233921051025
    ],
    "abs_1": [
        71.79861450195312,
        8.192935943603516
    ],
    "tpr_0": [
        1.9418225288391113,
        2.001192092895508
    ],
    "tpr_1": [
        3.742213249206543,
        4.821475982666016
    ],
    "fnr_0": [
        10.72573471069336,
        3.865211009979248
    ],
    "fnr_1": [
        10.525081634521484,
        7.080317497253418
    ],
    "par_0": [
        87.33244323730469,
        4.883947372436523
    ],
    "par_1": [
        85.73270416259766,
        7.594214916229248
    ],
    "fpr_0": [
        0.8016903400421143,
        1.1252158880233765
    ],
    "fpr_1": [
        0.42775577306747437,
        1.009716272354126
    ],
    "tnr_0": [
        32.16749954223633,
        5.892724514007568
    ],
    "tnr_1": [
        34.96965026855469,
        10.378414154052734
    ],
    "nar_0": [
        67.03080749511719,
        6.1983795166015625
    ],
    "nar_1": [
        64.60260009765625,
        10.673898696899414
    ]
}