{
    "cov": [
        34.73999786376953,
        3.881366014480591
    ],
    "acc": [
        87.591796875,
        5.309507369995117
    ],
    "pos_0": [
        0.1439029723405838,
        0.3582959473133087
    ],
    "pos_1": [
        0.33676213026046753,
        0.6888824701309204
    ],
    "neg_0": [
        35.80231475830078,
        5.056285381317139
    ],
    "neg_1": [
        31.866106033325195,
        5.579973220825195
    ],
    "abs_0": [
        64.05377960205078,
        5.148787975311279
    ],
    "abs_1": [
        67.797119140625,
        5.629193305969238
    ],
    "tpr_0": [
        0.22205550968647003,
        0.7794613242149353
    ],
    "tpr_1": [
        0.9898913502693176,
        2.032083749771118
    ],
    "fnr_0": [
        12.928241729736328,
        6.774106979370117
    ],
    "fnr_1": [
        13.787459373474121,
        6.156534671783447
    ],
    "par_0": [
        86.8497085571289,
        6.671061038970947
    ],
    "par_1": [
        85.22264099121094,
        6.345285892486572
    ],
    "fpr_0": [
        0.11689290404319763,
        0.4295167922973633
    ],
    "fpr_1": [
        0.0,
        0.0
    ],
    "tnr_0": [
        45.25180435180664,
        6.335554122924805
    ],
    "tnr_1": [
        42.184608459472656,
        7.468698024749756
    ],
    "nar_0": [
        54.63130187988281,
        6.428526401519775
    ],
    "nar_1": [
        57.81538772583008,
        7.468698024749756
    ]
}