{
    "cov": [
        44.97999954223633,
        5.985190391540527
    ],
    "acc": [
        85.76542663574219,
        4.968114376068115
    ],
    "pos_0": [
        0.3827272653579712,
        0.6123297810554504
    ],
    "pos_1": [
        1.0960932970046997,
        1.29889714717865
    ],
    "neg_0": [
        45.821258544921875,
        6.709735870361328
    ],
    "neg_1": [
        41.20623016357422,
        7.866264343261719
    ],
    "abs_0": [
        53.79601287841797,
        6.570833683013916
    ],
    "abs_1": [
        57.69767379760742,
        8.06499195098877
    ],
    "tpr_0": [
        0.8745545744895935,
        2.0867207050323486
    ],
    "tpr_1": [
        2.5670132637023926,
        2.9682068824768066
    ],
    "fnr_0": [
        20.554750442504883,
        9.31973934173584
    ],
    "fnr_1": [
        18.907217025756836,
        9.466045379638672
    ],
    "par_0": [
        78.57069396972656,
        9.234295845031738
    ],
    "par_1": [
        78.52576446533203,
        9.80682373046875
    ],
    "fpr_0": [
        0.20702926814556122,
        0.5155842304229736
    ],
    "fpr_1": [
        0.18510638177394867,
        0.6429206132888794
    ],
    "tnr_0": [
        56.29060363769531,
        7.201125144958496
    ],
    "tnr_1": [
        54.0646858215332,
        9.872292518615723
    ],
    "nar_0": [
        43.50236129760742,
        7.231533527374268
    ],
    "nar_1": [
        45.75020217895508,
        10.056371688842773
    ]
}