{
    "cov": [
        58.439998626708984,
        4.284954071044922
    ],
    "acc": [
        82.31561279296875,
        3.904514789581299
    ],
    "pos_0": [
        0.029629627242684364,
        0.14814814925193787
    ],
    "pos_1": [
        0.0,
        0.0
    ],
    "neg_0": [
        60.282493591308594,
        5.418510437011719
    ],
    "neg_1": [
        54.3400764465332,
        5.433998107910156
    ],
    "abs_0": [
        39.68787384033203,
        5.452573776245117
    ],
    "abs_1": [
        45.65991973876953,
        5.433998107910156
    ],
    "tpr_0": [
        0.09756097942590714,
        0.4878048598766327
    ],
    "tpr_1": [
        0.0,
        0.0
    ],
    "fnr_0": [
        34.17363739013672,
        7.129882335662842
    ],
    "fnr_1": [
        29.531829833984375,
        8.047691345214844
    ],
    "par_0": [
        65.72879791259766,
        7.215198993682861
    ],
    "par_1": [
        70.4681625366211,
        8.04769229888916
    ],
    "fpr_0": [
        0.0,
        0.0
    ],
    "fpr_1": [
        0.0,
        0.0
    ],
    "tnr_0": [
        71.00773620605469,
        6.499653339385986
    ],
    "tnr_1": [
        68.7532730102539,
        6.0691986083984375
    ],
    "nar_0": [
        28.99226188659668,
        6.499653339385986
    ],
    "nar_1": [
        31.246726989746094,
        6.0691986083984375
    ]
}