{
    "cov": [
        23.979999542236328,
        3.8255717754364014
    ],
    "acc": [
        87.33041381835938,
        3.733285665512085
    ],
    "pos_0": [
        0.9687411785125732,
        0.8956155776977539
    ],
    "pos_1": [
        1.312262773513794,
        1.5398640632629395
    ],
    "neg_0": [
        22.385412216186523,
        4.418474197387695
    ],
    "neg_1": [
        24.293476104736328,
        7.076216220855713
    ],
    "abs_0": [
        76.64584350585938,
        4.793736457824707
    ],
    "abs_1": [
        74.3942642211914,
        7.047049522399902
    ],
    "tpr_0": [
        1.9368194341659546,
        1.8436039686203003
    ],
    "tpr_1": [
        3.2977685928344727,
        4.027135372161865
    ],
    "fnr_0": [
        9.012950897216797,
        3.4458112716674805
    ],
    "fnr_1": [
        9.240057945251465,
        6.522860527038574
    ],
    "par_0": [
        89.05023193359375,
        4.600329399108887
    ],
    "par_1": [
        87.46216583251953,
        6.797206401824951
    ],
    "fpr_0": [
        0.6375308036804199,
        0.904210090637207
    ],
    "fpr_1": [
        0.30275580286979675,
        0.8412755131721497
    ],
    "tnr_0": [
        27.567235946655273,
        5.566797256469727
    ],
    "tnr_1": [
        32.025882720947266,
        9.346827507019043
    ],
    "nar_0": [
        71.79522705078125,
        5.795578479766846
    ],
    "nar_1": [
        67.6713638305664,
        9.492308616638184
    ]
}