{
    "cov": [
        26.299999237060547,
        6.081049919128418
    ],
    "acc": [
        89.690673828125,
        4.885485649108887
    ],
    "pos_0": [
        0.03100775182247162,
        0.1550387591123581
    ],
    "pos_1": [
        0.0,
        0.0
    ],
    "neg_0": [
        27.408010482788086,
        7.013077735900879
    ],
    "neg_1": [
        23.84461212158203,
        7.247317314147949
    ],
    "abs_0": [
        72.56098175048828,
        6.9561638832092285
    ],
    "abs_1": [
        76.15538787841797,
        7.247317314147949
    ],
    "tpr_0": [
        0.12903225421905518,
        0.6451613306999207
    ],
    "tpr_1": [
        0.0,
        0.0
    ],
    "fnr_0": [
        8.175762176513672,
        4.158752918243408
    ],
    "fnr_1": [
        9.388193130493164,
        7.3238701820373535
    ],
    "par_0": [
        91.69520568847656,
        3.9387388229370117
    ],
    "par_1": [
        90.61180114746094,
        7.32387113571167
    ],
    "fpr_0": [
        0.0,
        0.0
    ],
    "fpr_1": [
        0.0,
        0.0
    ],
    "tnr_0": [
        35.41419982910156,
        8.979670524597168
    ],
    "tnr_1": [
        32.17855453491211,
        8.973642349243164
    ],
    "nar_0": [
        64.58580017089844,
        8.979669570922852
    ],
    "nar_1": [
        67.82144165039062,
        8.973641395568848
    ]
}