{
    "cov": [
        63.97999954223633,
        7.708869457244873
    ],
    "acc": [
        79.04949951171875,
        6.115006446838379
    ],
    "pos_0": [
        0.0,
        0.0
    ],
    "pos_1": [
        0.05714285746216774,
        0.2857142686843872
    ],
    "neg_0": [
        64.58248138427734,
        7.28639030456543
    ],
    "neg_1": [
        62.709842681884766,
        11.145149230957031
    ],
    "abs_0": [
        35.41751480102539,
        7.2863898277282715
    ],
    "abs_1": [
        37.233009338378906,
        11.187665939331055
    ],
    "tpr_0": [
        0.0,
        0.0
    ],
    "tpr_1": [
        0.0,
        0.0
    ],
    "fnr_0": [
        42.63739013671875,
        13.434568405151367
    ],
    "fnr_1": [
        42.15651321411133,
        16.564990997314453
    ],
    "par_0": [
        57.362606048583984,
        13.43456745147705
    ],
    "par_1": [
        57.84348678588867,
        16.564990997314453
    ],
    "fpr_0": [
        0.0,
        0.0
    ],
    "fpr_1": [
        0.08510638028383255,
        0.42553192377090454
    ],
    "tnr_0": [
        73.35628509521484,
        7.198205471038818
    ],
    "tnr_1": [
        74.44229125976562,
        9.40678596496582
    ],
    "nar_0": [
        26.643714904785156,
        7.198205947875977
    ],
    "nar_1": [
        25.472599029541016,
        9.456624031066895
    ]
}