{
    "cov": [
        17.53999900817871,
        5.501741886138916
    ],
    "acc": [
        90.46085357666016,
        6.0465192794799805
    ],
    "pos_0": [
        0.028368793427944183,
        0.1418439745903015
    ],
    "pos_1": [
        0.0,
        0.0
    ],
    "neg_0": [
        18.315250396728516,
        6.420437812805176
    ],
    "neg_1": [
        15.912936210632324,
        5.865251064300537
    ],
    "abs_0": [
        81.6563720703125,
        6.43235969543457
    ],
    "abs_1": [
        84.08706665039062,
        5.865250587463379
    ],
    "tpr_0": [
        0.0,
        0.0
    ],
    "tpr_1": [
        0.0,
        0.0
    ],
    "fnr_0": [
        5.211381912231445,
        4.101909160614014
    ],
    "fnr_1": [
        6.0453362464904785,
        6.169438362121582
    ],
    "par_0": [
        94.78861236572266,
        4.101909160614014
    ],
    "par_1": [
        93.95466613769531,
        6.169437885284424
    ],
    "fpr_0": [
        0.039215683937072754,
        0.19607843458652496
    ],
    "fpr_1": [
        0.0,
        0.0
    ],
    "tnr_0": [
        23.857040405273438,
        8.434613227844238
    ],
    "tnr_1": [
        21.67835807800293,
        7.345944404602051
    ],
    "nar_0": [
        76.10374450683594,
        8.449535369873047
    ],
    "nar_1": [
        78.32164001464844,
        7.345942974090576
    ]
}