{
    "cov": [
        65.5199966430664,
        4.833649635314941
    ],
    "acc": [
        80.71880340576172,
        4.162866115570068
    ],
    "pos_0": [
        1.1154359579086304,
        1.8638269901275635
    ],
    "pos_1": [
        2.3496835231781006,
        3.779345989227295
    ],
    "neg_0": [
        65.65050506591797,
        5.707911968231201
    ],
    "neg_1": [
        60.32066345214844,
        7.937675952911377
    ],
    "abs_0": [
        33.23405456542969,
        5.786327362060547
    ],
    "abs_1": [
        37.32965087890625,
        7.958860397338867
    ],
    "tpr_0": [
        2.646616220474243,
        4.670755386352539
    ],
    "tpr_1": [
        4.800435543060303,
        7.409038066864014
    ],
    "fnr_0": [
        40.18025588989258,
        9.743345260620117
    ],
    "fnr_1": [
        35.26837921142578,
        11.066305160522461
    ],
    "par_0": [
        57.17313003540039,
        10.623305320739746
    ],
    "par_1": [
        59.93118667602539,
        12.451765060424805
    ],
    "fpr_0": [
        0.5188903212547302,
        1.0055376291275024
    ],
    "fpr_1": [
        0.8493587970733643,
        1.629101276397705
    ],
    "tnr_0": [
        76.15000915527344,
        6.0506134033203125
    ],
    "tnr_1": [
        74.86378479003906,
        8.24964714050293
    ],
    "nar_0": [
        23.331092834472656,
        5.845714569091797
    ],
    "nar_1": [
        24.28685760498047,
        8.155171394348145
    ]
}