{
    "cov": [
        5.539999961853027,
        2.145343780517578
    ],
    "acc": [
        85.92704010009766,
        13.098162651062012
    ],
    "pos_0": [
        0.40191856026649475,
        0.8828263878822327
    ],
    "pos_1": [
        1.006848931312561,
        1.669150710105896
    ],
    "neg_0": [
        4.6536383628845215,
        1.9549354314804077
    ],
    "neg_1": [
        5.88641357421875,
        4.328742027282715
    ],
    "abs_0": [
        94.94444274902344,
        2.2894365787506104
    ],
    "abs_1": [
        93.10672760009766,
        4.48935604095459
    ],
    "tpr_0": [
        0.645280659198761,
        1.394708275794983
    ],
    "tpr_1": [
        2.883354902267456,
        4.744924068450928
    ],
    "fnr_0": [
        1.5037484169006348,
        2.3503470420837402
    ],
    "fnr_1": [
        3.8492114543914795,
        4.8178019523620605
    ],
    "par_0": [
        97.85096740722656,
        2.5580403804779053
    ],
    "par_1": [
        93.2674331665039,
        6.6377973556518555
    ],
    "fpr_0": [
        0.3201602101325989,
        0.8526787161827087
    ],
    "fpr_1": [
        0.0,
        0.0
    ],
    "tnr_0": [
        5.923635959625244,
        2.4320271015167236
    ],
    "tnr_1": [
        6.721442222595215,
        5.122438907623291
    ],
    "nar_0": [
        93.7562026977539,
        2.618312358856201
    ],
    "nar_1": [
        93.278564453125,
        5.122438907623291
    ]
}