{
    "cov": [
        41.36000061035156,
        4.726961612701416
    ],
    "acc": [
        86.27349090576172,
        5.112343788146973
    ],
    "pos_0": [
        0.40696200728416443,
        0.6248508095741272
    ],
    "pos_1": [
        0.913955569267273,
        1.0779478549957275
    ],
    "neg_0": [
        44.15102005004883,
        5.273403644561768
    ],
    "neg_1": [
        33.67982864379883,
        6.943502426147461
    ],
    "abs_0": [
        55.442020416259766,
        5.3353447914123535
    ],
    "abs_1": [
        65.40621185302734,
        6.816200256347656
    ],
    "tpr_0": [
        1.0270167589187622,
        1.855600118637085
    ],
    "tpr_1": [
        2.388756275177002,
        2.6640520095825195
    ],
    "fnr_0": [
        19.088382720947266,
        9.291520118713379
    ],
    "fnr_1": [
        14.710529327392578,
        8.581951141357422
    ],
    "par_0": [
        79.88459777832031,
        9.477874755859375
    ],
    "par_1": [
        82.90071105957031,
        8.047436714172363
    ],
    "fpr_0": [
        0.15973882377147675,
        0.46973732113838196
    ],
    "fpr_1": [
        0.0952380895614624,
        0.4761905074119568
    ],
    "tnr_0": [
        54.46133041381836,
        6.041411399841309
    ],
    "tnr_1": [
        44.85829162597656,
        9.485065460205078
    ],
    "nar_0": [
        45.37892532348633,
        6.020312309265137
    ],
    "nar_1": [
        55.04646682739258,
        9.451125144958496
    ]
}