{
    "cov": [
        58.31999969482422,
        4.760689735412598
    ],
    "acc": [
        82.56613159179688,
        4.4729084968566895
    ],
    "pos_0": [
        0.8470948338508606,
        1.1872841119766235
    ],
    "pos_1": [
        2.0317182540893555,
        2.890770673751831
    ],
    "neg_0": [
        58.50413131713867,
        4.8273844718933105
    ],
    "neg_1": [
        54.002723693847656,
        5.7999796867370605
    ],
    "abs_0": [
        40.64876937866211,
        4.868847370147705
    ],
    "abs_1": [
        43.96554946899414,
        6.573403835296631
    ],
    "tpr_0": [
        2.323389768600464,
        3.4463720321655273
    ],
    "tpr_1": [
        4.581094741821289,
        6.011131286621094
    ],
    "fnr_0": [
        32.363792419433594,
        10.108064651489258
    ],
    "fnr_1": [
        29.59554100036621,
        7.457584857940674
    ],
    "par_0": [
        65.31282043457031,
        10.631800651550293
    ],
    "par_1": [
        65.8233642578125,
        10.45794677734375
    ],
    "fpr_0": [
        0.2760290503501892,
        0.5337788462638855
    ],
    "fpr_1": [
        0.4633278548717499,
        1.0926477909088135
    ],
    "tnr_0": [
        69.23088836669922,
        4.452747821807861
    ],
    "tnr_1": [
        68.1115493774414,
        7.34793758392334
    ],
    "nar_0": [
        30.493085861206055,
        4.467224597930908
    ],
    "nar_1": [
        31.425121307373047,
        7.576309680938721
    ]
}