{
    "cov": [
        51.02000045776367,
        4.757626056671143
    ],
    "acc": [
        83.88369750976562,
        4.2377729415893555
    ],
    "pos_0": [
        1.1141173839569092,
        1.2090940475463867
    ],
    "pos_1": [
        1.7421090602874756,
        2.3106937408447266
    ],
    "neg_0": [
        51.137264251708984,
        5.20290994644165
    ],
    "neg_1": [
        46.61659240722656,
        6.828840255737305
    ],
    "abs_0": [
        47.74861526489258,
        5.086215019226074
    ],
    "abs_1": [
        51.64129638671875,
        7.469027519226074
    ],
    "tpr_0": [
        2.352159023284912,
        3.311202049255371
    ],
    "tpr_1": [
        3.7327117919921875,
        4.5751051902771
    ],
    "fnr_0": [
        26.010019302368164,
        9.121005058288574
    ],
    "fnr_1": [
        22.30238151550293,
        7.5961713790893555
    ],
    "par_0": [
        71.6378173828125,
        9.384222984313965
    ],
    "par_1": [
        73.96490478515625,
        9.290313720703125
    ],
    "fpr_0": [
        0.6097191572189331,
        0.9201207160949707
    ],
    "fpr_1": [
        0.5585659146308899,
        1.1526954174041748
    ],
    "tnr_0": [
        61.541717529296875,
        5.64247465133667
    ],
    "tnr_1": [
        60.8162956237793,
        8.672039031982422
    ],
    "nar_0": [
        37.84856033325195,
        5.514547824859619
    ],
    "nar_1": [
        38.62513732910156,
        8.997797966003418
    ]
}