{
    "cov": [
        0.25999999046325684,
        0.6474308371543884
    ],
    "acc": [
        22.0,
        41.028446197509766
    ],
    "pos_0": [
        0.0,
        0.0
    ],
    "pos_1": [
        0.0,
        0.0
    ],
    "neg_0": [
        0.3541998565196991,
        0.9316540360450745
    ],
    "neg_1": [
        0.0625,
        0.3125
    ],
    "abs_0": [
        99.64579772949219,
        0.9316544532775879
    ],
    "abs_1": [
        99.9375,
        0.3125
    ],
    "tpr_0": [
        0.0,
        0.0
    ],
    "tpr_1": [
        0.0,
        0.0
    ],
    "fnr_0": [
        0.12903225421905518,
        0.6451613306999207
    ],
    "fnr_1": [
        0.0,
        0.0
    ],
    "par_0": [
        99.87096405029297,
        0.6451601386070251
    ],
    "par_1": [
        100.0,
        0.0
    ],
    "fpr_0": [
        0.0,
        0.0
    ],
    "fpr_1": [
        0.0,
        0.0
    ],
    "tnr_0": [
        0.4482437074184418,
        1.2494735717773438
    ],
    "tnr_1": [
        0.09999999403953552,
        0.5
    ],
    "nar_0": [
        99.5517578125,
        1.2494733333587646
    ],
    "nar_1": [
        99.9000015258789,
        0.5
    ]
}