{
    "cov": [
        15.899999618530273,
        6.7314558029174805
    ],
    "acc": [
        89.56312561035156,
        7.032350063323975
    ],
    "pos_0": [
        0.0,
        0.0
    ],
    "pos_1": [
        0.0,
        0.0
    ],
    "neg_0": [
        16.994104385375977,
        7.340854167938232
    ],
    "neg_1": [
        13.714889526367188,
        7.211874008178711
    ],
    "abs_0": [
        83.00589752197266,
        7.340852737426758
    ],
    "abs_1": [
        86.28510284423828,
        7.211874008178711
    ],
    "tpr_0": [
        0.0,
        0.0
    ],
    "tpr_1": [
        0.0,
        0.0
    ],
    "fnr_0": [
        4.627066135406494,
        3.9803435802459717
    ],
    "fnr_1": [
        7.124547004699707,
        8.05406379699707
    ],
    "par_0": [
        95.37294006347656,
        3.9803428649902344
    ],
    "par_1": [
        92.87545013427734,
        8.05406379699707
    ],
    "fpr_0": [
        0.0,
        0.0
    ],
    "fpr_1": [
        0.0,
        0.0
    ],
    "tnr_0": [
        22.17898941040039,
        9.539206504821777
    ],
    "tnr_1": [
        17.380598068237305,
        8.219413757324219
    ],
    "nar_0": [
        77.82100677490234,
        9.539206504821777
    ],
    "nar_1": [
        82.61939239501953,
        8.219414710998535
    ]
}