{
    "cov": [
        54.63999938964844,
        5.193184852600098
    ],
    "acc": [
        83.2176742553711,
        4.378560543060303
    ],
    "pos_0": [
        1.0828036069869995,
        1.147307276725769
    ],
    "pos_1": [
        3.319631814956665,
        2.9128689765930176
    ],
    "neg_0": [
        56.80404281616211,
        4.75419282913208
    ],
    "neg_1": [
        44.30696105957031,
        7.303228855133057
    ],
    "abs_0": [
        42.11315155029297,
        5.02015495300293
    ],
    "abs_1": [
        52.37340545654297,
        8.45005989074707
    ],
    "tpr_0": [
        2.461064100265503,
        2.898811101913452
    ],
    "tpr_1": [
        7.030419826507568,
        6.098110198974609
    ],
    "fnr_0": [
        31.047035217285156,
        8.65851879119873
    ],
    "fnr_1": [
        20.8360595703125,
        8.123784065246582
    ],
    "par_0": [
        66.49189758300781,
        9.782797813415527
    ],
    "par_1": [
        72.1335220336914,
        11.225285530090332
    ],
    "fpr_0": [
        0.5251149535179138,
        0.9279362559318542
    ],
    "fpr_1": [
        1.177625060081482,
        1.9254330396652222
    ],
    "tnr_0": [
        67.3797836303711,
        5.08011531829834
    ],
    "tnr_1": [
        57.93155288696289,
        8.760171890258789
    ],
    "nar_0": [
        32.09510040283203,
        4.831414222717285
    ],
    "nar_1": [
        40.89081573486328,
        9.035407066345215
    ]
}