{
    "cov": [
        61.439998626708984,
        5.329399585723877
    ],
    "acc": [
        81.89012908935547,
        3.708618640899658
    ],
    "pos_0": [
        1.5203933715820312,
        1.5084136724472046
    ],
    "pos_1": [
        4.594913005828857,
        4.568943977355957
    ],
    "neg_0": [
        62.82292938232422,
        6.04791259765625
    ],
    "neg_1": [
        50.669979095458984,
        4.303630828857422
    ],
    "abs_0": [
        35.65667724609375,
        6.029383182525635
    ],
    "abs_1": [
        44.735107421875,
        6.962044715881348
    ],
    "tpr_0": [
        3.718907117843628,
        4.242170810699463
    ],
    "tpr_1": [
        9.762761116027832,
        9.244373321533203
    ],
    "fnr_0": [
        37.04448699951172,
        9.25954818725586
    ],
    "fnr_1": [
        25.820446014404297,
        6.440925121307373
    ],
    "par_0": [
        59.23660659790039,
        9.822891235351562
    ],
    "par_1": [
        64.41678619384766,
        10.386063575744629
    ],
    "fpr_0": [
        0.652783215045929,
        0.7552189826965332
    ],
    "fpr_1": [
        1.7370866537094116,
        2.371500253677368
    ],
    "tnr_0": [
        73.47602844238281,
        6.429385185241699
    ],
    "tnr_1": [
        65.11616516113281,
        6.242234230041504
    ],
    "nar_0": [
        25.871185302734375,
        6.374456882476807
    ],
    "nar_1": [
        33.146751403808594,
        7.055740833282471
    ]
}