{
    "cov": [
        98.86000061035156,
        1.5845608711242676
    ],
    "acc": [
        70.3064956665039,
        3.663980722427368
    ],
    "pos_0": [
        3.075418710708618,
        3.5484397411346436
    ],
    "pos_1": [
        6.315698146820068,
        5.80875825881958
    ],
    "neg_0": [
        95.74415588378906,
        3.314713716506958
    ],
    "neg_1": [
        92.59413146972656,
        5.21842622756958
    ],
    "abs_0": [
        1.1804248094558716,
        1.5574227571487427
    ],
    "abs_1": [
        1.090171217918396,
        2.1056859493255615
    ],
    "tpr_0": [
        5.984284400939941,
        7.3729400634765625
    ],
    "tpr_1": [
        13.804676055908203,
        11.7857084274292
    ],
    "fnr_0": [
        91.24431610107422,
        6.650617599487305
    ],
    "fnr_1": [
        83.528076171875,
        10.478047370910645
    ],
    "par_0": [
        2.7714056968688965,
        3.8769402503967285
    ],
    "par_1": [
        2.667246103286743,
        5.259883403778076
    ],
    "fpr_0": [
        1.8636977672576904,
        2.7156169414520264
    ],
    "fpr_1": [
        2.0918431282043457,
        3.2590713500976562
    ],
    "tnr_0": [
        97.59490966796875,
        2.594989776611328
    ],
    "tnr_1": [
        97.63229370117188,
        3.3647940158843994
    ],
    "nar_0": [
        0.541390597820282,
        0.8784748911857605
    ],
    "nar_1": [
        0.27586206793785095,
        1.3793103694915771
    ]
}