{
    "cov": [
        15.399999618530273,
        5.0928874015808105
    ],
    "acc": [
        90.67505645751953,
        6.003541946411133
    ],
    "pos_0": [
        0.0,
        0.0
    ],
    "pos_1": [
        0.0,
        0.0
    ],
    "neg_0": [
        16.13692283630371,
        5.870847702026367
    ],
    "neg_1": [
        13.825142860412598,
        6.563313961029053
    ],
    "abs_0": [
        83.86307525634766,
        5.870849132537842
    ],
    "abs_1": [
        86.17485809326172,
        6.563314914703369
    ],
    "tpr_0": [
        0.0,
        0.0
    ],
    "tpr_1": [
        0.0,
        0.0
    ],
    "fnr_0": [
        4.778212070465088,
        3.9656143188476562
    ],
    "fnr_1": [
        4.854276180267334,
        6.3447747230529785
    ],
    "par_0": [
        95.22179412841797,
        3.9656147956848145
    ],
    "par_1": [
        95.14572143554688,
        6.344775676727295
    ],
    "fpr_0": [
        0.0,
        0.0
    ],
    "fpr_1": [
        0.0,
        0.0
    ],
    "tnr_0": [
        20.865055084228516,
        7.461965084075928
    ],
    "tnr_1": [
        19.113195419311523,
        7.984002113342285
    ],
    "nar_0": [
        79.13494110107422,
        7.461962699890137
    ],
    "nar_1": [
        80.88680267333984,
        7.984001159667969
    ]
}