{
    "cov": [
        11.719999313354492,
        5.3814496994018555
    ],
    "acc": [
        90.55497741699219,
        7.456680774688721
    ],
    "pos_0": [
        0.028368793427944183,
        0.1418439745903015
    ],
    "pos_1": [
        0.0,
        0.0
    ],
    "neg_0": [
        12.370468139648438,
        5.417382717132568
    ],
    "neg_1": [
        10.153829574584961,
        7.227424144744873
    ],
    "abs_0": [
        87.6011734008789,
        5.4368367195129395
    ],
    "abs_1": [
        89.8461685180664,
        7.227422714233398
    ],
    "tpr_0": [
        0.0,
        0.0
    ],
    "tpr_1": [
        0.0,
        0.0
    ],
    "fnr_0": [
        2.721684217453003,
        2.6298651695251465
    ],
    "fnr_1": [
        4.811103820800781,
        5.393771171569824
    ],
    "par_0": [
        97.2783203125,
        2.629865884780884
    ],
    "par_1": [
        95.18889617919922,
        5.393772602081299
    ],
    "fpr_0": [
        0.039215683937072754,
        0.19607843458652496
    ],
    "fpr_1": [
        0.0,
        0.0
    ],
    "tnr_0": [
        16.428119659423828,
        7.493237018585205
    ],
    "tnr_1": [
        13.25978946685791,
        9.65794849395752
    ],
    "nar_0": [
        83.53266143798828,
        7.5131096839904785
    ],
    "nar_1": [
        86.7402114868164,
        9.65794849395752
    ]
}