{
    "cov": [
        44.89999771118164,
        6.150880813598633
    ],
    "acc": [
        85.54507446289062,
        5.149683952331543
    ],
    "pos_0": [
        0.3986906111240387,
        0.944805383682251
    ],
    "pos_1": [
        0.8803136348724365,
        1.5983504056930542
    ],
    "neg_0": [
        44.833251953125,
        6.623885631561279
    ],
    "neg_1": [
        43.42036056518555,
        7.373134613037109
    ],
    "abs_0": [
        54.7680549621582,
        6.505115032196045
    ],
    "abs_1": [
        55.69932174682617,
        7.629737377166748
    ],
    "tpr_0": [
        1.0037286281585693,
        2.4356935024261475
    ],
    "tpr_1": [
        2.196573495864868,
        4.019176959991455
    ],
    "fnr_0": [
        20.323448181152344,
        8.408605575561523
    ],
    "fnr_1": [
        19.975019454956055,
        9.227010726928711
    ],
    "par_0": [
        78.6728286743164,
        8.086917877197266
    ],
    "par_1": [
        77.82840728759766,
        10.270977973937988
    ],
    "fpr_0": [
        0.15816017985343933,
        0.46258649230003357
    ],
    "fpr_1": [
        0.13793103396892548,
        0.6896551847457886
    ],
    "tnr_0": [
        54.91032028198242,
        7.479063987731934
    ],
    "tnr_1": [
        57.01005554199219,
        9.249625205993652
    ],
    "nar_0": [
        44.9315185546875,
        7.4343180656433105
    ],
    "nar_1": [
        42.852012634277344,
        9.353336334228516
    ]
}