{
    "cov": [
        36.21999740600586,
        4.002811431884766
    ],
    "acc": [
        86.88033294677734,
        5.0475287437438965
    ],
    "pos_0": [
        0.23300780355930328,
        0.5013500452041626
    ],
    "pos_1": [
        0.902036726474762,
        1.3105932474136353
    ],
    "neg_0": [
        38.89445114135742,
        4.589353084564209
    ],
    "neg_1": [
        29.107173919677734,
        5.807154178619385
    ],
    "abs_0": [
        60.87253952026367,
        4.629559516906738
    ],
    "abs_1": [
        69.99078369140625,
        5.993684768676758
    ],
    "tpr_0": [
        0.5231842398643494,
        1.2575956583023071
    ],
    "tpr_1": [
        2.2261641025543213,
        3.1478259563446045
    ],
    "fnr_0": [
        15.995173454284668,
        7.670391082763672
    ],
    "fnr_1": [
        12.28469467163086,
        6.712106704711914
    ],
    "par_0": [
        83.48163604736328,
        7.739836692810059
    ],
    "par_1": [
        85.4891357421875,
        7.147744178771973
    ],
    "fpr_0": [
        0.11978248506784439,
        0.3313521444797516
    ],
    "fpr_1": [
        0.08510638028383255,
        0.42553192377090454
    ],
    "tnr_0": [
        48.30502700805664,
        5.429866313934326
    ],
    "tnr_1": [
        38.962032318115234,
        7.495465278625488
    ],
    "nar_0": [
        51.57518768310547,
        5.496673107147217
    ],
    "nar_1": [
        60.95286178588867,
        7.449216842651367
    ]
}