{
    "cov": [
        0.9399999976158142,
        1.416568636894226
    ],
    "acc": [
        62.42857360839844,
        45.8888053894043
    ],
    "pos_0": [
        0.0,
        0.0
    ],
    "pos_1": [
        0.0,
        0.0
    ],
    "neg_0": [
        0.9644482135772705,
        1.7728434801101685
    ],
    "neg_1": [
        0.9377570152282715,
        1.6759965419769287
    ],
    "abs_0": [
        99.0355453491211,
        1.772842526435852
    ],
    "abs_1": [
        99.06224060058594,
        1.6759976148605347
    ],
    "tpr_0": [
        0.0,
        0.0
    ],
    "tpr_1": [
        0.0,
        0.0
    ],
    "fnr_0": [
        0.09090908616781235,
        0.45454543828964233
    ],
    "fnr_1": [
        0.6842164993286133,
        1.6287866830825806
    ],
    "par_0": [
        99.90908813476562,
        0.454546183347702
    ],
    "par_1": [
        99.31578063964844,
        1.628787875175476
    ],
    "fpr_0": [
        0.0,
        0.0
    ],
    "fpr_1": [
        0.0,
        0.0
    ],
    "tnr_0": [
        1.344029188156128,
        2.404221534729004
    ],
    "tnr_1": [
        1.083467960357666,
        1.9170527458190918
    ],
    "nar_0": [
        98.65596771240234,
        2.4042224884033203
    ],
    "nar_1": [
        98.91653442382812,
        1.917052984237671
    ]
}