{
    "cov": [
        36.71999740600586,
        7.992288112640381
    ],
    "acc": [
        86.84033203125,
        5.513298034667969
    ],
    "pos_0": [
        0.0,
        0.0
    ],
    "pos_1": [
        0.0,
        0.0
    ],
    "neg_0": [
        38.199302673339844,
        9.530083656311035
    ],
    "neg_1": [
        33.54710006713867,
        6.9369893074035645
    ],
    "abs_0": [
        61.800697326660156,
        9.530083656311035
    ],
    "abs_1": [
        66.45289611816406,
        6.936990737915039
    ],
    "tpr_0": [
        0.0,
        0.0
    ],
    "tpr_1": [
        0.0,
        0.0
    ],
    "fnr_0": [
        14.810195922851562,
        9.147139549255371
    ],
    "fnr_1": [
        15.782092094421387,
        7.908575534820557
    ],
    "par_0": [
        85.18980407714844,
        9.147139549255371
    ],
    "par_1": [
        84.21791076660156,
        7.908576488494873
    ],
    "fpr_0": [
        0.0,
        0.0
    ],
    "fpr_1": [
        0.0,
        0.0
    ],
    "tnr_0": [
        47.80388259887695,
        11.248952865600586
    ],
    "tnr_1": [
        43.72319412231445,
        9.250852584838867
    ],
    "nar_0": [
        52.19611740112305,
        11.24895191192627
    ],
    "nar_1": [
        56.27680587768555,
        9.250852584838867
    ]
}