{
    "cov": [
        49.23999786376953,
        5.818648338317871
    ],
    "acc": [
        84.77193450927734,
        4.538822650909424
    ],
    "pos_0": [
        0.6720651984214783,
        0.9506614208221436
    ],
    "pos_1": [
        1.820119023323059,
        2.2556440830230713
    ],
    "neg_0": [
        51.17527770996094,
        6.287210464477539
    ],
    "neg_1": [
        41.862754821777344,
        6.594037055969238
    ],
    "abs_0": [
        48.15265655517578,
        6.585132122039795
    ],
    "abs_1": [
        56.31712341308594,
        7.732212543487549
    ],
    "tpr_0": [
        1.7480502128601074,
        2.825275421142578
    ],
    "tpr_1": [
        4.107729434967041,
        5.469672203063965
    ],
    "fnr_0": [
        24.977783203125,
        9.921520233154297
    ],
    "fnr_1": [
        19.64409065246582,
        7.1260504722595215
    ],
    "par_0": [
        73.274169921875,
        11.139524459838867
    ],
    "par_1": [
        76.24817657470703,
        10.060319900512695
    ],
    "fpr_0": [
        0.24030563235282898,
        0.5213167667388916
    ],
    "fpr_1": [
        0.42163917422294617,
        1.0047632455825806
    ],
    "tnr_0": [
        61.95885467529297,
        6.746896743774414
    ],
    "tnr_1": [
        54.987728118896484,
        9.624674797058105
    ],
    "nar_0": [
        37.80083465576172,
        6.679553508758545
    ],
    "nar_1": [
        44.59062957763672,
        10.036239624023438
    ]
}