{
    "cov": [
        51.779998779296875,
        4.911890506744385
    ],
    "acc": [
        83.6061019897461,
        3.614492177963257
    ],
    "pos_0": [
        3.305570125579834,
        1.9406979084014893
    ],
    "pos_1": [
        3.517225742340088,
        3.184438705444336
    ],
    "neg_0": [
        48.099571228027344,
        5.526177883148193
    ],
    "neg_1": [
        49.215782165527344,
        8.355871200561523
    ],
    "abs_0": [
        48.59486389160156,
        6.137753009796143
    ],
    "abs_1": [
        47.266990661621094,
        9.118583679199219
    ],
    "tpr_0": [
        6.996725559234619,
        5.120761871337891
    ],
    "tpr_1": [
        7.505438804626465,
        6.6367597579956055
    ],
    "fnr_0": [
        24.773271560668945,
        5.809242248535156
    ],
    "fnr_1": [
        23.773710250854492,
        11.293510437011719
    ],
    "par_0": [
        68.2300033569336,
        8.41203784942627
    ],
    "par_1": [
        68.7208480834961,
        12.329203605651855
    ],
    "fpr_0": [
        1.930411696434021,
        1.5341596603393555
    ],
    "fpr_1": [
        1.5338157415390015,
        2.620129108428955
    ],
    "tnr_0": [
        57.05274963378906,
        6.100848197937012
    ],
    "tnr_1": [
        62.112281799316406,
        8.607561111450195
    ],
    "nar_0": [
        41.016841888427734,
        6.4799909591674805
    ],
    "nar_1": [
        36.353904724121094,
        8.7278413772583
    ]
}