{
    "cov": [
        23.53999900817871,
        11.84440803527832
    ],
    "acc": [
        87.25674438476562,
        6.432649612426758
    ],
    "pos_0": [
        0.0,
        0.0
    ],
    "pos_1": [
        0.0,
        0.0
    ],
    "neg_0": [
        23.987865447998047,
        12.140010833740234
    ],
    "neg_1": [
        22.61956024169922,
        12.560504913330078
    ],
    "abs_0": [
        76.01213073730469,
        12.140010833740234
    ],
    "abs_1": [
        77.38043975830078,
        12.560505867004395
    ],
    "tpr_0": [
        0.0,
        0.0
    ],
    "tpr_1": [
        0.0,
        0.0
    ],
    "fnr_0": [
        8.696189880371094,
        5.909990310668945
    ],
    "fnr_1": [
        11.507725715637207,
        9.574389457702637
    ],
    "par_0": [
        91.3038101196289,
        5.909988880157471
    ],
    "par_1": [
        88.49227142333984,
        9.574390411376953
    ],
    "fpr_0": [
        0.0,
        0.0
    ],
    "fpr_1": [
        0.0,
        0.0
    ],
    "tnr_0": [
        30.248851776123047,
        15.374996185302734
    ],
    "tnr_1": [
        28.836395263671875,
        15.614596366882324
    ],
    "nar_0": [
        69.75115203857422,
        15.374998092651367
    ],
    "nar_1": [
        71.16360473632812,
        15.614594459533691
    ]
}