{
    "cov": [
        63.37999725341797,
        5.594417572021484
    ],
    "acc": [
        81.5389404296875,
        4.503739356994629
    ],
    "pos_0": [
        1.803093433380127,
        1.694136142730713
    ],
    "pos_1": [
        5.937942981719971,
        4.382988929748535
    ],
    "neg_0": [
        64.5083236694336,
        5.302526950836182
    ],
    "neg_1": [
        51.14488220214844,
        5.466784477233887
    ],
    "abs_0": [
        33.68858337402344,
        5.89472770690918
    ],
    "abs_1": [
        42.917171478271484,
        6.873350143432617
    ],
    "tpr_0": [
        4.539111137390137,
        4.767097473144531
    ],
    "tpr_1": [
        11.97799015045166,
        8.943201065063477
    ],
    "fnr_0": [
        38.75336456298828,
        10.660758972167969
    ],
    "fnr_1": [
        26.321950912475586,
        7.238861083984375
    ],
    "par_0": [
        56.707523345947266,
        12.52872371673584
    ],
    "par_1": [
        61.70005798339844,
        11.636030197143555
    ],
    "fpr_0": [
        0.7231754064559937,
        0.9425165057182312
    ],
    "fpr_1": [
        2.477849006652832,
        2.2600104808807373
    ],
    "tnr_0": [
        75.01592254638672,
        5.038211822509766
    ],
    "tnr_1": [
        65.49624633789062,
        6.982634544372559
    ],
    "nar_0": [
        24.260894775390625,
        5.147886753082275
    ],
    "nar_1": [
        32.02589797973633,
        6.912505149841309
    ]
}