{
    "cov": [
        46.81999969482422,
        6.653445720672607
    ],
    "acc": [
        85.05529022216797,
        4.581358909606934
    ],
    "pos_0": [
        0.5438477396965027,
        0.721037745475769
    ],
    "pos_1": [
        0.9530144929885864,
        1.4568897485733032
    ],
    "neg_0": [
        46.30851364135742,
        7.445467948913574
    ],
    "neg_1": [
        45.81069564819336,
        7.295353412628174
    ],
    "abs_0": [
        53.14763641357422,
        7.585269451141357
    ],
    "abs_1": [
        53.23628616333008,
        7.558023452758789
    ],
    "tpr_0": [
        1.186390995979309,
        1.9822670221328735
    ],
    "tpr_1": [
        2.0817198753356934,
        2.8263375759124756
    ],
    "fnr_0": [
        21.368793487548828,
        9.017230987548828
    ],
    "fnr_1": [
        21.778789520263672,
        6.941689968109131
    ],
    "par_0": [
        77.44480895996094,
        9.200787544250488
    ],
    "par_1": [
        76.13948822021484,
        7.191257476806641
    ],
    "fpr_0": [
        0.31926554441452026,
        0.6836077570915222
    ],
    "fpr_1": [
        0.2379310131072998,
        0.8347985744476318
    ],
    "tnr_0": [
        56.61945724487305,
        7.981484413146973
    ],
    "tnr_1": [
        59.83599090576172,
        10.007762908935547
    ],
    "nar_0": [
        43.061279296875,
        8.113631248474121
    ],
    "nar_1": [
        39.92607879638672,
        10.225043296813965
    ]
}