{
    "cov": [
        95.79999542236328,
        16.468402862548828
    ],
    "acc": [
        69.30242156982422,
        4.241127014160156
    ],
    "pos_0": [
        1.6806609630584717,
        2.091019868850708
    ],
    "pos_1": [
        5.419518947601318,
        5.587498188018799
    ],
    "neg_0": [
        94.14435577392578,
        16.500280380249023
    ],
    "neg_1": [
        90.3455581665039,
        18.82653045654297
    ],
    "abs_0": [
        4.174975872039795,
        16.582275390625
    ],
    "abs_1": [
        4.234923362731934,
        16.332300186157227
    ],
    "tpr_0": [
        3.9139487743377686,
        5.184576988220215
    ],
    "tpr_1": [
        10.038368225097656,
        9.480770111083984
    ],
    "fnr_0": [
        91.2602310180664,
        16.290390014648438
    ],
    "fnr_1": [
        84.70264434814453,
        18.995498657226562
    ],
    "par_0": [
        4.8258209228515625,
        15.788339614868164
    ],
    "par_1": [
        5.258984088897705,
        15.642189979553223
    ],
    "fpr_0": [
        0.7862301468849182,
        1.339056134223938
    ],
    "fpr_1": [
        2.8019909858703613,
        4.134161472320557
    ],
    "tnr_0": [
        95.32808685302734,
        16.99098014831543
    ],
    "tnr_1": [
        93.5728530883789,
        19.333568572998047
    ],
    "nar_0": [
        3.885690450668335,
        17.098642349243164
    ],
    "nar_1": [
        3.6251604557037354,
        17.061756134033203
    ]
}