{
    "cov": [
        66.4000015258789,
        4.254898548126221
    ],
    "acc": [
        79.93712615966797,
        4.213113784790039
    ],
    "pos_0": [
        1.3446518182754517,
        1.5658526420593262
    ],
    "pos_1": [
        3.0024592876434326,
        3.448000431060791
    ],
    "neg_0": [
        67.196533203125,
        3.881761312484741
    ],
    "neg_1": [
        58.79216766357422,
        6.0347981452941895
    ],
    "abs_0": [
        31.45881462097168,
        3.8384482860565186
    ],
    "abs_1": [
        38.20537185668945,
        7.031758785247803
    ],
    "tpr_0": [
        2.997493267059326,
        4.299981117248535
    ],
    "tpr_1": [
        6.668598651885986,
        6.889327049255371
    ],
    "fnr_0": [
        43.17431640625,
        8.299342155456543
    ],
    "fnr_1": [
        35.19182205200195,
        8.861372947692871
    ],
    "par_0": [
        53.82818603515625,
        8.87277603149414
    ],
    "par_1": [
        58.13957977294922,
        10.913952827453613
    ],
    "fpr_0": [
        0.6815060973167419,
        1.042284369468689
    ],
    "fpr_1": [
        0.9418734312057495,
        1.8364754915237427
    ],
    "tnr_0": [
        77.04631042480469,
        4.165971279144287
    ],
    "tnr_1": [
        72.4975357055664,
        6.9394450187683105
    ],
    "nar_0": [
        22.27218246459961,
        4.098649024963379
    ],
    "nar_1": [
        26.56059455871582,
        7.388084888458252
    ]
}