{
    "cov": [
        70.65999603271484,
        8.621339797973633
    ],
    "acc": [
        76.35984802246094,
        3.735102653503418
    ],
    "pos_0": [
        0.42042943835258484,
        1.555417537689209
    ],
    "pos_1": [
        0.32286617159843445,
        0.9432964324951172
    ],
    "neg_0": [
        70.79151916503906,
        12.312127113342285
    ],
    "neg_1": [
        68.88623046875,
        7.305838584899902
    ],
    "abs_0": [
        28.78805160522461,
        12.539702415466309
    ],
    "abs_1": [
        30.790904998779297,
        7.8390889167785645
    ],
    "tpr_0": [
        1.2492997646331787,
        5.339900970458984
    ],
    "tpr_1": [
        0.8259405493736267,
        2.3637077808380127
    ],
    "fnr_0": [
        52.47403335571289,
        9.566040992736816
    ],
    "fnr_1": [
        50.928680419921875,
        11.500587463378906
    ],
    "par_0": [
        46.27666473388672,
        11.416637420654297
    ],
    "par_1": [
        48.24537658691406,
        12.622118949890137
    ],
    "fpr_0": [
        0.1474936306476593,
        0.5105422139167786
    ],
    "fpr_1": [
        0.0,
        0.0
    ],
    "tnr_0": [
        78.5578384399414,
        14.204655647277832
    ],
    "tnr_1": [
        79.36216735839844,
        7.4682230949401855
    ],
    "nar_0": [
        21.294668197631836,
        13.958477973937988
    ],
    "nar_1": [
        20.637836456298828,
        7.468221664428711
    ]
}