{
    "cov": [
        60.21999740600586,
        8.857765197753906
    ],
    "acc": [
        80.32492065429688,
        5.1018829345703125
    ],
    "pos_0": [
        0.0,
        0.0
    ],
    "pos_1": [
        0.0,
        0.0
    ],
    "neg_0": [
        62.07726287841797,
        9.66615104675293
    ],
    "neg_1": [
        56.16902542114258,
        8.76148796081543
    ],
    "abs_0": [
        37.922733306884766,
        9.666152000427246
    ],
    "abs_1": [
        43.830970764160156,
        8.76148796081543
    ],
    "tpr_0": [
        0.0,
        0.0
    ],
    "tpr_1": [
        0.0,
        0.0
    ],
    "fnr_0": [
        39.57243728637695,
        11.947049140930176
    ],
    "fnr_1": [
        34.57386779785156,
        12.038269996643066
    ],
    "par_0": [
        60.42755889892578,
        11.947047233581543
    ],
    "par_1": [
        65.42613220214844,
        12.038269996643066
    ],
    "fpr_0": [
        0.0,
        0.0
    ],
    "fpr_1": [
        0.0,
        0.0
    ],
    "tnr_0": [
        71.47207641601562,
        10.006196022033691
    ],
    "tnr_1": [
        68.4769287109375,
        10.041458129882812
    ],
    "nar_0": [
        28.52791976928711,
        10.006195068359375
    ],
    "nar_1": [
        31.523061752319336,
        10.041457176208496
    ]
}