{
    "cov": [
        82.27999877929688,
        4.791659355163574
    ],
    "acc": [
        74.2535400390625,
        3.8880112171173096
    ],
    "pos_0": [
        0.5528249740600586,
        1.2424298524856567
    ],
    "pos_1": [
        1.0464389324188232,
        2.139859914779663
    ],
    "neg_0": [
        82.00118255615234,
        5.443707466125488
    ],
    "neg_1": [
        80.51244354248047,
        5.944951057434082
    ],
    "abs_0": [
        17.44599151611328,
        5.54129695892334
    ],
    "abs_1": [
        18.441116333007812,
        6.35211181640625
    ],
    "tpr_0": [
        1.1513292789459229,
        2.4911365509033203
    ],
    "tpr_1": [
        2.211670398712158,
        4.649868488311768
    ],
    "fnr_0": [
        67.1127700805664,
        10.673080444335938
    ],
    "fnr_1": [
        64.8209228515625,
        11.43836498260498
    ],
    "par_0": [
        31.735902786254883,
        11.174819946289062
    ],
    "par_1": [
        32.96739959716797,
        12.427325248718262
    ],
    "fpr_0": [
        0.25519734621047974,
        0.7395775318145752
    ],
    "fpr_1": [
        0.41259172558784485,
        1.2593077421188354
    ],
    "tnr_0": [
        88.13278198242188,
        4.408669948577881
    ],
    "tnr_1": [
        89.46209716796875,
        4.752202987670898
    ],
    "nar_0": [
        11.612018585205078,
        4.390322208404541
    ],
    "nar_1": [
        10.125309944152832,
        4.652775287628174
    ]
}