{
    "cov": [
        71.72000122070312,
        5.072556018829346
    ],
    "acc": [
        78.24760437011719,
        4.840690612792969
    ],
    "pos_0": [
        0.02857142873108387,
        0.1428571343421936
    ],
    "pos_1": [
        0.13446326553821564,
        0.4654078185558319
    ],
    "neg_0": [
        73.2958984375,
        5.623617649078369
    ],
    "neg_1": [
        68.00822448730469,
        6.593018531799316
    ],
    "abs_0": [
        26.67552375793457,
        5.626889705657959
    ],
    "abs_1": [
        31.857309341430664,
        6.591246128082275
    ],
    "tpr_0": [
        0.0,
        0.0
    ],
    "tpr_1": [
        0.4327485263347626,
        1.4983775615692139
    ],
    "fnr_0": [
        51.6268310546875,
        11.186376571655273
    ],
    "fnr_1": [
        45.17158126831055,
        12.247873306274414
    ],
    "par_0": [
        48.3731689453125,
        11.18637752532959
    ],
    "par_1": [
        54.39566421508789,
        12.270859718322754
    ],
    "fpr_0": [
        0.038461536169052124,
        0.19230768084526062
    ],
    "fpr_1": [
        0.0,
        0.0
    ],
    "tnr_0": [
        82.15023040771484,
        5.363487720489502
    ],
    "tnr_1": [
        81.30827331542969,
        4.612025737762451
    ],
    "nar_0": [
        17.811296463012695,
        5.363803863525391
    ],
    "nar_1": [
        18.691722869873047,
        4.612026691436768
    ]
}