{
    "cov": [
        90.45999908447266,
        6.563662528991699
    ],
    "acc": [
        72.18242645263672,
        4.2539849281311035
    ],
    "pos_0": [
        1.7052874565124512,
        2.816847085952759
    ],
    "pos_1": [
        2.8137452602386475,
        4.284854888916016
    ],
    "neg_0": [
        89.54155731201172,
        5.750231742858887
    ],
    "neg_1": [
        85.93146514892578,
        8.174640655517578
    ],
    "abs_0": [
        8.753143310546875,
        6.0845160484313965
    ],
    "abs_1": [
        11.254792213439941,
        9.06967544555664
    ],
    "tpr_0": [
        4.339520454406738,
        7.263952255249023
    ],
    "tpr_1": [
        4.89847469329834,
        7.8462653160095215
    ],
    "fnr_0": [
        79.79058074951172,
        10.244869232177734
    ],
    "fnr_1": [
        75.0374984741211,
        13.424484252929688
    ],
    "par_0": [
        15.86989974975586,
        11.294293403625488
    ],
    "par_1": [
        20.064022064208984,
        16.00436019897461
    ],
    "fpr_0": [
        0.5084424614906311,
        0.9834885597229004
    ],
    "fpr_1": [
        1.5805312395095825,
        3.303980827331543
    ],
    "tnr_0": [
        93.4871826171875,
        4.625321865081787
    ],
    "tnr_1": [
        92.21170043945312,
        6.442993640899658
    ],
    "nar_0": [
        6.004372596740723,
        4.8711256980896
    ],
    "nar_1": [
        6.207766532897949,
        6.080047607421875
    ]
}