{
    "cov": [
        35.86000061035156,
        7.305135250091553
    ],
    "acc": [
        87.56380462646484,
        5.2759690284729
    ],
    "pos_0": [
        0.26063987612724304,
        0.6172958016395569
    ],
    "pos_1": [
        0.3491601347923279,
        0.7136815786361694
    ],
    "neg_0": [
        35.89058303833008,
        7.837231159210205
    ],
    "neg_1": [
        35.00373840332031,
        8.702144622802734
    ],
    "abs_0": [
        63.848777770996094,
        7.967144012451172
    ],
    "abs_1": [
        64.64708709716797,
        8.80255126953125
    ],
    "tpr_0": [
        0.44216352701187134,
        1.3157316446304321
    ],
    "tpr_1": [
        0.9399948716163635,
        1.9375786781311035
    ],
    "fnr_0": [
        13.706133842468262,
        8.079422950744629
    ],
    "fnr_1": [
        14.639676094055176,
        8.141789436340332
    ],
    "par_0": [
        85.85169982910156,
        8.176260948181152
    ],
    "par_1": [
        84.42033386230469,
        8.281259536743164
    ],
    "fpr_0": [
        0.20293208956718445,
        0.49967774748802185
    ],
    "fpr_1": [
        0.0,
        0.0
    ],
    "tnr_0": [
        45.075965881347656,
        9.04275894165039
    ],
    "tnr_1": [
        46.64817810058594,
        10.571573257446289
    ],
    "nar_0": [
        54.72109603881836,
        9.218096733093262
    ],
    "nar_1": [
        53.35182189941406,
        10.57157039642334
    ]
}