{
    "cov": [
        66.36000061035156,
        5.183145523071289
    ],
    "acc": [
        80.53175354003906,
        4.226653099060059
    ],
    "pos_0": [
        1.0834035873413086,
        1.4992798566818237
    ],
    "pos_1": [
        1.9498217105865479,
        2.964158058166504
    ],
    "neg_0": [
        66.9337387084961,
        5.921439170837402
    ],
    "neg_1": [
        60.78704833984375,
        7.082348346710205
    ],
    "abs_0": [
        31.982851028442383,
        5.791235446929932
    ],
    "abs_1": [
        37.26312255859375,
        7.702506065368652
    ],
    "tpr_0": [
        2.8790361881256104,
        4.50991153717041
    ],
    "tpr_1": [
        4.05645751953125,
        6.05374002456665
    ],
    "fnr_0": [
        41.726707458496094,
        9.315374374389648
    ],
    "fnr_1": [
        35.59497833251953,
        8.979891777038574
    ],
    "par_0": [
        55.394256591796875,
        9.348088264465332
    ],
    "par_1": [
        60.34856414794922,
        10.868728637695312
    ],
    "fpr_0": [
        0.3568030893802643,
        0.745195209980011
    ],
    "fpr_1": [
        0.7389103770256042,
        1.407907485961914
    ],
    "tnr_0": [
        77.24261474609375,
        5.751795768737793
    ],
    "tnr_1": [
        75.22007751464844,
        7.911608695983887
    ],
    "nar_0": [
        22.400575637817383,
        5.743179798126221
    ],
    "nar_1": [
        24.04100799560547,
        8.038658142089844
    ]
}