{
    "cov": [
        26.53999900817871,
        5.1415791511535645
    ],
    "acc": [
        88.49919128417969,
        5.534642696380615
    ],
    "pos_0": [
        0.0,
        0.0
    ],
    "pos_1": [
        0.05970148742198944,
        0.2985074520111084
    ],
    "neg_0": [
        27.754899978637695,
        6.082503318786621
    ],
    "neg_1": [
        23.899593353271484,
        6.082090377807617
    ],
    "abs_0": [
        72.2450942993164,
        6.0825042724609375
    ],
    "abs_1": [
        76.04070281982422,
        6.104443550109863
    ],
    "tpr_0": [
        0.0,
        0.0
    ],
    "tpr_1": [
        0.12121211737394333,
        0.6060606241226196
    ],
    "fnr_0": [
        9.831676483154297,
        5.996756553649902
    ],
    "fnr_1": [
        9.093276023864746,
        6.5037031173706055
    ],
    "par_0": [
        90.16831970214844,
        5.996756076812744
    ],
    "par_1": [
        90.78550720214844,
        6.647956848144531
    ],
    "fpr_0": [
        0.0,
        0.0
    ],
    "fpr_1": [
        0.0,
        0.0
    ],
    "tnr_0": [
        35.20970153808594,
        7.580686569213867
    ],
    "tnr_1": [
        32.42658233642578,
        8.560989379882812
    ],
    "nar_0": [
        64.79029083251953,
        7.580686569213867
    ],
    "nar_1": [
        67.57341766357422,
        8.560990333557129
    ]
}