{
    "cov": [
        8.239999771118164,
        4.828560829162598
    ],
    "acc": [
        86.56948852539062,
        19.621429443359375
    ],
    "pos_0": [
        0.0,
        0.0
    ],
    "pos_1": [
        0.0,
        0.0
    ],
    "neg_0": [
        9.060090065002441,
        5.714377403259277
    ],
    "neg_1": [
        6.638863563537598,
        4.354994773864746
    ],
    "abs_0": [
        90.93991088867188,
        5.714380741119385
    ],
    "abs_1": [
        93.36112976074219,
        4.35499382019043
    ],
    "tpr_0": [
        0.0,
        0.0
    ],
    "tpr_1": [
        0.0,
        0.0
    ],
    "fnr_0": [
        2.9041717052459717,
        2.922743320465088
    ],
    "fnr_1": [
        3.070566415786743,
        4.6125688552856445
    ],
    "par_0": [
        97.0958251953125,
        2.922743558883667
    ],
    "par_1": [
        96.92942810058594,
        4.6125688552856445
    ],
    "fpr_0": [
        0.0,
        0.0
    ],
    "fpr_1": [
        0.0,
        0.0
    ],
    "tnr_0": [
        11.680999755859375,
        7.474524021148682
    ],
    "tnr_1": [
        8.785970687866211,
        5.226715087890625
    ],
    "nar_0": [
        88.31900024414062,
        7.474522113800049
    ],
    "nar_1": [
        91.21401977539062,
        5.226715087890625
    ]
}