{
    "cov": [
        83.19999694824219,
        5.006246566772461
    ],
    "acc": [
        74.43115997314453,
        4.220946788787842
    ],
    "pos_0": [
        0.14696314930915833,
        0.5228099226951599
    ],
    "pos_1": [
        0.2642602324485779,
        0.7891301512718201
    ],
    "neg_0": [
        84.39205169677734,
        5.347877502441406
    ],
    "neg_1": [
        79.99022674560547,
        5.855827808380127
    ],
    "abs_0": [
        15.460978507995605,
        5.50744104385376
    ],
    "abs_1": [
        19.745512008666992,
        6.262491703033447
    ],
    "tpr_0": [
        0.31309041380882263,
        1.1515355110168457
    ],
    "tpr_1": [
        0.5586744546890259,
        1.562787652015686
    ],
    "fnr_0": [
        69.3294448852539,
        11.682514190673828
    ],
    "fnr_1": [
        63.32807159423828,
        12.515514373779297
    ],
    "par_0": [
        30.357460021972656,
        11.960009574890137
    ],
    "par_1": [
        36.113250732421875,
        13.290763854980469
    ],
    "fpr_0": [
        0.08132094889879227,
        0.2816524803638458
    ],
    "fpr_1": [
        0.09999999403953552,
        0.5
    ],
    "tnr_0": [
        90.61077117919922,
        3.4875118732452393
    ],
    "tnr_1": [
        89.5329360961914,
        4.5515594482421875
    ],
    "nar_0": [
        9.307910919189453,
        3.5679571628570557
    ],
    "nar_1": [
        10.3670654296875,
        4.589553356170654
    ]
}