{
    "cov": [
        25.3799991607666,
        9.600651741027832
    ],
    "acc": [
        88.25138854980469,
        6.658705711364746
    ],
    "pos_0": [
        0.0,
        0.0
    ],
    "pos_1": [
        0.0,
        0.0
    ],
    "neg_0": [
        26.24977684020996,
        11.120444297790527
    ],
    "neg_1": [
        23.64236831665039,
        8.83556079864502
    ],
    "abs_0": [
        73.7502212524414,
        11.120444297790527
    ],
    "abs_1": [
        76.35763549804688,
        8.83556079864502
    ],
    "tpr_0": [
        0.0,
        0.0
    ],
    "tpr_1": [
        0.0,
        0.0
    ],
    "fnr_0": [
        9.295859336853027,
        8.848654747009277
    ],
    "fnr_1": [
        11.968132019042969,
        7.580522537231445
    ],
    "par_0": [
        90.70413970947266,
        8.848654747009277
    ],
    "par_1": [
        88.0318603515625,
        7.580522060394287
    ],
    "fpr_0": [
        0.0,
        0.0
    ],
    "fpr_1": [
        0.0,
        0.0
    ],
    "tnr_0": [
        33.37510299682617,
        12.933916091918945
    ],
    "tnr_1": [
        30.331077575683594,
        11.118276596069336
    ],
    "nar_0": [
        66.62489318847656,
        12.933914184570312
    ],
    "nar_1": [
        69.6689224243164,
        11.118277549743652
    ]
}