{
    "cov": [
        35.0,
        3.5765440464019775
    ],
    "acc": [
        86.22285461425781,
        3.048569917678833
    ],
    "pos_0": [
        1.3169376850128174,
        1.1374232769012451
    ],
    "pos_1": [
        1.9749685525894165,
        2.457683801651001
    ],
    "neg_0": [
        33.05470275878906,
        5.103433132171631
    ],
    "neg_1": [
        34.60301208496094,
        8.244609832763672
    ],
    "abs_0": [
        65.62835693359375,
        5.358925819396973
    ],
    "abs_1": [
        63.42201614379883,
        8.515213012695312
    ],
    "tpr_0": [
        2.2229537963867188,
        1.8658796548843384
    ],
    "tpr_1": [
        4.658946990966797,
        5.51047420501709
    ],
    "fnr_0": [
        14.27649211883545,
        4.569135665893555
    ],
    "fnr_1": [
        14.36849594116211,
        8.219649314880371
    ],
    "par_0": [
        83.50055694580078,
        5.213723182678223
    ],
    "par_1": [
        80.97254943847656,
        8.952178001403809
    ],
    "fpr_0": [
        0.9826159477233887,
        1.1725188493728638
    ],
    "fpr_1": [
        0.5887868404388428,
        1.7523465156555176
    ],
    "tnr_0": [
        40.30271911621094,
        6.205138206481934
    ],
    "tnr_1": [
        45.060604095458984,
        9.787282943725586
    ],
    "nar_0": [
        58.71466827392578,
        6.429085731506348
    ],
    "nar_1": [
        54.35060501098633,
        9.698071479797363
    ]
}