{
    "cov": [
        0.5399999618530273,
        0.8406347036361694
    ],
    "acc": [
        32.20000076293945,
        45.00185012817383
    ],
    "pos_0": [
        0.0,
        0.0
    ],
    "pos_1": [
        0.0,
        0.0
    ],
    "neg_0": [
        0.6188734769821167,
        0.9661846160888672
    ],
    "neg_1": [
        0.41049784421920776,
        1.1791207790374756
    ],
    "abs_0": [
        99.38113403320312,
        0.9661865830421448
    ],
    "abs_1": [
        99.5895004272461,
        1.1791200637817383
    ],
    "tpr_0": [
        0.0,
        0.0
    ],
    "tpr_1": [
        0.0,
        0.0
    ],
    "fnr_0": [
        0.09756097942590714,
        0.4878048896789551
    ],
    "fnr_1": [
        0.3888888359069824,
        1.3608275651931763
    ],
    "par_0": [
        99.9024429321289,
        0.4878048896789551
    ],
    "par_1": [
        99.61111450195312,
        1.3608266115188599
    ],
    "fpr_0": [
        0.0,
        0.0
    ],
    "fpr_1": [
        0.0,
        0.0
    ],
    "tnr_0": [
        0.8532683253288269,
        1.377340316772461
    ],
    "tnr_1": [
        0.41896963119506836,
        1.2584295272827148
    ],
    "nar_0": [
        99.14673614501953,
        1.3773397207260132
    ],
    "nar_1": [
        99.5810317993164,
        1.2584283351898193
    ]
}