{
    "cov": [
        54.0,
        5.924877166748047
    ],
    "acc": [
        84.46046447753906,
        4.617434024810791
    ],
    "pos_0": [
        0.8843672275543213,
        1.3553187847137451
    ],
    "pos_1": [
        1.4031527042388916,
        1.9268542528152466
    ],
    "neg_0": [
        53.37250518798828,
        6.135329723358154
    ],
    "neg_1": [
        52.10265350341797,
        7.776043891906738
    ],
    "abs_0": [
        45.743133544921875,
        6.482476711273193
    ],
    "abs_1": [
        46.49419021606445,
        8.423890113830566
    ],
    "tpr_0": [
        2.644662618637085,
        4.403426647186279
    ],
    "tpr_1": [
        3.6581196784973145,
        4.5175251960754395
    ],
    "fnr_0": [
        25.974609375,
        9.023445129394531
    ],
    "fnr_1": [
        26.073225021362305,
        8.743132591247559
    ],
    "par_0": [
        71.38072967529297,
        10.281753540039062
    ],
    "par_1": [
        70.2686538696289,
        10.38834285736084
    ],
    "fpr_0": [
        0.20821784436702728,
        0.4266320466995239
    ],
    "fpr_1": [
        0.09999999403953552,
        0.5
    ],
    "tnr_0": [
        64.6572265625,
        6.724823474884033
    ],
    "tnr_1": [
        67.1673583984375,
        9.667596817016602
    ],
    "nar_0": [
        35.13455581665039,
        6.73938512802124
    ],
    "nar_1": [
        32.73263168334961,
        9.81762981414795
    ]
}