{
    "cov": [
        96.4800033569336,
        1.7823206186294556
    ],
    "acc": [
        74.67634582519531,
        2.611591100692749
    ],
    "pos_0": [
        15.060495376586914,
        4.694353103637695
    ],
    "pos_1": [
        13.969779968261719,
        5.749342441558838
    ],
    "neg_0": [
        81.46443176269531,
        4.553623676300049
    ],
    "neg_1": [
        82.47013854980469,
        6.477261066436768
    ],
    "abs_0": [
        3.4750723838806152,
        2.2340798377990723
    ],
    "abs_1": [
        3.5600836277008057,
        3.190753221511841
    ],
    "tpr_0": [
        32.79008483886719,
        8.984874725341797
    ],
    "tpr_1": [
        28.24985122680664,
        13.650176048278809
    ],
    "fnr_0": [
        62.14165496826172,
        7.017902851104736
    ],
    "fnr_1": [
        65.1248550415039,
        15.383009910583496
    ],
    "par_0": [
        5.068263053894043,
        4.69639253616333
    ],
    "par_1": [
        6.625298976898193,
        6.109225749969482
    ],
    "fpr_0": [
        8.320273399353027,
        3.875336170196533
    ],
    "fpr_1": [
        6.999551773071289,
        4.788637638092041
    ],
    "tnr_0": [
        88.87155151367188,
        4.41975212097168
    ],
    "tnr_1": [
        91.07269287109375,
        4.752220630645752
    ],
    "nar_0": [
        2.8081750869750977,
        1.9549379348754883
    ],
    "nar_1": [
        1.927748680114746,
        2.2245121002197266
    ]
}