{
    "cov": [
        47.91999816894531,
        5.608178615570068
    ],
    "acc": [
        85.08525085449219,
        4.385039329528809
    ],
    "pos_0": [
        0.5495027303695679,
        0.7794806361198425
    ],
    "pos_1": [
        0.7167881727218628,
        0.9386811852455139
    ],
    "neg_0": [
        47.87104034423828,
        6.662635803222656
    ],
    "neg_1": [
        46.14761734008789,
        6.752378940582275
    ],
    "abs_0": [
        51.57945251464844,
        6.834749221801758
    ],
    "abs_1": [
        53.13559341430664,
        6.67065954208374
    ],
    "tpr_0": [
        1.1845203638076782,
        1.771728515625
    ],
    "tpr_1": [
        1.9725322723388672,
        2.575651168823242
    ],
    "fnr_0": [
        22.21558952331543,
        9.44686508178711
    ],
    "fnr_1": [
        21.859594345092773,
        7.530016899108887
    ],
    "par_0": [
        76.59989166259766,
        9.791131019592285
    ],
    "par_1": [
        76.1678695678711,
        7.0303120613098145
    ],
    "fpr_0": [
        0.28364062309265137,
        0.6111775636672974
    ],
    "fpr_1": [
        0.0,
        0.0
    ],
    "tnr_0": [
        58.42027282714844,
        6.444519519805908
    ],
    "tnr_1": [
        60.237308502197266,
        8.809404373168945
    ],
    "nar_0": [
        41.29608154296875,
        6.5698933601379395
    ],
    "nar_1": [
        39.76268768310547,
        8.809405326843262
    ]
}