{
    "cov": [
        45.21999740600586,
        17.94904899597168
    ],
    "acc": [
        80.11405181884766,
        7.36149787902832
    ],
    "pos_0": [
        0.05861513316631317,
        0.20288577675819397
    ],
    "pos_1": [
        0.0615384615957737,
        0.3076923191547394
    ],
    "neg_0": [
        49.82375717163086,
        18.16136360168457
    ],
    "neg_1": [
        35.02912902832031,
        21.01212501525879
    ],
    "abs_0": [
        50.11762237548828,
        18.207317352294922
    ],
    "abs_1": [
        64.9093246459961,
        21.034223556518555
    ],
    "tpr_0": [
        0.09756097942590714,
        0.4878048598766327
    ],
    "tpr_1": [
        0.1599999964237213,
        0.800000011920929
    ],
    "fnr_0": [
        34.04722595214844,
        21.074064254760742
    ],
    "fnr_1": [
        22.72743034362793,
        19.8260555267334
    ],
    "par_0": [
        65.85520935058594,
        21.021310806274414
    ],
    "par_1": [
        77.11256408691406,
        19.785602569580078
    ],
    "fpr_0": [
        0.03999999910593033,
        0.20000000298023224
    ],
    "fpr_1": [
        0.0,
        0.0
    ],
    "tnr_0": [
        56.18115997314453,
        18.131607055664062
    ],
    "tnr_1": [
        41.971107482910156,
        23.686471939086914
    ],
    "nar_0": [
        43.77883529663086,
        18.205678939819336
    ],
    "nar_1": [
        58.02888870239258,
        23.686471939086914
    ]
}