{
    "cov": [
        90.05999755859375,
        6.762827396392822
    ],
    "acc": [
        71.29043579101562,
        5.033546447753906
    ],
    "pos_0": [
        2.4931600093841553,
        9.386469841003418
    ],
    "pos_1": [
        5.4025678634643555,
        17.055856704711914
    ],
    "neg_0": [
        90.43022155761719,
        12.562071800231934
    ],
    "neg_1": [
        78.57829284667969,
        18.788801193237305
    ],
    "abs_0": [
        7.07661247253418,
        5.869326591491699
    ],
    "abs_1": [
        16.01913833618164,
        13.207125663757324
    ],
    "tpr_0": [
        4.243930816650391,
        14.31539535522461
    ],
    "tpr_1": [
        8.592101097106934,
        20.16400718688965
    ],
    "fnr_0": [
        83.4223403930664,
        17.11004638671875
    ],
    "fnr_1": [
        65.1870346069336,
        22.57900047302246
    ],
    "par_0": [
        12.333723068237305,
        11.161348342895508
    ],
    "par_1": [
        26.220861434936523,
        20.649703979492188
    ],
    "fpr_0": [
        1.8036407232284546,
        7.567037582397461
    ],
    "fpr_1": [
        3.7717514038085938,
        15.481706619262695
    ],
    "tnr_0": [
        93.32921600341797,
        11.223383903503418
    ],
    "tnr_1": [
        86.14927673339844,
        17.836149215698242
    ],
    "nar_0": [
        4.867137432098389,
        4.696084499359131
    ],
    "nar_1": [
        10.078972816467285,
        10.376546859741211
    ]
}