{
    "cov": [
        57.97999954223633,
        4.814215183258057
    ],
    "acc": [
        82.38479614257812,
        3.3461451530456543
    ],
    "pos_0": [
        3.7597479820251465,
        2.2832653522491455
    ],
    "pos_1": [
        4.547530174255371,
        3.209954261779785
    ],
    "neg_0": [
        53.900882720947266,
        5.380948543548584
    ],
    "neg_1": [
        54.166866302490234,
        7.746837139129639
    ],
    "abs_0": [
        42.33937072753906,
        5.826353549957275
    ],
    "abs_1": [
        41.28559875488281,
        7.970265865325928
    ],
    "tpr_0": [
        8.179593086242676,
        5.810222625732422
    ],
    "tpr_1": [
        9.754459381103516,
        7.819459438323975
    ],
    "fnr_0": [
        30.021329879760742,
        5.3113884925842285
    ],
    "fnr_1": [
        28.91606903076172,
        11.880598068237305
    ],
    "par_0": [
        61.799076080322266,
        8.345438003540039
    ],
    "par_1": [
        61.3294792175293,
        12.316304206848145
    ],
    "fpr_0": [
        2.088905096054077,
        1.7016444206237793
    ],
    "fpr_1": [
        1.9116814136505127,
        2.5380821228027344
    ],
    "tnr_0": [
        63.117156982421875,
        5.934126853942871
    ],
    "tnr_1": [
        67.03807830810547,
        7.902752876281738
    ],
    "nar_0": [
        34.7939338684082,
        6.060812950134277
    ],
    "nar_1": [
        31.050241470336914,
        7.732760906219482
    ]
}