{
    "cov": [
        1.3600000143051147,
        1.564715027809143
    ],
    "acc": [
        65.08888244628906,
        46.203521728515625
    ],
    "pos_0": [
        0.0,
        0.0
    ],
    "pos_1": [
        0.0,
        0.0
    ],
    "neg_0": [
        1.4322713613510132,
        1.722220778465271
    ],
    "neg_1": [
        1.2669017314910889,
        1.993178367614746
    ],
    "abs_0": [
        98.56773376464844,
        1.722220540046692
    ],
    "abs_1": [
        98.73310089111328,
        1.993176817893982
    ],
    "tpr_0": [
        0.0,
        0.0
    ],
    "tpr_1": [
        0.0,
        0.0
    ],
    "fnr_0": [
        0.11764705181121826,
        0.5882353186607361
    ],
    "fnr_1": [
        0.5703703761100769,
        1.6001113653182983
    ],
    "par_0": [
        99.88235473632812,
        0.5882353186607361
    ],
    "par_1": [
        99.42962646484375,
        1.6001124382019043
    ],
    "fpr_0": [
        0.0,
        0.0
    ],
    "fpr_1": [
        0.0,
        0.0
    ],
    "tnr_0": [
        1.9710569381713867,
        2.317466974258423
    ],
    "tnr_1": [
        1.7068639993667603,
        2.722647190093994
    ],
    "nar_0": [
        98.02894592285156,
        2.317467212677002
    ],
    "nar_1": [
        98.29312896728516,
        2.7226486206054688
    ]
}