{
    "cov": [
        7.299999713897705,
        19.918060302734375
    ],
    "acc": [
        52.64301681518555,
        45.43756103515625
    ],
    "pos_0": [
        0.25661125779151917,
        1.0331438779830933
    ],
    "pos_1": [
        1.549925446510315,
        5.828915119171143
    ],
    "neg_0": [
        7.565510272979736,
        18.665531158447266
    ],
    "neg_1": [
        4.821033000946045,
        17.23772430419922
    ],
    "abs_0": [
        92.1778793334961,
        19.667509078979492
    ],
    "abs_1": [
        93.62904357910156,
        21.036209106445312
    ],
    "tpr_0": [
        0.260869562625885,
        1.3043478727340698
    ],
    "tpr_1": [
        0.8421052098274231,
        4.210526466369629
    ],
    "fnr_0": [
        5.891622066497803,
        19.46459197998047
    ],
    "fnr_1": [
        4.964911937713623,
        20.070470809936523
    ],
    "par_0": [
        93.8475112915039,
        20.635168075561523
    ],
    "par_1": [
        94.19298553466797,
        20.96527671813965
    ],
    "fpr_0": [
        0.25047439336776733,
        0.9304007291793823
    ],
    "fpr_1": [
        2.0,
        7.105538845062256
    ],
    "tnr_0": [
        8.30366039276123,
        18.741867065429688
    ],
    "tnr_1": [
        4.625669002532959,
        15.377373695373535
    ],
    "nar_0": [
        91.44585418701172,
        19.608394622802734
    ],
    "nar_1": [
        93.37433624267578,
        21.113758087158203
    ]
}