{
    "cov": [
        3.379999876022339,
        2.5506534576416016
    ],
    "acc": [
        88.79925537109375,
        27.261228561401367
    ],
    "pos_0": [
        0.0,
        0.0
    ],
    "pos_1": [
        0.0,
        0.0
    ],
    "neg_0": [
        3.911278009414673,
        3.3242270946502686
    ],
    "neg_1": [
        2.217679023742676,
        2.55074405670166
    ],
    "abs_0": [
        96.0887222290039,
        3.3242294788360596
    ],
    "abs_1": [
        97.7823257446289,
        2.5507450103759766
    ],
    "tpr_0": [
        0.0,
        0.0
    ],
    "tpr_1": [
        0.0,
        0.0
    ],
    "fnr_0": [
        0.5829793214797974,
        1.3010656833648682
    ],
    "fnr_1": [
        0.3205128014087677,
        1.1102888584136963
    ],
    "par_0": [
        99.41702270507812,
        1.301066279411316
    ],
    "par_1": [
        99.67948913574219,
        1.1102885007858276
    ],
    "fpr_0": [
        0.0,
        0.0
    ],
    "fpr_1": [
        0.0,
        0.0
    ],
    "tnr_0": [
        5.304631233215332,
        4.559871196746826
    ],
    "tnr_1": [
        3.347808837890625,
        3.692986249923706
    ],
    "nar_0": [
        94.69536590576172,
        4.559870719909668
    ],
    "nar_1": [
        96.65218353271484,
        3.6929869651794434
    ]
}