{
    "cov": [
        32.2599983215332,
        7.112371921539307
    ],
    "acc": [
        88.34147644042969,
        5.315112113952637
    ],
    "pos_0": [
        0.20365607738494873,
        0.44515353441238403
    ],
    "pos_1": [
        0.41449370980262756,
        0.7536993026733398
    ],
    "neg_0": [
        32.926963806152344,
        6.752129077911377
    ],
    "neg_1": [
        30.043582916259766,
        9.0726318359375
    ],
    "abs_0": [
        66.86937713623047,
        6.909366607666016
    ],
    "abs_1": [
        69.54191589355469,
        9.214290618896484
    ],
    "tpr_0": [
        0.37834879755973816,
        0.8903262615203857
    ],
    "tpr_1": [
        1.1327484846115112,
        2.077361822128296
    ],
    "fnr_0": [
        11.742470741271973,
        6.52297830581665
    ],
    "fnr_1": [
        12.42140007019043,
        8.297140121459961
    ],
    "par_0": [
        87.87918090820312,
        7.0369977951049805
    ],
    "par_1": [
        86.44584655761719,
        9.073160171508789
    ],
    "fpr_0": [
        0.12440837919712067,
        0.44623038172721863
    ],
    "fpr_1": [
        0.0,
        0.0
    ],
    "tnr_0": [
        41.711639404296875,
        8.142121315002441
    ],
    "tnr_1": [
        40.279563903808594,
        12.134678840637207
    ],
    "nar_0": [
        58.16394805908203,
        8.234996795654297
    ],
    "nar_1": [
        59.72043228149414,
        12.134678840637207
    ]
}