{
    "cov": [
        31.779998779296875,
        6.2800612449646
    ],
    "acc": [
        87.7048110961914,
        5.927308559417725
    ],
    "pos_0": [
        0.173694908618927,
        0.37628844380378723
    ],
    "pos_1": [
        0.3913382589817047,
        0.8345425724983215
    ],
    "neg_0": [
        32.43071365356445,
        6.086367130279541
    ],
    "neg_1": [
        29.595306396484375,
        9.577713012695312
    ],
    "abs_0": [
        67.39559173583984,
        6.230915546417236
    ],
    "abs_1": [
        70.01335144042969,
        9.563433647155762
    ],
    "tpr_0": [
        0.299553781747818,
        0.848177433013916
    ],
    "tpr_1": [
        0.9496705532073975,
        1.9664889574050903
    ],
    "fnr_0": [
        11.884172439575195,
        6.966804504394531
    ],
    "fnr_1": [
        13.167558670043945,
        8.0650634765625
    ],
    "par_0": [
        87.81626892089844,
        6.994843482971191
    ],
    "par_1": [
        85.88277435302734,
        7.892966270446777
    ],
    "fpr_0": [
        0.12084833532571793,
        0.4453926980495453
    ],
    "fpr_1": [
        0.0,
        0.0
    ],
    "tnr_0": [
        40.88745880126953,
        7.070343971252441
    ],
    "tnr_1": [
        39.28122329711914,
        12.179186820983887
    ],
    "nar_0": [
        58.9916877746582,
        7.175969123840332
    ],
    "nar_1": [
        60.71877670288086,
        12.179187774658203
    ]
}