{
    "cov": [
        56.39999771118164,
        5.465802192687988
    ],
    "acc": [
        82.58159637451172,
        3.980896234512329
    ],
    "pos_0": [
        1.2888180017471313,
        1.3769735097885132
    ],
    "pos_1": [
        3.7706148624420166,
        3.57828950881958
    ],
    "neg_0": [
        58.36698913574219,
        5.696719169616699
    ],
    "neg_1": [
        45.701072692871094,
        6.246479034423828
    ],
    "abs_0": [
        40.34419250488281,
        6.0680084228515625
    ],
    "abs_1": [
        50.5283088684082,
        7.248657703399658
    ],
    "tpr_0": [
        3.2529525756835938,
        4.214101791381836
    ],
    "tpr_1": [
        8.072943687438965,
        7.535321235656738
    ],
    "fnr_0": [
        32.700321197509766,
        9.026050567626953
    ],
    "fnr_1": [
        23.062633514404297,
        7.426572799682617
    ],
    "par_0": [
        64.0467300415039,
        10.458988189697266
    ],
    "par_1": [
        68.86442565917969,
        10.594060897827148
    ],
    "fpr_0": [
        0.519894540309906,
        0.7218344211578369
    ],
    "fpr_1": [
        1.205718755722046,
        1.584580421447754
    ],
    "tnr_0": [
        68.90315246582031,
        6.204094409942627
    ],
    "tnr_1": [
        58.8475456237793,
        8.56162166595459
    ],
    "nar_0": [
        30.576948165893555,
        6.153332233428955
    ],
    "nar_1": [
        39.94672775268555,
        8.671420097351074
    ]
}