{
    "cov": [
        31.279998779296875,
        14.364364624023438
    ],
    "acc": [
        83.22071838378906,
        18.14213752746582
    ],
    "pos_0": [
        0.0,
        0.0
    ],
    "pos_1": [
        0.0,
        0.0
    ],
    "neg_0": [
        31.84925651550293,
        14.891374588012695
    ],
    "neg_1": [
        30.107267379760742,
        14.226798057556152
    ],
    "abs_0": [
        68.15074157714844,
        14.891375541687012
    ],
    "abs_1": [
        69.89273071289062,
        14.226798057556152
    ],
    "tpr_0": [
        0.0,
        0.0
    ],
    "tpr_1": [
        0.0,
        0.0
    ],
    "fnr_0": [
        13.34419059753418,
        7.913274765014648
    ],
    "fnr_1": [
        15.630270957946777,
        10.391501426696777
    ],
    "par_0": [
        86.65580749511719,
        7.913275718688965
    ],
    "par_1": [
        84.3697280883789,
        10.391502380371094
    ],
    "fpr_0": [
        0.0,
        0.0
    ],
    "fpr_1": [
        0.0,
        0.0
    ],
    "tnr_0": [
        39.55316925048828,
        18.352819442749023
    ],
    "tnr_1": [
        38.92549514770508,
        17.97867202758789
    ],
    "nar_0": [
        60.44683074951172,
        18.352819442749023
    ],
    "nar_1": [
        61.074501037597656,
        17.97867202758789
    ]
}