{
    "cov": [
        54.31999969482422,
        4.900850296020508
    ],
    "acc": [
        83.48110961914062,
        4.9908061027526855
    ],
    "pos_0": [
        1.261855959892273,
        1.5758583545684814
    ],
    "pos_1": [
        3.908612012863159,
        3.1254708766937256
    ],
    "neg_0": [
        55.61283874511719,
        5.69320011138916
    ],
    "neg_1": [
        44.98095703125,
        6.44803524017334
    ],
    "abs_0": [
        43.125301361083984,
        5.43222188949585
    ],
    "abs_1": [
        51.11042785644531,
        7.580195426940918
    ],
    "tpr_0": [
        3.2379963397979736,
        4.959504127502441
    ],
    "tpr_1": [
        8.575041770935059,
        7.34209680557251
    ],
    "fnr_0": [
        29.530927658081055,
        10.961200714111328
    ],
    "fnr_1": [
        21.57195472717285,
        8.254591941833496
    ],
    "par_0": [
        67.23107147216797,
        11.255047798156738
    ],
    "par_1": [
        69.8530044555664,
        10.64079475402832
    ],
    "fpr_0": [
        0.48594558238983154,
        0.8205048441886902
    ],
    "fpr_1": [
        1.2666300535202026,
        1.7501389980316162
    ],
    "tnr_0": [
        66.26048278808594,
        5.737774848937988
    ],
    "tnr_1": [
        58.64432907104492,
        8.81127643585205
    ],
    "nar_0": [
        33.25356674194336,
        5.4196600914001465
    ],
    "nar_1": [
        40.08903884887695,
        8.948399543762207
    ]
}