{
    "cov": [
        57.34000015258789,
        4.829854965209961
    ],
    "acc": [
        82.60665893554688,
        4.470276832580566
    ],
    "pos_0": [
        1.3156108856201172,
        1.490530014038086
    ],
    "pos_1": [
        3.7248501777648926,
        3.583153486251831
    ],
    "neg_0": [
        58.94849395751953,
        4.330268383026123
    ],
    "neg_1": [
        47.42823028564453,
        6.557653903961182
    ],
    "abs_0": [
        39.73588943481445,
        4.855215072631836
    ],
    "abs_1": [
        48.8469123840332,
        8.628152847290039
    ],
    "tpr_0": [
        3.2248756885528564,
        3.769069194793701
    ],
    "tpr_1": [
        8.137324333190918,
        6.510300159454346
    ],
    "fnr_0": [
        33.42224884033203,
        9.466071128845215
    ],
    "fnr_1": [
        23.796239852905273,
        7.602169990539551
    ],
    "par_0": [
        63.35287094116211,
        10.65827751159668
    ],
    "par_1": [
        68.06643676757812,
        11.017974853515625
    ],
    "fpr_0": [
        0.5280212759971619,
        0.9300292134284973
    ],
    "fpr_1": [
        1.1558904647827148,
        2.063810348510742
    ],
    "tnr_0": [
        69.50159454345703,
        4.832859516143799
    ],
    "tnr_1": [
        61.127498626708984,
        9.466007232666016
    ],
    "nar_0": [
        29.970380783081055,
        4.93208122253418
    ],
    "nar_1": [
        37.71660614013672,
        10.149572372436523
    ]
}