{
    "cov": [
        60.71999740600586,
        7.868820667266846
    ],
    "acc": [
        80.52764129638672,
        4.178793907165527
    ],
    "pos_0": [
        0.0,
        0.0
    ],
    "pos_1": [
        0.2857142686843872,
        1.4285714626312256
    ],
    "neg_0": [
        62.73976516723633,
        8.273493766784668
    ],
    "neg_1": [
        56.151878356933594,
        8.975046157836914
    ],
    "abs_0": [
        37.26022720336914,
        8.273493766784668
    ],
    "abs_1": [
        43.562400817871094,
        9.685628890991211
    ],
    "tpr_0": [
        0.0,
        0.0
    ],
    "tpr_1": [
        0.52173912525177,
        2.6086955070495605
    ],
    "fnr_0": [
        39.938880920410156,
        12.24643611907959
    ],
    "fnr_1": [
        33.83564758300781,
        10.838401794433594
    ],
    "par_0": [
        60.06111526489258,
        12.246435165405273
    ],
    "par_1": [
        65.64260864257812,
        12.20389461517334
    ],
    "fpr_0": [
        0.0,
        0.0
    ],
    "fpr_1": [
        0.12121211737394333,
        0.6060606241226196
    ],
    "tnr_0": [
        72.26567077636719,
        7.548167705535889
    ],
    "tnr_1": [
        69.05250549316406,
        11.692304611206055
    ],
    "nar_0": [
        27.73432159423828,
        7.548166275024414
    ],
    "nar_1": [
        30.82628059387207,
        11.90929889678955
    ]
}