{
    "cov": [
        74.63999938964844,
        5.169058799743652
    ],
    "acc": [
        75.9376220703125,
        4.190185546875
    ],
    "pos_0": [
        0.0,
        0.0
    ],
    "pos_1": [
        0.17910447716712952,
        0.89552241563797
    ],
    "neg_0": [
        76.29399108886719,
        5.829090595245361
    ],
    "neg_1": [
        70.81082153320312,
        6.440157890319824
    ],
    "abs_0": [
        23.706005096435547,
        5.829090118408203
    ],
    "abs_1": [
        29.010074615478516,
        6.568450927734375
    ],
    "tpr_0": [
        0.0,
        0.0
    ],
    "tpr_1": [
        0.5999999642372131,
        3.0
    ],
    "fnr_0": [
        59.08684539794922,
        10.128375053405762
    ],
    "fnr_1": [
        52.76795959472656,
        10.783222198486328
    ],
    "par_0": [
        40.913150787353516,
        10.128374099731445
    ],
    "par_1": [
        46.63203811645508,
        11.037116050720215
    ],
    "fpr_0": [
        0.0,
        0.0
    ],
    "fpr_1": [
        0.0,
        0.0
    ],
    "tnr_0": [
        83.3603515625,
        5.100396633148193
    ],
    "tnr_1": [
        81.29276275634766,
        6.490005970001221
    ],
    "nar_0": [
        16.63965606689453,
        5.100396156311035
    ],
    "nar_1": [
        18.707239151000977,
        6.490005970001221
    ]
}