{
    "cov": [
        88.5999984741211,
        5.6087727546691895
    ],
    "acc": [
        71.94027709960938,
        4.430978298187256
    ],
    "pos_0": [
        0.5923120975494385,
        1.1743239164352417
    ],
    "pos_1": [
        1.2946414947509766,
        2.3136417865753174
    ],
    "neg_0": [
        88.34413146972656,
        5.942628383636475
    ],
    "neg_1": [
        86.54302215576172,
        7.31303071975708
    ],
    "abs_0": [
        11.063554763793945,
        6.3006672859191895
    ],
    "abs_1": [
        12.16232681274414,
        6.789217472076416
    ],
    "tpr_0": [
        1.5302211046218872,
        2.904505491256714
    ],
    "tpr_1": [
        2.5469565391540527,
        5.25319242477417
    ],
    "fnr_0": [
        78.75418090820312,
        12.486834526062012
    ],
    "fnr_1": [
        76.83975219726562,
        13.153647422790527
    ],
    "par_0": [
        19.71559715270996,
        12.878084182739258
    ],
    "par_1": [
        20.613290786743164,
        11.300946235656738
    ],
    "fpr_0": [
        0.16262036561965942,
        0.4915233850479126
    ],
    "fpr_1": [
        0.6509518027305603,
        1.5107437372207642
    ],
    "tnr_0": [
        92.25425720214844,
        4.304889678955078
    ],
    "tnr_1": [
        92.14529418945312,
        4.790524482727051
    ],
    "nar_0": [
        7.583120346069336,
        4.4239678382873535
    ],
    "nar_1": [
        7.203747272491455,
        4.840944766998291
    ]
}