{
    "cov": [
        74.43999481201172,
        4.390615463256836
    ],
    "acc": [
        78.44721221923828,
        4.319422721862793
    ],
    "pos_0": [
        2.2984275817871094,
        2.3733067512512207
    ],
    "pos_1": [
        5.058693885803223,
        5.086516380310059
    ],
    "neg_0": [
        74.23253631591797,
        6.165038108825684
    ],
    "neg_1": [
        64.67131042480469,
        5.7052083015441895
    ],
    "abs_0": [
        23.46903419494629,
        5.608430862426758
    ],
    "abs_1": [
        30.269996643066406,
        6.047686576843262
    ],
    "tpr_0": [
        6.213834285736084,
        7.1856489181518555
    ],
    "tpr_1": [
        10.54686164855957,
        9.832006454467773
    ],
    "fnr_0": [
        51.98826217651367,
        10.82806396484375
    ],
    "fnr_1": [
        40.920658111572266,
        11.403468132019043
    ],
    "par_0": [
        41.79790115356445,
        9.983820915222168
    ],
    "par_1": [
        48.532474517822266,
        14.1622896194458
    ],
    "fpr_0": [
        0.7991994023323059,
        1.0747774839401245
    ],
    "fpr_1": [
        1.845273733139038,
        2.636092185974121
    ],
    "tnr_0": [
        83.30493927001953,
        5.444509029388428
    ],
    "tnr_1": [
        78.238525390625,
        6.593471527099609
    ],
    "nar_0": [
        15.895861625671387,
        5.17378568649292
    ],
    "nar_1": [
        19.916194915771484,
        5.990645885467529
    ]
}