{
    "cov": [
        16.540000915527344,
        3.910243034362793
    ],
    "acc": [
        88.11322021484375,
        5.966389179229736
    ],
    "pos_0": [
        0.5675296187400818,
        0.9417540431022644
    ],
    "pos_1": [
        0.7816402912139893,
        1.0532491207122803
    ],
    "neg_0": [
        15.784695625305176,
        3.965155839920044
    ],
    "neg_1": [
        16.28105926513672,
        5.987207412719727
    ],
    "abs_0": [
        83.64777374267578,
        4.40069580078125
    ],
    "abs_1": [
        82.93730163574219,
        6.150295734405518
    ],
    "tpr_0": [
        1.1061978340148926,
        1.9361392259597778
    ],
    "tpr_1": [
        2.348273992538452,
        3.191471576690674
    ],
    "fnr_0": [
        5.371370315551758,
        3.0029032230377197
    ],
    "fnr_1": [
        7.640527248382568,
        6.40699577331543
    ],
    "par_0": [
        93.5224380493164,
        3.8807075023651123
    ],
    "par_1": [
        90.01119995117188,
        7.202231407165527
    ],
    "fpr_0": [
        0.3942406475543976,
        0.8622041344642639
    ],
    "fpr_1": [
        0.0,
        0.0
    ],
    "tnr_0": [
        19.869577407836914,
        5.348972797393799
    ],
    "tnr_1": [
        20.633407592773438,
        8.598203659057617
    ],
    "nar_0": [
        79.7361831665039,
        5.609082221984863
    ],
    "nar_1": [
        79.36658477783203,
        8.598203659057617
    ]
}