{
    "cov": [
        53.87999725341797,
        4.639683723449707
    ],
    "acc": [
        84.07125854492188,
        4.396426200866699
    ],
    "pos_0": [
        0.8841474056243896,
        1.1897802352905273
    ],
    "pos_1": [
        1.9073336124420166,
        2.281999349594116
    ],
    "neg_0": [
        54.64632797241211,
        4.675659656524658
    ],
    "neg_1": [
        48.3768310546875,
        6.0700154304504395
    ],
    "abs_0": [
        44.46952438354492,
        5.003493785858154
    ],
    "abs_1": [
        49.71582794189453,
        7.236070156097412
    ],
    "tpr_0": [
        2.085649251937866,
        3.87587308883667
    ],
    "tpr_1": [
        4.416783332824707,
        5.063111782073975
    ],
    "fnr_0": [
        27.52950096130371,
        9.178694725036621
    ],
    "fnr_1": [
        23.6462345123291,
        7.496921539306641
    ],
    "par_0": [
        70.38484954833984,
        10.420730590820312
    ],
    "par_1": [
        71.93698120117188,
        10.187050819396973
    ],
    "fpr_0": [
        0.3994361460208893,
        0.6469464898109436
    ],
    "fpr_1": [
        0.3522167205810547,
        0.9832441210746765
    ],
    "tnr_0": [
        65.78248596191406,
        4.513279438018799
    ],
    "tnr_1": [
        62.57941818237305,
        7.919244289398193
    ],
    "nar_0": [
        33.81808090209961,
        4.697800159454346
    ],
    "nar_1": [
        37.068359375,
        8.250362396240234
    ]
}