{
    "cov": [
        48.15999984741211,
        4.734008312225342
    ],
    "acc": [
        84.61711120605469,
        4.907053470611572
    ],
    "pos_0": [
        0.6796935796737671,
        1.0433639287948608
    ],
    "pos_1": [
        1.9330675601959229,
        2.4183473587036133
    ],
    "neg_0": [
        50.00714874267578,
        4.512669563293457
    ],
    "neg_1": [
        40.75498580932617,
        6.68628454208374
    ],
    "abs_0": [
        49.31315994262695,
        5.030661582946777
    ],
    "abs_1": [
        57.31194305419922,
        8.058738708496094
    ],
    "tpr_0": [
        1.8654601573944092,
        3.2529172897338867
    ],
    "tpr_1": [
        4.398995399475098,
        5.405350685119629
    ],
    "fnr_0": [
        25.269384384155273,
        8.610433578491211
    ],
    "fnr_1": [
        17.90314483642578,
        7.104343891143799
    ],
    "par_0": [
        72.86515808105469,
        10.096256256103516
    ],
    "par_1": [
        77.69786071777344,
        9.968339920043945
    ],
    "fpr_0": [
        0.2507033050060272,
        0.45671379566192627
    ],
    "fpr_1": [
        0.4418412446975708,
        1.0476926565170288
    ],
    "tnr_0": [
        60.177146911621094,
        4.549774169921875
    ],
    "tnr_1": [
        53.97829818725586,
        10.394196510314941
    ],
    "nar_0": [
        39.5721435546875,
        4.594839572906494
    ],
    "nar_1": [
        45.579856872558594,
        10.853293418884277
    ]
}