{
    "cov": [
        81.9000015258789,
        4.296316146850586
    ],
    "acc": [
        78.21572875976562,
        2.5673835277557373
    ],
    "pos_0": [
        9.20451545715332,
        3.403264284133911
    ],
    "pos_1": [
        10.388955116271973,
        5.344820976257324
    ],
    "neg_0": [
        72.28507232666016,
        5.101495742797852
    ],
    "neg_1": [
        72.59515380859375,
        7.613563060760498
    ],
    "abs_0": [
        18.510412216186523,
        4.7087721824646
    ],
    "abs_1": [
        17.015886306762695,
        6.369785785675049
    ],
    "tpr_0": [
        20.6522159576416,
        7.592258453369141
    ],
    "tpr_1": [
        20.579450607299805,
        12.998771667480469
    ],
    "fnr_0": [
        46.988338470458984,
        7.4613261222839355
    ],
    "fnr_1": [
        50.41886901855469,
        15.398602485656738
    ],
    "par_0": [
        32.35944747924805,
        9.900432586669922
    ],
    "par_1": [
        29.001684188842773,
        11.732345581054688
    ],
    "fpr_0": [
        4.85122537612915,
        2.556525945663452
    ],
    "fpr_1": [
        5.417515754699707,
        3.9303171634674072
    ],
    "tnr_0": [
        82.12133026123047,
        5.015353202819824
    ],
    "tnr_1": [
        83.70072937011719,
        6.786741256713867
    ],
    "nar_0": [
        13.027449607849121,
        3.9450533390045166
    ],
    "nar_1": [
        10.881752967834473,
        5.619933128356934
    ]
}