{
    "cov": [
        81.81999969482422,
        4.864583969116211
    ],
    "acc": [
        74.38935089111328,
        3.8541531562805176
    ],
    "pos_0": [
        0.40674254298210144,
        1.0083894729614258
    ],
    "pos_1": [
        0.704349935054779,
        1.5265341997146606
    ],
    "neg_0": [
        82.69252014160156,
        5.383285999298096
    ],
    "neg_1": [
        78.31808471679688,
        5.650522232055664
    ],
    "abs_0": [
        16.900739669799805,
        5.702544689178467
    ],
    "abs_1": [
        20.977558135986328,
        5.610540866851807
    ],
    "tpr_0": [
        0.9976892471313477,
        2.619784355163574
    ],
    "tpr_1": [
        1.4244393110275269,
        3.0542232990264893
    ],
    "fnr_0": [
        68.49640655517578,
        8.597548484802246
    ],
    "fnr_1": [
        61.50206756591797,
        10.495019912719727
    ],
    "par_0": [
        30.505903244018555,
        9.391521453857422
    ],
    "par_1": [
        37.073490142822266,
        10.722633361816406
    ],
    "fpr_0": [
        0.1298454850912094,
        0.36015674471855164
    ],
    "fpr_1": [
        0.3014353811740875,
        1.1290582418441772
    ],
    "tnr_0": [
        88.52427673339844,
        5.053103923797607
    ],
    "tnr_1": [
        88.12864685058594,
        5.232425212860107
    ],
    "nar_0": [
        11.345878601074219,
        5.09383487701416
    ],
    "nar_1": [
        11.56991195678711,
        5.115649223327637
    ]
}