{
    "cov": [
        77.79999542236328,
        6.189709186553955
    ],
    "acc": [
        76.19189453125,
        4.502987384796143
    ],
    "pos_0": [
        0.0,
        0.0
    ],
    "pos_1": [
        0.06779661029577255,
        0.33898305892944336
    ],
    "neg_0": [
        78.93927764892578,
        6.253303050994873
    ],
    "neg_1": [
        75.1624526977539,
        8.467324256896973
    ],
    "abs_0": [
        21.06071662902832,
        6.2533040046691895
    ],
    "abs_1": [
        24.769742965698242,
        8.412498474121094
    ],
    "tpr_0": [
        0.0,
        0.0
    ],
    "tpr_1": [
        0.21052630245685577,
        1.0526316165924072
    ],
    "fnr_0": [
        59.31956481933594,
        10.446343421936035
    ],
    "fnr_1": [
        57.40943145751953,
        15.81680965423584
    ],
    "par_0": [
        40.68043518066406,
        10.446343421936035
    ],
    "par_1": [
        42.38003921508789,
        15.712273597717285
    ],
    "fpr_0": [
        0.0,
        0.0
    ],
    "fpr_1": [
        0.0,
        0.0
    ],
    "tnr_0": [
        86.92942810058594,
        5.507473468780518
    ],
    "tnr_1": [
        85.60138702392578,
        6.568130970001221
    ],
    "nar_0": [
        13.070566177368164,
        5.507473945617676
    ],
    "nar_1": [
        14.398615837097168,
        6.5681304931640625
    ]
}