{
    "cov": [
        57.19999694824219,
        3.8024113178253174
    ],
    "acc": [
        83.00032043457031,
        3.800708055496216
    ],
    "pos_0": [
        1.1099298000335693,
        1.0573936700820923
    ],
    "pos_1": [
        2.0937702655792236,
        2.326590061187744
    ],
    "neg_0": [
        57.817806243896484,
        4.251917362213135
    ],
    "neg_1": [
        51.391239166259766,
        6.533198833465576
    ],
    "abs_0": [
        41.07225799560547,
        4.403133392333984
    ],
    "abs_1": [
        46.51498794555664,
        6.765773773193359
    ],
    "tpr_0": [
        2.7884654998779297,
        2.8444268703460693
    ],
    "tpr_1": [
        4.748960971832275,
        5.2692365646362305
    ],
    "fnr_0": [
        31.552457809448242,
        7.44623327255249
    ],
    "fnr_1": [
        26.034311294555664,
        7.794686794281006
    ],
    "par_0": [
        65.65907287597656,
        8.222779273986816
    ],
    "par_1": [
        69.21672058105469,
        10.016724586486816
    ],
    "fpr_0": [
        0.4061852991580963,
        0.5810918211936951
    ],
    "fpr_1": [
        0.5484341979026794,
        1.1370164155960083
    ],
    "tnr_0": [
        68.58168029785156,
        5.060342311859131
    ],
    "tnr_1": [
        66.12004089355469,
        7.567509651184082
    ],
    "nar_0": [
        31.01213836669922,
        5.195287704467773
    ],
    "nar_1": [
        33.33152389526367,
        7.482537746429443
    ]
}