{
    "cov": [
        91.95999908447266,
        5.537599086761475
    ],
    "acc": [
        72.03807830810547,
        4.505629539489746
    ],
    "pos_0": [
        1.294972538948059,
        2.2406091690063477
    ],
    "pos_1": [
        2.9080896377563477,
        4.414611339569092
    ],
    "neg_0": [
        91.2431640625,
        5.0453410148620605
    ],
    "neg_1": [
        87.82737731933594,
        6.8824639320373535
    ],
    "abs_0": [
        7.461861610412598,
        5.0125932693481445
    ],
    "abs_1": [
        9.264521598815918,
        7.256165504455566
    ],
    "tpr_0": [
        3.0510706901550293,
        4.669564247131348
    ],
    "tpr_1": [
        6.46281099319458,
        8.884038925170898
    ],
    "fnr_0": [
        82.29733276367188,
        10.731144905090332
    ],
    "fnr_1": [
        75.88009643554688,
        13.556032180786133
    ],
    "par_0": [
        14.651592254638672,
        9.812491416931152
    ],
    "par_1": [
        17.657087326049805,
        14.993085861206055
    ],
    "fpr_0": [
        0.5820720791816711,
        1.4502041339874268
    ],
    "fpr_1": [
        0.79939204454422,
        2.2519853115081787
    ],
    "tnr_0": [
        94.85847473144531,
        3.4542465209960938
    ],
    "tnr_1": [
        94.5758056640625,
        4.4036455154418945
    ],
    "nar_0": [
        4.559440612792969,
        3.5782341957092285
    ],
    "nar_1": [
        4.6247992515563965,
        4.257635116577148
    ]
}