{
    "cov": [
        34.380001068115234,
        4.805118560791016
    ],
    "acc": [
        87.47686004638672,
        5.397875785827637
    ],
    "pos_0": [
        0.17604292929172516,
        0.31999465823173523
    ],
    "pos_1": [
        0.7860579490661621,
        1.1149924993515015
    ],
    "neg_0": [
        37.59829330444336,
        4.788637161254883
    ],
    "neg_1": [
        26.417449951171875,
        7.311697483062744
    ],
    "abs_0": [
        62.22566223144531,
        4.789779186248779
    ],
    "abs_1": [
        72.7964859008789,
        7.5517897605896
    ],
    "tpr_0": [
        0.43477094173431396,
        1.0278687477111816
    ],
    "tpr_1": [
        1.6603994369506836,
        2.429312229156494
    ],
    "fnr_0": [
        14.809932708740234,
        7.182101726531982
    ],
    "fnr_1": [
        10.458439826965332,
        8.345773696899414
    ],
    "par_0": [
        84.75529479980469,
        7.0899577140808105
    ],
    "par_1": [
        87.88115692138672,
        8.859987258911133
    ],
    "fpr_0": [
        0.07767722010612488,
        0.26886188983917236
    ],
    "fpr_1": [
        0.19090907275676727,
        0.6615679264068604
    ],
    "tnr_0": [
        46.89127731323242,
        5.770480155944824
    ],
    "tnr_1": [
        35.623661041259766,
        8.902383804321289
    ],
    "nar_0": [
        53.031044006347656,
        5.759976387023926
    ],
    "nar_1": [
        64.1854248046875,
        8.927502632141113
    ]
}