{
    "cov": [
        63.69999694824219,
        4.7565741539001465
    ],
    "acc": [
        81.3533935546875,
        3.916555404663086
    ],
    "pos_0": [
        1.3849613666534424,
        1.7491852045059204
    ],
    "pos_1": [
        2.455420970916748,
        3.090925693511963
    ],
    "neg_0": [
        63.900634765625,
        5.886523246765137
    ],
    "neg_1": [
        57.75223922729492,
        5.559369087219238
    ],
    "abs_0": [
        34.71440887451172,
        5.796041011810303
    ],
    "abs_1": [
        39.79233169555664,
        6.8665876388549805
    ],
    "tpr_0": [
        3.3223659992218018,
        4.54127311706543
    ],
    "tpr_1": [
        5.548567771911621,
        6.0807061195373535
    ],
    "fnr_0": [
        37.85576248168945,
        8.966947555541992
    ],
    "fnr_1": [
        32.694698333740234,
        7.288166522979736
    ],
    "par_0": [
        58.821868896484375,
        9.94526195526123
    ],
    "par_1": [
        61.756736755371094,
        10.461607933044434
    ],
    "fpr_0": [
        0.6024060845375061,
        0.7979294657707214
    ],
    "fpr_1": [
        0.6181593537330627,
        1.3503425121307373
    ],
    "tnr_0": [
        74.56669616699219,
        6.141561031341553
    ],
    "tnr_1": [
        72.28878021240234,
        6.900897979736328
    ],
    "nar_0": [
        24.83089828491211,
        5.858664512634277
    ],
    "nar_1": [
        27.093061447143555,
        7.502923965454102
    ]
}