{
    "cov": [
        58.02000045776367,
        10.638452529907227
    ],
    "acc": [
        81.4406967163086,
        5.783959865570068
    ],
    "pos_0": [
        0.0,
        0.0
    ],
    "pos_1": [
        0.0,
        0.0
    ],
    "neg_0": [
        58.04166030883789,
        10.166692733764648
    ],
    "neg_1": [
        58.02387619018555,
        13.87736988067627
    ],
    "abs_0": [
        41.95833969116211,
        10.166691780090332
    ],
    "abs_1": [
        41.97612380981445,
        13.87736988067627
    ],
    "tpr_0": [
        0.0,
        0.0
    ],
    "tpr_1": [
        0.0,
        0.0
    ],
    "fnr_0": [
        33.955772399902344,
        13.337056159973145
    ],
    "fnr_1": [
        36.44474792480469,
        16.434694290161133
    ],
    "par_0": [
        66.04423522949219,
        13.337056159973145
    ],
    "par_1": [
        63.55524826049805,
        16.434694290161133
    ],
    "fpr_0": [
        0.0,
        0.0
    ],
    "fpr_1": [
        0.0,
        0.0
    ],
    "tnr_0": [
        67.9539566040039,
        10.100170135498047
    ],
    "tnr_1": [
        70.35392761230469,
        13.835125923156738
    ],
    "nar_0": [
        32.046043395996094,
        10.10016918182373
    ],
    "nar_1": [
        29.646068572998047,
        13.835124969482422
    ]
}