{
    "cov": [
        94.31999969482422,
        2.2448089122772217
    ],
    "acc": [
        75.22306823730469,
        2.7795190811157227
    ],
    "pos_0": [
        14.17374038696289,
        4.521496295928955
    ],
    "pos_1": [
        13.260245323181152,
        6.019073486328125
    ],
    "neg_0": [
        79.93255615234375,
        4.410902500152588
    ],
    "neg_1": [
        81.55316162109375,
        6.473936080932617
    ],
    "abs_0": [
        5.893701076507568,
        2.8873679637908936
    ],
    "abs_1": [
        5.186582088470459,
        3.0851337909698486
    ],
    "tpr_0": [
        31.099172592163086,
        9.18503475189209
    ],
    "tpr_1": [
        26.499778747558594,
        14.331854820251465
    ],
    "fnr_0": [
        59.428321838378906,
        6.416083812713623
    ],
    "fnr_1": [
        62.9206657409668,
        15.14124584197998
    ],
    "par_0": [
        9.472511291503906,
        6.278698444366455
    ],
    "par_1": [
        10.579551696777344,
        6.291017055511475
    ],
    "fpr_0": [
        7.768337249755859,
        3.6480181217193604
    ],
    "fpr_1": [
        6.726404190063477,
        5.004420757293701
    ],
    "tnr_0": [
        87.81027221679688,
        4.292521953582764
    ],
    "tnr_1": [
        90.78422546386719,
        4.993462562561035
    ],
    "nar_0": [
        4.42138671875,
        2.326833486557007
    ],
    "nar_1": [
        2.4893667697906494,
        2.1205575466156006
    ]
}