{
    "cov": [
        51.81999969482422,
        5.985886096954346
    ],
    "acc": [
        83.80587005615234,
        4.182891368865967
    ],
    "pos_0": [
        0.6393700838088989,
        1.005827784538269
    ],
    "pos_1": [
        1.1647491455078125,
        1.5706011056900024
    ],
    "neg_0": [
        51.77590560913086,
        6.984995365142822
    ],
    "neg_1": [
        49.35755157470703,
        6.940557479858398
    ],
    "abs_0": [
        47.584720611572266,
        7.391671657562256
    ],
    "abs_1": [
        49.47769546508789,
        6.981142997741699
    ],
    "tpr_0": [
        1.411900281906128,
        2.6102917194366455
    ],
    "tpr_1": [
        2.8641374111175537,
        4.3671088218688965
    ],
    "fnr_0": [
        25.76107406616211,
        8.908059120178223
    ],
    "fnr_1": [
        25.38616943359375,
        6.962943077087402
    ],
    "par_0": [
        72.82701873779297,
        9.643320083618164
    ],
    "par_1": [
        71.74969482421875,
        7.101325988769531
    ],
    "fpr_0": [
        0.28051742911338806,
        0.6720425486564636
    ],
    "fpr_1": [
        0.24904212355613708,
        0.8673740029335022
    ],
    "tnr_0": [
        62.41691207885742,
        8.108924865722656
    ],
    "tnr_1": [
        63.20328140258789,
        8.821982383728027
    ],
    "nar_0": [
        37.302574157714844,
        8.248605728149414
    ],
    "nar_1": [
        36.54766845703125,
        8.910855293273926
    ]
}