{
    "cov": [
        81.77999877929688,
        6.375539302825928
    ],
    "acc": [
        74.09774017333984,
        3.706916570663452
    ],
    "pos_0": [
        0.6184583306312561,
        1.378666639328003
    ],
    "pos_1": [
        1.038140892982483,
        2.0742194652557373
    ],
    "neg_0": [
        81.88816833496094,
        6.248289108276367
    ],
    "neg_1": [
        79.1330795288086,
        7.988666534423828
    ],
    "abs_0": [
        17.49336814880371,
        6.735421657562256
    ],
    "abs_1": [
        19.828777313232422,
        8.697480201721191
    ],
    "tpr_0": [
        0.9645670652389526,
        2.287137985229492
    ],
    "tpr_1": [
        1.861632227897644,
        3.00575852394104
    ],
    "fnr_0": [
        67.38391876220703,
        10.380837440490723
    ],
    "fnr_1": [
        63.97492218017578,
        12.304017066955566
    ],
    "par_0": [
        31.651512145996094,
        11.289178848266602
    ],
    "par_1": [
        34.1634407043457,
        13.84026050567627
    ],
    "fpr_0": [
        0.4560568928718567,
        1.1098957061767578
    ],
    "fpr_1": [
        0.5974994897842407,
        1.7565847635269165
    ],
    "tnr_0": [
        87.8647232055664,
        5.058112621307373
    ],
    "tnr_1": [
        87.89491271972656,
        6.696911334991455
    ],
    "nar_0": [
        11.679218292236328,
        5.362957000732422
    ],
    "nar_1": [
        11.50759220123291,
        6.933338165283203
    ]
}