{
    "cov": [
        75.73999786376953,
        6.060665607452393
    ],
    "acc": [
        75.78728485107422,
        5.249548435211182
    ],
    "pos_0": [
        0.0,
        0.0
    ],
    "pos_1": [
        0.0,
        0.0
    ],
    "neg_0": [
        76.86500549316406,
        6.861827850341797
    ],
    "neg_1": [
        73.3720703125,
        8.251751899719238
    ],
    "abs_0": [
        23.13499641418457,
        6.861828327178955
    ],
    "abs_1": [
        26.6279296875,
        8.251751899719238
    ],
    "tpr_0": [
        0.0,
        0.0
    ],
    "tpr_1": [
        0.0,
        0.0
    ],
    "fnr_0": [
        59.12398147583008,
        13.321412086486816
    ],
    "fnr_1": [
        56.56446075439453,
        14.215126991271973
    ],
    "par_0": [
        40.87601089477539,
        13.3214111328125
    ],
    "par_1": [
        43.43553924560547,
        14.215126991271973
    ],
    "fpr_0": [
        0.0,
        0.0
    ],
    "fpr_1": [
        0.0,
        0.0
    ],
    "tnr_0": [
        84.0655288696289,
        5.676507472991943
    ],
    "tnr_1": [
        83.03977966308594,
        7.7470383644104
    ],
    "nar_0": [
        15.934470176696777,
        5.676506519317627
    ],
    "nar_1": [
        16.96021270751953,
        7.747037410736084
    ]
}