{
    "cov": [
        76.5999984741211,
        4.465143203735352
    ],
    "acc": [
        77.65060424804688,
        4.00192403793335
    ],
    "pos_0": [
        3.291706085205078,
        2.773120164871216
    ],
    "pos_1": [
        9.647695541381836,
        5.739782810211182
    ],
    "neg_0": [
        75.53620910644531,
        4.524291515350342
    ],
    "neg_1": [
        62.05803680419922,
        6.083806037902832
    ],
    "abs_0": [
        21.17207908630371,
        4.544575214385986
    ],
    "abs_1": [
        28.294261932373047,
        7.683910846710205
    ],
    "tpr_0": [
        7.710262775421143,
        5.941389083862305
    ],
    "tpr_1": [
        18.535846710205078,
        10.162901878356934
    ],
    "fnr_0": [
        53.852176666259766,
        8.446215629577637
    ],
    "fnr_1": [
        39.42022705078125,
        10.013065338134766
    ],
    "par_0": [
        38.43756103515625,
        8.78038501739502
    ],
    "par_1": [
        42.04392623901367,
        14.475306510925293
    ],
    "fpr_0": [
        1.5125194787979126,
        2.115922689437866
    ],
    "fpr_1": [
        4.426011562347412,
        3.6787631511688232
    ],
    "tnr_0": [
        84.33849334716797,
        4.702136993408203
    ],
    "tnr_1": [
        75.07491302490234,
        7.345031261444092
    ],
    "nar_0": [
        14.148993492126465,
        4.16563606262207
    ],
    "nar_1": [
        20.499080657958984,
        7.076120853424072
    ]
}