{
    "cov": [
        76.68000030517578,
        9.552355766296387
    ],
    "acc": [
        76.01133728027344,
        4.8483076095581055
    ],
    "pos_0": [
        0.38820600509643555,
        1.3806535005569458
    ],
    "pos_1": [
        0.9451462626457214,
        2.9477646350860596
    ],
    "neg_0": [
        76.49853515625,
        9.120229721069336
    ],
    "neg_1": [
        75.18549346923828,
        9.657313346862793
    ],
    "abs_0": [
        23.113256454467773,
        9.832043647766113
    ],
    "abs_1": [
        23.869352340698242,
        11.160740852355957
    ],
    "tpr_0": [
        0.6570380926132202,
        1.8995593786239624
    ],
    "tpr_1": [
        1.516164779663086,
        4.732684135437012
    ],
    "fnr_0": [
        57.6531867980957,
        17.15772819519043
    ],
    "fnr_1": [
        59.19365692138672,
        12.608795166015625
    ],
    "par_0": [
        41.68977355957031,
        18.36063003540039
    ],
    "par_1": [
        39.29017639160156,
        15.715937614440918
    ],
    "fpr_0": [
        0.2912658751010895,
        1.2489123344421387
    ],
    "fpr_1": [
        0.6201115846633911,
        2.151662826538086
    ],
    "tnr_0": [
        84.39032745361328,
        6.782472133636475
    ],
    "tnr_1": [
        84.22978210449219,
        9.324747085571289
    ],
    "nar_0": [
        15.318405151367188,
        7.209236145019531
    ],
    "nar_1": [
        15.15010929107666,
        9.999835968017578
    ]
}