{
    "cov": [
        95.95999908447266,
        4.308228969573975
    ],
    "acc": [
        70.68611907958984,
        4.033481121063232
    ],
    "pos_0": [
        1.5224244594573975,
        2.7696046829223633
    ],
    "pos_1": [
        2.7991063594818115,
        4.217237949371338
    ],
    "neg_0": [
        94.55609130859375,
        4.3660759925842285
    ],
    "neg_1": [
        92.89064025878906,
        4.996387004852295
    ],
    "abs_0": [
        3.9214797019958496,
        4.437009811401367
    ],
    "abs_1": [
        4.310252666473389,
        4.541645050048828
    ],
    "tpr_0": [
        3.579948663711548,
        7.281192779541016
    ],
    "tpr_1": [
        5.939338207244873,
        8.481661796569824
    ],
    "fnr_0": [
        88.53840637207031,
        9.291731834411621
    ],
    "fnr_1": [
        85.23025512695312,
        9.764558792114258
    ],
    "par_0": [
        7.88164758682251,
        9.029705047607422
    ],
    "par_1": [
        8.83040714263916,
        10.223790168762207
    ],
    "fpr_0": [
        0.6405642628669739,
        1.3454285860061646
    ],
    "fpr_1": [
        0.9054129123687744,
        2.0368833541870117
    ],
    "tnr_0": [
        97.04839324951172,
        2.9833645820617676
    ],
    "tnr_1": [
        97.21512603759766,
        3.279552459716797
    ],
    "nar_0": [
        2.3110439777374268,
        2.931072473526001
    ],
    "nar_1": [
        1.8794597387313843,
        2.487612009048462
    ]
}