{
    "cov": [
        73.1199951171875,
        5.633382797241211
    ],
    "acc": [
        76.21041870117188,
        4.126485824584961
    ],
    "pos_0": [
        0.0,
        0.0
    ],
    "pos_1": [
        0.11940297484397888,
        0.5970149040222168
    ],
    "neg_0": [
        74.9710464477539,
        5.419394493103027
    ],
    "neg_1": [
        68.9989242553711,
        8.91418170928955
    ],
    "abs_0": [
        25.02894401550293,
        5.419395446777344
    ],
    "abs_1": [
        30.881669998168945,
        9.012160301208496
    ],
    "tpr_0": [
        0.0,
        0.0
    ],
    "tpr_1": [
        0.3999999761581421,
        2.0
    ],
    "fnr_0": [
        56.721336364746094,
        9.511188507080078
    ],
    "fnr_1": [
        51.83212661743164,
        12.524682998657227
    ],
    "par_0": [
        43.27865982055664,
        9.511188507080078
    ],
    "par_1": [
        47.76787185668945,
        12.948908805847168
    ],
    "fpr_0": [
        0.0,
        0.0
    ],
    "fpr_1": [
        0.0,
        0.0
    ],
    "tnr_0": [
        82.52202606201172,
        5.014537334442139
    ],
    "tnr_1": [
        78.9066390991211,
        9.233067512512207
    ],
    "nar_0": [
        17.477968215942383,
        5.014537811279297
    ],
    "nar_1": [
        21.093358993530273,
        9.23306941986084
    ]
}