{
    "cov": [
        9.179999351501465,
        26.129037857055664
    ],
    "acc": [
        44.77952575683594,
        46.20405960083008
    ],
    "pos_0": [
        2.4161484241485596,
        11.764246940612793
    ],
    "pos_1": [
        1.6949152946472168,
        8.474575996398926
    ],
    "neg_0": [
        7.316544532775879,
        19.639915466308594
    ],
    "neg_1": [
        6.323482990264893,
        21.19706916809082
    ],
    "abs_0": [
        90.26730346679688,
        26.21251106262207
    ],
    "abs_1": [
        91.98159790039062,
        26.045185089111328
    ],
    "tpr_0": [
        2.240802526473999,
        10.7598876953125
    ],
    "tpr_1": [
        1.6666666269302368,
        8.333333969116211
    ],
    "fnr_0": [
        5.4701409339904785,
        19.455230712890625
    ],
    "fnr_1": [
        5.79935359954834,
        20.028270721435547
    ],
    "par_0": [
        92.2890625,
        25.64896011352539
    ],
    "par_1": [
        92.53398132324219,
        24.689733505249023
    ],
    "fpr_0": [
        2.4789915084838867,
        12.149271011352539
    ],
    "fpr_1": [
        1.7142857313156128,
        8.571428298950195
    ],
    "tnr_0": [
        8.06234359741211,
        19.947612762451172
    ],
    "tnr_1": [
        6.658558368682861,
        21.87438201904297
    ],
    "nar_0": [
        89.45865631103516,
        26.58719825744629
    ],
    "nar_1": [
        91.62715911865234,
        26.87108039855957
    ]
}