{
    "cov": [
        55.19999694824219,
        3.979112148284912
    ],
    "acc": [
        83.22427368164062,
        3.836045026779175
    ],
    "pos_0": [
        1.101094126701355,
        1.4683046340942383
    ],
    "pos_1": [
        1.6113903522491455,
        2.3063395023345947
    ],
    "neg_0": [
        56.093544006347656,
        4.225520610809326
    ],
    "neg_1": [
        49.22836685180664,
        5.002765655517578
    ],
    "abs_0": [
        42.80535888671875,
        4.4942097663879395
    ],
    "abs_1": [
        49.16023635864258,
        5.480505466461182
    ],
    "tpr_0": [
        2.5972542762756348,
        4.115556240081787
    ],
    "tpr_1": [
        3.41259765625,
        4.337929725646973
    ],
    "fnr_0": [
        29.613075256347656,
        8.00286865234375
    ],
    "fnr_1": [
        24.774593353271484,
        6.751584053039551
    ],
    "par_0": [
        67.78966522216797,
        8.721940994262695
    ],
    "par_1": [
        71.81279754638672,
        8.453058242797852
    ],
    "fpr_0": [
        0.5259042382240295,
        0.8298745155334473
    ],
    "fpr_1": [
        0.4601532220840454,
        1.349556565284729
    ],
    "tnr_0": [
        66.99647521972656,
        4.8419036865234375
    ],
    "tnr_1": [
        63.34531784057617,
        6.398677825927734
    ],
    "nar_0": [
        32.477622985839844,
        4.633632183074951
    ],
    "nar_1": [
        36.19453048706055,
        6.375553607940674
    ]
}