{
    "cov": [
        45.20000076293945,
        4.632314205169678
    ],
    "acc": [
        85.51656341552734,
        4.526148319244385
    ],
    "pos_0": [
        0.38143935799598694,
        0.5609574317932129
    ],
    "pos_1": [
        1.9671660661697388,
        1.6567072868347168
    ],
    "neg_0": [
        47.35276794433594,
        4.990041255950928
    ],
    "neg_1": [
        37.79081344604492,
        7.154223918914795
    ],
    "abs_0": [
        52.26578903198242,
        5.087973594665527
    ],
    "abs_1": [
        60.24201965332031,
        7.450439453125
    ],
    "tpr_0": [
        0.8335040807723999,
        1.7134627103805542
    ],
    "tpr_1": [
        4.85639762878418,
        4.425029754638672
    ],
    "fnr_0": [
        21.257333755493164,
        8.240933418273926
    ],
    "fnr_1": [
        17.489559173583984,
        7.735023021697998
    ],
    "par_0": [
        77.9091567993164,
        8.460598945617676
    ],
    "par_1": [
        77.65403747558594,
        8.406707763671875
    ],
    "fpr_0": [
        0.1945701241493225,
        0.5611606240272522
    ],
    "fpr_1": [
        0.3253968060016632,
        0.9009771347045898
    ],
    "tnr_0": [
        58.05461120605469,
        6.3090338706970215
    ],
    "tnr_1": [
        49.66124725341797,
        9.275335311889648
    ],
    "nar_0": [
        41.75080871582031,
        6.324778079986572
    ],
    "nar_1": [
        50.01334762573242,
        9.362576484680176
    ]
}