{
    "cov": [
        32.84000015258789,
        4.744997501373291
    ],
    "acc": [
        88.78888702392578,
        5.50628137588501
    ],
    "pos_0": [
        0.20584113895893097,
        0.39835041761398315
    ],
    "pos_1": [
        0.0,
        0.0
    ],
    "neg_0": [
        33.623531341552734,
        5.241245746612549
    ],
    "neg_1": [
        30.846288681030273,
        6.811524391174316
    ],
    "abs_0": [
        66.17062377929688,
        5.321473598480225
    ],
    "abs_1": [
        69.15371704101562,
        6.8115234375
    ],
    "tpr_0": [
        0.6024245023727417,
        1.1100172996520996
    ],
    "tpr_1": [
        0.0,
        0.0
    ],
    "fnr_0": [
        11.269051551818848,
        8.324286460876465
    ],
    "fnr_1": [
        12.518062591552734,
        7.313520431518555
    ],
    "par_0": [
        88.1285171508789,
        8.604349136352539
    ],
    "par_1": [
        87.48193359375,
        7.313520431518555
    ],
    "fpr_0": [
        0.04597701132297516,
        0.2298850417137146
    ],
    "fpr_1": [
        0.0,
        0.0
    ],
    "tnr_0": [
        42.842498779296875,
        5.34616231918335
    ],
    "tnr_1": [
        41.39515686035156,
        8.833573341369629
    ],
    "nar_0": [
        57.11152267456055,
        5.409698486328125
    ],
    "nar_1": [
        58.60484313964844,
        8.833573341369629
    ]
}