{
    "cov": [
        27.279998779296875,
        4.582757472991943
    ],
    "acc": [
        87.87273406982422,
        5.789552211761475
    ],
    "pos_0": [
        0.0885736271739006,
        0.2449982464313507
    ],
    "pos_1": [
        0.6118841171264648,
        1.1119458675384521
    ],
    "neg_0": [
        30.33560562133789,
        5.323856830596924
    ],
    "neg_1": [
        20.035131454467773,
        5.162107467651367
    ],
    "abs_0": [
        69.57582092285156,
        5.339286804199219
    ],
    "abs_1": [
        79.35298919677734,
        5.038217067718506
    ],
    "tpr_0": [
        0.21994134783744812,
        0.7735675573348999
    ],
    "tpr_1": [
        1.224372386932373,
        2.352499485015869
    ],
    "fnr_0": [
        11.56193733215332,
        7.025379657745361
    ],
    "fnr_1": [
        8.134679794311523,
        6.281190395355225
    ],
    "par_0": [
        88.21812438964844,
        7.1502251625061035
    ],
    "par_1": [
        90.64094543457031,
        6.540283203125
    ],
    "fpr_0": [
        0.039215683937072754,
        0.19607843458652496
    ],
    "fpr_1": [
        0.22539681196212769,
        0.7802035212516785
    ],
    "tnr_0": [
        38.07538604736328,
        6.355527877807617
    ],
    "tnr_1": [
        26.931591033935547,
        6.990393161773682
    ],
    "nar_0": [
        61.88539505004883,
        6.365872859954834
    ],
    "nar_1": [
        72.84300994873047,
        6.891198635101318
    ]
}