{
    "cov": [
        24.739999771118164,
        8.668813705444336
    ],
    "acc": [
        87.41285705566406,
        5.854713439941406
    ],
    "pos_0": [
        0.0,
        0.0
    ],
    "pos_1": [
        0.0,
        0.0
    ],
    "neg_0": [
        25.91851234436035,
        10.436216354370117
    ],
    "neg_1": [
        22.39911651611328,
        7.123620510101318
    ],
    "abs_0": [
        74.08148193359375,
        10.436216354370117
    ],
    "abs_1": [
        77.60088348388672,
        7.12362003326416
    ],
    "tpr_0": [
        0.0,
        0.0
    ],
    "tpr_1": [
        0.0,
        0.0
    ],
    "fnr_0": [
        10.121414184570312,
        7.775454998016357
    ],
    "fnr_1": [
        10.843214988708496,
        6.839183330535889
    ],
    "par_0": [
        89.87857818603516,
        7.775453567504883
    ],
    "par_1": [
        89.15677642822266,
        6.839182376861572
    ],
    "fpr_0": [
        0.0,
        0.0
    ],
    "fpr_1": [
        0.0,
        0.0
    ],
    "tnr_0": [
        32.5438232421875,
        12.304859161376953
    ],
    "tnr_1": [
        29.17436981201172,
        9.209076881408691
    ],
    "nar_0": [
        67.4561767578125,
        12.30486011505127
    ],
    "nar_1": [
        70.82562255859375,
        9.209076881408691
    ]
}