{
    "cov": [
        86.58000183105469,
        8.614038467407227
    ],
    "acc": [
        70.88833618164062,
        8.525491714477539
    ],
    "pos_0": [
        2.550029754638672,
        10.026931762695312
    ],
    "pos_1": [
        2.3397510051727295,
        5.2906084060668945
    ],
    "neg_0": [
        87.58818054199219,
        15.34963321685791
    ],
    "neg_1": [
        76.57329559326172,
        17.23256492614746
    ],
    "abs_0": [
        9.86178207397461,
        6.987841606140137
    ],
    "abs_1": [
        21.086952209472656,
        15.051977157592773
    ],
    "tpr_0": [
        2.87846302986145,
        8.466879844665527
    ],
    "tpr_1": [
        4.134209632873535,
        7.618872165679932
    ],
    "fnr_0": [
        80.32975769042969,
        13.526278495788574
    ],
    "fnr_1": [
        62.570594787597656,
        20.96590805053711
    ],
    "par_0": [
        16.79178237915039,
        9.664916038513184
    ],
    "par_1": [
        33.29519271850586,
        20.798154830932617
    ],
    "fpr_0": [
        2.3653976917266846,
        10.75406551361084
    ],
    "fpr_1": [
        1.3263157606124878,
        4.442928314208984
    ],
    "tnr_0": [
        90.62966918945312,
        16.71002197265625
    ],
    "tnr_1": [
        84.82192993164062,
        16.849477767944336
    ],
    "nar_0": [
        7.004938125610352,
        6.861459732055664
    ],
    "nar_1": [
        13.851741790771484,
        13.849116325378418
    ]
}