{
    "cov": [
        86.47999572753906,
        5.824659824371338
    ],
    "acc": [
        72.92357635498047,
        4.224184036254883
    ],
    "pos_0": [
        0.2635786533355713,
        0.670423686504364
    ],
    "pos_1": [
        0.9603294730186462,
        1.802872657775879
    ],
    "neg_0": [
        86.81383514404297,
        5.402268886566162
    ],
    "neg_1": [
        84.10331726074219,
        7.980140686035156
    ],
    "abs_0": [
        12.922578811645508,
        5.501051425933838
    ],
    "abs_1": [
        14.936355590820312,
        8.493581771850586
    ],
    "tpr_0": [
        0.5999999642372131,
        2.090543031692505
    ],
    "tpr_1": [
        2.066666603088379,
        3.7671761512756348
    ],
    "fnr_0": [
        75.57952880859375,
        8.880279541015625
    ],
    "fnr_1": [
        70.38075256347656,
        13.454957008361816
    ],
    "par_0": [
        23.820463180541992,
        9.599494934082031
    ],
    "par_1": [
        27.55258560180664,
        14.772183418273926
    ],
    "fpr_0": [
        0.11677347123622894,
        0.4139677882194519
    ],
    "fpr_1": [
        0.29523807764053345,
        0.816236138343811
    ],
    "tnr_0": [
        91.40380859375,
        4.7282257080078125
    ],
    "tnr_1": [
        91.9147720336914,
        5.581130504608154
    ],
    "nar_0": [
        8.479411125183105,
        4.680880069732666
    ],
    "nar_1": [
        7.789980411529541,
        5.77374792098999
    ]
}