{
    "cov": [
        70.26000213623047,
        4.998166561126709
    ],
    "acc": [
        79.4764633178711,
        4.461724281311035
    ],
    "pos_0": [
        1.849582314491272,
        2.2261147499084473
    ],
    "pos_1": [
        3.7244389057159424,
        4.353715419769287
    ],
    "neg_0": [
        70.6663589477539,
        5.229198932647705
    ],
    "neg_1": [
        61.52790832519531,
        7.618404388427734
    ],
    "abs_0": [
        27.48405647277832,
        4.684780120849609
    ],
    "abs_1": [
        34.747650146484375,
        8.527727127075195
    ],
    "tpr_0": [
        4.142777442932129,
        5.562311172485352
    ],
    "tpr_1": [
        7.91815185546875,
        8.250096321105957
    ],
    "fnr_0": [
        46.456443786621094,
        10.145797729492188
    ],
    "fnr_1": [
        36.954978942871094,
        10.544194221496582
    ],
    "par_0": [
        49.400779724121094,
        10.218204498291016
    ],
    "par_1": [
        55.12686538696289,
        12.39319133758545
    ],
    "fpr_0": [
        0.9202054142951965,
        1.451167106628418
    ],
    "fpr_1": [
        1.2851629257202148,
        2.3093228340148926
    ],
    "tnr_0": [
        80.4951171875,
        5.635405540466309
    ],
    "tnr_1": [
        75.82318878173828,
        8.795672416687012
    ],
    "nar_0": [
        18.584680557250977,
        5.184258937835693
    ],
    "nar_1": [
        22.891645431518555,
        8.89104175567627
    ]
}