{
    "cov": [
        32.29999923706055,
        5.452445983886719
    ],
    "acc": [
        88.27886199951172,
        5.479033470153809
    ],
    "pos_0": [
        0.08854978531599045,
        0.24489280581474304
    ],
    "pos_1": [
        0.12636815011501312,
        0.43809351325035095
    ],
    "neg_0": [
        33.45146560668945,
        6.118532657623291
    ],
    "neg_1": [
        29.741254806518555,
        7.729048728942871
    ],
    "abs_0": [
        66.4599838256836,
        6.177886962890625
    ],
    "abs_1": [
        70.13237762451172,
        7.839803695678711
    ],
    "tpr_0": [
        0.2711532711982727,
        0.7535291314125061
    ],
    "tpr_1": [
        0.34343433380126953,
        1.2432861328125
    ],
    "fnr_0": [
        11.666330337524414,
        7.603957653045654
    ],
    "fnr_1": [
        12.380036354064941,
        6.84585428237915
    ],
    "par_0": [
        88.06251525878906,
        7.775378227233887
    ],
    "par_1": [
        87.27653503417969,
        6.890741348266602
    ],
    "fpr_0": [
        0.0,
        0.0
    ],
    "fpr_1": [
        0.0,
        0.0
    ],
    "tnr_0": [
        42.38684844970703,
        6.892860412597656
    ],
    "tnr_1": [
        39.77666473388672,
        10.599626541137695
    ],
    "nar_0": [
        57.6131477355957,
        6.892860412597656
    ],
    "nar_1": [
        60.22333526611328,
        10.599626541137695
    ]
}