{
    "cov": [
        3.919999837875366,
        3.667651414871216
    ],
    "acc": [
        79.92058563232422,
        31.526750564575195
    ],
    "pos_0": [
        0.0,
        0.0
    ],
    "pos_1": [
        0.0,
        0.0
    ],
    "neg_0": [
        4.443963527679443,
        4.491170406341553
    ],
    "neg_1": [
        2.855799913406372,
        2.9705681800842285
    ],
    "abs_0": [
        95.5560302734375,
        4.4911699295043945
    ],
    "abs_1": [
        97.14419555664062,
        2.9705679416656494
    ],
    "tpr_0": [
        0.0,
        0.0
    ],
    "tpr_1": [
        0.0,
        0.0
    ],
    "fnr_0": [
        1.4034054279327393,
        1.889611005783081
    ],
    "fnr_1": [
        0.8487278819084167,
        1.7437225580215454
    ],
    "par_0": [
        98.59658813476562,
        1.8896102905273438
    ],
    "par_1": [
        99.1512680053711,
        1.7437224388122559
    ],
    "fpr_0": [
        0.0,
        0.0
    ],
    "fpr_1": [
        0.0,
        0.0
    ],
    "tnr_0": [
        5.77816104888916,
        6.0531182289123535
    ],
    "tnr_1": [
        3.9297523498535156,
        4.091758728027344
    ],
    "nar_0": [
        94.22183227539062,
        6.053118705749512
    ],
    "nar_1": [
        96.07025146484375,
        4.091758728027344
    ]
}