{
    "cov": [
        44.29999923706055,
        6.234982013702393
    ],
    "acc": [
        85.17060089111328,
        4.411914825439453
    ],
    "pos_0": [
        0.0,
        0.0
    ],
    "pos_1": [
        0.0,
        0.0
    ],
    "neg_0": [
        46.061248779296875,
        7.442737102508545
    ],
    "neg_1": [
        40.63527297973633,
        6.579846382141113
    ],
    "abs_0": [
        53.93874740600586,
        7.442738056182861
    ],
    "abs_1": [
        59.36472702026367,
        6.579845428466797
    ],
    "tpr_0": [
        0.0,
        0.0
    ],
    "tpr_1": [
        0.0,
        0.0
    ],
    "fnr_0": [
        21.55887222290039,
        8.542187690734863
    ],
    "fnr_1": [
        18.916873931884766,
        6.716248989105225
    ],
    "par_0": [
        78.44113159179688,
        8.542187690734863
    ],
    "par_1": [
        81.08312225341797,
        6.716250896453857
    ],
    "fpr_0": [
        0.0,
        0.0
    ],
    "fpr_1": [
        0.0,
        0.0
    ],
    "tnr_0": [
        56.15545654296875,
        8.749863624572754
    ],
    "tnr_1": [
        53.091678619384766,
        9.154335021972656
    ],
    "nar_0": [
        43.844539642333984,
        8.749863624572754
    ],
    "nar_1": [
        46.90831756591797,
        9.154335021972656
    ]
}