{
    "cov": [
        45.05999755859375,
        8.192120552062988
    ],
    "acc": [
        84.06272888183594,
        4.703613758087158
    ],
    "pos_0": [
        0.0,
        0.0
    ],
    "pos_1": [
        0.0,
        0.0
    ],
    "neg_0": [
        46.94423294067383,
        8.70290756225586
    ],
    "neg_1": [
        41.048221588134766,
        9.099326133728027
    ],
    "abs_0": [
        53.05576705932617,
        8.702908515930176
    ],
    "abs_1": [
        58.95177459716797,
        9.099327087402344
    ],
    "tpr_0": [
        0.0,
        0.0
    ],
    "tpr_1": [
        0.0,
        0.0
    ],
    "fnr_0": [
        23.215917587280273,
        6.638047695159912
    ],
    "fnr_1": [
        20.96485710144043,
        9.316962242126465
    ],
    "par_0": [
        76.7840805053711,
        6.638049602508545
    ],
    "par_1": [
        79.03514099121094,
        9.316962242126465
    ],
    "fpr_0": [
        0.0,
        0.0
    ],
    "fpr_1": [
        0.0,
        0.0
    ],
    "tnr_0": [
        56.73674774169922,
        10.812456130981445
    ],
    "tnr_1": [
        52.678260803222656,
        12.044563293457031
    ],
    "nar_0": [
        43.26325225830078,
        10.812456130981445
    ],
    "nar_1": [
        47.32173538208008,
        12.044562339782715
    ]
}