{
    "cov": [
        52.939998626708984,
        5.7523908615112305
    ],
    "acc": [
        83.8746566772461,
        3.928708553314209
    ],
    "pos_0": [
        1.0132508277893066,
        1.239793300628662
    ],
    "pos_1": [
        3.5999040603637695,
        2.8364992141723633
    ],
    "neg_0": [
        54.55100631713867,
        5.901689529418945
    ],
    "neg_1": [
        43.72137451171875,
        6.030479431152344
    ],
    "abs_0": [
        44.43574142456055,
        6.658961772918701
    ],
    "abs_1": [
        52.678714752197266,
        6.996477127075195
    ],
    "tpr_0": [
        2.6043779850006104,
        3.807343006134033
    ],
    "tpr_1": [
        7.371097087860107,
        5.844423770904541
    ],
    "fnr_0": [
        28.755443572998047,
        9.627036094665527
    ],
    "fnr_1": [
        20.426795959472656,
        6.247413158416748
    ],
    "par_0": [
        68.64017486572266,
        11.434366226196289
    ],
    "par_1": [
        72.20211029052734,
        8.7861328125
    ],
    "fpr_0": [
        0.3615317940711975,
        0.6247365474700928
    ],
    "fpr_1": [
        1.3695337772369385,
        1.9806145429611206
    ],
    "tnr_0": [
        65.2470474243164,
        6.264611721038818
    ],
    "tnr_1": [
        57.31352233886719,
        8.686776161193848
    ],
    "nar_0": [
        34.391422271728516,
        6.513087272644043
    ],
    "nar_1": [
        41.31693649291992,
        9.284655570983887
    ]
}