{
    "cov": [
        4.599999904632568,
        5.291502475738525
    ],
    "acc": [
        83.55198669433594,
        26.829025268554688
    ],
    "pos_0": [
        0.0,
        0.0
    ],
    "pos_1": [
        0.0,
        0.0
    ],
    "neg_0": [
        5.163165092468262,
        5.895180702209473
    ],
    "neg_1": [
        3.482697010040283,
        4.5605387687683105
    ],
    "abs_0": [
        94.83683013916016,
        5.895181179046631
    ],
    "abs_1": [
        96.51730346679688,
        4.560540676116943
    ],
    "tpr_0": [
        0.0,
        0.0
    ],
    "tpr_1": [
        0.0,
        0.0
    ],
    "fnr_0": [
        1.8341432809829712,
        2.090475082397461
    ],
    "fnr_1": [
        1.1344257593154907,
        2.730114221572876
    ],
    "par_0": [
        98.16585540771484,
        2.0904743671417236
    ],
    "par_1": [
        98.8655776977539,
        2.730113983154297
    ],
    "fpr_0": [
        0.0,
        0.0
    ],
    "fpr_1": [
        0.0,
        0.0
    ],
    "tnr_0": [
        6.668305397033691,
        8.091283798217773
    ],
    "tnr_1": [
        4.798836708068848,
        5.994630336761475
    ],
    "nar_0": [
        93.3316879272461,
        8.091282844543457
    ],
    "nar_1": [
        95.20115661621094,
        5.994629859924316
    ]
}