{
    "cov": [
        33.39999771118164,
        4.817502975463867
    ],
    "acc": [
        88.53919982910156,
        5.012903690338135
    ],
    "pos_0": [
        0.06108294054865837,
        0.21144051849842072
    ],
    "pos_1": [
        0.3156411945819855,
        0.7763710618019104
    ],
    "neg_0": [
        34.116512298583984,
        5.878297328948975
    ],
    "neg_1": [
        31.503925323486328,
        6.638495445251465
    ],
    "abs_0": [
        65.82240295410156,
        5.840329170227051
    ],
    "abs_1": [
        68.18043518066406,
        6.7149248123168945
    ],
    "tpr_0": [
        0.23429541289806366,
        0.8154415488243103
    ],
    "tpr_1": [
        0.908994734287262,
        2.167495012283325
    ],
    "fnr_0": [
        11.819628715515137,
        6.878395080566406
    ],
    "fnr_1": [
        12.652758598327637,
        7.163954257965088
    ],
    "par_0": [
        87.94607543945312,
        6.90593147277832
    ],
    "par_1": [
        86.43824005126953,
        7.171917915344238
    ],
    "fpr_0": [
        0.0,
        0.0
    ],
    "fpr_1": [
        0.0,
        0.0
    ],
    "tnr_0": [
        43.42034149169922,
        6.817591190338135
    ],
    "tnr_1": [
        42.218807220458984,
        8.664443016052246
    ],
    "nar_0": [
        56.57965850830078,
        6.817591190338135
    ],
    "nar_1": [
        57.78118896484375,
        8.66444206237793
    ]
}