{
    "cov": [
        53.55999755859375,
        4.735328197479248
    ],
    "acc": [
        83.7858657836914,
        4.497027397155762
    ],
    "pos_0": [
        1.1222286224365234,
        1.336342692375183
    ],
    "pos_1": [
        2.072315216064453,
        2.4771039485931396
    ],
    "neg_0": [
        53.49913787841797,
        5.526058673858643
    ],
    "neg_1": [
        49.15126037597656,
        6.798022747039795
    ],
    "abs_0": [
        45.378631591796875,
        5.652116298675537
    ],
    "abs_1": [
        48.77642059326172,
        7.496277809143066
    ],
    "tpr_0": [
        3.0121777057647705,
        4.336528778076172
    ],
    "tpr_1": [
        4.952273368835449,
        5.605502128601074
    ],
    "fnr_0": [
        27.848379135131836,
        9.538207054138184
    ],
    "fnr_1": [
        24.051986694335938,
        9.375683784484863
    ],
    "par_0": [
        69.13943481445312,
        9.829718589782715
    ],
    "par_1": [
        70.99574279785156,
        11.344676971435547
    ],
    "fpr_0": [
        0.32168081402778625,
        0.5584031939506531
    ],
    "fpr_1": [
        0.3712535798549652,
        0.8699958920478821
    ],
    "tnr_0": [
        64.00127410888672,
        5.992455959320068
    ],
    "tnr_1": [
        63.757869720458984,
        8.200858116149902
    ],
    "nar_0": [
        35.67704391479492,
        6.098758697509766
    ],
    "nar_1": [
        35.870872497558594,
        8.126568794250488
    ]
}