{
    "cov": [
        79.91999816894531,
        7.5341997146606445
    ],
    "acc": [
        75.13236999511719,
        4.767962455749512
    ],
    "pos_0": [
        0.2271001935005188,
        0.4869862198829651
    ],
    "pos_1": [
        0.5400114059448242,
        1.2817500829696655
    ],
    "neg_0": [
        81.21517181396484,
        7.000367164611816
    ],
    "neg_1": [
        75.914794921875,
        9.719541549682617
    ],
    "abs_0": [
        18.557729721069336,
        7.140259742736816
    ],
    "abs_1": [
        23.54519271850586,
        10.018184661865234
    ],
    "tpr_0": [
        0.6720603108406067,
        1.452024221420288
    ],
    "tpr_1": [
        1.206076741218567,
        3.1235616207122803
    ],
    "fnr_0": [
        65.55379486083984,
        11.954316139221191
    ],
    "fnr_1": [
        57.940574645996094,
        15.025653839111328
    ],
    "par_0": [
        33.774139404296875,
        12.314986228942871
    ],
    "par_1": [
        40.85334777832031,
        15.724668502807617
    ],
    "fpr_0": [
        0.039215683937072754,
        0.19607843458652496
    ],
    "fpr_1": [
        0.205263152718544,
        0.7106887698173523
    ],
    "tnr_0": [
        87.58248138427734,
        5.855717182159424
    ],
    "tnr_1": [
        86.31864166259766,
        7.625336647033691
    ],
    "nar_0": [
        12.378305435180664,
        5.856715679168701
    ],
    "nar_1": [
        13.476091384887695,
        7.651612758636475
    ]
}