{
    "cov": [
        94.41999816894531,
        3.8909082412719727
    ],
    "acc": [
        71.46671295166016,
        4.3812127113342285
    ],
    "pos_0": [
        2.403597593307495,
        3.3608524799346924
    ],
    "pos_1": [
        4.822421550750732,
        7.364543914794922
    ],
    "neg_0": [
        92.26344299316406,
        4.33294153213501
    ],
    "neg_1": [
        89.04914093017578,
        6.604267597198486
    ],
    "abs_0": [
        5.332956314086914,
        3.6034371852874756
    ],
    "abs_1": [
        6.128443241119385,
        5.6939311027526855
    ],
    "tpr_0": [
        5.537801265716553,
        7.743715763092041
    ],
    "tpr_1": [
        9.152539253234863,
        13.47367000579834
    ],
    "fnr_0": [
        83.05792999267578,
        10.70408821105957
    ],
    "fnr_1": [
        78.72821807861328,
        12.437882423400879
    ],
    "par_0": [
        11.40427017211914,
        9.055668830871582
    ],
    "par_1": [
        12.119233131408691,
        11.63405704498291
    ],
    "fpr_0": [
        1.1593618392944336,
        2.020132541656494
    ],
    "fpr_1": [
        2.445558786392212,
        4.4379496574401855
    ],
    "tnr_0": [
        95.83876037597656,
        2.8893086910247803
    ],
    "tnr_1": [
        94.84425354003906,
        4.646713733673096
    ],
    "nar_0": [
        3.0018792152404785,
        2.3867762088775635
    ],
    "nar_1": [
        2.710176944732666,
        3.3431637287139893
    ]
}