{
    "cov": [
        54.119998931884766,
        5.075020790100098
    ],
    "acc": [
        83.44956970214844,
        4.090017795562744
    ],
    "pos_0": [
        0.9992450475692749,
        1.2152513265609741
    ],
    "pos_1": [
        2.1382100582122803,
        2.671386241912842
    ],
    "neg_0": [
        54.49689483642578,
        6.618596076965332
    ],
    "neg_1": [
        48.958763122558594,
        5.224537372589111
    ],
    "abs_0": [
        44.50385665893555,
        6.594307899475098
    ],
    "abs_1": [
        48.90302276611328,
        5.5046563148498535
    ],
    "tpr_0": [
        2.365579843521118,
        3.2193188667297363
    ],
    "tpr_1": [
        4.598580360412598,
        6.06857442855835
    ],
    "fnr_0": [
        28.474584579467773,
        10.307849884033203
    ],
    "fnr_1": [
        25.316940307617188,
        7.069066524505615
    ],
    "par_0": [
        69.15983581542969,
        11.013599395751953
    ],
    "par_1": [
        70.08447265625,
        9.917102813720703
    ],
    "fpr_0": [
        0.40637779235839844,
        0.7161757349967957
    ],
    "fpr_1": [
        0.6244496703147888,
        1.1590341329574585
    ],
    "tnr_0": [
        65.32084655761719,
        6.762986660003662
    ],
    "tnr_1": [
        62.59668731689453,
        6.561487197875977
    ],
    "nar_0": [
        34.27277374267578,
        6.765450477600098
    ],
    "nar_1": [
        36.77885818481445,
        6.42335319519043
    ]
}