{
    "cov": [
        66.0,
        6.673954963684082
    ],
    "acc": [
        78.79122161865234,
        4.7674665451049805
    ],
    "pos_0": [
        0.0,
        0.0
    ],
    "pos_1": [
        0.0,
        0.0
    ],
    "neg_0": [
        66.56265258789062,
        7.793525218963623
    ],
    "neg_1": [
        64.8025894165039,
        8.174168586730957
    ],
    "abs_0": [
        33.437347412109375,
        7.793524742126465
    ],
    "abs_1": [
        35.19740676879883,
        8.174168586730957
    ],
    "tpr_0": [
        0.0,
        0.0
    ],
    "tpr_1": [
        0.0,
        0.0
    ],
    "fnr_0": [
        44.88916778564453,
        12.168434143066406
    ],
    "fnr_1": [
        43.44927215576172,
        13.957500457763672
    ],
    "par_0": [
        55.1108283996582,
        12.16843318939209
    ],
    "par_1": [
        56.55072021484375,
        13.957499504089355
    ],
    "fpr_0": [
        0.0,
        0.0
    ],
    "fpr_1": [
        0.0,
        0.0
    ],
    "tnr_0": [
        75.50321197509766,
        7.317781448364258
    ],
    "tnr_1": [
        76.94132995605469,
        7.4952802658081055
    ],
    "nar_0": [
        24.49678611755371,
        7.317780494689941
    ],
    "nar_1": [
        23.058671951293945,
        7.495281219482422
    ]
}