{
    "cov": [
        9.319999694824219,
        3.1848599910736084
    ],
    "acc": [
        87.33293914794922,
        7.795119762420654
    ],
    "pos_0": [
        0.34714362025260925,
        0.8849128484725952
    ],
    "pos_1": [
        1.2972705364227295,
        1.908384084701538
    ],
    "neg_0": [
        8.652764320373535,
        3.467865228652954
    ],
    "neg_1": [
        9.000075340270996,
        4.42003870010376
    ],
    "abs_0": [
        91.00009155273438,
        3.671720504760742
    ],
    "abs_1": [
        89.7026596069336,
        4.8489556312561035
    ],
    "tpr_0": [
        0.322775274515152,
        1.1608978509902954
    ],
    "tpr_1": [
        3.3785769939422607,
        4.74345588684082
    ],
    "fnr_0": [
        2.6111724376678467,
        2.275719404220581
    ],
    "fnr_1": [
        4.521432876586914,
        4.836159706115723
    ],
    "par_0": [
        97.06605529785156,
        2.5665836334228516
    ],
    "par_1": [
        92.09998321533203,
        6.7085652351379395
    ],
    "fpr_0": [
        0.357543408870697,
        0.8585242629051208
    ],
    "fpr_1": [
        0.23928572237491608,
        0.8290920853614807
    ],
    "tnr_0": [
        11.017753601074219,
        4.579893112182617
    ],
    "tnr_1": [
        11.18094253540039,
        5.679806709289551
    ],
    "nar_0": [
        88.62469482421875,
        4.7006635665893555
    ],
    "nar_1": [
        88.57977294921875,
        5.8449859619140625
    ]
}