{
    "cov": [
        38.099998474121094,
        3.889087200164795
    ],
    "acc": [
        85.8789291381836,
        3.185431480407715
    ],
    "pos_0": [
        1.51418137550354,
        1.1111079454421997
    ],
    "pos_1": [
        2.3521082401275635,
        2.7674672603607178
    ],
    "neg_0": [
        35.69912338256836,
        5.169433116912842
    ],
    "neg_1": [
        37.84743118286133,
        8.753097534179688
    ],
    "abs_0": [
        62.78669357299805,
        5.3491973876953125
    ],
    "abs_1": [
        59.80046081542969,
        9.032064437866211
    ],
    "tpr_0": [
        2.770242214202881,
        2.2361769676208496
    ],
    "tpr_1": [
        5.424767017364502,
        6.097191333770752
    ],
    "fnr_0": [
        15.543806076049805,
        5.118173122406006
    ],
    "fnr_1": [
        16.315210342407227,
        9.144248008728027
    ],
    "par_0": [
        81.68594360351562,
        5.883606910705566
    ],
    "par_1": [
        78.26001739501953,
        9.54140853881836
    ],
    "fpr_0": [
        1.0613197088241577,
        1.1349740028381348
    ],
    "fpr_1": [
        0.8050030469894409,
        1.9935483932495117
    ],
    "tnr_0": [
        43.424198150634766,
        6.123654365539551
    ],
    "tnr_1": [
        48.8693733215332,
        9.910368919372559
    ],
    "nar_0": [
        55.51448059082031,
        6.337964057922363
    ],
    "nar_1": [
        50.32561492919922,
        10.210227966308594
    ]
}