{
    "cov": [
        94.37999725341797,
        17.933488845825195
    ],
    "acc": [
        70.77572631835938,
        5.124363422393799
    ],
    "pos_0": [
        1.7834383249282837,
        2.4872348308563232
    ],
    "pos_1": [
        3.5022811889648438,
        5.369457244873047
    ],
    "neg_0": [
        93.3460922241211,
        16.80239486694336
    ],
    "neg_1": [
        89.31317901611328,
        19.378170013427734
    ],
    "abs_0": [
        4.8704729080200195,
        17.084758758544922
    ],
    "abs_1": [
        7.184533596038818,
        19.89838409423828
    ],
    "tpr_0": [
        4.208232879638672,
        5.555733680725098
    ],
    "tpr_1": [
        6.353167533874512,
        9.106775283813477
    ],
    "fnr_0": [
        88.9059066772461,
        18.361499786376953
    ],
    "fnr_1": [
        83.75074005126953,
        20.655311584472656
    ],
    "par_0": [
        6.88585901260376,
        18.803203582763672
    ],
    "par_1": [
        9.896085739135742,
        21.514572143554688
    ],
    "fpr_0": [
        0.7615231275558472,
        1.4544626474380493
    ],
    "fpr_1": [
        1.8492974042892456,
        3.673719644546509
    ],
    "tnr_0": [
        95.20038604736328,
        16.167593002319336
    ],
    "tnr_1": [
        92.66178131103516,
        19.363054275512695
    ],
    "nar_0": [
        4.038084030151367,
        16.288881301879883
    ],
    "nar_1": [
        5.488919734954834,
        19.55962371826172
    ]
}