{
    "cov": [
        21.939998626708984,
        9.909296989440918
    ],
    "acc": [
        86.89583587646484,
        7.521398544311523
    ],
    "pos_0": [
        0.0,
        0.0
    ],
    "pos_1": [
        0.0,
        0.0
    ],
    "neg_0": [
        22.36800765991211,
        10.360085487365723
    ],
    "neg_1": [
        21.059911727905273,
        9.994165420532227
    ],
    "abs_0": [
        77.63198852539062,
        10.360086441040039
    ],
    "abs_1": [
        78.9400863647461,
        9.994165420532227
    ],
    "tpr_0": [
        0.0,
        0.0
    ],
    "tpr_1": [
        0.0,
        0.0
    ],
    "fnr_0": [
        8.932485580444336,
        6.4083476066589355
    ],
    "fnr_1": [
        9.390892028808594,
        7.51348352432251
    ],
    "par_0": [
        91.06752014160156,
        6.408346652984619
    ],
    "par_1": [
        90.6091079711914,
        7.513483047485352
    ],
    "fpr_0": [
        0.0,
        0.0
    ],
    "fpr_1": [
        0.0,
        0.0
    ],
    "tnr_0": [
        27.94715118408203,
        12.663199424743652
    ],
    "tnr_1": [
        27.73928451538086,
        13.067109107971191
    ],
    "nar_0": [
        72.05284881591797,
        12.66319751739502
    ],
    "nar_1": [
        72.26071166992188,
        13.067110061645508
    ]
}