{
    "cov": [
        58.959999084472656,
        4.828129291534424
    ],
    "acc": [
        82.21746826171875,
        3.337523937225342
    ],
    "pos_0": [
        3.870049476623535,
        2.311818838119507
    ],
    "pos_1": [
        4.986441135406494,
        3.4314935207366943
    ],
    "neg_0": [
        54.75025939941406,
        5.593871593475342
    ],
    "neg_1": [
        54.700435638427734,
        7.949512958526611
    ],
    "abs_0": [
        41.379695892333984,
        5.923396587371826
    ],
    "abs_1": [
        40.3131217956543,
        8.267037391662598
    ],
    "tpr_0": [
        8.384720802307129,
        5.693052291870117
    ],
    "tpr_1": [
        10.92370891571045,
        8.327276229858398
    ],
    "fnr_0": [
        30.89236831665039,
        5.746676445007324
    ],
    "fnr_1": [
        29.595806121826172,
        12.194369316101074
    ],
    "par_0": [
        60.7229118347168,
        8.280267715454102
    ],
    "par_1": [
        59.48048400878906,
        13.216363906860352
    ],
    "fpr_0": [
        2.168745994567871,
        1.7250854969024658
    ],
    "fpr_1": [
        1.9986377954483032,
        2.5842604637145996
    ],
    "tnr_0": [
        63.99893569946289,
        6.138280391693115
    ],
    "tnr_1": [
        67.50572204589844,
        7.906761646270752
    ],
    "nar_0": [
        33.832313537597656,
        6.227072715759277
    ],
    "nar_1": [
        30.49563980102539,
        7.785962104797363
    ]
}