{
    "cov": [
        8.179999351501465,
        6.642476558685303
    ],
    "acc": [
        83.20814514160156,
        26.689096450805664
    ],
    "pos_0": [
        0.0,
        0.0
    ],
    "pos_1": [
        0.0,
        0.0
    ],
    "neg_0": [
        8.599676132202148,
        7.195281982421875
    ],
    "neg_1": [
        7.224310874938965,
        6.471261501312256
    ],
    "abs_0": [
        91.40032958984375,
        7.195281028747559
    ],
    "abs_1": [
        92.77568817138672,
        6.471262454986572
    ],
    "tpr_0": [
        0.0,
        0.0
    ],
    "tpr_1": [
        0.0,
        0.0
    ],
    "fnr_0": [
        2.108064889907837,
        2.1518495082855225
    ],
    "fnr_1": [
        2.888662576675415,
        3.9959096908569336
    ],
    "par_0": [
        97.89192962646484,
        2.151848793029785
    ],
    "par_1": [
        97.11133575439453,
        3.9959089756011963
    ],
    "fpr_0": [
        0.0,
        0.0
    ],
    "fpr_1": [
        0.0,
        0.0
    ],
    "tnr_0": [
        11.201647758483887,
        9.654999732971191
    ],
    "tnr_1": [
        9.667046546936035,
        8.61241626739502
    ],
    "nar_0": [
        88.79835510253906,
        9.655000686645508
    ],
    "nar_1": [
        90.33295440673828,
        8.612417221069336
    ]
}