{
    "cov": [
        49.459999084472656,
        11.023573875427246
    ],
    "acc": [
        82.38456726074219,
        4.650288105010986
    ],
    "pos_0": [
        0.0,
        0.0
    ],
    "pos_1": [
        0.0,
        0.0
    ],
    "neg_0": [
        50.150535583496094,
        11.736617088317871
    ],
    "neg_1": [
        47.98593521118164,
        11.400794982910156
    ],
    "abs_0": [
        49.84946060180664,
        11.736618995666504
    ],
    "abs_1": [
        52.014060974121094,
        11.400794982910156
    ],
    "tpr_0": [
        0.0,
        0.0
    ],
    "tpr_1": [
        0.0,
        0.0
    ],
    "fnr_0": [
        27.223896026611328,
        11.625699996948242
    ],
    "fnr_1": [
        28.65947151184082,
        9.34267520904541
    ],
    "par_0": [
        72.7761001586914,
        11.625699996948242
    ],
    "par_1": [
        71.34052276611328,
        9.34267520904541
    ],
    "fpr_0": [
        0.0,
        0.0
    ],
    "fpr_1": [
        0.0,
        0.0
    ],
    "tnr_0": [
        59.576839447021484,
        12.95328140258789
    ],
    "tnr_1": [
        59.08491516113281,
        14.661886215209961
    ],
    "nar_0": [
        40.42315673828125,
        12.953282356262207
    ],
    "nar_1": [
        40.91508102416992,
        14.661885261535645
    ]
}