{
    "cov": [
        9.479999542236328,
        18.715234756469727
    ],
    "acc": [
        68.59642028808594,
        40.518375396728516
    ],
    "pos_0": [
        0.0,
        0.0
    ],
    "pos_1": [
        0.0,
        0.0
    ],
    "neg_0": [
        11.756427764892578,
        20.00226402282715
    ],
    "neg_1": [
        4.630434989929199,
        16.94220733642578
    ],
    "abs_0": [
        88.24357604980469,
        20.002262115478516
    ],
    "abs_1": [
        95.36956787109375,
        16.942211151123047
    ],
    "tpr_0": [
        0.0,
        0.0
    ],
    "tpr_1": [
        0.0,
        0.0
    ],
    "fnr_0": [
        6.17479133605957,
        19.34178924560547
    ],
    "fnr_1": [
        4.2459259033203125,
        18.50400161743164
    ],
    "par_0": [
        93.82521057128906,
        19.34178924560547
    ],
    "par_1": [
        95.75406646728516,
        18.50400161743164
    ],
    "fpr_0": [
        0.0,
        0.0
    ],
    "fpr_1": [
        0.0,
        0.0
    ],
    "tnr_0": [
        14.157232284545898,
        20.910736083984375
    ],
    "tnr_1": [
        4.877101421356201,
        16.000673294067383
    ],
    "nar_0": [
        85.8427734375,
        20.910737991333008
    ],
    "nar_1": [
        95.1229019165039,
        16.000673294067383
    ]
}