{
    "cov": [
        84.81999969482422,
        12.431378364562988
    ],
    "acc": [
        71.57270050048828,
        3.854769229888916
    ],
    "pos_0": [
        0.3517795205116272,
        0.6705285310745239
    ],
    "pos_1": [
        1.1649526357650757,
        2.544114589691162
    ],
    "neg_0": [
        87.1925277709961,
        12.966419219970703
    ],
    "neg_1": [
        77.5387954711914,
        12.483744621276855
    ],
    "abs_0": [
        12.455690383911133,
        13.060522079467773
    ],
    "abs_1": [
        21.296245574951172,
        13.308866500854492
    ],
    "tpr_0": [
        0.5048357844352722,
        1.0360039472579956
    ],
    "tpr_1": [
        1.7948718070983887,
        4.42183780670166
    ],
    "fnr_0": [
        79.48902893066406,
        13.355596542358398
    ],
    "fnr_1": [
        67.34445190429688,
        17.348499298095703
    ],
    "par_0": [
        20.006134033203125,
        13.538045883178711
    ],
    "par_1": [
        30.860673904418945,
        18.623132705688477
    ],
    "fpr_0": [
        0.2896691560745239,
        0.6239640712738037
    ],
    "fpr_1": [
        0.7333332896232605,
        1.7693666219711304
    ],
    "tnr_0": [
        90.50108337402344,
        13.494213104248047
    ],
    "tnr_1": [
        83.57249450683594,
        12.696844100952148
    ],
    "nar_0": [
        9.209243774414062,
        13.560881614685059
    ],
    "nar_1": [
        15.694169998168945,
        13.124670028686523
    ]
}