{
    "cov": [
        49.91999816894531,
        4.5223517417907715
    ],
    "acc": [
        83.99617004394531,
        3.6256773471832275
    ],
    "pos_0": [
        2.9638781547546387,
        1.8082300424575806
    ],
    "pos_1": [
        3.3189339637756348,
        3.0363869667053223
    ],
    "neg_0": [
        46.6255989074707,
        5.264598369598389
    ],
    "neg_1": [
        47.43745040893555,
        8.360426902770996
    ],
    "abs_0": [
        50.410518646240234,
        5.584150314331055
    ],
    "abs_1": [
        49.24361801147461,
        8.574989318847656
    ],
    "tpr_0": [
        6.289007663726807,
        5.093497276306152
    ],
    "tpr_1": [
        6.941592216491699,
        6.202147483825684
    ],
    "fnr_0": [
        23.485946655273438,
        6.091034412384033
    ],
    "fnr_1": [
        22.32863998413086,
        10.378993034362793
    ],
    "par_0": [
        70.22504425048828,
        8.468716621398926
    ],
    "par_1": [
        70.72976684570312,
        10.051219940185547
    ],
    "fpr_0": [
        1.7414155006408691,
        1.441307783126831
    ],
    "fpr_1": [
        1.5338157415390015,
        2.620129108428955
    ],
    "tnr_0": [
        55.50892639160156,
        5.759382724761963
    ],
    "tnr_1": [
        60.167152404785156,
        8.933945655822754
    ],
    "nar_0": [
        42.749656677246094,
        5.951363563537598
    ],
    "nar_1": [
        38.29903030395508,
        8.794282913208008
    ]
}