{
    "cov": [
        97.04000091552734,
        2.787322521209717
    ],
    "acc": [
        70.45791625976562,
        3.524644613265991
    ],
    "pos_0": [
        2.0455422401428223,
        3.1771111488342285
    ],
    "pos_1": [
        4.4238433837890625,
        4.319098472595215
    ],
    "neg_0": [
        95.15105438232422,
        3.8345603942871094
    ],
    "neg_1": [
        92.1894302368164,
        5.819300174713135
    ],
    "abs_0": [
        2.803410768508911,
        2.5814409255981445
    ],
    "abs_1": [
        3.3867290019989014,
        3.830554246902466
    ],
    "tpr_0": [
        4.314280986785889,
        5.862689018249512
    ],
    "tpr_1": [
        9.558897018432617,
        9.194047927856445
    ],
    "fnr_0": [
        89.92302703857422,
        7.744982719421387
    ],
    "fnr_1": [
        84.64041900634766,
        12.12531566619873
    ],
    "par_0": [
        5.762689113616943,
        6.383232116699219
    ],
    "par_1": [
        5.800683498382568,
        7.228703022003174
    ],
    "fpr_0": [
        1.1134995222091675,
        2.4094674587249756
    ],
    "fpr_1": [
        1.4798630475997925,
        2.703331232070923
    ],
    "tnr_0": [
        97.45487976074219,
        2.8310723304748535
    ],
    "tnr_1": [
        96.41765594482422,
        3.9056828022003174
    ],
    "nar_0": [
        1.4316232204437256,
        1.3707560300827026
    ],
    "nar_1": [
        2.102482557296753,
        2.834416151046753
    ]
}