{
    "cov": [
        20.3799991607666,
        12.622137069702148
    ],
    "acc": [
        79.58537292480469,
        25.38714599609375
    ],
    "pos_0": [
        0.0,
        0.0
    ],
    "pos_1": [
        0.0,
        0.0
    ],
    "neg_0": [
        24.57665252685547,
        15.931662559509277
    ],
    "neg_1": [
        11.359725952148438,
        10.362876892089844
    ],
    "abs_0": [
        75.42333984375,
        15.931663513183594
    ],
    "abs_1": [
        88.64027404785156,
        10.362876892089844
    ],
    "tpr_0": [
        0.0,
        0.0
    ],
    "tpr_1": [
        0.0,
        0.0
    ],
    "fnr_0": [
        11.461977005004883,
        9.973492622375488
    ],
    "fnr_1": [
        5.411274433135986,
        7.771935939788818
    ],
    "par_0": [
        88.53802490234375,
        9.973492622375488
    ],
    "par_1": [
        94.5887222290039,
        7.771936416625977
    ],
    "fpr_0": [
        0.0,
        0.0
    ],
    "fpr_1": [
        0.0,
        0.0
    ],
    "tnr_0": [
        29.911903381347656,
        18.94407081604004
    ],
    "tnr_1": [
        14.712316513061523,
        12.625323295593262
    ],
    "nar_0": [
        70.08809661865234,
        18.94407081604004
    ],
    "nar_1": [
        85.28767395019531,
        12.625322341918945
    ]
}