{
    "cov": [
        50.70000076293945,
        5.921360015869141
    ],
    "acc": [
        84.72720336914062,
        4.520031929016113
    ],
    "pos_0": [
        0.952864408493042,
        1.5596051216125488
    ],
    "pos_1": [
        2.2296788692474365,
        2.433107614517212
    ],
    "neg_0": [
        51.47985076904297,
        6.381416320800781
    ],
    "neg_1": [
        44.73167037963867,
        6.821451663970947
    ],
    "abs_0": [
        47.56727981567383,
        6.639638900756836
    ],
    "abs_1": [
        53.03865051269531,
        7.446788787841797
    ],
    "tpr_0": [
        2.538200855255127,
        4.464995384216309
    ],
    "tpr_1": [
        5.179546356201172,
        5.229174613952637
    ],
    "fnr_0": [
        25.238162994384766,
        9.520225524902344
    ],
    "fnr_1": [
        21.405864715576172,
        8.020242691040039
    ],
    "par_0": [
        72.2236328125,
        10.864631652832031
    ],
    "par_1": [
        73.41458892822266,
        9.400862693786621
    ],
    "fpr_0": [
        0.32217979431152344,
        0.7968651652336121
    ],
    "fpr_1": [
        0.4383639395236969,
        1.042513370513916
    ],
    "tnr_0": [
        62.28941345214844,
        6.374846458435059
    ],
    "tnr_1": [
        58.252967834472656,
        8.857336044311523
    ],
    "nar_0": [
        37.38840103149414,
        6.460574150085449
    ],
    "nar_1": [
        41.30866241455078,
        9.14096736907959
    ]
}