{
    "cov": [
        7.639999866485596,
        2.7970223426818848
    ],
    "acc": [
        85.69103240966797,
        10.656399726867676
    ],
    "pos_0": [
        0.4821270704269409,
        0.934077262878418
    ],
    "pos_1": [
        0.6398983597755432,
        1.2202203273773193
    ],
    "neg_0": [
        6.793569564819336,
        3.140453577041626
    ],
    "neg_1": [
        8.076179504394531,
        4.384349822998047
    ],
    "abs_0": [
        92.72430419921875,
        3.332796573638916
    ],
    "abs_1": [
        91.28392791748047,
        4.149585247039795
    ],
    "tpr_0": [
        0.7113704085350037,
        1.552324652671814
    ],
    "tpr_1": [
        1.6843938827514648,
        3.5831925868988037
    ],
    "fnr_0": [
        2.164368152618408,
        2.466923475265503
    ],
    "fnr_1": [
        4.299211502075195,
        4.913679599761963
    ],
    "par_0": [
        97.124267578125,
        2.610363006591797
    ],
    "par_1": [
        94.01639556884766,
        5.555269718170166
    ],
    "fpr_0": [
        0.3942406475543976,
        0.8622041344642639
    ],
    "fpr_1": [
        0.11428571492433548,
        0.5714285969734192
    ],
    "tnr_0": [
        8.594099998474121,
        4.010521411895752
    ],
    "tnr_1": [
        9.846174240112305,
        5.535921096801758
    ],
    "nar_0": [
        91.01165771484375,
        4.164228916168213
    ],
    "nar_1": [
        90.0395278930664,
        5.538000106811523
    ]
}