{
    "cov": [
        74.87999725341797,
        5.311700820922852
    ],
    "acc": [
        78.07211303710938,
        4.475415229797363
    ],
    "pos_0": [
        2.95223069190979,
        2.7931814193725586
    ],
    "pos_1": [
        7.689338207244873,
        6.5887980461120605
    ],
    "neg_0": [
        75.01564025878906,
        4.873683452606201
    ],
    "neg_1": [
        60.466552734375,
        6.160648345947266
    ],
    "abs_0": [
        22.032123565673828,
        5.187225341796875
    ],
    "abs_1": [
        31.844106674194336,
        8.04043197631836
    ],
    "tpr_0": [
        6.8349528312683105,
        6.086522579193115
    ],
    "tpr_1": [
        14.3053560256958,
        12.27962875366211
    ],
    "fnr_0": [
        52.10881805419922,
        10.311727523803711
    ],
    "fnr_1": [
        37.19926834106445,
        9.710065841674805
    ],
    "par_0": [
        41.05622863769531,
        11.211360931396484
    ],
    "par_1": [
        48.49536895751953,
        13.904711723327637
    ],
    "fpr_0": [
        1.4250588417053223,
        1.9609352350234985
    ],
    "fpr_1": [
        3.9043455123901367,
        4.004966735839844
    ],
    "tnr_0": [
        84.18533325195312,
        4.532029151916504
    ],
    "tnr_1": [
        73.802490234375,
        7.238826751708984
    ],
    "nar_0": [
        14.389609336853027,
        4.237717628479004
    ],
    "nar_1": [
        22.293163299560547,
        7.78432035446167
    ]
}