{
    "cov": [
        62.97999954223633,
        6.457359790802002
    ],
    "acc": [
        80.8782730102539,
        5.277626037597656
    ],
    "pos_0": [
        0.8137169480323792,
        1.7965518236160278
    ],
    "pos_1": [
        0.9284267425537109,
        1.928925633430481
    ],
    "neg_0": [
        63.5411376953125,
        6.433791637420654
    ],
    "neg_1": [
        59.1139030456543,
        7.504652976989746
    ],
    "abs_0": [
        35.645145416259766,
        7.011750221252441
    ],
    "abs_1": [
        39.95766067504883,
        7.72088098526001
    ],
    "tpr_0": [
        2.010749101638794,
        4.51748514175415
    ],
    "tpr_1": [
        2.132607936859131,
        4.8578338623046875
    ],
    "fnr_0": [
        38.3974609375,
        11.261427879333496
    ],
    "fnr_1": [
        35.47241973876953,
        11.144601821899414
    ],
    "par_0": [
        59.59178924560547,
        12.178908348083496
    ],
    "par_1": [
        62.39496994018555,
        11.56974983215332
    ],
    "fpr_0": [
        0.35312584042549133,
        1.010175347328186
    ],
    "fpr_1": [
        0.20952381193637848,
        0.7284313440322876
    ],
    "tnr_0": [
        73.7723159790039,
        6.365644454956055
    ],
    "tnr_1": [
        72.65033721923828,
        7.540602684020996
    ],
    "nar_0": [
        25.874555587768555,
        6.620347023010254
    ],
    "nar_1": [
        27.14013671875,
        7.453464984893799
    ]
}