{
    "cov": [
        29.260000228881836,
        5.532329082489014
    ],
    "acc": [
        88.49089050292969,
        5.448318004608154
    ],
    "pos_0": [
        0.08805837482213974,
        0.24344126880168915
    ],
    "pos_1": [
        0.1367621272802353,
        0.47336527705192566
    ],
    "neg_0": [
        29.397762298583984,
        6.197457313537598
    ],
    "neg_1": [
        28.81052017211914,
        6.834245204925537
    ],
    "abs_0": [
        70.51417541503906,
        6.246922492980957
    ],
    "abs_1": [
        71.0527114868164,
        6.821493625640869
    ],
    "tpr_0": [
        0.10526315122842789,
        0.5263158082962036
    ],
    "tpr_1": [
        0.36666664481163025,
        1.2747548818588257
    ],
    "fnr_0": [
        10.342053413391113,
        7.091176509857178
    ],
    "fnr_1": [
        11.634521484375,
        8.724637985229492
    ],
    "par_0": [
        89.55268096923828,
        7.27396821975708
    ],
    "par_1": [
        87.99880981445312,
        8.62961483001709
    ],
    "fpr_0": [
        0.08443854749202728,
        0.2935052514076233
    ],
    "fpr_1": [
        0.0,
        0.0
    ],
    "tnr_0": [
        37.34925079345703,
        7.222282409667969
    ],
    "tnr_1": [
        38.630924224853516,
        7.879315376281738
    ],
    "nar_0": [
        62.566307067871094,
        7.262561798095703
    ],
    "nar_1": [
        61.36907196044922,
        7.879316806793213
    ]
}