{
    "cov": [
        13.219999313354492,
        14.706206321716309
    ],
    "acc": [
        77.97538757324219,
        30.64939308166504
    ],
    "pos_0": [
        0.7819548845291138,
        3.9097743034362793
    ],
    "pos_1": [
        0.0,
        0.0
    ],
    "neg_0": [
        14.813821792602539,
        13.87429141998291
    ],
    "neg_1": [
        8.250407218933105,
        17.248035430908203
    ],
    "abs_0": [
        84.40422058105469,
        15.372663497924805
    ],
    "abs_1": [
        91.74958801269531,
        17.248037338256836
    ],
    "tpr_0": [
        0.8421052098274231,
        4.210526466369629
    ],
    "tpr_1": [
        0.0,
        0.0
    ],
    "fnr_0": [
        6.0650458335876465,
        7.8154473304748535
    ],
    "fnr_1": [
        5.719169616699219,
        17.65463638305664
    ],
    "par_0": [
        93.09284973144531,
        10.692865371704102
    ],
    "par_1": [
        94.28083038330078,
        17.65463638305664
    ],
    "fpr_0": [
        0.75789475440979,
        3.78947377204895
    ],
    "fpr_1": [
        0.0,
        0.0
    ],
    "tnr_0": [
        18.72832489013672,
        17.49112319946289
    ],
    "tnr_1": [
        9.83877944946289,
        17.321996688842773
    ],
    "nar_0": [
        80.51377868652344,
        18.589677810668945
    ],
    "nar_1": [
        90.16120910644531,
        17.321996688842773
    ]
}