{
    "cov": [
        57.91999816894531,
        15.12977123260498
    ],
    "acc": [
        77.41695404052734,
        5.890582084655762
    ],
    "pos_0": [
        0.06182122230529785,
        0.2140539288520813
    ],
    "pos_1": [
        0.2574438750743866,
        0.7781630754470825
    ],
    "neg_0": [
        62.717655181884766,
        15.397170066833496
    ],
    "neg_1": [
        47.26087951660156,
        18.614639282226562
    ],
    "abs_0": [
        37.22052001953125,
        15.435086250305176
    ],
    "abs_1": [
        52.4816780090332,
        18.917709350585938
    ],
    "tpr_0": [
        0.11428571492433548,
        0.5714285373687744
    ],
    "tpr_1": [
        0.37719297409057617,
        1.3150582313537598
    ],
    "fnr_0": [
        47.59542465209961,
        19.797760009765625
    ],
    "fnr_1": [
        33.504844665527344,
        22.95932960510254
    ],
    "par_0": [
        52.29029083251953,
        19.691326141357422
    ],
    "par_1": [
        66.11796569824219,
        23.363862991333008
    ],
    "fpr_0": [
        0.04444444552063942,
        0.2222222238779068
    ],
    "fpr_1": [
        0.2142857164144516,
        0.7434521317481995
    ],
    "tnr_0": [
        68.89360809326172,
        14.96336841583252
    ],
    "tnr_1": [
        55.62522888183594,
        17.67863655090332
    ],
    "nar_0": [
        31.061941146850586,
        15.009623527526855
    ],
    "nar_1": [
        44.16048812866211,
        17.840456008911133
    ]
}