{
    "cov": [
        94.0,
        4.903229713439941
    ],
    "acc": [
        71.32412719726562,
        4.465343475341797
    ],
    "pos_0": [
        1.4960993528366089,
        2.5419838428497314
    ],
    "pos_1": [
        2.6903932094573975,
        3.4468443393707275
    ],
    "neg_0": [
        93.30818176269531,
        4.850437641143799
    ],
    "neg_1": [
        89.48948669433594,
        7.508742332458496
    ],
    "abs_0": [
        5.195713996887207,
        4.231287479400635
    ],
    "abs_1": [
        7.8201141357421875,
        7.325930595397949
    ],
    "tpr_0": [
        3.9804818630218506,
        7.160134792327881
    ],
    "tpr_1": [
        5.688039302825928,
        7.3060994148254395
    ],
    "fnr_0": [
        86.18093872070312,
        10.779667854309082
    ],
    "fnr_1": [
        79.43174743652344,
        12.98126220703125
    ],
    "par_0": [
        9.838574409484863,
        9.180115699768066
    ],
    "par_1": [
        14.88021469116211,
        13.078094482421875
    ],
    "fpr_0": [
        0.46670401096343994,
        0.9973769187927246
    ],
    "fpr_1": [
        1.0841494798660278,
        2.6169207096099854
    ],
    "tnr_0": [
        96.10980224609375,
        3.4439680576324463
    ],
    "tnr_1": [
        95.18657684326172,
        5.072778701782227
    ],
    "nar_0": [
        3.4234893321990967,
        3.1593360900878906
    ],
    "nar_1": [
        3.729271173477173,
        4.55233097076416
    ]
}