{
    "cov": [
        52.03999710083008,
        6.448384761810303
    ],
    "acc": [
        83.7679672241211,
        4.983320713043213
    ],
    "pos_0": [
        0.8687470555305481,
        1.0338454246520996
    ],
    "pos_1": [
        3.537633180618286,
        3.0982446670532227
    ],
    "neg_0": [
        54.09015655517578,
        6.339085102081299
    ],
    "neg_1": [
        42.0999755859375,
        7.59613037109375
    ],
    "abs_0": [
        45.04109191894531,
        6.8062052726745605
    ],
    "abs_1": [
        54.36239242553711,
        8.914312362670898
    ],
    "tpr_0": [
        2.054128885269165,
        2.6878457069396973
    ],
    "tpr_1": [
        7.892155647277832,
        7.485153675079346
    ],
    "fnr_0": [
        28.506879806518555,
        10.51516342163086
    ],
    "fnr_1": [
        20.312206268310547,
        9.290730476379395
    ],
    "par_0": [
        69.4389877319336,
        11.532279014587402
    ],
    "par_1": [
        71.7956314086914,
        11.985428810119629
    ],
    "fpr_0": [
        0.40638068318367004,
        0.7600269317626953
    ],
    "fpr_1": [
        1.0499054193496704,
        1.3310707807540894
    ],
    "tnr_0": [
        64.64091491699219,
        6.752171993255615
    ],
    "tnr_1": [
        54.79749298095703,
        9.233139038085938
    ],
    "nar_0": [
        34.95269775390625,
        6.836383819580078
    ],
    "nar_1": [
        44.15259552001953,
        9.488680839538574
    ]
}