{
    "cov": [
        73.5,
        4.334935665130615
    ],
    "acc": [
        79.7221450805664,
        2.787473678588867
    ],
    "pos_0": [
        6.982577323913574,
        2.97955060005188
    ],
    "pos_1": [
        7.5812835693359375,
        4.538600444793701
    ],
    "neg_0": [
        65.9112319946289,
        5.438056945800781
    ],
    "neg_1": [
        67.2468032836914,
        8.032635688781738
    ],
    "abs_0": [
        27.106191635131836,
        5.356163501739502
    ],
    "abs_1": [
        25.171911239624023,
        7.084479331970215
    ],
    "tpr_0": [
        15.063070297241211,
        7.737027645111084
    ],
    "tpr_1": [
        15.585199356079102,
        10.087894439697266
    ],
    "fnr_0": [
        40.434627532958984,
        7.1353631019592285
    ],
    "fnr_1": [
        41.823673248291016,
        13.909829139709473
    ],
    "par_0": [
        44.50230026245117,
        10.373061180114746
    ],
    "par_1": [
        42.591129302978516,
        12.727078437805176
    ],
    "fpr_0": [
        3.9350054264068604,
        2.26259183883667
    ],
    "fpr_1": [
        3.5861122608184814,
        3.423797607421875
    ],
    "tnr_0": [
        75.77259826660156,
        5.861534595489502
    ],
    "tnr_1": [
        79.98200225830078,
        8.054536819458008
    ],
    "nar_0": [
        20.292387008666992,
        5.380285263061523
    ],
    "nar_1": [
        16.4318790435791,
        7.27017068862915
    ]
}