{
    "cov": [
        96.77999877929688,
        3.0313637256622314
    ],
    "acc": [
        71.28762817382812,
        4.2845988273620605
    ],
    "pos_0": [
        3.2742702960968018,
        5.007554054260254
    ],
    "pos_1": [
        5.478457450866699,
        6.26444149017334
    ],
    "neg_0": [
        93.5934066772461,
        4.551065444946289
    ],
    "neg_1": [
        91.02779388427734,
        6.984370708465576
    ],
    "abs_0": [
        3.132316827774048,
        2.84543776512146
    ],
    "abs_1": [
        3.4937496185302734,
        4.205132961273193
    ],
    "tpr_0": [
        8.214871406555176,
        11.339897155761719
    ],
    "tpr_1": [
        12.008759498596191,
        12.659675598144531
    ],
    "fnr_0": [
        85.15099334716797,
        11.020648956298828
    ],
    "fnr_1": [
        83.23988342285156,
        12.966039657592773
    ],
    "par_0": [
        6.63413667678833,
        7.047123432159424
    ],
    "par_1": [
        4.751349925994873,
        6.454853534698486
    ],
    "fpr_0": [
        1.285500168800354,
        2.6257288455963135
    ],
    "fpr_1": [
        1.6523717641830444,
        2.808955430984497
    ],
    "tnr_0": [
        96.89795684814453,
        2.772526741027832
    ],
    "tnr_1": [
        95.67476654052734,
        4.430548191070557
    ],
    "nar_0": [
        1.8165432214736938,
        2.1022181510925293
    ],
    "nar_1": [
        2.6728649139404297,
        3.44677996635437
    ]
}