{
    "cov": [
        54.439998626708984,
        8.83449649810791
    ],
    "acc": [
        80.80792236328125,
        5.277957916259766
    ],
    "pos_0": [
        0.0,
        0.0
    ],
    "pos_1": [
        0.0,
        0.0
    ],
    "neg_0": [
        55.53572082519531,
        9.114452362060547
    ],
    "neg_1": [
        52.03316116333008,
        10.20790958404541
    ],
    "abs_0": [
        44.464271545410156,
        9.114453315734863
    ],
    "abs_1": [
        47.966835021972656,
        10.207907676696777
    ],
    "tpr_0": [
        0.0,
        0.0
    ],
    "tpr_1": [
        0.0,
        0.0
    ],
    "fnr_0": [
        33.2446174621582,
        10.139286994934082
    ],
    "fnr_1": [
        31.96674919128418,
        12.0628023147583
    ],
    "par_0": [
        66.75537872314453,
        10.139286041259766
    ],
    "par_1": [
        68.03324890136719,
        12.062803268432617
    ],
    "fpr_0": [
        0.0,
        0.0
    ],
    "fpr_1": [
        0.0,
        0.0
    ],
    "tnr_0": [
        64.67670440673828,
        10.376798629760742
    ],
    "tnr_1": [
        63.375144958496094,
        11.455892562866211
    ],
    "nar_0": [
        35.32328414916992,
        10.376798629760742
    ],
    "nar_1": [
        36.62485122680664,
        11.455891609191895
    ]
}