{
    "cov": [
        20.19999885559082,
        8.106067657470703
    ],
    "acc": [
        86.77566528320312,
        6.637575626373291
    ],
    "pos_0": [
        0.0,
        0.0
    ],
    "pos_1": [
        0.0,
        0.0
    ],
    "neg_0": [
        21.01323699951172,
        8.217775344848633
    ],
    "neg_1": [
        18.531658172607422,
        9.915850639343262
    ],
    "abs_0": [
        78.98676300048828,
        8.217775344848633
    ],
    "abs_1": [
        81.46833801269531,
        9.915850639343262
    ],
    "tpr_0": [
        0.0,
        0.0
    ],
    "tpr_1": [
        0.0,
        0.0
    ],
    "fnr_0": [
        6.88902473449707,
        4.431857109069824
    ],
    "fnr_1": [
        9.59886646270752,
        8.1270170211792
    ],
    "par_0": [
        93.11097717285156,
        4.431857585906982
    ],
    "par_1": [
        90.40113067626953,
        8.127016067504883
    ],
    "fpr_0": [
        0.0,
        0.0
    ],
    "fpr_1": [
        0.0,
        0.0
    ],
    "tnr_0": [
        26.709638595581055,
        10.44301700592041
    ],
    "tnr_1": [
        23.860692977905273,
        12.442412376403809
    ],
    "nar_0": [
        73.29035949707031,
        10.443016052246094
    ],
    "nar_1": [
        76.1393051147461,
        12.442412376403809
    ]
}