{
    "cov": [
        41.20000076293945,
        21.63234519958496
    ],
    "acc": [
        80.67671966552734,
        6.997878551483154
    ],
    "pos_0": [
        0.9208633303642273,
        4.604316711425781
    ],
    "pos_1": [
        0.9119157195091248,
        3.9321823120117188
    ],
    "neg_0": [
        43.72445297241211,
        20.117124557495117
    ],
    "neg_1": [
        32.743534088134766,
        21.63055992126465
    ],
    "abs_0": [
        55.35467529296875,
        22.066593170166016
    ],
    "abs_1": [
        66.34454345703125,
        23.754878997802734
    ],
    "tpr_0": [
        1.3043477535247803,
        6.5217390060424805
    ],
    "tpr_1": [
        1.2799999713897705,
        5.6237592697143555
    ],
    "fnr_0": [
        28.34952163696289,
        19.102678298950195
    ],
    "fnr_1": [
        21.526918411254883,
        22.040868759155273
    ],
    "par_0": [
        70.34613037109375,
        22.661361694335938
    ],
    "par_1": [
        77.19307708740234,
        25.638931274414062
    ],
    "fpr_0": [
        0.7311827540397644,
        3.655914068222046
    ],
    "fpr_1": [
        0.6608186960220337,
        2.805570602416992
    ],
    "tnr_0": [
        49.91753387451172,
        21.479265213012695
    ],
    "tnr_1": [
        39.18943786621094,
        23.263648986816406
    ],
    "nar_0": [
        49.35128402709961,
        22.80118179321289
    ],
    "nar_1": [
        60.14973831176758,
        24.433753967285156
    ]
}