{
    "cov": [
        14.699999809265137,
        6.104984283447266
    ],
    "acc": [
        90.50579833984375,
        5.734487533569336
    ],
    "pos_0": [
        0.0,
        0.0
    ],
    "pos_1": [
        0.06666666269302368,
        0.3333333134651184
    ],
    "neg_0": [
        15.002775192260742,
        6.5110578536987305
    ],
    "neg_1": [
        14.031996726989746,
        7.6400532722473145
    ],
    "abs_0": [
        84.99722290039062,
        6.5110578536987305
    ],
    "abs_1": [
        85.90133666992188,
        7.564857482910156
    ],
    "tpr_0": [
        0.0,
        0.0
    ],
    "tpr_1": [
        0.2222222089767456,
        1.111111044883728
    ],
    "fnr_0": [
        4.233287811279297,
        3.602586030960083
    ],
    "fnr_1": [
        5.561450481414795,
        6.4395294189453125
    ],
    "par_0": [
        95.76671600341797,
        3.602585554122925
    ],
    "par_1": [
        94.21632385253906,
        6.3346147537231445
    ],
    "fpr_0": [
        0.0,
        0.0
    ],
    "fpr_1": [
        0.0,
        0.0
    ],
    "tnr_0": [
        19.591266632080078,
        8.611719131469727
    ],
    "tnr_1": [
        18.989572525024414,
        9.67133617401123
    ],
    "nar_0": [
        80.40872955322266,
        8.611719131469727
    ],
    "nar_1": [
        81.01042938232422,
        9.67133617401123
    ]
}