{
    "cov": [
        21.920000076293945,
        9.204483032226562
    ],
    "acc": [
        87.17394256591797,
        5.2758097648620605
    ],
    "pos_0": [
        0.0,
        0.0
    ],
    "pos_1": [
        0.0,
        0.0
    ],
    "neg_0": [
        22.031566619873047,
        9.521529197692871
    ],
    "neg_1": [
        21.832271575927734,
        10.41790771484375
    ],
    "abs_0": [
        77.96842956542969,
        9.521528244018555
    ],
    "abs_1": [
        78.167724609375,
        10.417906761169434
    ],
    "tpr_0": [
        0.0,
        0.0
    ],
    "tpr_1": [
        0.0,
        0.0
    ],
    "fnr_0": [
        7.928500652313232,
        5.959194660186768
    ],
    "fnr_1": [
        11.309406280517578,
        6.614275932312012
    ],
    "par_0": [
        92.07150268554688,
        5.959193706512451
    ],
    "par_1": [
        88.69058227539062,
        6.614274978637695
    ],
    "fpr_0": [
        0.0,
        0.0
    ],
    "fpr_1": [
        0.0,
        0.0
    ],
    "tnr_0": [
        27.928306579589844,
        11.483948707580566
    ],
    "tnr_1": [
        27.92014503479004,
        13.427042961120605
    ],
    "nar_0": [
        72.07168579101562,
        11.483946800231934
    ],
    "nar_1": [
        72.07984924316406,
        13.427042007446289
    ]
}