{
    "cov": [
        49.7599983215332,
        5.806103229522705
    ],
    "acc": [
        84.79391479492188,
        5.1891961097717285
    ],
    "pos_0": [
        0.414494127035141,
        0.8079001903533936
    ],
    "pos_1": [
        0.9749609231948853,
        1.3203063011169434
    ],
    "neg_0": [
        49.44797897338867,
        6.113930702209473
    ],
    "neg_1": [
        48.614315032958984,
        7.509469509124756
    ],
    "abs_0": [
        50.13752365112305,
        6.1646857261657715
    ],
    "abs_1": [
        50.41072082519531,
        8.021276473999023
    ],
    "tpr_0": [
        1.0600100755691528,
        2.4250354766845703
    ],
    "tpr_1": [
        2.520965099334717,
        3.2643020153045654
    ],
    "fnr_0": [
        23.659523010253906,
        9.6434965133667
    ],
    "fnr_1": [
        24.000810623168945,
        9.804670333862305
    ],
    "par_0": [
        75.28046417236328,
        9.98856258392334
    ],
    "par_1": [
        73.47821807861328,
        10.841815948486328
    ],
    "fpr_0": [
        0.16053664684295654,
        0.3756145238876343
    ],
    "fpr_1": [
        0.0,
        0.0
    ],
    "tnr_0": [
        60.11392593383789,
        6.358874797821045
    ],
    "tnr_1": [
        62.83774185180664,
        8.717002868652344
    ],
    "nar_0": [
        39.72553634643555,
        6.255527973175049
    ],
    "nar_1": [
        37.16225814819336,
        8.717002868652344
    ]
}