{
    "cov": [
        46.959999084472656,
        9.45815372467041
    ],
    "acc": [
        82.9560317993164,
        3.7604501247406006
    ],
    "pos_0": [
        0.0,
        0.0
    ],
    "pos_1": [
        0.0,
        0.0
    ],
    "neg_0": [
        48.44713592529297,
        10.266831398010254
    ],
    "neg_1": [
        43.8863525390625,
        9.514214515686035
    ],
    "abs_0": [
        51.552860260009766,
        10.266831398010254
    ],
    "abs_1": [
        56.1136474609375,
        9.514214515686035
    ],
    "tpr_0": [
        0.0,
        0.0
    ],
    "tpr_1": [
        0.0,
        0.0
    ],
    "fnr_0": [
        25.977840423583984,
        9.632582664489746
    ],
    "fnr_1": [
        24.856401443481445,
        9.724438667297363
    ],
    "par_0": [
        74.02215576171875,
        9.632583618164062
    ],
    "par_1": [
        75.14360046386719,
        9.724438667297363
    ],
    "fpr_0": [
        0.0,
        0.0
    ],
    "fpr_1": [
        0.0,
        0.0
    ],
    "tnr_0": [
        57.87157440185547,
        11.703595161437988
    ],
    "tnr_1": [
        54.83253860473633,
        11.687093734741211
    ],
    "nar_0": [
        42.128421783447266,
        11.703595161437988
    ],
    "nar_1": [
        45.16746139526367,
        11.687091827392578
    ]
}