{
    "cov": [
        38.7599983215332,
        4.44672155380249
    ],
    "acc": [
        87.22515106201172,
        5.1126708984375
    ],
    "pos_0": [
        0.17824004590511322,
        0.4438193738460541
    ],
    "pos_1": [
        0.44867900013923645,
        0.9829683303833008
    ],
    "neg_0": [
        39.129390716552734,
        5.02552604675293
    ],
    "neg_1": [
        37.05796813964844,
        6.642268180847168
    ],
    "abs_0": [
        60.69236373901367,
        5.058720588684082
    ],
    "abs_1": [
        62.49334716796875,
        6.9127302169799805
    ],
    "tpr_0": [
        0.5379835963249207,
        1.456109642982483
    ],
    "tpr_1": [
        1.2600839138031006,
        2.806212902069092
    ],
    "fnr_0": [
        15.359999656677246,
        7.943920612335205
    ],
    "fnr_1": [
        15.319645881652832,
        6.936713218688965
    ],
    "par_0": [
        84.10202026367188,
        8.270133018493652
    ],
    "par_1": [
        83.4202651977539,
        7.3812336921691895
    ],
    "fpr_0": [
        0.040816325694322586,
        0.20408162474632263
    ],
    "fpr_1": [
        0.0,
        0.0
    ],
    "tnr_0": [
        48.88727569580078,
        5.473005294799805
    ],
    "tnr_1": [
        49.45050048828125,
        8.297825813293457
    ],
    "nar_0": [
        51.07190704345703,
        5.4775261878967285
    ],
    "nar_1": [
        50.54949951171875,
        8.297825813293457
    ]
}