{
    "cov": [
        18.53999900817871,
        7.157339096069336
    ],
    "acc": [
        86.88218688964844,
        7.680739879608154
    ],
    "pos_0": [
        0.0,
        0.0
    ],
    "pos_1": [
        0.0,
        0.0
    ],
    "neg_0": [
        18.707914352416992,
        8.226581573486328
    ],
    "neg_1": [
        18.239849090576172,
        8.170802116394043
    ],
    "abs_0": [
        81.29208374023438,
        8.226581573486328
    ],
    "abs_1": [
        81.76014709472656,
        8.170802116394043
    ],
    "tpr_0": [
        0.0,
        0.0
    ],
    "tpr_1": [
        0.0,
        0.0
    ],
    "fnr_0": [
        6.339156150817871,
        4.440765380859375
    ],
    "fnr_1": [
        8.315069198608398,
        5.762831687927246
    ],
    "par_0": [
        93.66083526611328,
        4.440764904022217
    ],
    "par_1": [
        91.68492889404297,
        5.762831687927246
    ],
    "fpr_0": [
        0.0,
        0.0
    ],
    "fpr_1": [
        0.0,
        0.0
    ],
    "tnr_0": [
        23.81926727294922,
        10.74579906463623
    ],
    "tnr_1": [
        24.05084991455078,
        11.229381561279297
    ],
    "nar_0": [
        76.18073272705078,
        10.74579906463623
    ],
    "nar_1": [
        75.94915008544922,
        11.22938060760498
    ]
}