{
    "cov": [
        23.959999084472656,
        5.836165904998779
    ],
    "acc": [
        88.0516586303711,
        5.67316198348999
    ],
    "pos_0": [
        0.11834809929132462,
        0.2768275737762451
    ],
    "pos_1": [
        0.5039655566215515,
        1.0684958696365356
    ],
    "neg_0": [
        26.342182159423828,
        6.400233268737793
    ],
    "neg_1": [
        18.149805068969727,
        6.240447521209717
    ],
    "abs_0": [
        73.53947448730469,
        6.467024803161621
    ],
    "abs_1": [
        81.34622955322266,
        6.429734706878662
    ],
    "tpr_0": [
        0.3098730444908142,
        0.8598856925964355
    ],
    "tpr_1": [
        1.0205771923065186,
        2.2177722454071045
    ],
    "fnr_0": [
        9.769274711608887,
        6.589907646179199
    ],
    "fnr_1": [
        7.975484371185303,
        7.290158748626709
    ],
    "par_0": [
        89.92084503173828,
        6.712111949920654
    ],
    "par_1": [
        91.00394439697266,
        7.5466227531433105
    ],
    "fpr_0": [
        0.038461536169052124,
        0.19230768084526062
    ],
    "fpr_1": [
        0.18847008049488068,
        0.6527539491653442
    ],
    "tnr_0": [
        33.30438995361328,
        7.806575298309326
    ],
    "tnr_1": [
        24.155900955200195,
        8.338691711425781
    ],
    "nar_0": [
        66.65715026855469,
        7.786036968231201
    ],
    "nar_1": [
        75.65562438964844,
        8.295225143432617
    ]
}