{
    "cov": [
        28.35999870300293,
        4.7291646003723145
    ],
    "acc": [
        87.89524841308594,
        6.120994567871094
    ],
    "pos_0": [
        0.2677120566368103,
        0.4704758822917938
    ],
    "pos_1": [
        0.5785071849822998,
        0.903486430644989
    ],
    "neg_0": [
        31.366689682006836,
        4.691783428192139
    ],
    "neg_1": [
        20.801254272460938,
        6.1446027755737305
    ],
    "abs_0": [
        68.36559295654297,
        4.745509147644043
    ],
    "abs_1": [
        78.6202392578125,
        6.071745872497559
    ],
    "tpr_0": [
        0.6338680982589722,
        1.3790264129638672
    ],
    "tpr_1": [
        1.4920583963394165,
        2.622121572494507
    ],
    "fnr_0": [
        12.16999626159668,
        7.907327175140381
    ],
    "fnr_1": [
        8.343974113464355,
        6.642986297607422
    ],
    "par_0": [
        87.19612884521484,
        8.544451713562012
    ],
    "par_1": [
        90.1639633178711,
        6.101778984069824
    ],
    "fpr_0": [
        0.11924769729375839,
        0.4344732165336609
    ],
    "fpr_1": [
        0.1111111044883728,
        0.555555522441864
    ],
    "tnr_0": [
        39.306602478027344,
        4.784987926483154
    ],
    "tnr_1": [
        28.036865234375,
        7.929451942443848
    ],
    "nar_0": [
        60.57415008544922,
        4.763519287109375
    ],
    "nar_1": [
        71.85202026367188,
        8.065598487854004
    ]
}