{
    "cov": [
        60.52000045776367,
        4.906373977661133
    ],
    "acc": [
        82.10569763183594,
        4.604398250579834
    ],
    "pos_0": [
        1.5122637748718262,
        1.5471640825271606
    ],
    "pos_1": [
        4.807003974914551,
        3.784325122833252
    ],
    "neg_0": [
        61.852664947509766,
        4.777158260345459
    ],
    "neg_1": [
        49.623817443847656,
        5.802314281463623
    ],
    "abs_0": [
        36.63507080078125,
        5.5521416664123535
    ],
    "abs_1": [
        45.56917190551758,
        6.898408889770508
    ],
    "tpr_0": [
        3.697654962539673,
        4.423434734344482
    ],
    "tpr_1": [
        9.840973854064941,
        6.887559413909912
    ],
    "fnr_0": [
        35.827964782714844,
        9.813614845275879
    ],
    "fnr_1": [
        25.18834686279297,
        8.484189987182617
    ],
    "par_0": [
        60.47438430786133,
        12.06505298614502
    ],
    "par_1": [
        64.97067260742188,
        11.169078826904297
    ],
    "fpr_0": [
        0.6441612243652344,
        0.8720870018005371
    ],
    "fpr_1": [
        1.88926100730896,
        2.3724098205566406
    ],
    "tnr_0": [
        72.58292388916016,
        4.760655879974365
    ],
    "tnr_1": [
        63.69677734375,
        8.301497459411621
    ],
    "nar_0": [
        26.77291488647461,
        4.713592529296875
    ],
    "nar_1": [
        34.41395950317383,
        8.186893463134766
    ]
}