{
    "cov": [
        27.8799991607666,
        8.644940376281738
    ],
    "acc": [
        86.87657928466797,
        4.9598588943481445
    ],
    "pos_0": [
        0.0,
        0.0
    ],
    "pos_1": [
        0.0,
        0.0
    ],
    "neg_0": [
        28.918325424194336,
        9.228187561035156
    ],
    "neg_1": [
        25.85051727294922,
        9.383706092834473
    ],
    "abs_0": [
        71.08167266845703,
        9.228187561035156
    ],
    "abs_1": [
        74.14948272705078,
        9.383706092834473
    ],
    "tpr_0": [
        0.0,
        0.0
    ],
    "tpr_1": [
        0.0,
        0.0
    ],
    "fnr_0": [
        11.579312324523926,
        6.174807548522949
    ],
    "fnr_1": [
        11.370845794677734,
        6.552365303039551
    ],
    "par_0": [
        88.42069244384766,
        6.174806594848633
    ],
    "par_1": [
        88.62915802001953,
        6.552364349365234
    ],
    "fpr_0": [
        0.0,
        0.0
    ],
    "fpr_1": [
        0.0,
        0.0
    ],
    "tnr_0": [
        36.00509262084961,
        11.131841659545898
    ],
    "tnr_1": [
        34.10144805908203,
        13.275012016296387
    ],
    "nar_0": [
        63.99489974975586,
        11.131841659545898
    ],
    "nar_1": [
        65.89855194091797,
        13.27501392364502
    ]
}