{
    "cov": [
        1.7799999713897705,
        2.5661253929138184
    ],
    "acc": [
        37.29285430908203,
        46.99007034301758
    ],
    "pos_0": [
        0.0,
        0.0
    ],
    "pos_1": [
        0.0,
        0.0
    ],
    "neg_0": [
        1.946386694908142,
        3.00770902633667
    ],
    "neg_1": [
        1.4869053363800049,
        2.316723585128784
    ],
    "abs_0": [
        98.0536117553711,
        3.007709503173828
    ],
    "abs_1": [
        98.5130844116211,
        2.3167240619659424
    ],
    "tpr_0": [
        0.0,
        0.0
    ],
    "tpr_1": [
        0.0,
        0.0
    ],
    "fnr_0": [
        0.17222221195697784,
        0.5964142084121704
    ],
    "fnr_1": [
        0.7609427571296692,
        2.1212120056152344
    ],
    "par_0": [
        99.82777404785156,
        0.5964162945747375
    ],
    "par_1": [
        99.23905944824219,
        2.1212117671966553
    ],
    "fpr_0": [
        0.0,
        0.0
    ],
    "fpr_1": [
        0.0,
        0.0
    ],
    "tnr_0": [
        2.704744815826416,
        4.173272132873535
    ],
    "tnr_1": [
        1.8982796669006348,
        2.981703519821167
    ],
    "nar_0": [
        97.29524993896484,
        4.173271656036377
    ],
    "nar_1": [
        98.10171508789062,
        2.9817042350769043
    ]
}