{
    "cov": [
        30.639999389648438,
        3.901175022125244
    ],
    "acc": [
        86.84893798828125,
        3.1984002590179443
    ],
    "pos_0": [
        1.2033566236495972,
        1.1931415796279907
    ],
    "pos_1": [
        1.4412950277328491,
        1.6283254623413086
    ],
    "neg_0": [
        29.017091751098633,
        4.680790901184082
    ],
    "neg_1": [
        30.27385711669922,
        8.862462997436523
    ],
    "abs_0": [
        69.77954864501953,
        4.996151447296143
    ],
    "abs_1": [
        68.28485107421875,
        8.970481872558594
    ],
    "tpr_0": [
        2.136944532394409,
        2.0413782596588135
    ],
    "tpr_1": [
        3.466426372528076,
        3.8733959197998047
    ],
    "fnr_0": [
        11.936186790466309,
        3.876044750213623
    ],
    "fnr_1": [
        12.181745529174805,
        7.513091087341309
    ],
    "par_0": [
        85.92687225341797,
        4.773642539978027
    ],
    "par_1": [
        84.3518295288086,
        7.598903179168701
    ],
    "fpr_0": [
        0.877657949924469,
        1.1358659267425537
    ],
    "fpr_1": [
        0.3936648666858673,
        1.1346615552902222
    ],
    "tnr_0": [
        35.607574462890625,
        5.5201802253723145
    ],
    "tnr_1": [
        39.63157653808594,
        11.502922058105469
    ],
    "nar_0": [
        63.5147705078125,
        5.73740291595459
    ],
    "nar_1": [
        59.974761962890625,
        11.67037582397461
    ]
}