{
    "cov": [
        76.81999969482422,
        4.789050579071045
    ],
    "acc": [
        77.7146987915039,
        4.001125335693359
    ],
    "pos_0": [
        3.0976364612579346,
        2.7742679119110107
    ],
    "pos_1": [
        8.019190788269043,
        6.260955810546875
    ],
    "neg_0": [
        76.61193084716797,
        4.4463911056518555
    ],
    "neg_1": [
        62.48531723022461,
        5.270590782165527
    ],
    "abs_0": [
        20.290424346923828,
        4.927957057952881
    ],
    "abs_1": [
        29.4954891204834,
        7.75602388381958
    ],
    "tpr_0": [
        7.481799125671387,
        5.940687656402588
    ],
    "tpr_1": [
        15.9465970993042,
        11.221402168273926
    ],
    "fnr_0": [
        55.602996826171875,
        7.8551554679870605
    ],
    "fnr_1": [
        39.18360137939453,
        11.177206993103027
    ],
    "par_0": [
        36.915199279785156,
        9.201364517211914
    ],
    "par_1": [
        44.86980056762695,
        15.583545684814453
    ],
    "fpr_0": [
        1.3487377166748047,
        2.0413365364074707
    ],
    "fpr_1": [
        3.381006956100464,
        3.715512275695801
    ],
    "tnr_0": [
        85.18558502197266,
        4.800721168518066
    ],
    "tnr_1": [
        75.76882934570312,
        6.655674934387207
    ],
    "nar_0": [
        13.465679168701172,
        4.730582237243652
    ],
    "nar_1": [
        20.850162506103516,
        7.2525315284729
    ]
}