{
    "cov": [
        64.9000015258789,
        6.598611354827881
    ],
    "acc": [
        78.69677734375,
        4.247007369995117
    ],
    "pos_0": [
        0.029629627242684364,
        0.14814814925193787
    ],
    "pos_1": [
        0.0,
        0.0
    ],
    "neg_0": [
        65.51131439208984,
        7.196468353271484
    ],
    "neg_1": [
        63.355281829833984,
        8.3297758102417
    ],
    "abs_0": [
        34.45904541015625,
        7.187058448791504
    ],
    "abs_1": [
        36.64471435546875,
        8.3297758102417
    ],
    "tpr_0": [
        0.09756097942590714,
        0.4878048598766327
    ],
    "tpr_1": [
        0.0,
        0.0
    ],
    "fnr_0": [
        43.78864288330078,
        10.051895141601562
    ],
    "fnr_1": [
        43.933319091796875,
        13.922120094299316
    ],
    "par_0": [
        56.11379623413086,
        9.9658784866333
    ],
    "par_1": [
        56.06667709350586,
        13.922120094299316
    ],
    "fpr_0": [
        0.0,
        0.0
    ],
    "fpr_1": [
        0.0,
        0.0
    ],
    "tnr_0": [
        74.47998809814453,
        7.084254741668701
    ],
    "tnr_1": [
        74.58573913574219,
        7.487843990325928
    ],
    "nar_0": [
        25.520004272460938,
        7.084254741668701
    ],
    "nar_1": [
        25.41426658630371,
        7.487842082977295
    ]
}