{
    "cov": [
        30.979999542236328,
        6.071586608886719
    ],
    "acc": [
        88.57221221923828,
        4.8501458168029785
    ],
    "pos_0": [
        0.2611006796360016,
        0.5439631938934326
    ],
    "pos_1": [
        0.34552818536758423,
        0.8591834902763367
    ],
    "neg_0": [
        31.440351486206055,
        5.961543083190918
    ],
    "neg_1": [
        29.05198097229004,
        8.117485046386719
    ],
    "abs_0": [
        68.29854583740234,
        6.182291030883789
    ],
    "abs_1": [
        70.60248565673828,
        8.108867645263672
    ],
    "tpr_0": [
        0.5170989632606506,
        1.2622020244598389
    ],
    "tpr_1": [
        0.8888887763023376,
        2.191629648208618
    ],
    "fnr_0": [
        10.701347351074219,
        5.818759441375732
    ],
    "fnr_1": [
        11.90909481048584,
        7.9081950187683105
    ],
    "par_0": [
        88.78154754638672,
        6.17742395401001
    ],
    "par_1": [
        87.20201110839844,
        8.272668838500977
    ],
    "fpr_0": [
        0.16108256578445435,
        0.4687381386756897
    ],
    "fpr_1": [
        0.0,
        0.0
    ],
    "tnr_0": [
        39.96966552734375,
        6.709305286407471
    ],
    "tnr_1": [
        38.81908416748047,
        9.385851860046387
    ],
    "nar_0": [
        59.8692512512207,
        6.8366923332214355
    ],
    "nar_1": [
        61.180908203125,
        9.385849952697754
    ]
}