{
    "cov": [
        66.4000015258789,
        4.183300018310547
    ],
    "acc": [
        81.22172546386719,
        2.7563135623931885
    ],
    "pos_0": [
        5.245180130004883,
        2.4621262550354004
    ],
    "pos_1": [
        6.053337574005127,
        3.725404977798462
    ],
    "neg_0": [
        60.73371124267578,
        5.373867988586426
    ],
    "neg_1": [
        61.243770599365234,
        8.989433288574219
    ],
    "abs_0": [
        34.02111053466797,
        5.370964527130127
    ],
    "abs_1": [
        32.702884674072266,
        8.686861038208008
    ],
    "tpr_0": [
        11.526759147644043,
        6.237765789031982
    ],
    "tpr_1": [
        12.889901161193848,
        9.003251075744629
    ],
    "fnr_0": [
        35.4523811340332,
        6.286142349243164
    ],
    "fnr_1": [
        35.11958312988281,
        12.852035522460938
    ],
    "par_0": [
        53.0208625793457,
        9.630742073059082
    ],
    "par_1": [
        51.990509033203125,
        13.541085243225098
    ],
    "fpr_0": [
        2.8739731311798096,
        1.8205256462097168
    ],
    "fpr_1": [
        2.6952764987945557,
        2.829881191253662
    ],
    "tnr_0": [
        70.53218841552734,
        6.162355899810791
    ],
    "tnr_1": [
        74.63304138183594,
        9.191028594970703
    ],
    "nar_0": [
        26.593833923339844,
        5.68309211730957
    ],
    "nar_1": [
        22.67168617248535,
        8.700516700744629
    ]
}