{
    "cov": [
        55.779998779296875,
        5.246188640594482
    ],
    "acc": [
        83.29960632324219,
        4.137476444244385
    ],
    "pos_0": [
        0.0,
        0.0
    ],
    "pos_1": [
        0.0,
        0.0
    ],
    "neg_0": [
        57.59743118286133,
        6.137297630310059
    ],
    "neg_1": [
        51.90806198120117,
        7.411828517913818
    ],
    "abs_0": [
        42.40256881713867,
        6.137297630310059
    ],
    "abs_1": [
        48.09193801879883,
        7.411828517913818
    ],
    "tpr_0": [
        0.0,
        0.0
    ],
    "tpr_1": [
        0.0,
        0.0
    ],
    "fnr_0": [
        30.67583465576172,
        9.482145309448242
    ],
    "fnr_1": [
        27.36582374572754,
        10.317895889282227
    ],
    "par_0": [
        69.32416534423828,
        9.482144355773926
    ],
    "par_1": [
        72.63417053222656,
        10.317895889282227
    ],
    "fpr_0": [
        0.0,
        0.0
    ],
    "fpr_1": [
        0.0,
        0.0
    ],
    "tnr_0": [
        68.70600891113281,
        6.378802299499512
    ],
    "tnr_1": [
        66.193359375,
        7.012950420379639
    ],
    "nar_0": [
        31.293983459472656,
        6.3788042068481445
    ],
    "nar_1": [
        33.806640625,
        7.012950420379639
    ]
}