{
    "cov": [
        42.86000061035156,
        4.827266216278076
    ],
    "acc": [
        85.81173706054688,
        4.903271675109863
    ],
    "pos_0": [
        0.1994498372077942,
        0.5254198312759399
    ],
    "pos_1": [
        0.5307581424713135,
        0.930583119392395
    ],
    "neg_0": [
        42.94376754760742,
        5.280348300933838
    ],
    "neg_1": [
        41.77443313598633,
        7.338818550109863
    ],
    "abs_0": [
        56.856781005859375,
        5.430074214935303
    ],
    "abs_1": [
        57.69480895996094,
        7.258784294128418
    ],
    "tpr_0": [
        0.2857670187950134,
        0.7970712184906006
    ],
    "tpr_1": [
        1.254540205001831,
        2.0982699394226074
    ],
    "fnr_0": [
        18.548477172851562,
        7.538699626922607
    ],
    "fnr_1": [
        18.90631866455078,
        8.139245986938477
    ],
    "par_0": [
        81.16575622558594,
        7.537869453430176
    ],
    "par_1": [
        79.83914184570312,
        8.218679428100586
    ],
    "fpr_0": [
        0.15535444021224976,
        0.5377237796783447
    ],
    "fpr_1": [
        0.11428571492433548,
        0.5714285373687744
    ],
    "tnr_0": [
        52.99528121948242,
        6.10075044631958
    ],
    "tnr_1": [
        54.95211410522461,
        9.18553352355957
    ],
    "nar_0": [
        46.84935760498047,
        6.211665630340576
    ],
    "nar_1": [
        44.933597564697266,
        9.08301067352295
    ]
}