{
    "cov": [
        87.08000183105469,
        4.079113483428955
    ],
    "acc": [
        72.498779296875,
        4.259183883666992
    ],
    "pos_0": [
        0.11475734412670135,
        0.337613582611084
    ],
    "pos_1": [
        0.5082460641860962,
        1.42149019241333
    ],
    "neg_0": [
        88.20258331298828,
        4.112210750579834
    ],
    "neg_1": [
        83.79251861572266,
        7.327845096588135
    ],
    "abs_0": [
        11.682653427124023,
        4.11025333404541
    ],
    "abs_1": [
        15.699233055114746,
        7.4280500411987305
    ],
    "tpr_0": [
        0.20512820780277252,
        0.7099679112434387
    ],
    "tpr_1": [
        1.1182185411453247,
        3.419381618499756
    ],
    "fnr_0": [
        77.70091247558594,
        9.991456031799316
    ],
    "fnr_1": [
        71.53590393066406,
        10.434475898742676
    ],
    "par_0": [
        22.093952178955078,
        10.000041007995605
    ],
    "par_1": [
        27.345869064331055,
        11.011621475219727
    ],
    "fpr_0": [
        0.08045279234647751,
        0.2785501480102539
    ],
    "fpr_1": [
        0.21111109852790833,
        0.7317743897438049
    ],
    "tnr_0": [
        92.4632568359375,
        3.5944278240203857
    ],
    "tnr_1": [
        91.09526824951172,
        7.0619683265686035
    ],
    "nar_0": [
        7.456279754638672,
        3.567324638366699
    ],
    "nar_1": [
        8.693615913391113,
        6.984312534332275
    ]
}