{
    "cov": [
        48.7599983215332,
        5.816857814788818
    ],
    "acc": [
        84.96839904785156,
        4.025909900665283
    ],
    "pos_0": [
        0.6656686067581177,
        0.9229657053947449
    ],
    "pos_1": [
        0.9339017271995544,
        1.3424386978149414
    ],
    "neg_0": [
        49.206825256347656,
        6.746974945068359
    ],
    "neg_1": [
        45.42127990722656,
        6.43511438369751
    ],
    "abs_0": [
        50.12750244140625,
        6.9611639976501465
    ],
    "abs_1": [
        53.644813537597656,
        6.8014397621154785
    ],
    "tpr_0": [
        1.5341449975967407,
        2.5571112632751465
    ],
    "tpr_1": [
        2.3951590061187744,
        3.2286548614501953
    ],
    "fnr_0": [
        23.39503288269043,
        8.890885353088379
    ],
    "fnr_1": [
        21.326356887817383,
        6.625571250915527
    ],
    "par_0": [
        75.07081604003906,
        9.285294532775879
    ],
    "par_1": [
        76.27848815917969,
        7.179012775421143
    ],
    "fpr_0": [
        0.31690341234207153,
        0.6811134815216064
    ],
    "fpr_1": [
        0.0,
        0.0
    ],
    "tnr_0": [
        59.86918258666992,
        7.135937213897705
    ],
    "tnr_1": [
        59.504364013671875,
        8.729706764221191
    ],
    "nar_0": [
        39.81391143798828,
        7.349224090576172
    ],
    "nar_1": [
        40.495635986328125,
        8.729706764221191
    ]
}