{
    "cov": [
        61.02000045776367,
        5.351168632507324
    ],
    "acc": [
        81.9998550415039,
        4.467655658721924
    ],
    "pos_0": [
        1.4552897214889526,
        1.8039147853851318
    ],
    "pos_1": [
        2.1850192546844482,
        2.5535826683044434
    ],
    "neg_0": [
        60.9372673034668,
        5.926644325256348
    ],
    "neg_1": [
        55.87329864501953,
        5.427510738372803
    ],
    "abs_0": [
        37.60743713378906,
        6.177916049957275
    ],
    "abs_1": [
        41.94167709350586,
        6.24722146987915
    ],
    "tpr_0": [
        3.650969982147217,
        4.995405673980713
    ],
    "tpr_1": [
        5.233856201171875,
        6.31095552444458
    ],
    "fnr_0": [
        35.71723175048828,
        10.212785720825195
    ],
    "fnr_1": [
        29.547191619873047,
        8.133670806884766
    ],
    "par_0": [
        60.63179397583008,
        11.43764591217041
    ],
    "par_1": [
        65.21894836425781,
        9.96826457977295
    ],
    "fpr_0": [
        0.518348753452301,
        0.904520571231842
    ],
    "fpr_1": [
        0.4325612187385559,
        1.0322308540344238
    ],
    "tnr_0": [
        71.31293487548828,
        6.294529438018799
    ],
    "tnr_1": [
        71.10891723632812,
        7.588625431060791
    ],
    "nar_0": [
        28.168712615966797,
        6.3845086097717285
    ],
    "nar_1": [
        28.458524703979492,
        7.60869026184082
    ]
}