{
    "cov": [
        20.719999313354492,
        5.870264053344727
    ],
    "acc": [
        89.21601104736328,
        6.115527153015137
    ],
    "pos_0": [
        0.08510638028383255,
        0.3118417263031006
    ],
    "pos_1": [
        0.1274981051683426,
        0.4422485828399658
    ],
    "neg_0": [
        21.68846321105957,
        6.546816825866699
    ],
    "neg_1": [
        18.407751083374023,
        6.6127095222473145
    ],
    "abs_0": [
        78.22642517089844,
        6.52943754196167
    ],
    "abs_1": [
        81.46475219726562,
        6.63711404800415
    ],
    "tpr_0": [
        0.0,
        0.0
    ],
    "tpr_1": [
        0.28787878155708313,
        1.0097852945327759
    ],
    "fnr_0": [
        6.104760646820068,
        4.864251613616943
    ],
    "fnr_1": [
        8.26154899597168,
        6.472724437713623
    ],
    "par_0": [
        93.89523315429688,
        4.864252090454102
    ],
    "par_1": [
        91.45057678222656,
        6.633183002471924
    ],
    "fpr_0": [
        0.11924769729375839,
        0.4344732165336609
    ],
    "fpr_1": [
        0.0,
        0.0
    ],
    "tnr_0": [
        28.239553451538086,
        8.381148338317871
    ],
    "tnr_1": [
        24.237253189086914,
        8.593415260314941
    ],
    "nar_0": [
        71.64119720458984,
        8.364888191223145
    ],
    "nar_1": [
        75.76274871826172,
        8.593416213989258
    ]
}