{
    "cov": [
        30.939998626708984,
        4.708856582641602
    ],
    "acc": [
        87.840576171875,
        5.426605701446533
    ],
    "pos_0": [
        0.28735780715942383,
        0.650077223777771
    ],
    "pos_1": [
        0.2605716586112976,
        0.6112331748008728
    ],
    "neg_0": [
        32.12638473510742,
        4.647087574005127
    ],
    "neg_1": [
        27.577117919921875,
        7.863870620727539
    ],
    "abs_0": [
        67.58625030517578,
        4.723817825317383
    ],
    "abs_1": [
        72.16230773925781,
        7.812922954559326
    ],
    "tpr_0": [
        0.6015752553939819,
        1.604335069656372
    ],
    "tpr_1": [
        0.7628018856048584,
        1.7979412078857422
    ],
    "fnr_0": [
        11.799054145812988,
        6.7308244705200195
    ],
    "fnr_1": [
        11.241040229797363,
        7.451335906982422
    ],
    "par_0": [
        87.59937286376953,
        6.556656360626221
    ],
    "par_1": [
        87.99614715576172,
        7.226832866668701
    ],
    "fpr_0": [
        0.15770922601222992,
        0.4649667739868164
    ],
    "fpr_1": [
        0.0,
        0.0
    ],
    "tnr_0": [
        40.45945358276367,
        5.21665096282959
    ],
    "tnr_1": [
        36.83210754394531,
        10.01569652557373
    ],
    "nar_0": [
        59.382835388183594,
        5.3401899337768555
    ],
    "nar_1": [
        63.16788864135742,
        10.015695571899414
    ]
}