{
    "cov": [
        59.69999694824219,
        4.272002220153809
    ],
    "acc": [
        81.86280059814453,
        3.639988899230957
    ],
    "pos_0": [
        0.8727330565452576,
        1.207099199295044
    ],
    "pos_1": [
        1.8557336330413818,
        2.658547878265381
    ],
    "neg_0": [
        60.718505859375,
        5.3318634033203125
    ],
    "neg_1": [
        53.69351577758789,
        5.899195194244385
    ],
    "abs_0": [
        38.40876007080078,
        5.512514114379883
    ],
    "abs_1": [
        44.45074462890625,
        5.80457067489624
    ],
    "tpr_0": [
        2.079911947250366,
        3.0771093368530273
    ],
    "tpr_1": [
        4.332671165466309,
        5.6031928062438965
    ],
    "fnr_0": [
        35.35716247558594,
        7.483526229858398
    ],
    "fnr_1": [
        29.54241180419922,
        8.135611534118652
    ],
    "par_0": [
        62.56292724609375,
        8.587910652160645
    ],
    "par_1": [
        66.12490844726562,
        10.587491989135742
    ],
    "fpr_0": [
        0.39492830634117126,
        0.7749446630477905
    ],
    "fpr_1": [
        0.3522167503833771,
        0.9832441210746765
    ],
    "tnr_0": [
        71.24235534667969,
        6.235930442810059
    ],
    "tnr_1": [
        67.68331146240234,
        7.622858047485352
    ],
    "nar_0": [
        28.362722396850586,
        6.346052646636963
    ],
    "nar_1": [
        31.964468002319336,
        7.672605037689209
    ]
}