{
    "cov": [
        69.68000030517578,
        4.636539459228516
    ],
    "acc": [
        79.29707336425781,
        4.632669925689697
    ],
    "pos_0": [
        1.6908499002456665,
        2.0808777809143066
    ],
    "pos_1": [
        2.5189599990844727,
        3.1998748779296875
    ],
    "neg_0": [
        69.17146301269531,
        4.843906879425049
    ],
    "neg_1": [
        64.6071548461914,
        8.172898292541504
    ],
    "abs_0": [
        29.1376895904541,
        4.811199188232422
    ],
    "abs_1": [
        32.87388229370117,
        8.677262306213379
    ],
    "tpr_0": [
        4.273704528808594,
        5.187633514404297
    ],
    "tpr_1": [
        5.750776290893555,
        6.532899379730225
    ],
    "fnr_0": [
        45.564231872558594,
        8.488031387329102
    ],
    "fnr_1": [
        41.43081283569336,
        12.894550323486328
    ],
    "par_0": [
        50.16205978393555,
        9.259172439575195
    ],
    "par_1": [
        52.81840515136719,
        14.354303359985352
    ],
    "fpr_0": [
        0.6139136552810669,
        1.107726812362671
    ],
    "fpr_1": [
        0.6365078687667847,
        1.3649909496307373
    ],
    "tnr_0": [
        78.76341247558594,
        4.839311122894287
    ],
    "tnr_1": [
        77.89991760253906,
        7.444227695465088
    ],
    "nar_0": [
        20.622665405273438,
        4.736164093017578
    ],
    "nar_1": [
        21.463573455810547,
        7.3200531005859375
    ]
}