{
    "cov": [
        19.059999465942383,
        6.526101589202881
    ],
    "acc": [
        90.9712905883789,
        6.191202640533447
    ],
    "pos_0": [
        0.0,
        0.0
    ],
    "pos_1": [
        0.0,
        0.0
    ],
    "neg_0": [
        19.525922775268555,
        6.4300737380981445
    ],
    "neg_1": [
        18.161439895629883,
        8.71188735961914
    ],
    "abs_0": [
        80.47406768798828,
        6.430073261260986
    ],
    "abs_1": [
        81.83855438232422,
        8.711888313293457
    ],
    "tpr_0": [
        0.0,
        0.0
    ],
    "tpr_1": [
        0.0,
        0.0
    ],
    "fnr_0": [
        4.650416851043701,
        4.735867500305176
    ],
    "fnr_1": [
        8.025434494018555,
        8.230958938598633
    ],
    "par_0": [
        95.34957885742188,
        4.735867977142334
    ],
    "par_1": [
        91.97455596923828,
        8.230958938598633
    ],
    "fpr_0": [
        0.0,
        0.0
    ],
    "fpr_1": [
        0.0,
        0.0
    ],
    "tnr_0": [
        25.745649337768555,
        7.917379856109619
    ],
    "tnr_1": [
        24.150278091430664,
        11.441736221313477
    ],
    "nar_0": [
        74.25434875488281,
        7.917379856109619
    ],
    "nar_1": [
        75.84971618652344,
        11.44173526763916
    ]
}