{
    "cov": [
        56.31999969482422,
        5.733454704284668
    ],
    "acc": [
        83.48165893554688,
        4.069014549255371
    ],
    "pos_0": [
        1.1090202331542969,
        1.4770060777664185
    ],
    "pos_1": [
        3.717777729034424,
        3.204634189605713
    ],
    "neg_0": [
        57.83955001831055,
        4.85491418838501
    ],
    "neg_1": [
        46.864501953125,
        6.49938440322876
    ],
    "abs_0": [
        41.051429748535156,
        5.7602858543396
    ],
    "abs_1": [
        49.41771697998047,
        8.282855987548828
    ],
    "tpr_0": [
        2.99841570854187,
        4.032214641571045
    ],
    "tpr_1": [
        8.232793807983398,
        6.148470878601074
    ],
    "fnr_0": [
        31.234045028686523,
        9.20864200592041
    ],
    "fnr_1": [
        22.391603469848633,
        6.797806262969971
    ],
    "par_0": [
        65.76753997802734,
        11.270976066589355
    ],
    "par_1": [
        69.37559509277344,
        9.586182594299316
    ],
    "fpr_0": [
        0.35836854577064514,
        0.742087721824646
    ],
    "fpr_1": [
        1.1057047843933105,
        2.157954454421997
    ],
    "tnr_0": [
        68.75801086425781,
        4.6572794914245605
    ],
    "tnr_1": [
        61.210472106933594,
        9.1079740524292
    ],
    "nar_0": [
        30.883617401123047,
        4.919180870056152
    ],
    "nar_1": [
        37.68381881713867,
        9.83720874786377
    ]
}