{
    "cov": [
        43.23999786376953,
        6.076114177703857
    ],
    "acc": [
        85.9458999633789,
        4.621232032775879
    ],
    "pos_0": [
        0.2928858995437622,
        0.425418496131897
    ],
    "pos_1": [
        0.858712375164032,
        1.2135366201400757
    ],
    "neg_0": [
        44.331634521484375,
        7.01861047744751
    ],
    "neg_1": [
        39.44580841064453,
        5.838167667388916
    ],
    "abs_0": [
        55.3754768371582,
        7.21714448928833
    ],
    "abs_1": [
        59.69547653198242,
        6.086592674255371
    ],
    "tpr_0": [
        0.6199274659156799,
        1.3599306344985962
    ],
    "tpr_1": [
        1.964829921722412,
        2.8181521892547607
    ],
    "fnr_0": [
        19.946197509765625,
        8.94477653503418
    ],
    "fnr_1": [
        16.6776123046875,
        6.721520900726318
    ],
    "par_0": [
        79.43387603759766,
        9.425041198730469
    ],
    "par_1": [
        81.35755157470703,
        7.194671630859375
    ],
    "fpr_0": [
        0.15592136979103088,
        0.366597056388855
    ],
    "fpr_1": [
        0.19939208030700684,
        0.6981006860733032
    ],
    "tnr_0": [
        54.3178596496582,
        7.118311882019043
    ],
    "tnr_1": [
        52.55759811401367,
        7.967144012451172
    ],
    "nar_0": [
        45.52621841430664,
        7.263122081756592
    ],
    "nar_1": [
        47.24300765991211,
        7.878357887268066
    ]
}