{
    "cov": [
        52.459999084472656,
        5.684261798858643
    ],
    "acc": [
        83.32199096679688,
        4.4543137550354
    ],
    "pos_0": [
        1.017785906791687,
        0.9853803515434265
    ],
    "pos_1": [
        3.0046277046203613,
        2.38962984085083
    ],
    "neg_0": [
        54.17913818359375,
        5.990520477294922
    ],
    "neg_1": [
        43.77708435058594,
        7.757872581481934
    ],
    "abs_0": [
        44.80307388305664,
        6.2415771484375
    ],
    "abs_1": [
        53.21828842163086,
        8.616883277893066
    ],
    "tpr_0": [
        2.8921802043914795,
        3.4580962657928467
    ],
    "tpr_1": [
        6.666861534118652,
        5.140320301055908
    ],
    "fnr_0": [
        29.681562423706055,
        9.234965324401855
    ],
    "fnr_1": [
        21.247472763061523,
        8.945208549499512
    ],
    "par_0": [
        67.42625427246094,
        9.589954376220703
    ],
    "par_1": [
        72.08566284179688,
        9.839897155761719
    ],
    "fpr_0": [
        0.28574782609939575,
        0.6788638234138489
    ],
    "fpr_1": [
        0.8751745223999023,
        1.5520188808441162
    ],
    "tnr_0": [
        64.26360321044922,
        6.783289909362793
    ],
    "tnr_1": [
        57.00570297241211,
        10.142776489257812
    ],
    "nar_0": [
        35.450645446777344,
        6.805871486663818
    ],
    "nar_1": [
        42.11912155151367,
        10.499534606933594
    ]
}