{
    "cov": [
        4.380000114440918,
        7.064111232757568
    ],
    "acc": [
        60.0771369934082,
        46.571319580078125
    ],
    "pos_0": [
        0.0,
        0.0
    ],
    "pos_1": [
        0.0,
        0.0
    ],
    "neg_0": [
        4.3456130027771,
        7.275547504425049
    ],
    "neg_1": [
        4.493829250335693,
        6.968093395233154
    ],
    "abs_0": [
        95.65438079833984,
        7.275548934936523
    ],
    "abs_1": [
        95.50617218017578,
        6.968094348907471
    ],
    "tpr_0": [
        0.0,
        0.0
    ],
    "tpr_1": [
        0.0,
        0.0
    ],
    "fnr_0": [
        1.054674744606018,
        2.8459908962249756
    ],
    "fnr_1": [
        1.3315519094467163,
        2.5598573684692383
    ],
    "par_0": [
        98.94532012939453,
        2.84598970413208
    ],
    "par_1": [
        98.66844177246094,
        2.559856653213501
    ],
    "fpr_0": [
        0.0,
        0.0
    ],
    "fpr_1": [
        0.0,
        0.0
    ],
    "tnr_0": [
        5.829138278961182,
        9.634847640991211
    ],
    "tnr_1": [
        6.24358606338501,
        9.980785369873047
    ],
    "nar_0": [
        94.17086029052734,
        9.634845733642578
    ],
    "nar_1": [
        93.75640106201172,
        9.98078441619873
    ]
}