{
    "cov": [
        38.84000015258789,
        12.174700736999512
    ],
    "acc": [
        85.36199951171875,
        4.332979679107666
    ],
    "pos_0": [
        0.0,
        0.0
    ],
    "pos_1": [
        0.0,
        0.0
    ],
    "neg_0": [
        39.47585678100586,
        12.88088607788086
    ],
    "neg_1": [
        37.394832611083984,
        12.267759323120117
    ],
    "abs_0": [
        60.524139404296875,
        12.880887031555176
    ],
    "abs_1": [
        62.60516357421875,
        12.267757415771484
    ],
    "tpr_0": [
        0.0,
        0.0
    ],
    "tpr_1": [
        0.0,
        0.0
    ],
    "fnr_0": [
        17.525341033935547,
        7.827210426330566
    ],
    "fnr_1": [
        18.606243133544922,
        10.219489097595215
    ],
    "par_0": [
        82.47466278076172,
        7.827209949493408
    ],
    "par_1": [
        81.39376068115234,
        10.219491004943848
    ],
    "fpr_0": [
        0.0,
        0.0
    ],
    "fpr_1": [
        0.0,
        0.0
    ],
    "tnr_0": [
        48.51034164428711,
        16.005014419555664
    ],
    "tnr_1": [
        48.65318298339844,
        15.569418907165527
    ],
    "nar_0": [
        51.48965835571289,
        16.005016326904297
    ],
    "nar_1": [
        51.34681701660156,
        15.569418907165527
    ]
}