{
    "cov": [
        55.86000061035156,
        5.566865921020508
    ],
    "acc": [
        83.10302734375,
        4.341890811920166
    ],
    "pos_0": [
        1.1724869012832642,
        1.5652118921279907
    ],
    "pos_1": [
        1.583530068397522,
        2.314406156539917
    ],
    "neg_0": [
        55.315799713134766,
        6.292792320251465
    ],
    "neg_1": [
        53.05097579956055,
        6.199243068695068
    ],
    "abs_0": [
        43.51171112060547,
        6.45379638671875
    ],
    "abs_1": [
        45.36549377441406,
        6.492813587188721
    ],
    "tpr_0": [
        3.0468780994415283,
        4.092310905456543
    ],
    "tpr_1": [
        3.6694860458374023,
        5.472098350524902
    ],
    "fnr_0": [
        28.64952850341797,
        10.166131019592285
    ],
    "fnr_1": [
        28.65874481201172,
        6.564298152923584
    ],
    "par_0": [
        68.3035888671875,
        10.855691909790039
    ],
    "par_1": [
        67.67176055908203,
        7.444342136383057
    ],
    "fpr_0": [
        0.40212303400039673,
        0.9206266403198242
    ],
    "fpr_1": [
        0.436507910490036,
        1.022290825843811
    ],
    "tnr_0": [
        66.2280044555664,
        6.699092388153076
    ],
    "tnr_1": [
        67.11351776123047,
        8.59351921081543
    ],
    "nar_0": [
        33.369869232177734,
        6.712501525878906
    ],
    "nar_1": [
        32.449974060058594,
        8.503436088562012
    ]
}