{
    "cov": [
        63.37999725341797,
        6.33653450012207
    ],
    "acc": [
        80.95305633544922,
        4.745635509490967
    ],
    "pos_0": [
        0.0,
        0.0
    ],
    "pos_1": [
        0.0,
        0.0
    ],
    "neg_0": [
        64.96139526367188,
        6.787432670593262
    ],
    "neg_1": [
        59.92110061645508,
        7.800681114196777
    ],
    "abs_0": [
        35.038597106933594,
        6.7874321937561035
    ],
    "abs_1": [
        40.078895568847656,
        7.80068302154541
    ],
    "tpr_0": [
        0.0,
        0.0
    ],
    "tpr_1": [
        0.0,
        0.0
    ],
    "fnr_0": [
        39.61720275878906,
        11.562959671020508
    ],
    "fnr_1": [
        35.68616485595703,
        11.302087783813477
    ],
    "par_0": [
        60.38279724121094,
        11.562959671020508
    ],
    "par_1": [
        64.31383514404297,
        11.30208683013916
    ],
    "fpr_0": [
        0.0,
        0.0
    ],
    "fpr_1": [
        0.0,
        0.0
    ],
    "tnr_0": [
        75.33220672607422,
        6.454312801361084
    ],
    "tnr_1": [
        74.02446746826172,
        8.227829933166504
    ],
    "nar_0": [
        24.667787551879883,
        6.454313278198242
    ],
    "nar_1": [
        25.975526809692383,
        8.227829933166504
    ]
}