{
    "cov": [
        27.639999389648438,
        13.13275146484375
    ],
    "acc": [
        85.7197036743164,
        8.820740699768066
    ],
    "pos_0": [
        0.17703834176063538,
        0.6542672514915466
    ],
    "pos_1": [
        0.8955223560333252,
        4.477612018585205
    ],
    "neg_0": [
        31.460975646972656,
        13.630433082580566
    ],
    "neg_1": [
        18.218120574951172,
        13.014871597290039
    ],
    "abs_0": [
        68.36198425292969,
        13.844993591308594
    ],
    "abs_1": [
        80.8863525390625,
        14.626110076904297
    ],
    "tpr_0": [
        0.18604649603366852,
        0.9302325248718262
    ],
    "tpr_1": [
        0.3999999761581421,
        2.0
    ],
    "fnr_0": [
        14.761669158935547,
        11.318804740905762
    ],
    "fnr_1": [
        10.204214096069336,
        10.256152153015137
    ],
    "par_0": [
        85.05228424072266,
        11.733769416809082
    ],
    "par_1": [
        89.39578247070312,
        11.023542404174805
    ],
    "fpr_0": [
        0.17977526783943176,
        0.8988763689994812
    ],
    "fpr_1": [
        1.106382966041565,
        5.531915187835693
    ],
    "tnr_0": [
        38.14638900756836,
        15.439517974853516
    ],
    "tnr_1": [
        22.789281845092773,
        15.57911205291748
    ],
    "nar_0": [
        61.67383575439453,
        15.507098197937012
    ],
    "nar_1": [
        76.10433197021484,
        17.2988224029541
    ]
}