{
    "cov": [
        64.86000061035156,
        3.638681173324585
    ],
    "acc": [
        81.08049011230469,
        3.8808321952819824
    ],
    "pos_0": [
        1.0345559120178223,
        1.3880881071090698
    ],
    "pos_1": [
        2.4984304904937744,
        2.489140033721924
    ],
    "neg_0": [
        66.46060180664062,
        5.337024211883545
    ],
    "neg_1": [
        56.645263671875,
        4.973804473876953
    ],
    "abs_0": [
        32.50483322143555,
        4.695411682128906
    ],
    "abs_1": [
        40.85630416870117,
        5.353593349456787
    ],
    "tpr_0": [
        2.7589852809906006,
        4.4610514640808105
    ],
    "tpr_1": [
        5.738787651062012,
        5.547430515289307
    ],
    "fnr_0": [
        40.98680114746094,
        8.17919635772705
    ],
    "fnr_1": [
        31.378820419311523,
        7.506975173950195
    ],
    "par_0": [
        56.25421142578125,
        7.400717735290527
    ],
    "par_1": [
        62.88239288330078,
        9.717072486877441
    ],
    "fpr_0": [
        0.3632949888706207,
        0.5818434953689575
    ],
    "fpr_1": [
        0.6135276556015015,
        1.3123321533203125
    ],
    "tnr_0": [
        76.91795349121094,
        5.857043266296387
    ],
    "tnr_1": [
        71.27153015136719,
        6.855301856994629
    ],
    "nar_0": [
        22.7187442779541,
        5.599001407623291
    ],
    "nar_1": [
        28.114940643310547,
        6.890003204345703
    ]
}