{
    "cov": [
        36.939998626708984,
        7.329051971435547
    ],
    "acc": [
        86.7715835571289,
        5.423659801483154
    ],
    "pos_0": [
        0.3471299409866333,
        0.6554871797561646
    ],
    "pos_1": [
        0.46876418590545654,
        0.8994932174682617
    ],
    "neg_0": [
        37.03652572631836,
        7.302074909210205
    ],
    "neg_1": [
        35.55373764038086,
        8.412747383117676
    ],
    "abs_0": [
        62.61634063720703,
        7.684460639953613
    ],
    "abs_1": [
        63.97748947143555,
        8.775004386901855
    ],
    "tpr_0": [
        0.8926650881767273,
        1.8469175100326538
    ],
    "tpr_1": [
        1.2515519857406616,
        2.349069833755493
    ],
    "fnr_0": [
        15.331948280334473,
        8.67890739440918
    ],
    "fnr_1": [
        16.185916900634766,
        8.845237731933594
    ],
    "par_0": [
        83.775390625,
        9.634421348571777
    ],
    "par_1": [
        82.56253051757812,
        9.723108291625977
    ],
    "fpr_0": [
        0.12576013803482056,
        0.34810853004455566
    ],
    "fpr_1": [
        0.0,
        0.0
    ],
    "tnr_0": [
        46.07807922363281,
        8.09596061706543
    ],
    "tnr_1": [
        46.54544448852539,
        9.972564697265625
    ],
    "nar_0": [
        53.79616165161133,
        8.24415397644043
    ],
    "nar_1": [
        53.45455551147461,
        9.972564697265625
    ]
}