{
    "cov": [
        73.95999908447266,
        4.898809909820557
    ],
    "acc": [
        78.21408081054688,
        4.537814617156982
    ],
    "pos_0": [
        1.5119476318359375,
        2.0275402069091797
    ],
    "pos_1": [
        3.294539451599121,
        4.296361446380615
    ],
    "neg_0": [
        73.78462982177734,
        5.6253485679626465
    ],
    "neg_1": [
        67.74984741210938,
        6.651836395263672
    ],
    "abs_0": [
        24.70342254638672,
        5.2765421867370605
    ],
    "abs_1": [
        28.955610275268555,
        7.184666633605957
    ],
    "tpr_0": [
        3.674706220626831,
        5.186272144317627
    ],
    "tpr_1": [
        6.691329002380371,
        7.933132171630859
    ],
    "fnr_0": [
        51.412479400634766,
        11.247673034667969
    ],
    "fnr_1": [
        44.83890151977539,
        11.50405216217041
    ],
    "par_0": [
        44.91280746459961,
        10.901045799255371
    ],
    "par_1": [
        48.469764709472656,
        13.32242202758789
    ],
    "fpr_0": [
        0.6147342324256897,
        1.30389404296875
    ],
    "fpr_1": [
        1.2958393096923828,
        2.333948850631714
    ],
    "tnr_0": [
        82.88812255859375,
        4.737036228179932
    ],
    "tnr_1": [
        80.9100112915039,
        6.986283302307129
    ],
    "nar_0": [
        16.497142791748047,
        4.562779903411865
    ],
    "nar_1": [
        17.79414176940918,
        6.972451686859131
    ]
}