{
    "cov": [
        85.30000305175781,
        3.9077913761138916
    ],
    "acc": [
        77.49502563476562,
        2.3885207176208496
    ],
    "pos_0": [
        10.55786418914795,
        3.9348771572113037
    ],
    "pos_1": [
        10.591772079467773,
        5.334401607513428
    ],
    "neg_0": [
        74.45767211914062,
        5.14083194732666
    ],
    "neg_1": [
        75.41295623779297,
        7.574815273284912
    ],
    "abs_0": [
        14.98446273803711,
        4.694644451141357
    ],
    "abs_1": [
        13.995274543762207,
        5.750977516174316
    ],
    "tpr_0": [
        23.621379852294922,
        8.831396102905273
    ],
    "tpr_1": [
        20.733299255371094,
        12.95742130279541
    ],
    "fnr_0": [
        50.01407241821289,
        7.834949493408203
    ],
    "fnr_1": [
        53.42243194580078,
        15.832061767578125
    ],
    "par_0": [
        26.364551544189453,
        9.827136039733887
    ],
    "par_1": [
        25.844274520874023,
        11.982356071472168
    ],
    "fpr_0": [
        5.599176406860352,
        2.7782464027404785
    ],
    "fpr_1": [
        5.6136884689331055,
        4.192909240722656
    ],
    "tnr_0": [
        83.95857238769531,
        4.7051215171813965
    ],
    "tnr_1": [
        86.3106918334961,
        6.3904008865356445
    ],
    "nar_0": [
        10.442242622375488,
        3.710197687149048
    ],
    "nar_1": [
        8.075616836547852,
        4.242581367492676
    ]
}