{
    "cov": [
        46.34000015258789,
        6.3994140625
    ],
    "acc": [
        84.90984344482422,
        5.290504455566406
    ],
    "pos_0": [
        0.0,
        0.0
    ],
    "pos_1": [
        0.0,
        0.0
    ],
    "neg_0": [
        47.42108154296875,
        7.364623546600342
    ],
    "neg_1": [
        44.07485580444336,
        7.973849296569824
    ],
    "abs_0": [
        52.578914642333984,
        7.3646240234375
    ],
    "abs_1": [
        55.925140380859375,
        7.973848819732666
    ],
    "tpr_0": [
        0.0,
        0.0
    ],
    "tpr_1": [
        0.0,
        0.0
    ],
    "fnr_0": [
        22.693553924560547,
        9.005892753601074
    ],
    "fnr_1": [
        20.61996841430664,
        10.311963081359863
    ],
    "par_0": [
        77.30644226074219,
        9.005890846252441
    ],
    "par_1": [
        79.3800277709961,
        10.311962127685547
    ],
    "fpr_0": [
        0.0,
        0.0
    ],
    "fpr_1": [
        0.0,
        0.0
    ],
    "tnr_0": [
        57.61811065673828,
        8.894301414489746
    ],
    "tnr_1": [
        57.41208267211914,
        8.38741683959961
    ],
    "nar_0": [
        42.38188934326172,
        8.894302368164062
    ],
    "nar_1": [
        42.587913513183594,
        8.387417793273926
    ]
}