{
    "cov": [
        38.23999786376953,
        11.811999320983887
    ],
    "acc": [
        84.7508316040039,
        4.807770252227783
    ],
    "pos_0": [
        0.0,
        0.0
    ],
    "pos_1": [
        0.0,
        0.0
    ],
    "neg_0": [
        38.581661224365234,
        12.00440788269043
    ],
    "neg_1": [
        37.60707092285156,
        12.874778747558594
    ],
    "abs_0": [
        61.418338775634766,
        12.004406929016113
    ],
    "abs_1": [
        62.39292526245117,
        12.874778747558594
    ],
    "tpr_0": [
        0.0,
        0.0
    ],
    "tpr_1": [
        0.0,
        0.0
    ],
    "fnr_0": [
        17.610145568847656,
        7.949254989624023
    ],
    "fnr_1": [
        19.783061981201172,
        10.813322067260742
    ],
    "par_0": [
        82.38985443115234,
        7.949253559112549
    ],
    "par_1": [
        80.21693420410156,
        10.813322067260742
    ],
    "fpr_0": [
        0.0,
        0.0
    ],
    "fpr_1": [
        0.0,
        0.0
    ],
    "tnr_0": [
        47.375213623046875,
        14.807086944580078
    ],
    "tnr_1": [
        48.00059509277344,
        16.267736434936523
    ],
    "nar_0": [
        52.62478256225586,
        14.807088851928711
    ],
    "nar_1": [
        51.99940490722656,
        16.267736434936523
    ]
}