{
    "cov": [
        75.0199966430664,
        3.8500003814697266
    ],
    "acc": [
        77.68104553222656,
        4.276791095733643
    ],
    "pos_0": [
        1.4062368869781494,
        1.9202029705047607
    ],
    "pos_1": [
        2.660166025161743,
        3.811952590942383
    ],
    "neg_0": [
        75.64110565185547,
        3.9418673515319824
    ],
    "neg_1": [
        67.9503173828125,
        6.437583923339844
    ],
    "abs_0": [
        22.95265007019043,
        3.6312530040740967
    ],
    "abs_1": [
        29.38950538635254,
        7.5991644859313965
    ],
    "tpr_0": [
        2.962047576904297,
        4.767120838165283
    ],
    "tpr_1": [
        5.70670223236084,
        7.331960201263428
    ],
    "fnr_0": [
        54.18210220336914,
        8.471272468566895
    ],
    "fnr_1": [
        45.07271957397461,
        11.464374542236328
    ],
    "par_0": [
        42.85585021972656,
        8.559009552001953
    ],
    "par_1": [
        49.22057342529297,
        13.889449119567871
    ],
    "fpr_0": [
        0.7798459529876709,
        1.321434497833252
    ],
    "fpr_1": [
        0.7571406364440918,
        1.765978455543518
    ],
    "tnr_0": [
        84.36837768554688,
        3.8248283863067627
    ],
    "tnr_1": [
        81.05802917480469,
        7.096076011657715
    ],
    "nar_0": [
        14.851777076721191,
        3.434495449066162
    ],
    "nar_1": [
        18.184825897216797,
        7.417388439178467
    ]
}