{
    "cov": [
        60.84000015258789,
        5.386557579040527
    ],
    "acc": [
        81.7396240234375,
        4.372260570526123
    ],
    "pos_0": [
        1.4303228855133057,
        1.5341923236846924
    ],
    "pos_1": [
        5.189026832580566,
        4.437249183654785
    ],
    "neg_0": [
        62.35093688964844,
        5.244417190551758
    ],
    "neg_1": [
        49.25341033935547,
        6.2726945877075195
    ],
    "abs_0": [
        36.2187385559082,
        5.35250997543335
    ],
    "abs_1": [
        45.55755615234375,
        8.616165161132812
    ],
    "tpr_0": [
        3.59698224067688,
        4.460176944732666
    ],
    "tpr_1": [
        10.908510208129883,
        8.529853820800781
    ],
    "fnr_0": [
        36.844627380371094,
        9.896202087402344
    ],
    "fnr_1": [
        26.019683837890625,
        8.290596008300781
    ],
    "par_0": [
        59.558387756347656,
        10.732274055480957
    ],
    "par_1": [
        63.07180404663086,
        12.66523265838623
    ],
    "fpr_0": [
        0.5994523167610168,
        0.8984172344207764
    ],
    "fpr_1": [
        1.9780761003494263,
        2.5394999980926514
    ],
    "tnr_0": [
        72.84693908691406,
        4.790413856506348
    ],
    "tnr_1": [
        62.779056549072266,
        8.217304229736328
    ],
    "nar_0": [
        26.55360984802246,
        4.730961322784424
    ],
    "nar_1": [
        35.24286651611328,
        9.15512466430664
    ]
}