{
    "cov": [
        31.31999969482422,
        6.33587646484375
    ],
    "acc": [
        88.2152099609375,
        5.967466831207275
    ],
    "pos_0": [
        0.23229378461837769,
        0.5043265223503113
    ],
    "pos_1": [
        0.35279208421707153,
        0.8863325119018555
    ],
    "neg_0": [
        31.513431549072266,
        6.48101806640625
    ],
    "neg_1": [
        30.117000579833984,
        8.497950553894043
    ],
    "abs_0": [
        68.2542724609375,
        6.595907688140869
    ],
    "abs_1": [
        69.53020477294922,
        8.43105697631836
    ],
    "tpr_0": [
        0.40564826130867004,
        1.4050863981246948
    ],
    "tpr_1": [
        0.9033815860748291,
        2.2434935569763184
    ],
    "fnr_0": [
        10.928288459777832,
        7.201910972595215
    ],
    "fnr_1": [
        12.36563777923584,
        7.698049545288086
    ],
    "par_0": [
        88.66606903076172,
        7.6350483894348145
    ],
    "par_1": [
        86.73097229003906,
        6.941895484924316
    ],
    "fpr_0": [
        0.15721197426319122,
        0.4714629650115967
    ],
    "fpr_1": [
        0.0,
        0.0
    ],
    "tnr_0": [
        40.01179122924805,
        7.640070915222168
    ],
    "tnr_1": [
        40.31669235229492,
        11.122418403625488
    ],
    "nar_0": [
        59.83099365234375,
        7.735814094543457
    ],
    "nar_1": [
        59.68330383300781,
        11.122418403625488
    ]
}