{
    "cov": [
        60.02000045776367,
        5.323845863342285
    ],
    "acc": [
        81.7679443359375,
        3.625286817550659
    ],
    "pos_0": [
        1.0753778219223022,
        1.5447115898132324
    ],
    "pos_1": [
        1.6377346515655518,
        1.9105585813522339
    ],
    "neg_0": [
        60.64606475830078,
        6.096390724182129
    ],
    "neg_1": [
        54.69769287109375,
        5.103415012359619
    ],
    "abs_0": [
        38.2785530090332,
        6.491607666015625
    ],
    "abs_1": [
        43.66456985473633,
        5.423671722412109
    ],
    "tpr_0": [
        2.6740260124206543,
        4.214079856872559
    ],
    "tpr_1": [
        4.113918304443359,
        4.299124717712402
    ],
    "fnr_0": [
        36.00851058959961,
        9.02685546875
    ],
    "fnr_1": [
        29.842763900756836,
        6.409247398376465
    ],
    "par_0": [
        61.31745910644531,
        10.511285781860352
    ],
    "par_1": [
        66.04331970214844,
        8.670100212097168
    ],
    "fpr_0": [
        0.4311267137527466,
        0.8450412154197693
    ],
    "fpr_1": [
        0.13793103396892548,
        0.6896551847457886
    ],
    "tnr_0": [
        70.85453796386719,
        6.28062105178833
    ],
    "tnr_1": [
        69.01346588134766,
        6.27636194229126
    ],
    "nar_0": [
        28.714330673217773,
        6.266231536865234
    ],
    "nar_1": [
        30.84859848022461,
        6.391045570373535
    ]
}