{
    "cov": [
        62.68000030517578,
        5.113055229187012
    ],
    "acc": [
        81.21942138671875,
        4.531817436218262
    ],
    "pos_0": [
        1.1822483539581299,
        1.4607264995574951
    ],
    "pos_1": [
        2.1982336044311523,
        2.9957077503204346
    ],
    "neg_0": [
        62.677734375,
        5.120044708251953
    ],
    "neg_1": [
        57.97476577758789,
        6.6789164543151855
    ],
    "abs_0": [
        36.140018463134766,
        5.561127185821533
    ],
    "abs_1": [
        39.82699966430664,
        7.793726444244385
    ],
    "tpr_0": [
        2.7260076999664307,
        4.290264129638672
    ],
    "tpr_1": [
        5.031184673309326,
        7.077633857727051
    ],
    "fnr_0": [
        37.171775817871094,
        9.1288423538208
    ],
    "fnr_1": [
        32.53763198852539,
        8.614380836486816
    ],
    "par_0": [
        60.10221481323242,
        9.919026374816895
    ],
    "par_1": [
        62.43117904663086,
        10.676115989685059
    ],
    "fpr_0": [
        0.6025841236114502,
        0.9075751304626465
    ],
    "fpr_1": [
        0.7196877598762512,
        1.3503566980361938
    ],
    "tnr_0": [
        73.0364761352539,
        5.082682132720947
    ],
    "tnr_1": [
        72.68144989013672,
        7.974853515625
    ],
    "nar_0": [
        26.360946655273438,
        5.2076416015625
    ],
    "nar_1": [
        26.598859786987305,
        8.14469051361084
    ]
}