{
    "cov": [
        38.119998931884766,
        7.212950706481934
    ],
    "acc": [
        86.83036041259766,
        5.091017246246338
    ],
    "pos_0": [
        0.28969606757164,
        0.5076258182525635
    ],
    "pos_1": [
        1.027941107749939,
        1.4840534925460815
    ],
    "neg_0": [
        37.91276168823242,
        6.93133020401001
    ],
    "neg_1": [
        37.01291275024414,
        8.86092758178711
    ],
    "abs_0": [
        61.79753875732422,
        7.138605117797852
    ],
    "abs_1": [
        61.95914077758789,
        9.326730728149414
    ],
    "tpr_0": [
        0.8269054293632507,
        1.5935065746307373
    ],
    "tpr_1": [
        2.6842041015625,
        4.2436347007751465
    ],
    "fnr_0": [
        15.081684112548828,
        8.088537216186523
    ],
    "fnr_1": [
        16.860166549682617,
        7.747653007507324
    ],
    "par_0": [
        84.0914077758789,
        8.768807411193848
    ],
    "par_1": [
        80.45561981201172,
        9.06127643585205
    ],
    "fpr_0": [
        0.07767722010612488,
        0.26886188983917236
    ],
    "fpr_1": [
        0.08510638028383255,
        0.42553192377090454
    ],
    "tnr_0": [
        47.40060806274414,
        8.391668319702148
    ],
    "tnr_1": [
        48.6230354309082,
        11.466236114501953
    ],
    "nar_0": [
        52.52171325683594,
        8.416231155395508
    ],
    "nar_1": [
        51.29185485839844,
        11.525747299194336
    ]
}