{
    "cov": [
        1.0,
        1.3540064096450806
    ],
    "acc": [
        51.19999694824219,
        50.35871505737305
    ],
    "pos_0": [
        0.0,
        0.0
    ],
    "pos_1": [
        0.0,
        0.0
    ],
    "neg_0": [
        1.1432991027832031,
        1.5253623723983765
    ],
    "neg_1": [
        0.7084080576896667,
        1.6647801399230957
    ],
    "abs_0": [
        98.85669708251953,
        1.5253643989562988
    ],
    "abs_1": [
        99.29158782958984,
        1.6647802591323853
    ],
    "tpr_0": [
        0.0,
        0.0
    ],
    "tpr_1": [
        0.0,
        0.0
    ],
    "fnr_0": [
        0.1934732049703598,
        0.6709481477737427
    ],
    "fnr_1": [
        0.2222222089767456,
        1.111111044883728
    ],
    "par_0": [
        99.8065185546875,
        0.6709481477737427
    ],
    "par_1": [
        99.77777099609375,
        1.111110806465149
    ],
    "fpr_0": [
        0.0,
        0.0
    ],
    "fpr_1": [
        0.0,
        0.0
    ],
    "tnr_0": [
        1.522134780883789,
        2.0572378635406494
    ],
    "tnr_1": [
        0.9824039340019226,
        2.458329916000366
    ],
    "nar_0": [
        98.47785949707031,
        2.057239294052124
    ],
    "nar_1": [
        99.01759338378906,
        2.4583303928375244
    ]
}