{
    "cov": [
        75.65999603271484,
        15.355319023132324
    ],
    "acc": [
        73.0140380859375,
        8.526537895202637
    ],
    "pos_0": [
        0.5779451727867126,
        1.503828763961792
    ],
    "pos_1": [
        1.952445387840271,
        6.043480396270752
    ],
    "neg_0": [
        80.2020034790039,
        17.932878494262695
    ],
    "neg_1": [
        62.7594108581543,
        18.66748046875
    ],
    "abs_0": [
        19.220048904418945,
        17.091806411743164
    ],
    "abs_1": [
        35.28813552856445,
        17.571428298950195
    ],
    "tpr_0": [
        0.9820091128349304,
        2.448232412338257
    ],
    "tpr_1": [
        2.6346828937530518,
        6.721458911895752
    ],
    "fnr_0": [
        69.66199493408203,
        18.773540496826172
    ],
    "fnr_1": [
        46.78096008300781,
        18.882347106933594
    ],
    "par_0": [
        29.355995178222656,
        18.369199752807617
    ],
    "par_1": [
        50.584354400634766,
        20.569889068603516
    ],
    "fpr_0": [
        0.4074273705482483,
        1.2466676235198975
    ],
    "fpr_1": [
        1.5173441171646118,
        6.104067325592041
    ],
    "tnr_0": [
        84.6410140991211,
        18.613056182861328
    ],
    "tnr_1": [
        72.01007080078125,
        20.353239059448242
    ],
    "nar_0": [
        14.951557159423828,
        17.656469345092773
    ],
    "nar_1": [
        26.472579956054688,
        17.726665496826172
    ]
}