{
    "cov": [
        71.23999786376953,
        10.86768913269043
    ],
    "acc": [
        76.89749145507812,
        5.0960164070129395
    ],
    "pos_0": [
        0.16326530277729034,
        0.8163264989852905
    ],
    "pos_1": [
        0.30188676714897156,
        1.5094338655471802
    ],
    "neg_0": [
        72.16484069824219,
        11.072766304016113
    ],
    "neg_1": [
        68.46484375,
        11.168421745300293
    ],
    "abs_0": [
        27.671886444091797,
        11.369674682617188
    ],
    "abs_1": [
        31.233266830444336,
        11.668999671936035
    ],
    "tpr_0": [
        0.23529410362243652,
        1.1764705181121826
    ],
    "tpr_1": [
        0.3333333134651184,
        1.6666666269302368
    ],
    "fnr_0": [
        54.103694915771484,
        16.558361053466797
    ],
    "fnr_1": [
        49.1722297668457,
        15.742913246154785
    ],
    "par_0": [
        45.6610107421875,
        17.054407119750977
    ],
    "par_1": [
        50.49443435668945,
        16.387588500976562
    ],
    "fpr_0": [
        0.14159291982650757,
        0.7079645991325378
    ],
    "fpr_1": [
        0.27586206793785095,
        1.3793103694915771
    ],
    "tnr_0": [
        79.64301300048828,
        9.963227272033691
    ],
    "tnr_1": [
        79.50904846191406,
        10.801824569702148
    ],
    "nar_0": [
        20.215391159057617,
        10.156852722167969
    ],
    "nar_1": [
        20.215087890625,
        11.154058456420898
    ]
}