{
    "cov": [
        50.15999984741211,
        4.372546672821045
    ],
    "acc": [
        84.77859497070312,
        4.681850433349609
    ],
    "pos_0": [
        0.8449751734733582,
        1.212896466255188
    ],
    "pos_1": [
        1.226604700088501,
        1.6416572332382202
    ],
    "neg_0": [
        50.88169860839844,
        5.220180511474609
    ],
    "neg_1": [
        45.548797607421875,
        6.6084675788879395
    ],
    "abs_0": [
        48.27332305908203,
        5.295698165893555
    ],
    "abs_1": [
        53.22459411621094,
        6.968890190124512
    ],
    "tpr_0": [
        2.17562198638916,
        3.076979398727417
    ],
    "tpr_1": [
        3.2249231338500977,
        4.593698501586914
    ],
    "fnr_0": [
        25.30174446105957,
        9.458439826965332
    ],
    "fnr_1": [
        20.07935905456543,
        7.564666271209717
    ],
    "par_0": [
        72.52263641357422,
        9.414372444152832
    ],
    "par_1": [
        76.69571685791016,
        7.864892482757568
    ],
    "fpr_0": [
        0.3148750364780426,
        0.6687188744544983
    ],
    "fpr_1": [
        0.0952380895614624,
        0.4761905074119568
    ],
    "tnr_0": [
        61.4146842956543,
        6.168460369110107
    ],
    "tnr_1": [
        60.3082389831543,
        8.63867473602295
    ],
    "nar_0": [
        38.27043533325195,
        6.204973220825195
    ],
    "nar_1": [
        39.59652328491211,
        8.670076370239258
    ]
}