{
    "cov": [
        17.81999969482422,
        7.112020492553711
    ],
    "acc": [
        89.86984252929688,
        5.718074798583984
    ],
    "pos_0": [
        0.08530901372432709,
        0.235783189535141
    ],
    "pos_1": [
        0.21586577594280243,
        0.59709233045578
    ],
    "neg_0": [
        18.123687744140625,
        7.145836353302002
    ],
    "neg_1": [
        16.810548782348633,
        7.725355625152588
    ],
    "abs_0": [
        81.79100036621094,
        7.183393478393555
    ],
    "abs_1": [
        82.97357940673828,
        7.9222092628479
    ],
    "tpr_0": [
        0.0,
        0.0
    ],
    "tpr_1": [
        0.5405796766281128,
        1.4994308948516846
    ],
    "fnr_0": [
        5.797440052032471,
        4.730356216430664
    ],
    "fnr_1": [
        6.027968406677246,
        5.942862033843994
    ],
    "par_0": [
        94.20255279541016,
        4.730356216430664
    ],
    "par_1": [
        93.43144226074219,
        6.267703533172607
    ],
    "fpr_0": [
        0.11849354207515717,
        0.32761383056640625
    ],
    "fpr_1": [
        0.0,
        0.0
    ],
    "tnr_0": [
        23.189882278442383,
        8.48610782623291
    ],
    "tnr_1": [
        23.167264938354492,
        10.669312477111816
    ],
    "nar_0": [
        76.6916275024414,
        8.543683052062988
    ],
    "nar_1": [
        76.83273315429688,
        10.669312477111816
    ]
}