{
    "cov": [
        22.399999618530273,
        12.7156400680542
    ],
    "acc": [
        88.07737731933594,
        7.032938003540039
    ],
    "pos_0": [
        0.0,
        0.0
    ],
    "pos_1": [
        0.0,
        0.0
    ],
    "neg_0": [
        22.581493377685547,
        13.025720596313477
    ],
    "neg_1": [
        21.938905715942383,
        12.835732460021973
    ],
    "abs_0": [
        77.41850280761719,
        13.025717735290527
    ],
    "abs_1": [
        78.06108856201172,
        12.835731506347656
    ],
    "tpr_0": [
        0.0,
        0.0
    ],
    "tpr_1": [
        0.0,
        0.0
    ],
    "fnr_0": [
        9.065322875976562,
        7.8563642501831055
    ],
    "fnr_1": [
        10.36142349243164,
        8.575494766235352
    ],
    "par_0": [
        90.93467712402344,
        7.8563642501831055
    ],
    "par_1": [
        89.6385726928711,
        8.575494766235352
    ],
    "fpr_0": [
        0.0,
        0.0
    ],
    "fpr_1": [
        0.0,
        0.0
    ],
    "tnr_0": [
        28.31630516052246,
        15.725707054138184
    ],
    "tnr_1": [
        28.671964645385742,
        16.252639770507812
    ],
    "nar_0": [
        71.6836929321289,
        15.725706100463867
    ],
    "nar_1": [
        71.32803344726562,
        16.252641677856445
    ]
}