{
    "cov": [
        36.939998626708984,
        14.525351524353027
    ],
    "acc": [
        77.6954116821289,
        14.230123519897461
    ],
    "pos_0": [
        1.7314118146896362,
        8.044170379638672
    ],
    "pos_1": [
        1.7995734214782715,
        6.470808506011963
    ],
    "neg_0": [
        39.848628997802734,
        17.665496826171875
    ],
    "neg_1": [
        25.0142822265625,
        16.471481323242188
    ],
    "abs_0": [
        58.419960021972656,
        16.200336456298828
    ],
    "abs_1": [
        73.18614196777344,
        16.0048828125
    ],
    "tpr_0": [
        1.526050329208374,
        7.058143138885498
    ],
    "tpr_1": [
        1.581027626991272,
        6.279694557189941
    ],
    "fnr_0": [
        26.58110809326172,
        14.825665473937988
    ],
    "fnr_1": [
        15.53152084350586,
        14.718259811401367
    ],
    "par_0": [
        71.89283752441406,
        14.891343116760254
    ],
    "par_1": [
        82.88745880126953,
        15.170907974243164
    ],
    "fpr_0": [
        1.813903570175171,
        8.364012718200684
    ],
    "fpr_1": [
        2.032085418701172,
        7.053959846496582
    ],
    "tnr_0": [
        45.34132385253906,
        20.02206039428711
    ],
    "tnr_1": [
        30.114696502685547,
        19.626317977905273
    ],
    "nar_0": [
        52.84476852416992,
        18.047636032104492
    ],
    "nar_1": [
        67.85321807861328,
        18.650171279907227
    ]
}