{
    "cov": [
        64.19999694824219,
        4.836924076080322
    ],
    "acc": [
        80.6983413696289,
        4.11296272277832
    ],
    "pos_0": [
        1.5534429550170898,
        1.4148883819580078
    ],
    "pos_1": [
        3.075279712677002,
        3.1326160430908203
    ],
    "neg_0": [
        64.5989990234375,
        5.131484508514404
    ],
    "neg_1": [
        56.95090866088867,
        5.280397415161133
    ],
    "abs_0": [
        33.847557067871094,
        5.239391803741455
    ],
    "abs_1": [
        39.97380828857422,
        6.128965854644775
    ],
    "tpr_0": [
        3.5629289150238037,
        3.984274387359619
    ],
    "tpr_1": [
        6.749667644500732,
        6.169093132019043
    ],
    "fnr_0": [
        40.290794372558594,
        10.331748962402344
    ],
    "fnr_1": [
        32.37687301635742,
        9.591280937194824
    ],
    "par_0": [
        56.14627456665039,
        10.452397346496582
    ],
    "par_1": [
        60.87345504760742,
        11.69111442565918
    ],
    "fpr_0": [
        0.7746033072471619,
        0.967052161693573
    ],
    "fpr_1": [
        0.8698354959487915,
        1.6972566843032837
    ],
    "tnr_0": [
        74.59256744384766,
        4.5488667488098145
    ],
    "tnr_1": [
        71.15373992919922,
        5.849658966064453
    ],
    "nar_0": [
        24.632829666137695,
        4.581377029418945
    ],
    "nar_1": [
        27.97642707824707,
        6.175252914428711
    ]
}