{
    "cov": [
        55.13999938964844,
        16.555788040161133
    ],
    "acc": [
        78.07540893554688,
        5.889240741729736
    ],
    "pos_0": [
        0.14603175222873688,
        0.5866577625274658
    ],
    "pos_1": [
        0.3367231786251068,
        0.9712585210800171
    ],
    "neg_0": [
        58.445068359375,
        15.185873985290527
    ],
    "neg_1": [
        47.53322219848633,
        22.55809211730957
    ],
    "abs_0": [
        41.408897399902344,
        15.500626564025879
    ],
    "abs_1": [
        52.13005828857422,
        22.901172637939453
    ],
    "tpr_0": [
        0.2222222089767456,
        1.111111044883728
    ],
    "tpr_1": [
        0.7660818099975586,
        2.1731066703796387
    ],
    "fnr_0": [
        43.16973876953125,
        19.62462043762207
    ],
    "fnr_1": [
        33.66305923461914,
        24.586528778076172
    ],
    "par_0": [
        56.608036041259766,
        20.155412673950195
    ],
    "par_1": [
        65.57085418701172,
        25.493000030517578
    ],
    "fpr_0": [
        0.12136752158403397,
        0.4361068606376648
    ],
    "fpr_1": [
        0.0952380895614624,
        0.4761905074119568
    ],
    "tnr_0": [
        64.8985366821289,
        14.239124298095703
    ],
    "tnr_1": [
        55.590633392333984,
        23.676733016967773
    ],
    "nar_0": [
        34.9801025390625,
        14.470718383789062
    ],
    "nar_1": [
        44.31412887573242,
        23.837125778198242
    ]
}