{
    "cov": [
        50.459999084472656,
        4.598278522491455
    ],
    "acc": [
        84.64519500732422,
        4.1127214431762695
    ],
    "pos_0": [
        0.0,
        0.0
    ],
    "pos_1": [
        0.0,
        0.0
    ],
    "neg_0": [
        51.49272155761719,
        6.267975330352783
    ],
    "neg_1": [
        48.33390426635742,
        6.348287582397461
    ],
    "abs_0": [
        48.50727462768555,
        6.267975330352783
    ],
    "abs_1": [
        51.66609191894531,
        6.348287582397461
    ],
    "tpr_0": [
        0.0,
        0.0
    ],
    "tpr_1": [
        0.0,
        0.0
    ],
    "fnr_0": [
        24.802152633666992,
        8.320258140563965
    ],
    "fnr_1": [
        24.14612579345703,
        8.195182800292969
    ],
    "par_0": [
        75.19783782958984,
        8.320259094238281
    ],
    "par_1": [
        75.85386657714844,
        8.195181846618652
    ],
    "fpr_0": [
        0.0,
        0.0
    ],
    "fpr_1": [
        0.0,
        0.0
    ],
    "tnr_0": [
        62.58870315551758,
        6.643301486968994
    ],
    "tnr_1": [
        62.36079788208008,
        7.763472557067871
    ],
    "nar_0": [
        37.411293029785156,
        6.643301486968994
    ],
    "nar_1": [
        37.63919448852539,
        7.763473033905029
    ]
}