{
    "cov": [
        0.2199999988079071,
        0.5416025519371033
    ],
    "acc": [
        14.0,
        33.911651611328125
    ],
    "pos_0": [
        0.0,
        0.0
    ],
    "pos_1": [
        0.0,
        0.0
    ],
    "neg_0": [
        0.29757362604141235,
        0.7397233843803406
    ],
    "neg_1": [
        0.05970148742198944,
        0.2985074520111084
    ],
    "abs_0": [
        99.70242309570312,
        0.7397239208221436
    ],
    "abs_1": [
        99.94029235839844,
        0.2985083758831024
    ],
    "tpr_0": [
        0.0,
        0.0
    ],
    "tpr_1": [
        0.0,
        0.0
    ],
    "fnr_0": [
        0.1818181723356247,
        0.9090908765792847
    ],
    "fnr_1": [
        0.0,
        0.0
    ],
    "par_0": [
        99.81818389892578,
        0.909091591835022
    ],
    "par_1": [
        100.0,
        0.0
    ],
    "fpr_0": [
        0.0,
        0.0
    ],
    "fpr_1": [
        0.0,
        0.0
    ],
    "tnr_0": [
        0.3417211174964905,
        0.800828754901886
    ],
    "tnr_1": [
        0.08510638028383255,
        0.42553192377090454
    ],
    "nar_0": [
        99.65827941894531,
        0.8008297085762024
    ],
    "nar_1": [
        99.9148941040039,
        0.42553234100341797
    ]
}