{
    "cov": [
        82.45999908447266,
        15.880358695983887
    ],
    "acc": [
        69.71967315673828,
        11.231456756591797
    ],
    "pos_0": [
        2.8317277431488037,
        10.123456954956055
    ],
    "pos_1": [
        3.4920201301574707,
        9.529727935791016
    ],
    "neg_0": [
        82.98527526855469,
        23.168668746948242
    ],
    "neg_1": [
        71.18135070800781,
        23.88239097595215
    ],
    "abs_0": [
        14.183000564575195,
        17.365610122680664
    ],
    "abs_1": [
        25.326629638671875,
        18.918752670288086
    ],
    "tpr_0": [
        2.696854591369629,
        8.45530891418457
    ],
    "tpr_1": [
        4.1558380126953125,
        8.544397354125977
    ],
    "fnr_0": [
        75.077880859375,
        22.502225875854492
    ],
    "fnr_1": [
        59.94541549682617,
        27.15724754333496
    ],
    "par_0": [
        22.225255966186523,
        18.92734146118164
    ],
    "par_1": [
        35.898746490478516,
        25.2817440032959
    ],
    "fpr_0": [
        2.841442823410034,
        10.812188148498535
    ],
    "fpr_1": [
        3.1080873012542725,
        10.563880920410156
    ],
    "tnr_0": [
        86.3941650390625,
        24.412569046020508
    ],
    "tnr_1": [
        77.65741729736328,
        24.076786041259766
    ],
    "nar_0": [
        10.764383316040039,
        17.88337516784668
    ],
    "nar_1": [
        19.23448944091797,
        17.471208572387695
    ]
}