{
    "cov": [
        79.94000244140625,
        4.201488018035889
    ],
    "acc": [
        78.5607681274414,
        2.7022061347961426
    ],
    "pos_0": [
        8.59879207611084,
        3.188774824142456
    ],
    "pos_1": [
        10.11174201965332,
        5.085729122161865
    ],
    "neg_0": [
        70.96011352539062,
        4.818715572357178
    ],
    "neg_1": [
        70.83673095703125,
        8.03380298614502
    ],
    "abs_0": [
        20.44110107421875,
        4.86729097366333
    ],
    "abs_1": [
        19.051525115966797,
        6.756191730499268
    ],
    "tpr_0": [
        19.324682235717773,
        7.481746673583984
    ],
    "tpr_1": [
        20.388975143432617,
        12.911377906799316
    ],
    "fnr_0": [
        45.4690055847168,
        6.5761494636535645
    ],
    "fnr_1": [
        48.45469284057617,
        14.933806419372559
    ],
    "par_0": [
        35.20631408691406,
        9.484307289123535
    ],
    "par_1": [
        31.156330108642578,
        12.068564414978027
    ],
    "fpr_0": [
        4.522252082824707,
        2.3735382556915283
    ],
    "fpr_1": [
        5.109428882598877,
        3.9920501708984375
    ],
    "tnr_0": [
        80.85710144042969,
        4.8612494468688965
    ],
    "tnr_1": [
        81.91817474365234,
        7.79591178894043
    ],
    "nar_0": [
        14.620641708374023,
        4.308257579803467
    ],
    "nar_1": [
        12.972399711608887,
        6.792079925537109
    ]
}