{
    "cov": [
        71.76000213623047,
        4.470085620880127
    ],
    "acc": [
        78.98102569580078,
        4.399236679077148
    ],
    "pos_0": [
        2.8587658405303955,
        2.6128921508789062
    ],
    "pos_1": [
        6.387671947479248,
        4.87812614440918
    ],
    "neg_0": [
        71.94025421142578,
        4.962469100952148
    ],
    "neg_1": [
        58.73919677734375,
        5.3651604652404785
    ],
    "abs_0": [
        25.20097541809082,
        4.866157531738281
    ],
    "abs_1": [
        34.873130798339844,
        7.438533782958984
    ],
    "tpr_0": [
        6.36271333694458,
        6.251400947570801
    ],
    "tpr_1": [
        12.735268592834473,
        8.851024627685547
    ],
    "fnr_0": [
        48.22901916503906,
        8.449516296386719
    ],
    "fnr_1": [
        34.90393829345703,
        10.517216682434082
    ],
    "par_0": [
        45.40827178955078,
        7.546581268310547
    ],
    "par_1": [
        52.36079025268555,
        14.917049407958984
    ],
    "fpr_0": [
        1.4712835550308228,
        1.6508389711380005
    ],
    "fpr_1": [
        2.6549768447875977,
        3.0655405521392822
    ],
    "tnr_0": [
        81.55320739746094,
        5.3094987869262695
    ],
    "tnr_1": [
        72.4532241821289,
        6.159390926361084
    ],
    "nar_0": [
        16.975505828857422,
        5.066603183746338
    ],
    "nar_1": [
        24.89179801940918,
        6.850365161895752
    ]
}