{
    "cov": [
        52.31999969482422,
        8.078882217407227
    ],
    "acc": [
        82.19509887695312,
        5.455581188201904
    ],
    "pos_0": [
        0.0,
        0.0
    ],
    "pos_1": [
        0.0,
        0.0
    ],
    "neg_0": [
        54.02212905883789,
        8.411373138427734
    ],
    "neg_1": [
        48.542869567871094,
        10.507574081420898
    ],
    "abs_0": [
        45.97787094116211,
        8.411373138427734
    ],
    "abs_1": [
        51.45712661743164,
        10.507574081420898
    ],
    "tpr_0": [
        0.0,
        0.0
    ],
    "tpr_1": [
        0.0,
        0.0
    ],
    "fnr_0": [
        30.59514617919922,
        9.3994722366333
    ],
    "fnr_1": [
        26.108583450317383,
        11.287598609924316
    ],
    "par_0": [
        69.40485382080078,
        9.399473190307617
    ],
    "par_1": [
        73.89141082763672,
        11.287598609924316
    ],
    "fpr_0": [
        0.0,
        0.0
    ],
    "fpr_1": [
        0.0,
        0.0
    ],
    "tnr_0": [
        63.698089599609375,
        10.627283096313477
    ],
    "tnr_1": [
        61.36607360839844,
        12.327452659606934
    ],
    "nar_0": [
        36.30190658569336,
        10.627284049987793
    ],
    "nar_1": [
        38.63392639160156,
        12.327452659606934
    ]
}