{
    "cov": [
        72.69999694824219,
        8.302861213684082
    ],
    "acc": [
        76.9649658203125,
        4.396961212158203
    ],
    "pos_0": [
        0.24489794671535492,
        1.2244898080825806
    ],
    "pos_1": [
        0.30188676714897156,
        1.5094338655471802
    ],
    "neg_0": [
        73.09121704101562,
        8.081647872924805
    ],
    "neg_1": [
        70.9885025024414,
        8.321613311767578
    ],
    "abs_0": [
        26.663881301879883,
        8.699557304382324
    ],
    "abs_1": [
        28.709606170654297,
        9.025919914245605
    ],
    "tpr_0": [
        0.23529410362243652,
        1.1764705181121826
    ],
    "tpr_1": [
        0.3333333134651184,
        1.6666666269302368
    ],
    "fnr_0": [
        53.11722183227539,
        13.761375427246094
    ],
    "fnr_1": [
        51.85515594482422,
        11.278014183044434
    ],
    "par_0": [
        46.64748001098633,
        14.421314239501953
    ],
    "par_1": [
        47.81150817871094,
        12.321981430053711
    ],
    "fpr_0": [
        0.24778760969638824,
        1.2389379739761353
    ],
    "fpr_1": [
        0.27586206793785095,
        1.3793103694915771
    ],
    "tnr_0": [
        81.39265441894531,
        6.601218223571777
    ],
    "tnr_1": [
        81.78761291503906,
        9.255423545837402
    ],
    "nar_0": [
        18.359556198120117,
        7.081542015075684
    ],
    "nar_1": [
        17.9365177154541,
        9.59619426727295
    ]
}