{
    "cov": [
        10.119999885559082,
        3.2922890186309814
    ],
    "acc": [
        87.29519653320312,
        7.639808177947998
    ],
    "pos_0": [
        0.4309040904045105,
        0.8809744715690613
    ],
    "pos_1": [
        1.0838713645935059,
        1.942991018295288
    ],
    "neg_0": [
        9.42462158203125,
        3.3792803287506104
    ],
    "neg_1": [
        9.904217720031738,
        4.906212329864502
    ],
    "abs_0": [
        90.14447021484375,
        3.620912790298462
    ],
    "abs_1": [
        89.01191711425781,
        5.3895673751831055
    ],
    "tpr_0": [
        0.645280659198761,
        1.394708275794983
    ],
    "tpr_1": [
        2.8528783321380615,
        4.734791278839111
    ],
    "fnr_0": [
        3.095316171646118,
        2.3859035968780518
    ],
    "fnr_1": [
        5.153655529022217,
        5.268548488616943
    ],
    "par_0": [
        96.25940704345703,
        3.0636284351348877
    ],
    "par_1": [
        91.99346923828125,
        6.986617565155029
    ],
    "fpr_0": [
        0.357543408870697,
        0.8585242629051208
    ],
    "fpr_1": [
        0.125,
        0.625
    ],
    "tnr_0": [
        11.893274307250977,
        4.383458137512207
    ],
    "tnr_1": [
        12.283559799194336,
        6.2213592529296875
    ],
    "nar_0": [
        87.74917602539062,
        4.474860668182373
    ],
    "nar_1": [
        87.59143829345703,
        6.4493184089660645
    ]
}