{
    "cov": [
        22.420000076293945,
        5.787342548370361
    ],
    "acc": [
        89.69046020507812,
        5.656365871429443
    ],
    "pos_0": [
        0.02985074371099472,
        0.1492537260055542
    ],
    "pos_1": [
        0.05714285746216774,
        0.2857142686843872
    ],
    "neg_0": [
        23.44331932067871,
        6.193419933319092
    ],
    "neg_1": [
        20.08061408996582,
        7.074204444885254
    ],
    "abs_0": [
        76.52682495117188,
        6.201155185699463
    ],
    "abs_1": [
        79.86223602294922,
        7.018978118896484
    ],
    "tpr_0": [
        0.09302324801683426,
        0.4651162624359131
    ],
    "tpr_1": [
        0.17391303181648254,
        0.8695651888847351
    ],
    "fnr_0": [
        6.972048282623291,
        3.8443350791931152
    ],
    "fnr_1": [
        8.149520874023438,
        7.667776107788086
    ],
    "par_0": [
        92.93492126464844,
        3.693789005279541
    ],
    "par_1": [
        91.67655944824219,
        7.627157211303711
    ],
    "fpr_0": [
        0.0,
        0.0
    ],
    "fpr_1": [
        0.0,
        0.0
    ],
    "tnr_0": [
        30.2766056060791,
        7.940223217010498
    ],
    "tnr_1": [
        27.008169174194336,
        9.4707612991333
    ],
    "nar_0": [
        69.723388671875,
        7.940223693847656
    ],
    "nar_1": [
        72.99182891845703,
        9.4707612991333
    ]
}