{
    "cov": [
        52.55999755859375,
        8.034197807312012
    ],
    "acc": [
        81.8980484008789,
        4.537734031677246
    ],
    "pos_0": [
        0.028169013559818268,
        0.14084507524967194
    ],
    "pos_1": [
        0.0,
        0.0
    ],
    "neg_0": [
        54.881595611572266,
        8.865007400512695
    ],
    "neg_1": [
        47.43865203857422,
        8.886521339416504
    ],
    "abs_0": [
        45.090232849121094,
        8.861621856689453
    ],
    "abs_1": [
        52.56134796142578,
        8.886521339416504
    ],
    "tpr_0": [
        0.08888889104127884,
        0.444444477558136
    ],
    "tpr_1": [
        0.0,
        0.0
    ],
    "fnr_0": [
        31.689105987548828,
        9.842411041259766
    ],
    "fnr_1": [
        26.816442489624023,
        8.137650489807129
    ],
    "par_0": [
        68.22200775146484,
        9.847007751464844
    ],
    "par_1": [
        73.18355560302734,
        8.137648582458496
    ],
    "fpr_0": [
        0.0,
        0.0
    ],
    "fpr_1": [
        0.0,
        0.0
    ],
    "tnr_0": [
        64.55751037597656,
        10.845941543579102
    ],
    "tnr_1": [
        59.256385803222656,
        10.269639015197754
    ],
    "nar_0": [
        35.442481994628906,
        10.845942497253418
    ],
    "nar_1": [
        40.743614196777344,
        10.269639015197754
    ]
}