{
    "cov": [
        53.91999816894531,
        5.330102920532227
    ],
    "acc": [
        84.03958129882812,
        4.693648338317871
    ],
    "pos_0": [
        0.8274140954017639,
        1.1791630983352661
    ],
    "pos_1": [
        1.6040186882019043,
        1.7356997728347778
    ],
    "neg_0": [
        54.70375442504883,
        6.1275177001953125
    ],
    "neg_1": [
        48.77817153930664,
        6.977924823760986
    ],
    "abs_0": [
        44.46882629394531,
        6.186225891113281
    ],
    "abs_1": [
        49.61780548095703,
        7.6070122718811035
    ],
    "tpr_0": [
        2.130141019821167,
        3.4800665378570557
    ],
    "tpr_1": [
        4.041975021362305,
        4.4319748878479
    ],
    "fnr_0": [
        27.8571720123291,
        10.539741516113281
    ],
    "fnr_1": [
        24.561307907104492,
        10.538005828857422
    ],
    "par_0": [
        70.01268768310547,
        10.948076248168945
    ],
    "par_1": [
        71.39671325683594,
        12.569910049438477
    ],
    "fpr_0": [
        0.2811219394207001,
        0.5412821173667908
    ],
    "fpr_1": [
        0.1111111044883728,
        0.555555522441864
    ],
    "tnr_0": [
        65.78424072265625,
        6.3517842292785645
    ],
    "tnr_1": [
        62.81596374511719,
        7.145246505737305
    ],
    "nar_0": [
        33.93463134765625,
        6.3685994148254395
    ],
    "nar_1": [
        37.07291793823242,
        7.002823352813721
    ]
}