{
    "cov": [
        59.87999725341797,
        4.835373401641846
    ],
    "acc": [
        82.06156158447266,
        3.7788991928100586
    ],
    "pos_0": [
        1.4027093648910522,
        1.6792042255401611
    ],
    "pos_1": [
        3.938076972961426,
        3.7769558429718018
    ],
    "neg_0": [
        61.57130813598633,
        5.147677898406982
    ],
    "neg_1": [
        49.28743362426758,
        5.177639007568359
    ],
    "abs_0": [
        37.02598190307617,
        5.472269535064697
    ],
    "abs_1": [
        46.77448272705078,
        7.375062942504883
    ],
    "tpr_0": [
        3.4439921379089355,
        4.7067179679870605
    ],
    "tpr_1": [
        8.232306480407715,
        7.421695709228516
    ],
    "fnr_0": [
        35.965362548828125,
        9.440729141235352
    ],
    "fnr_1": [
        24.72148895263672,
        6.238465785980225
    ],
    "par_0": [
        60.59064483642578,
        10.820463180541992
    ],
    "par_1": [
        67.04619598388672,
        8.94363021850586
    ],
    "fpr_0": [
        0.6322025060653687,
        1.0029222965240479
    ],
    "fpr_1": [
        1.4460887908935547,
        2.0665512084960938
    ],
    "tnr_0": [
        72.09156036376953,
        4.813547611236572
    ],
    "tnr_1": [
        63.55073928833008,
        7.808446407318115
    ],
    "nar_0": [
        27.276235580444336,
        4.793195724487305
    ],
    "nar_1": [
        35.003170013427734,
        8.72292423248291
    ]
}