{
    "cov": [
        71.47999572753906,
        5.688951015472412
    ],
    "acc": [
        77.43547821044922,
        4.531219005584717
    ],
    "pos_0": [
        0.08275861293077469,
        0.41379308700561523
    ],
    "pos_1": [
        0.0,
        0.0
    ],
    "neg_0": [
        72.2017593383789,
        5.945583343505859
    ],
    "neg_1": [
        69.68189239501953,
        7.119588375091553
    ],
    "abs_0": [
        27.715484619140625,
        6.071713447570801
    ],
    "abs_1": [
        30.31810760498047,
        7.1195902824401855
    ],
    "tpr_0": [
        0.1904761791229248,
        0.9523810148239136
    ],
    "tpr_1": [
        0.0,
        0.0
    ],
    "fnr_0": [
        51.331878662109375,
        9.388786315917969
    ],
    "fnr_1": [
        49.39016342163086,
        11.230607032775879
    ],
    "par_0": [
        48.47764587402344,
        9.607658386230469
    ],
    "par_1": [
        50.609832763671875,
        11.230607986450195
    ],
    "fpr_0": [
        0.03883495181798935,
        0.19417475163936615
    ],
    "fpr_1": [
        0.0,
        0.0
    ],
    "tnr_0": [
        80.63553619384766,
        6.119544982910156
    ],
    "tnr_1": [
        81.38105773925781,
        6.694091796875
    ],
    "nar_0": [
        19.32562828063965,
        6.173381328582764
    ],
    "nar_1": [
        18.618942260742188,
        6.694092273712158
    ]
}