{
    "cov": [
        57.41999816894531,
        4.074002742767334
    ],
    "acc": [
        82.68523406982422,
        4.853926181793213
    ],
    "pos_0": [
        0.0,
        0.0
    ],
    "pos_1": [
        0.0,
        0.0
    ],
    "neg_0": [
        59.36109161376953,
        5.600751876831055
    ],
    "neg_1": [
        53.172943115234375,
        5.53953742980957
    ],
    "abs_0": [
        40.6389045715332,
        5.600752353668213
    ],
    "abs_1": [
        46.82705307006836,
        5.53953742980957
    ],
    "tpr_0": [
        0.0,
        0.0
    ],
    "tpr_1": [
        0.0,
        0.0
    ],
    "fnr_0": [
        32.6807861328125,
        9.105064392089844
    ],
    "fnr_1": [
        28.21444320678711,
        9.05894660949707
    ],
    "par_0": [
        67.31920623779297,
        9.105063438415527
    ],
    "par_1": [
        71.78555297851562,
        9.058945655822754
    ],
    "fpr_0": [
        0.0,
        0.0
    ],
    "fpr_1": [
        0.0,
        0.0
    ],
    "tnr_0": [
        70.26260375976562,
        6.452348709106445
    ],
    "tnr_1": [
        67.61725616455078,
        7.188034534454346
    ],
    "nar_0": [
        29.73739242553711,
        6.452347755432129
    ],
    "nar_1": [
        32.38274383544922,
        7.188033580780029
    ]
}