{
    "cov": [
        27.399999618530273,
        5.117372512817383
    ],
    "acc": [
        88.79901885986328,
        5.993503570556641
    ],
    "pos_0": [
        0.14826104044914246,
        0.3027793765068054
    ],
    "pos_1": [
        0.1274981051683426,
        0.4422485828399658
    ],
    "neg_0": [
        28.757144927978516,
        5.17945671081543
    ],
    "neg_1": [
        24.122987747192383,
        7.640665054321289
    ],
    "abs_0": [
        71.09458923339844,
        5.269958972930908
    ],
    "abs_1": [
        75.74951171875,
        7.715259075164795
    ],
    "tpr_0": [
        0.44724544882774353,
        0.9139522314071655
    ],
    "tpr_1": [
        0.3317384123802185,
        1.1925517320632935
    ],
    "fnr_0": [
        10.04430866241455,
        6.2858123779296875
    ],
    "fnr_1": [
        9.485556602478027,
        7.844656467437744
    ],
    "par_0": [
        89.5084457397461,
        6.541652679443359
    ],
    "par_1": [
        90.18270111083984,
        7.908203601837158
    ],
    "fpr_0": [
        0.0,
        0.0
    ],
    "fpr_1": [
        0.0,
        0.0
    ],
    "tnr_0": [
        36.42182159423828,
        6.1028218269348145
    ],
    "tnr_1": [
        32.56305694580078,
        9.625494956970215
    ],
    "nar_0": [
        63.578182220458984,
        6.102823257446289
    ],
    "nar_1": [
        67.43693542480469,
        9.625495910644531
    ]
}