{
    "cov": [
        84.55999755859375,
        22.366884231567383
    ],
    "acc": [
        70.0723648071289,
        4.931974411010742
    ],
    "pos_0": [
        1.5138661861419678,
        2.1024069786071777
    ],
    "pos_1": [
        2.7093498706817627,
        4.799348831176758
    ],
    "neg_0": [
        85.48053741455078,
        24.926401138305664
    ],
    "neg_1": [
        76.4464340209961,
        20.65264129638672
    ],
    "abs_0": [
        13.005599021911621,
        23.643953323364258
    ],
    "abs_1": [
        20.844213485717773,
        20.747638702392578
    ],
    "tpr_0": [
        2.4494240283966064,
        3.443411350250244
    ],
    "tpr_1": [
        5.101984977722168,
        8.843361854553223
    ],
    "fnr_0": [
        79.2385025024414,
        25.471712112426758
    ],
    "fnr_1": [
        66.12126159667969,
        21.65919303894043
    ],
    "par_0": [
        18.31207275390625,
        24.785566329956055
    ],
    "par_1": [
        28.77674674987793,
        22.520261764526367
    ],
    "fpr_0": [
        1.1081509590148926,
        1.7827473878860474
    ],
    "fpr_1": [
        1.228511929512024,
        2.527920961380005
    ],
    "tnr_0": [
        88.14439392089844,
        25.225189208984375
    ],
    "tnr_1": [
        82.5859375,
        21.436304092407227
    ],
    "nar_0": [
        10.747458457946777,
        23.761520385742188
    ],
    "nar_1": [
        16.185550689697266,
        21.263830184936523
    ]
}