{
    "cov": [
        14.34000015258789,
        6.72482967376709
    ],
    "acc": [
        88.76824951171875,
        7.16439151763916
    ],
    "pos_0": [
        0.0,
        0.0
    ],
    "pos_1": [
        0.0,
        0.0
    ],
    "neg_0": [
        14.354981422424316,
        6.681259632110596
    ],
    "neg_1": [
        14.402692794799805,
        8.015328407287598
    ],
    "abs_0": [
        85.64501953125,
        6.681259632110596
    ],
    "abs_1": [
        85.59730529785156,
        8.015329360961914
    ],
    "tpr_0": [
        0.0,
        0.0
    ],
    "tpr_1": [
        0.0,
        0.0
    ],
    "fnr_0": [
        4.320554256439209,
        3.5421156883239746
    ],
    "fnr_1": [
        7.016533851623535,
        5.463077068328857
    ],
    "par_0": [
        95.679443359375,
        3.5421173572540283
    ],
    "par_1": [
        92.98346710205078,
        5.463076114654541
    ],
    "fpr_0": [
        0.0,
        0.0
    ],
    "fpr_1": [
        0.0,
        0.0
    ],
    "tnr_0": [
        18.526996612548828,
        8.643219947814941
    ],
    "tnr_1": [
        18.835155487060547,
        10.278557777404785
    ],
    "nar_0": [
        81.4729995727539,
        8.643219947814941
    ],
    "nar_1": [
        81.16484069824219,
        10.278558731079102
    ]
}