{
    "cov": [
        57.05999755859375,
        4.505366802215576
    ],
    "acc": [
        82.95005798339844,
        4.251545429229736
    ],
    "pos_0": [
        1.062288522720337,
        1.3423640727996826
    ],
    "pos_1": [
        1.921785831451416,
        2.366158962249756
    ],
    "neg_0": [
        57.60804748535156,
        4.9893012046813965
    ],
    "neg_1": [
        51.59895324707031,
        7.694203853607178
    ],
    "abs_0": [
        41.32966613769531,
        4.869919776916504
    ],
    "abs_1": [
        46.47926330566406,
        8.336124420166016
    ],
    "tpr_0": [
        2.4455926418304443,
        3.2074573040008545
    ],
    "tpr_1": [
        4.159985065460205,
        4.6478962898254395
    ],
    "fnr_0": [
        31.268720626831055,
        8.188230514526367
    ],
    "fnr_1": [
        26.17632484436035,
        9.757099151611328
    ],
    "par_0": [
        66.28568267822266,
        8.851746559143066
    ],
    "par_1": [
        69.66368865966797,
        11.06940746307373
    ],
    "fpr_0": [
        0.49232691526412964,
        0.7821292281150818
    ],
    "fpr_1": [
        0.5779054760932922,
        1.2754956483840942
    ],
    "tnr_0": [
        68.44400024414062,
        5.44989013671875
    ],
    "tnr_1": [
        66.28099822998047,
        8.5838041305542
    ],
    "nar_0": [
        31.063671112060547,
        5.329859256744385
    ],
    "nar_1": [
        33.14109420776367,
        9.028450965881348
    ]
}