{
    "cov": [
        92.16000366210938,
        2.5687220096588135
    ],
    "acc": [
        75.71214294433594,
        2.6923210620880127
    ],
    "pos_0": [
        13.309460639953613,
        4.451250076293945
    ],
    "pos_1": [
        12.660958290100098,
        5.796491622924805
    ],
    "neg_0": [
        78.92664337158203,
        4.305029392242432
    ],
    "neg_1": [
        79.4142074584961,
        6.5504608154296875
    ],
    "abs_0": [
        7.763891220092773,
        3.0806069374084473
    ],
    "abs_1": [
        7.924832820892334,
        3.691239833831787
    ],
    "tpr_0": [
        29.220046997070312,
        8.983908653259277
    ],
    "tpr_1": [
        24.87773895263672,
        13.662935256958008
    ],
    "fnr_0": [
        57.74754333496094,
        6.198709011077881
    ],
    "fnr_1": [
        59.12238693237305,
        15.0797758102417
    ],
    "par_0": [
        13.03240966796875,
        7.077361583709717
    ],
    "par_1": [
        15.999881744384766,
        7.619987964630127
    ],
    "fpr_0": [
        7.308294773101807,
        3.627696990966797
    ],
    "fpr_1": [
        6.639448165893555,
        5.065981388092041
    ],
    "tnr_0": [
        87.10595703125,
        4.336056709289551
    ],
    "tnr_1": [
        89.34454345703125,
        5.250533580780029
    ],
    "nar_0": [
        5.585745811462402,
        2.6060540676116943
    ],
    "nar_1": [
        4.01602029800415,
        2.921783447265625
    ]
}