{
    "cov": [
        61.57999801635742,
        3.6818246841430664
    ],
    "acc": [
        81.33683776855469,
        4.715754508972168
    ],
    "pos_0": [
        1.2561626434326172,
        1.5196512937545776
    ],
    "pos_1": [
        2.5397627353668213,
        3.27671480178833
    ],
    "neg_0": [
        62.357215881347656,
        4.318324089050293
    ],
    "neg_1": [
        54.588504791259766,
        4.14510440826416
    ],
    "abs_0": [
        36.386619567871094,
        4.525094509124756
    ],
    "abs_1": [
        42.87173080444336,
        5.748956203460693
    ],
    "tpr_0": [
        2.884345054626465,
        3.6143224239349365
    ],
    "tpr_1": [
        4.817877292633057,
        6.288204669952393
    ],
    "fnr_0": [
        36.726322174072266,
        8.16912841796875
    ],
    "fnr_1": [
        30.72734832763672,
        8.598645210266113
    ],
    "par_0": [
        60.38933563232422,
        9.295974731445312
    ],
    "par_1": [
        64.45477294921875,
        12.7341890335083
    ],
    "fpr_0": [
        0.5817090272903442,
        0.9443765878677368
    ],
    "fpr_1": [
        1.0793285369873047,
        1.916314721107483
    ],
    "tnr_0": [
        72.87454986572266,
        4.947676181793213
    ],
    "tnr_1": [
        68.27763366699219,
        5.7046589851379395
    ],
    "nar_0": [
        26.543737411499023,
        4.9333109855651855
    ],
    "nar_1": [
        30.64303970336914,
        6.151759624481201
    ]
}