{
    "cov": [
        58.8599967956543,
        5.772636413574219
    ],
    "acc": [
        82.20693969726562,
        3.4830408096313477
    ],
    "pos_0": [
        1.0248234272003174,
        1.7912063598632812
    ],
    "pos_1": [
        1.1898925304412842,
        2.14221453666687
    ],
    "neg_0": [
        59.12961959838867,
        6.344684600830078
    ],
    "neg_1": [
        54.82926559448242,
        6.340976238250732
    ],
    "abs_0": [
        39.84555435180664,
        6.8586745262146
    ],
    "abs_1": [
        43.98084259033203,
        6.559326171875
    ],
    "tpr_0": [
        2.0418548583984375,
        4.373129844665527
    ],
    "tpr_1": [
        2.879265785217285,
        5.363539218902588
    ],
    "fnr_0": [
        32.228538513183594,
        8.166248321533203
    ],
    "fnr_1": [
        30.900800704956055,
        8.240612030029297
    ],
    "par_0": [
        65.72960662841797,
        9.359945297241211
    ],
    "par_1": [
        66.21993255615234,
        9.129880905151367
    ],
    "fpr_0": [
        0.6408942341804504,
        1.1380739212036133
    ],
    "fpr_1": [
        0.29145556688308716,
        0.8110759258270264
    ],
    "tnr_0": [
        70.21595001220703,
        6.142554759979248
    ],
    "tnr_1": [
        68.57421112060547,
        8.430970191955566
    ],
    "nar_0": [
        29.14315414428711,
        6.246801376342773
    ],
    "nar_1": [
        31.13433074951172,
        8.358701705932617
    ]
}