{
    "cov": [
        46.03999710083008,
        5.942291736602783
    ],
    "acc": [
        85.65325164794922,
        5.429973602294922
    ],
    "pos_0": [
        0.6736384630203247,
        1.1764627695083618
    ],
    "pos_1": [
        1.5203977823257446,
        1.763628602027893
    ],
    "neg_0": [
        46.65591049194336,
        6.758727550506592
    ],
    "neg_1": [
        41.79370880126953,
        6.664838790893555
    ],
    "abs_0": [
        52.670448303222656,
        6.926759243011475
    ],
    "abs_1": [
        56.68589401245117,
        7.401713848114014
    ],
    "tpr_0": [
        1.6946690082550049,
        3.074425220489502
    ],
    "tpr_1": [
        3.3000946044921875,
        3.73856520652771
    ],
    "fnr_0": [
        21.46920394897461,
        9.969576835632324
    ],
    "fnr_1": [
        18.185667037963867,
        8.777519226074219
    ],
    "par_0": [
        76.83612060546875,
        10.277596473693848
    ],
    "par_1": [
        78.51423645019531,
        11.272624015808105
    ],
    "fpr_0": [
        0.28482046723365784,
        0.6180195808410645
    ],
    "fpr_1": [
        0.4325612187385559,
        1.0322308540344238
    ],
    "tnr_0": [
        57.072078704833984,
        7.4187912940979
    ],
    "tnr_1": [
        55.35792922973633,
        7.984342575073242
    ],
    "nar_0": [
        42.64310073852539,
        7.546642780303955
    ],
    "nar_1": [
        44.209510803222656,
        8.186820983886719
    ]
}