{
    "cov": [
        58.39999771118164,
        4.7543840408325195
    ],
    "acc": [
        82.2376708984375,
        4.165441989898682
    ],
    "pos_0": [
        1.392274022102356,
        1.2662513256072998
    ],
    "pos_1": [
        4.122401714324951,
        3.287290334701538
    ],
    "neg_0": [
        60.10992431640625,
        5.535314083099365
    ],
    "neg_1": [
        47.58902359008789,
        6.43674898147583
    ],
    "abs_0": [
        38.49779510498047,
        5.465179443359375
    ],
    "abs_1": [
        48.28857421875,
        6.729062080383301
    ],
    "tpr_0": [
        3.570448160171509,
        3.908865451812744
    ],
    "tpr_1": [
        8.924287796020508,
        6.055312156677246
    ],
    "fnr_0": [
        35.175636291503906,
        9.076591491699219
    ],
    "fnr_1": [
        23.66086769104004,
        7.331741809844971
    ],
    "par_0": [
        61.25391387939453,
        9.281631469726562
    ],
    "par_1": [
        67.41484069824219,
        10.4147367477417
    ],
    "fpr_0": [
        0.5107963681221008,
        0.8820421099662781
    ],
    "fpr_1": [
        1.2794562578201294,
        1.7977244853973389
    ],
    "tnr_0": [
        70.38558197021484,
        6.0761237144470215
    ],
    "tnr_1": [
        61.479549407958984,
        8.657293319702148
    ],
    "nar_0": [
        29.103628158569336,
        5.995544910430908
    ],
    "nar_1": [
        37.240989685058594,
        8.368825912475586
    ]
}