{
    "cov": [
        72.5,
        4.267122268676758
    ],
    "acc": [
        78.62515258789062,
        4.512750625610352
    ],
    "pos_0": [
        2.1290853023529053,
        2.1539740562438965
    ],
    "pos_1": [
        4.276190280914307,
        3.7968640327453613
    ],
    "neg_0": [
        73.0228271484375,
        6.147340297698975
    ],
    "neg_1": [
        62.35678482055664,
        7.53167200088501
    ],
    "abs_0": [
        24.84809112548828,
        5.3283162117004395
    ],
    "abs_1": [
        33.36701965332031,
        7.471370697021484
    ],
    "tpr_0": [
        5.3836669921875,
        5.92446756362915
    ],
    "tpr_1": [
        9.020621299743652,
        7.714090824127197
    ],
    "fnr_0": [
        50.46108627319336,
        11.867716789245605
    ],
    "fnr_1": [
        39.54668426513672,
        9.989076614379883
    ],
    "par_0": [
        44.155242919921875,
        11.00955581665039
    ],
    "par_1": [
        51.43269348144531,
        10.943117141723633
    ],
    "fpr_0": [
        0.8209785223007202,
        1.3765499591827393
    ],
    "fpr_1": [
        1.5814385414123535,
        2.3268961906433105
    ],
    "tnr_0": [
        82.20050811767578,
        5.801868915557861
    ],
    "tnr_1": [
        75.58480072021484,
        8.394433975219727
    ],
    "nar_0": [
        16.97850799560547,
        5.44061279296875
    ],
    "nar_1": [
        22.833759307861328,
        7.73079252243042
    ]
}