{
    "cov": [
        8.420000076293945,
        3.0641746520996094
    ],
    "acc": [
        86.16435241699219,
        9.09310245513916
    ],
    "pos_0": [
        0.45454084873199463,
        0.9378690719604492
    ],
    "pos_1": [
        0.7086238861083984,
        1.0408527851104736
    ],
    "neg_0": [
        7.684262752532959,
        3.209587574005127
    ],
    "neg_1": [
        8.569375991821289,
        4.528626441955566
    ],
    "abs_0": [
        91.86119079589844,
        3.532224178314209
    ],
    "abs_1": [
        90.72200012207031,
        4.45855712890625
    ],
    "tpr_0": [
        0.608806312084198,
        1.5089114904403687
    ],
    "tpr_1": [
        1.876051664352417,
        3.0577468872070312
    ],
    "fnr_0": [
        2.493525505065918,
        2.3332459926605225
    ],
    "fnr_1": [
        4.521432876586914,
        4.836159706115723
    ],
    "par_0": [
        96.89766693115234,
        2.4666590690612793
    ],
    "par_1": [
        93.6025161743164,
        6.203210353851318
    ],
    "fpr_0": [
        0.3942406475543976,
        0.8622041344642639
    ],
    "fpr_1": [
        0.11428571492433548,
        0.5714285969734192
    ],
    "tnr_0": [
        9.731401443481445,
        4.250335216522217
    ],
    "tnr_1": [
        10.497541427612305,
        5.812916278839111
    ],
    "nar_0": [
        89.87435913085938,
        4.460832595825195
    ],
    "nar_1": [
        89.38817596435547,
        5.859880447387695
    ]
}