{
    "cov": [
        42.119998931884766,
        5.560800075531006
    ],
    "acc": [
        85.82552337646484,
        4.39457893371582
    ],
    "pos_0": [
        0.35157912969589233,
        0.5219783782958984
    ],
    "pos_1": [
        0.6661471128463745,
        1.0518661737442017
    ],
    "neg_0": [
        41.74738311767578,
        5.827103614807129
    ],
    "neg_1": [
        41.57441329956055,
        7.18413782119751
    ],
    "abs_0": [
        57.901039123535156,
        5.96976375579834
    ],
    "abs_1": [
        57.75944137573242,
        7.344493389129639
    ],
    "tpr_0": [
        0.6841963529586792,
        1.337002158164978
    ],
    "tpr_1": [
        1.7781132459640503,
        2.8600871562957764
    ],
    "fnr_0": [
        17.58554458618164,
        6.277055263519287
    ],
    "fnr_1": [
        19.66414451599121,
        7.6663007736206055
    ],
    "par_0": [
        81.73025512695312,
        6.504185199737549
    ],
    "par_1": [
        78.55773162841797,
        7.809313774108887
    ],
    "fpr_0": [
        0.2101685255765915,
        0.4302588999271393
    ],
    "fpr_1": [
        0.0,
        0.0
    ],
    "tnr_0": [
        51.79026412963867,
        7.628888130187988
    ],
    "tnr_1": [
        54.205223083496094,
        9.46130657196045
    ],
    "nar_0": [
        47.99956512451172,
        7.734994888305664
    ],
    "nar_1": [
        45.79477310180664,
        9.46130657196045
    ]
}