{
    "cov": [
        82.72000122070312,
        3.875886917114258
    ],
    "acc": [
        78.05572509765625,
        2.3347270488739014
    ],
    "pos_0": [
        9.630586624145508,
        3.5731098651885986
    ],
    "pos_1": [
        10.388955116271973,
        5.344820976257324
    ],
    "neg_0": [
        72.8813705444336,
        4.940184593200684
    ],
    "neg_1": [
        72.93822479248047,
        7.3484673500061035
    ],
    "abs_0": [
        17.48804473876953,
        4.432412147521973
    ],
    "abs_1": [
        16.672819137573242,
        6.1621856689453125
    ],
    "tpr_0": [
        21.569360733032227,
        7.719419002532959
    ],
    "tpr_1": [
        20.579450607299805,
        12.998771667480469
    ],
    "fnr_0": [
        47.83892059326172,
        7.35930871963501
    ],
    "fnr_1": [
        50.641082763671875,
        15.515463829040527
    ],
    "par_0": [
        30.591720581054688,
        9.550713539123535
    ],
    "par_1": [
        28.779462814331055,
        11.917262077331543
    ],
    "fpr_0": [
        5.085239410400391,
        2.7620935440063477
    ],
    "fpr_1": [
        5.417515754699707,
        3.9303171634674072
    ],
    "tnr_0": [
        82.6316146850586,
        4.827621936798096
    ],
    "tnr_1": [
        84.09294891357422,
        6.49153995513916
    ],
    "nar_0": [
        12.283146858215332,
        3.8024539947509766
    ],
    "nar_1": [
        10.489533424377441,
        5.288326740264893
    ]
}