{
    "cov": [
        36.2599983215332,
        6.226823806762695
    ],
    "acc": [
        87.5654067993164,
        5.97681188583374
    ],
    "pos_0": [
        0.2928849756717682,
        0.5952797532081604
    ],
    "pos_1": [
        0.9010802507400513,
        1.5138319730758667
    ],
    "neg_0": [
        37.249534606933594,
        6.742447376251221
    ],
    "neg_1": [
        32.58510208129883,
        6.851784706115723
    ],
    "abs_0": [
        62.457576751708984,
        7.069995403289795
    ],
    "abs_1": [
        66.51380920410156,
        7.508812427520752
    ],
    "tpr_0": [
        0.6541470885276794,
        1.4492701292037964
    ],
    "tpr_1": [
        2.06787371635437,
        3.610356330871582
    ],
    "fnr_0": [
        14.41011905670166,
        8.430448532104492
    ],
    "fnr_1": [
        13.389628410339355,
        8.190658569335938
    ],
    "par_0": [
        84.93572235107422,
        9.44786548614502
    ],
    "par_1": [
        84.54249572753906,
        9.475794792175293
    ],
    "fpr_0": [
        0.1260090172290802,
        0.34920287132263184
    ],
    "fpr_1": [
        0.22303740680217743,
        0.7951388359069824
    ],
    "tnr_0": [
        46.64735412597656,
        7.352694511413574
    ],
    "tnr_1": [
        43.52344512939453,
        8.832856178283691
    ],
    "nar_0": [
        53.22663497924805,
        7.451826095581055
    ],
    "nar_1": [
        56.25351333618164,
        8.96988582611084
    ]
}