{
    "cov": [
        19.18000030517578,
        5.4215617179870605
    ],
    "acc": [
        90.26516723632812,
        5.602463722229004
    ],
    "pos_0": [
        0.0,
        0.0
    ],
    "pos_1": [
        0.06779661029577255,
        0.33898305892944336
    ],
    "neg_0": [
        20.455432891845703,
        5.686966896057129
    ],
    "neg_1": [
        16.352075576782227,
        6.31298303604126
    ],
    "abs_0": [
        79.54456329345703,
        5.6869659423828125
    ],
    "abs_1": [
        83.58012390136719,
        6.271747589111328
    ],
    "tpr_0": [
        0.0,
        0.0
    ],
    "tpr_1": [
        0.1666666567325592,
        0.8333333134651184
    ],
    "fnr_0": [
        5.267750263214111,
        3.530184030532837
    ],
    "fnr_1": [
        7.366024017333984,
        6.583463668823242
    ],
    "par_0": [
        94.73224639892578,
        3.530184507369995
    ],
    "par_1": [
        92.46730041503906,
        6.551758766174316
    ],
    "fpr_0": [
        0.0,
        0.0
    ],
    "fpr_1": [
        0.0,
        0.0
    ],
    "tnr_0": [
        26.828563690185547,
        7.531258583068848
    ],
    "tnr_1": [
        21.615829467773438,
        7.894482135772705
    ],
    "nar_0": [
        73.17143249511719,
        7.531257152557373
    ],
    "nar_1": [
        78.38417053222656,
        7.894481182098389
    ]
}