{
    "cov": [
        46.34000015258789,
        4.834166526794434
    ],
    "acc": [
        85.56349182128906,
        5.350137710571289
    ],
    "pos_0": [
        0.5174561738967896,
        0.6784483194351196
    ],
    "pos_1": [
        0.9138254523277283,
        1.341442584991455
    ],
    "neg_0": [
        46.623573303222656,
        5.908478260040283
    ],
    "neg_1": [
        43.6813850402832,
        7.015951633453369
    ],
    "abs_0": [
        52.85896301269531,
        6.001613616943359
    ],
    "abs_1": [
        55.40478515625,
        7.2160139083862305
    ],
    "tpr_0": [
        1.0852004289627075,
        1.7533334493637085
    ],
    "tpr_1": [
        2.2387325763702393,
        3.2917277812957764
    ],
    "fnr_0": [
        20.98431396484375,
        9.261117935180664
    ],
    "fnr_1": [
        20.162799835205078,
        8.80603313446045
    ],
    "par_0": [
        77.93048095703125,
        9.643427848815918
    ],
    "par_1": [
        77.59846496582031,
        9.680769920349121
    ],
    "fpr_0": [
        0.28708040714263916,
        0.5494731068611145
    ],
    "fpr_1": [
        0.1111111044883728,
        0.555555522441864
    ],
    "tnr_0": [
        57.17649459838867,
        6.608850955963135
    ],
    "tnr_1": [
        57.33051300048828,
        8.182143211364746
    ],
    "nar_0": [
        42.53642654418945,
        6.643517971038818
    ],
    "nar_1": [
        42.55837631225586,
        8.136476516723633
    ]
}