{
    "cov": [
        36.20000076293945,
        5.8470072746276855
    ],
    "acc": [
        87.32872772216797,
        6.262672424316406
    ],
    "pos_0": [
        0.23639307916164398,
        0.5541842579841614
    ],
    "pos_1": [
        1.0157939195632935,
        1.363442063331604
    ],
    "neg_0": [
        39.10694885253906,
        5.662802219390869
    ],
    "neg_1": [
        28.49047088623047,
        8.31743335723877
    ],
    "abs_0": [
        60.65665817260742,
        5.824799060821533
    ],
    "abs_1": [
        70.49372863769531,
        8.455293655395508
    ],
    "tpr_0": [
        0.6584969162940979,
        1.7816531658172607
    ],
    "tpr_1": [
        2.4261088371276855,
        3.4730281829833984
    ],
    "fnr_0": [
        15.666427612304688,
        9.78631591796875
    ],
    "fnr_1": [
        12.56887435913086,
        7.804843902587891
    ],
    "par_0": [
        83.67507934570312,
        10.595134735107422
    ],
    "par_1": [
        85.00502014160156,
        8.482805252075195
    ],
    "fpr_0": [
        0.07843136787414551,
        0.3921568691730499
    ],
    "fpr_1": [
        0.1702127605676651,
        0.5891222357749939
    ],
    "tnr_0": [
        48.77516555786133,
        5.819647312164307
    ],
    "tnr_1": [
        37.751220703125,
        11.113115310668945
    ],
    "nar_0": [
        51.14640426635742,
        5.849975109100342
    ],
    "nar_1": [
        62.07856369018555,
        11.120476722717285
    ]
}