{
    "cov": [
        92.27999877929688,
        3.8624258041381836
    ],
    "acc": [
        71.56485748291016,
        4.073059558868408
    ],
    "pos_0": [
        1.197214126586914,
        1.7768932580947876
    ],
    "pos_1": [
        2.6138336658477783,
        3.3629708290100098
    ],
    "neg_0": [
        91.74562072753906,
        4.612478733062744
    ],
    "neg_1": [
        88.10086822509766,
        5.5313591957092285
    ],
    "abs_0": [
        7.057157039642334,
        4.243890285491943
    ],
    "abs_1": [
        9.285303115844727,
        5.551039695739746
    ],
    "tpr_0": [
        2.734356641769409,
        4.313276767730713
    ],
    "tpr_1": [
        5.960100173950195,
        8.040753364562988
    ],
    "fnr_0": [
        83.3882827758789,
        8.953648567199707
    ],
    "fnr_1": [
        77.69436645507812,
        10.732589721679688
    ],
    "par_0": [
        13.877360343933105,
        8.72165298461914
    ],
    "par_1": [
        16.345531463623047,
        10.685656547546387
    ],
    "fpr_0": [
        0.5611096024513245,
        1.0540107488632202
    ],
    "fpr_1": [
        0.7775413393974304,
        1.9120489358901978
    ],
    "tnr_0": [
        95.06937408447266,
        3.5504379272460938
    ],
    "tnr_1": [
        94.08865356445312,
        3.83960223197937
    ],
    "nar_0": [
        4.369521141052246,
        2.9557712078094482
    ],
    "nar_1": [
        5.133808612823486,
        4.0233941078186035
    ]
}