{
    "cov": [
        66.91999816894531,
        4.593202114105225
    ],
    "acc": [
        80.6333999633789,
        4.1639275550842285
    ],
    "pos_0": [
        1.5971044301986694,
        1.720015287399292
    ],
    "pos_1": [
        2.507862091064453,
        2.38728666305542
    ],
    "neg_0": [
        67.06541442871094,
        5.613582134246826
    ],
    "neg_1": [
        60.50140380859375,
        6.259599685668945
    ],
    "abs_0": [
        31.337480545043945,
        5.268797397613525
    ],
    "abs_1": [
        36.99073028564453,
        6.17167854309082
    ],
    "tpr_0": [
        4.039413928985596,
        5.140323162078857
    ],
    "tpr_1": [
        5.768721103668213,
        6.077898025512695
    ],
    "fnr_0": [
        42.06066131591797,
        9.693330764770508
    ],
    "fnr_1": [
        35.09040451049805,
        9.279797554016113
    ],
    "par_0": [
        53.899925231933594,
        8.88011646270752
    ],
    "par_1": [
        59.140872955322266,
        8.863057136535645
    ],
    "fpr_0": [
        0.6129123568534851,
        0.9297903776168823
    ],
    "fpr_1": [
        0.5048895478248596,
        1.3104887008666992
    ],
    "tnr_0": [
        77.31328582763672,
        5.708487033843994
    ],
    "tnr_1": [
        75.32721710205078,
        6.578035831451416
    ],
    "nar_0": [
        22.073793411254883,
        5.647662162780762
    ],
    "nar_1": [
        24.167890548706055,
        6.58091402053833
    ]
}