{
    "cov": [
        4.440000057220459,
        5.792092323303223
    ],
    "acc": [
        71.48701477050781,
        41.787086486816406
    ],
    "pos_0": [
        0.0,
        0.0
    ],
    "pos_1": [
        0.0,
        0.0
    ],
    "neg_0": [
        5.140905857086182,
        6.71907377243042
    ],
    "neg_1": [
        2.9538323879241943,
        4.264776229858398
    ],
    "abs_0": [
        94.85910034179688,
        6.71907377243042
    ],
    "abs_1": [
        97.04617309570312,
        4.264777660369873
    ],
    "tpr_0": [
        0.0,
        0.0
    ],
    "tpr_1": [
        0.0,
        0.0
    ],
    "fnr_0": [
        1.206982135772705,
        2.8829431533813477
    ],
    "fnr_1": [
        0.8071793913841248,
        2.0127370357513428
    ],
    "par_0": [
        98.79301452636719,
        2.882944345474243
    ],
    "par_1": [
        99.19281768798828,
        2.0127365589141846
    ],
    "fpr_0": [
        0.0,
        0.0
    ],
    "fpr_1": [
        0.0,
        0.0
    ],
    "tnr_0": [
        6.799411296844482,
        8.824528694152832
    ],
    "tnr_1": [
        4.08257532119751,
        6.000401020050049
    ],
    "nar_0": [
        93.2005844116211,
        8.824529647827148
    ],
    "nar_1": [
        95.91741943359375,
        6.000402927398682
    ]
}