{
    "cov": [
        4.820000171661377,
        1.870160460472107
    ],
    "acc": [
        85.31124877929688,
        14.21337604522705
    ],
    "pos_0": [
        0.16898755729198456,
        0.30735543370246887
    ],
    "pos_1": [
        0.9486238956451416,
        1.472773790359497
    ],
    "neg_0": [
        4.052515029907227,
        1.7331346273422241
    ],
    "neg_1": [
        5.461543083190918,
        3.916295051574707
    ],
    "abs_0": [
        95.77849578857422,
        1.8252134323120117
    ],
    "abs_1": [
        93.58983612060547,
        4.236032485961914
    ],
    "tpr_0": [
        0.20855613052845,
        0.7282518148422241
    ],
    "tpr_1": [
        2.510972023010254,
        4.204905986785889
    ],
    "fnr_0": [
        1.2684543132781982,
        2.182163953781128
    ],
    "fnr_1": [
        3.689211368560791,
        4.878622055053711
    ],
    "par_0": [
        98.52298736572266,
        2.1773970127105713
    ],
    "par_1": [
        93.79981231689453,
        6.933534145355225
    ],
    "fpr_0": [
        0.15521591901779175,
        0.36382192373275757
    ],
    "fpr_1": [
        0.11428571492433548,
        0.5714285969734192
    ],
    "tnr_0": [
        5.176511287689209,
        2.2051498889923096
    ],
    "tnr_1": [
        6.1998443603515625,
        4.610926151275635
    ],
    "nar_0": [
        94.66828155517578,
        2.2140581607818604
    ],
    "nar_1": [
        93.68585968017578,
        4.559746265411377
    ]
}