{
    "cov": [
        32.720001220703125,
        4.008012771606445
    ],
    "acc": [
        86.61271667480469,
        3.3161795139312744
    ],
    "pos_0": [
        1.2898144721984863,
        1.14505136013031
    ],
    "pos_1": [
        1.6254220008850098,
        1.956519603729248
    ],
    "neg_0": [
        31.172372817993164,
        4.639451026916504
    ],
    "neg_1": [
        31.720592498779297,
        8.95983600616455
    ],
    "abs_0": [
        67.53781127929688,
        4.835230350494385
    ],
    "abs_1": [
        66.65398406982422,
        9.123446464538574
    ],
    "tpr_0": [
        2.4180757999420166,
        1.8787446022033691
    ],
    "tpr_1": [
        3.822157621383667,
        4.1706647872924805
    ],
    "fnr_0": [
        13.156164169311523,
        4.184172630310059
    ],
    "fnr_1": [
        12.877813339233398,
        7.372150421142578
    ],
    "par_0": [
        84.42575073242188,
        4.749935150146484
    ],
    "par_1": [
        83.3000259399414,
        7.8051252365112305
    ],
    "fpr_0": [
        0.877657949924469,
        1.1358659267425537
    ],
    "fpr_1": [
        0.4912258982658386,
        1.393245816230774
    ],
    "tnr_0": [
        38.11445617675781,
        5.8680419921875
    ],
    "tnr_1": [
        41.486812591552734,
        11.575270652770996
    ],
    "nar_0": [
        61.00788116455078,
        6.02010440826416
    ],
    "nar_1": [
        58.0219612121582,
        11.662042617797852
    ]
}