{
    "cov": [
        56.97999954223633,
        8.294677734375
    ],
    "acc": [
        81.13143157958984,
        4.5566935539245605
    ],
    "pos_0": [
        0.11328402161598206,
        0.440650075674057
    ],
    "pos_1": [
        0.20011304318904877,
        0.7280486822128296
    ],
    "neg_0": [
        57.87458419799805,
        8.727466583251953
    ],
    "neg_1": [
        54.61410140991211,
        8.934638023376465
    ],
    "abs_0": [
        42.01212692260742,
        8.834375381469727
    ],
    "abs_1": [
        45.18578338623047,
        9.054481506347656
    ],
    "tpr_0": [
        0.26473429799079895,
        0.9731152653694153
    ],
    "tpr_1": [
        0.35999998450279236,
        1.2543258666992188
    ],
    "fnr_0": [
        34.299686431884766,
        11.539026260375977
    ],
    "fnr_1": [
        33.801021575927734,
        9.220198631286621
    ],
    "par_0": [
        65.43557739257812,
        11.846485137939453
    ],
    "par_1": [
        65.83898162841797,
        9.698863983154297
    ],
    "fpr_0": [
        0.041237108409404755,
        0.20618556439876556
    ],
    "fpr_1": [
        0.1111111044883728,
        0.555555522441864
    ],
    "tnr_0": [
        67.6807861328125,
        9.710347175598145
    ],
    "tnr_1": [
        66.6068115234375,
        11.00168228149414
    ],
    "nar_0": [
        32.27797317504883,
        9.727795600891113
    ],
    "nar_1": [
        33.28207778930664,
        11.045475006103516
    ]
}