{
    "cov": [
        75.58000183105469,
        7.860343933105469
    ],
    "acc": [
        76.03517150878906,
        4.994464874267578
    ],
    "pos_0": [
        0.3895636796951294,
        1.3799850940704346
    ],
    "pos_1": [
        0.8358306884765625,
        2.593360424041748
    ],
    "neg_0": [
        75.89339447021484,
        7.264883995056152
    ],
    "neg_1": [
        73.1939468383789,
        7.483097553253174
    ],
    "abs_0": [
        23.7170352935791,
        8.076431274414062
    ],
    "abs_1": [
        25.970216751098633,
        9.03805160522461
    ],
    "tpr_0": [
        0.5347593426704407,
        1.9511388540267944
    ],
    "tpr_1": [
        1.2876921892166138,
        3.6398708820343018
    ],
    "fnr_0": [
        57.32427978515625,
        13.702817916870117
    ],
    "fnr_1": [
        55.46738815307617,
        12.229776382446289
    ],
    "par_0": [
        42.14095687866211,
        14.866007804870605
    ],
    "par_1": [
        43.24491500854492,
        14.737653732299805
    ],
    "fpr_0": [
        0.3312658667564392,
        1.2551932334899902
    ],
    "fpr_1": [
        0.5190562605857849,
        2.1135001182556152
    ],
    "tnr_0": [
        83.46556091308594,
        6.5960869789123535
    ],
    "tnr_1": [
        83.34194946289062,
        7.492957592010498
    ],
    "nar_0": [
        16.203157424926758,
        7.0503249168396
    ],
    "nar_1": [
        16.13899040222168,
        8.139053344726562
    ]
}