{
    "cov": [
        53.599998474121094,
        20.399141311645508
    ],
    "acc": [
        73.99065399169922,
        17.609819412231445
    ],
    "pos_0": [
        1.5928289890289307,
        7.485037326812744
    ],
    "pos_1": [
        0.12185066193342209,
        0.4246419370174408
    ],
    "neg_0": [
        58.26156997680664,
        22.54121971130371
    ],
    "neg_1": [
        39.697044372558594,
        20.786264419555664
    ],
    "abs_0": [
        40.14560317993164,
        22.556377410888672
    ],
    "abs_1": [
        60.18110656738281,
        20.93328285217285
    ],
    "tpr_0": [
        1.3993808031082153,
        6.47006368637085
    ],
    "tpr_1": [
        0.37719297409057617,
        1.3150582313537598
    ],
    "fnr_0": [
        45.656131744384766,
        22.93107795715332
    ],
    "fnr_1": [
        26.00863265991211,
        17.596567153930664
    ],
    "par_0": [
        52.944480895996094,
        23.81987190246582
    ],
    "par_1": [
        73.61416625976562,
        18.140209197998047
    ],
    "fpr_0": [
        1.6488970518112183,
        7.8059892654418945
    ],
    "fpr_1": [
        0.0,
        0.0
    ],
    "tnr_0": [
        63.493896484375,
        23.56999969482422
    ],
    "tnr_1": [
        47.541053771972656,
        23.61123275756836
    ],
    "nar_0": [
        34.857208251953125,
        23.153488159179688
    ],
    "nar_1": [
        52.45893859863281,
        23.61123275756836
    ]
}