{
    "cov": [
        75.29999542236328,
        4.747807025909424
    ],
    "acc": [
        77.90377044677734,
        4.46956205368042
    ],
    "pos_0": [
        3.4418022632598877,
        3.3192625045776367
    ],
    "pos_1": [
        6.02461051940918,
        4.7569193840026855
    ],
    "neg_0": [
        73.34329223632812,
        4.969195365905762
    ],
    "neg_1": [
        65.98162841796875,
        7.279711723327637
    ],
    "abs_0": [
        23.214906692504883,
        4.707749843597412
    ],
    "abs_1": [
        27.993759155273438,
        7.804049491882324
    ],
    "tpr_0": [
        7.884838581085205,
        7.896935939788818
    ],
    "tpr_1": [
        12.420662879943848,
        9.496357917785645
    ],
    "fnr_0": [
        51.16645812988281,
        8.29091739654541
    ],
    "fnr_1": [
        44.31668472290039,
        10.068390846252441
    ],
    "par_0": [
        40.948699951171875,
        9.30994701385498
    ],
    "par_1": [
        43.26264953613281,
        13.990323066711426
    ],
    "fpr_0": [
        1.5355584621429443,
        2.0881667137145996
    ],
    "fpr_1": [
        2.350419521331787,
        2.746371030807495
    ],
    "tnr_0": [
        82.38819885253906,
        5.3157148361206055
    ],
    "tnr_1": [
        78.38922882080078,
        8.515685081481934
    ],
    "nar_0": [
        16.076244354248047,
        5.3864946365356445
    ],
    "nar_1": [
        19.26034927368164,
        8.166030883789062
    ]
}