{
    "cov": [
        45.87999725341797,
        4.465795993804932
    ],
    "acc": [
        85.5882568359375,
        5.139560222625732
    ],
    "pos_0": [
        0.9133450984954834,
        1.0384547710418701
    ],
    "pos_1": [
        1.3276002407073975,
        1.6691501140594482
    ],
    "neg_0": [
        46.5225830078125,
        5.020171642303467
    ],
    "neg_1": [
        41.02488327026367,
        6.284029006958008
    ],
    "abs_0": [
        52.56407165527344,
        5.117312908172607
    ],
    "abs_1": [
        57.647518157958984,
        6.447108745574951
    ],
    "tpr_0": [
        2.2356626987457275,
        3.252803325653076
    ],
    "tpr_1": [
        3.1168346405029297,
        3.8093371391296387
    ],
    "fnr_0": [
        21.04668426513672,
        9.315803527832031
    ],
    "fnr_1": [
        18.04824447631836,
        7.840271949768066
    ],
    "par_0": [
        76.7176513671875,
        10.157169342041016
    ],
    "par_1": [
        78.83492279052734,
        8.59156322479248
    ],
    "fpr_0": [
        0.36377429962158203,
        0.6348564624786377
    ],
    "fpr_1": [
        0.2702127695083618,
        0.9689420461654663
    ],
    "tnr_0": [
        56.98176574707031,
        5.751028537750244
    ],
    "tnr_1": [
        54.22346496582031,
        7.80409574508667
    ],
    "nar_0": [
        42.654457092285156,
        5.641265392303467
    ],
    "nar_1": [
        45.506317138671875,
        7.705525875091553
    ]
}