{
    "cov": [
        3.8399999141693115,
        1.8355289697647095
    ],
    "acc": [
        85.47008514404297,
        16.36184310913086
    ],
    "pos_0": [
        0.4490240514278412,
        0.9363288283348083
    ],
    "pos_1": [
        0.4368411898612976,
        0.8419637680053711
    ],
    "neg_0": [
        3.338521957397461,
        1.7259624004364014
    ],
    "neg_1": [
        3.5217297077178955,
        3.364450693130493
    ],
    "abs_0": [
        96.21246337890625,
        2.0672149658203125
    ],
    "abs_1": [
        96.04142761230469,
        3.5392913818359375
    ],
    "tpr_0": [
        0.7227556109428406,
        1.5702998638153076
    ],
    "tpr_1": [
        1.3611613512039185,
        2.7208054065704346
    ],
    "fnr_0": [
        1.075239896774292,
        1.8769999742507935
    ],
    "fnr_1": [
        1.7779513597488403,
        3.317923069000244
    ],
    "par_0": [
        98.2020034790039,
        2.3378853797912598
    ],
    "par_1": [
        96.86090087890625,
        4.390737056732178
    ],
    "fpr_0": [
        0.34929633140563965,
        0.8525455594062805
    ],
    "fpr_1": [
        0.0,
        0.0
    ],
    "tnr_0": [
        4.247112274169922,
        2.1394715309143066
    ],
    "tnr_1": [
        4.208199977874756,
        4.3782734870910645
    ],
    "nar_0": [
        95.4035873413086,
        2.297074556350708
    ],
    "nar_1": [
        95.79179382324219,
        4.378273963928223
    ]
}