{
    "cov": [
        71.1199951171875,
        7.991245269775391
    ],
    "acc": [
        77.16560363769531,
        4.733824253082275
    ],
    "pos_0": [
        0.30047762393951416,
        1.3620271682739258
    ],
    "pos_1": [
        0.30188676714897156,
        1.5094338655471802
    ],
    "neg_0": [
        71.83206176757812,
        8.091659545898438
    ],
    "neg_1": [
        68.58173370361328,
        8.282747268676758
    ],
    "abs_0": [
        27.867454528808594,
        8.858570098876953
    ],
    "abs_1": [
        31.116376876831055,
        9.139049530029297
    ],
    "tpr_0": [
        0.45550528168678284,
        1.8170737028121948
    ],
    "tpr_1": [
        0.3333333134651184,
        1.6666666269302368
    ],
    "fnr_0": [
        52.06208038330078,
        13.569243431091309
    ],
    "fnr_1": [
        49.98886489868164,
        13.905771255493164
    ],
    "par_0": [
        47.4824104309082,
        14.717229843139648
    ],
    "par_1": [
        49.67780303955078,
        14.906296730041504
    ],
    "fpr_0": [
        0.24778760969638824,
        1.2389379739761353
    ],
    "fpr_1": [
        0.27586206793785095,
        1.3793103694915771
    ],
    "tnr_0": [
        79.99919891357422,
        6.179402828216553
    ],
    "tnr_1": [
        79.19631958007812,
        7.6149468421936035
    ],
    "nar_0": [
        19.753007888793945,
        6.743627548217773
    ],
    "nar_1": [
        20.527814865112305,
        8.117927551269531
    ]
}