{
    "cov": [
        17.399999618530273,
        4.007804870605469
    ],
    "acc": [
        88.22055053710938,
        5.646986961364746
    ],
    "pos_0": [
        0.4886033535003662,
        0.7700962424278259
    ],
    "pos_1": [
        1.3442209959030151,
        1.66512930393219
    ],
    "neg_0": [
        16.689237594604492,
        4.298754692077637
    ],
    "neg_1": [
        16.726581573486328,
        6.115050792694092
    ],
    "abs_0": [
        82.82215881347656,
        4.569857597351074
    ],
    "abs_1": [
        81.92919921875,
        6.350551128387451
    ],
    "tpr_0": [
        1.1339861154556274,
        1.8279238939285278
    ],
    "tpr_1": [
        3.750870943069458,
        4.641253471374512
    ],
    "fnr_0": [
        5.956250190734863,
        2.981996536254883
    ],
    "fnr_1": [
        7.640527248382568,
        6.40699577331543
    ],
    "par_0": [
        92.9097671508789,
        3.8590123653411865
    ],
    "par_1": [
        88.60860443115234,
        7.367947578430176
    ],
    "fpr_0": [
        0.28016018867492676,
        0.6785334348678589
    ],
    "fpr_1": [
        0.09090909361839294,
        0.45454543828964233
    ],
    "tnr_0": [
        20.86954116821289,
        5.704301357269287
    ],
    "tnr_1": [
        21.319494247436523,
        8.863602638244629
    ],
    "nar_0": [
        78.85030364990234,
        5.859217643737793
    ],
    "nar_1": [
        78.58959197998047,
        8.914433479309082
    ]
}