{
    "cov": [
        67.33999633789062,
        3.765855312347412
    ],
    "acc": [
        81.01910400390625,
        2.459895372390747
    ],
    "pos_0": [
        5.496274948120117,
        2.560941696166992
    ],
    "pos_1": [
        6.133337497711182,
        3.745631217956543
    ],
    "neg_0": [
        61.36940002441406,
        5.188614845275879
    ],
    "neg_1": [
        62.19997024536133,
        9.095816612243652
    ],
    "abs_0": [
        33.13432693481445,
        5.192550182342529
    ],
    "abs_1": [
        31.666688919067383,
        8.932145118713379
    ],
    "tpr_0": [
        11.8760404586792,
        6.502045154571533
    ],
    "tpr_1": [
        12.889901161193848,
        9.003251075744629
    ],
    "fnr_0": [
        35.94152069091797,
        5.884610176086426
    ],
    "fnr_1": [
        35.7862548828125,
        12.787375450134277
    ],
    "par_0": [
        52.18244171142578,
        9.214139938354492
    ],
    "par_1": [
        51.3238410949707,
        13.29137134552002
    ],
    "fpr_0": [
        3.0919411182403564,
        1.8356491327285767
    ],
    "fpr_1": [
        2.8202764987945557,
        2.774338960647583
    ],
    "tnr_0": [
        71.22509002685547,
        5.976597309112549
    ],
    "tnr_1": [
        75.70726776123047,
        9.00488567352295
    ],
    "nar_0": [
        25.682971954345703,
        5.544209003448486
    ],
    "nar_1": [
        21.472461700439453,
        8.653894424438477
    ]
}