{
    "cov": [
        48.15999984741211,
        6.975731372833252
    ],
    "acc": [
        84.82911682128906,
        4.936392784118652
    ],
    "pos_0": [
        0.7581777572631836,
        1.0460479259490967
    ],
    "pos_1": [
        1.7840584516525269,
        2.289738655090332
    ],
    "neg_0": [
        50.44613265991211,
        7.022626876831055
    ],
    "neg_1": [
        39.88197326660156,
        7.111881732940674
    ],
    "abs_0": [
        48.795692443847656,
        7.665081024169922
    ],
    "abs_1": [
        58.33396530151367,
        8.637847900390625
    ],
    "tpr_0": [
        1.9919871091842651,
        3.2310397624969482
    ],
    "tpr_1": [
        3.8136603832244873,
        4.830069065093994
    ],
    "fnr_0": [
        24.486356735229492,
        10.431824684143066
    ],
    "fnr_1": [
        18.934669494628906,
        7.848392009735107
    ],
    "par_0": [
        73.52165222167969,
        12.316581726074219
    ],
    "par_1": [
        77.25167083740234,
        10.917717933654785
    ],
    "fpr_0": [
        0.28094086050987244,
        0.4613119661808014
    ],
    "fpr_1": [
        0.5341485142707825,
        1.1086915731430054
    ],
    "tnr_0": [
        61.163475036621094,
        7.108583450317383
    ],
    "tnr_1": [
        52.15144348144531,
        10.39686107635498
    ],
    "nar_0": [
        38.55558395385742,
        7.257787704467773
    ],
    "nar_1": [
        47.31440353393555,
        10.997400283813477
    ]
}