{
    "cov": [
        84.83999633789062,
        8.908937454223633
    ],
    "acc": [
        69.14804077148438,
        11.081000328063965
    ],
    "pos_0": [
        4.56697940826416,
        14.389509201049805
    ],
    "pos_1": [
        5.278299331665039,
        16.67376136779785
    ],
    "neg_0": [
        84.04084777832031,
        20.227333068847656
    ],
    "neg_1": [
        71.35389709472656,
        23.426029205322266
    ],
    "abs_0": [
        11.39217472076416,
        7.985077381134033
    ],
    "abs_1": [
        23.367799758911133,
        15.60477352142334
    ],
    "tpr_0": [
        4.569369792938232,
        12.441924095153809
    ],
    "tpr_1": [
        6.352516174316406,
        14.775134086608887
    ],
    "fnr_0": [
        77.58431243896484,
        17.92066764831543
    ],
    "fnr_1": [
        60.671844482421875,
        22.78573226928711
    ],
    "par_0": [
        17.846317291259766,
        11.011812210083008
    ],
    "par_1": [
        32.97563552856445,
        17.694211959838867
    ],
    "fpr_0": [
        4.582271099090576,
        15.25291919708252
    ],
    "fpr_1": [
        4.813796520233154,
        18.275863647460938
    ],
    "tnr_0": [
        86.82384490966797,
        21.7783203125
    ],
    "tnr_1": [
        77.5105972290039,
        24.91930389404297
    ],
    "nar_0": [
        8.593880653381348,
        7.737392902374268
    ],
    "nar_1": [
        17.675601959228516,
        16.050024032592773
    ]
}