{
    "cov": [
        52.0,
        4.158324718475342
    ],
    "acc": [
        84.28718566894531,
        4.619254112243652
    ],
    "pos_0": [
        0.8225398659706116,
        1.014487624168396
    ],
    "pos_1": [
        2.014491558074951,
        2.141493082046509
    ],
    "neg_0": [
        52.58563995361328,
        5.295543193817139
    ],
    "neg_1": [
        46.82708740234375,
        5.653339862823486
    ],
    "abs_0": [
        46.59181594848633,
        5.240812301635742
    ],
    "abs_1": [
        51.158416748046875,
        5.332701683044434
    ],
    "tpr_0": [
        1.9684464931488037,
        2.7274880409240723
    ],
    "tpr_1": [
        4.45950174331665,
        4.752229690551758
    ],
    "fnr_0": [
        26.207321166992188,
        9.464505195617676
    ],
    "fnr_1": [
        21.77143096923828,
        7.248627662658691
    ],
    "par_0": [
        71.82422637939453,
        9.70767879486084
    ],
    "par_1": [
        73.76905822753906,
        8.050265312194824
    ],
    "fpr_0": [
        0.3681648075580597,
        0.6478263735771179
    ],
    "fpr_1": [
        0.4956096112728119,
        1.0214871168136597
    ],
    "tnr_0": [
        63.374691009521484,
        6.157325744628906
    ],
    "tnr_1": [
        61.261390686035156,
        7.498755931854248
    ],
    "nar_0": [
        36.25714111328125,
        6.05666971206665
    ],
    "nar_1": [
        38.24300003051758,
        7.409035682678223
    ]
}