{
    "cov": [
        81.93999481201172,
        8.971388816833496
    ],
    "acc": [
        74.7492446899414,
        3.8145828247070312
    ],
    "pos_0": [
        0.4793764352798462,
        1.6296998262405396
    ],
    "pos_1": [
        1.1044684648513794,
        4.262582302093506
    ],
    "neg_0": [
        81.56198120117188,
        8.956686019897461
    ],
    "neg_1": [
        80.55445098876953,
        8.886619567871094
    ],
    "abs_0": [
        17.95863914489746,
        9.521470069885254
    ],
    "abs_1": [
        18.341073989868164,
        9.87396240234375
    ],
    "tpr_0": [
        1.1387887001037598,
        3.8142340183258057
    ],
    "tpr_1": [
        1.7543859481811523,
        6.907024383544922
    ],
    "fnr_0": [
        66.34854125976562,
        15.56869125366211
    ],
    "fnr_1": [
        64.05276489257812,
        16.06233787536621
    ],
    "par_0": [
        32.51266098022461,
        16.854114532470703
    ],
    "par_1": [
        34.19284439086914,
        18.056354522705078
    ],
    "fpr_0": [
        0.20088034868240356,
        0.7131779789924622
    ],
    "fpr_1": [
        0.6793650388717651,
        2.499483346939087
    ],
    "tnr_0": [
        88.01144409179688,
        6.369885444641113
    ],
    "tnr_1": [
        90.14385223388672,
        5.970609664916992
    ],
    "nar_0": [
        11.787680625915527,
        6.575547218322754
    ],
    "nar_1": [
        9.176778793334961,
        6.207336902618408
    ]
}