{
    "cov": [
        98.18000030517578,
        2.440457344055176
    ],
    "acc": [
        70.33312225341797,
        4.050851345062256
    ],
    "pos_0": [
        2.376016855239868,
        3.093820810317993
    ],
    "pos_1": [
        2.815237283706665,
        3.743779182434082
    ],
    "neg_0": [
        96.10515594482422,
        3.146850347518921
    ],
    "neg_1": [
        94.69403839111328,
        4.677114963531494
    ],
    "abs_0": [
        1.5188186168670654,
        2.02363920211792
    ],
    "abs_1": [
        2.4907164573669434,
        3.5947518348693848
    ],
    "tpr_0": [
        5.596136569976807,
        7.849104881286621
    ],
    "tpr_1": [
        6.825437545776367,
        9.162385940551758
    ],
    "fnr_0": [
        90.9454345703125,
        8.125292778015137
    ],
    "fnr_1": [
        88.59134674072266,
        9.889678001403809
    ],
    "par_0": [
        3.4584269523620605,
        5.31043004989624
    ],
    "par_1": [
        4.583219528198242,
        7.929798603057861
    ],
    "fpr_0": [
        0.9828764796257019,
        1.4985060691833496
    ],
    "fpr_1": [
        0.5814955234527588,
        1.0656880140304565
    ],
    "tnr_0": [
        98.26632690429688,
        1.783785343170166
    ],
    "tnr_1": [
        98.14806365966797,
        2.3837573528289795
    ],
    "nar_0": [
        0.7507942318916321,
        1.267444372177124
    ],
    "nar_1": [
        1.2704448699951172,
        2.173738956451416
    ]
}