{
    "cov": [
        77.41999816894531,
        6.4866533279418945
    ],
    "acc": [
        75.84626007080078,
        4.941580772399902
    ],
    "pos_0": [
        0.0,
        0.0
    ],
    "pos_1": [
        0.06779661029577255,
        0.33898305892944336
    ],
    "neg_0": [
        78.69813537597656,
        6.457798480987549
    ],
    "neg_1": [
        74.48451232910156,
        9.214600563049316
    ],
    "abs_0": [
        21.301860809326172,
        6.457799911499023
    ],
    "abs_1": [
        25.44768524169922,
        9.130223274230957
    ],
    "tpr_0": [
        0.0,
        0.0
    ],
    "tpr_1": [
        0.21052630245685577,
        1.0526316165924072
    ],
    "fnr_0": [
        61.484920501708984,
        11.635642051696777
    ],
    "fnr_1": [
        55.43738555908203,
        15.585832595825195
    ],
    "par_0": [
        38.51507568359375,
        11.635641098022461
    ],
    "par_1": [
        44.35208511352539,
        15.433039665222168
    ],
    "fpr_0": [
        0.0,
        0.0
    ],
    "fpr_1": [
        0.0,
        0.0
    ],
    "tnr_0": [
        85.671630859375,
        5.7765607833862305
    ],
    "tnr_1": [
        85.54435729980469,
        7.148045539855957
    ],
    "nar_0": [
        14.32836627960205,
        5.776561260223389
    ],
    "nar_1": [
        14.455650329589844,
        7.148048400878906
    ]
}