{
    "cov": [
        21.459999084472656,
        25.701377868652344
    ],
    "acc": [
        72.36272430419922,
        24.27910614013672
    ],
    "pos_0": [
        6.592902183532715,
        16.696521759033203
    ],
    "pos_1": [
        9.189104080200195,
        21.496870040893555
    ],
    "neg_0": [
        15.490409851074219,
        16.65038299560547
    ],
    "neg_1": [
        11.14798355102539,
        18.523595809936523
    ],
    "abs_0": [
        77.91667938232422,
        26.243019104003906
    ],
    "abs_1": [
        79.66291046142578,
        30.075159072875977
    ],
    "tpr_0": [
        6.774663925170898,
        16.55651092529297
    ],
    "tpr_1": [
        9.232850074768066,
        20.919679641723633
    ],
    "fnr_0": [
        9.836701393127441,
        13.493030548095703
    ],
    "fnr_1": [
        9.671004295349121,
        20.379878997802734
    ],
    "par_0": [
        83.38863372802734,
        25.429567337036133
    ],
    "par_1": [
        81.09613800048828,
        32.10758972167969
    ],
    "fpr_0": [
        6.507976531982422,
        16.764829635620117
    ],
    "fpr_1": [
        9.093974113464355,
        21.86672592163086
    ],
    "tnr_0": [
        17.953676223754883,
        18.60917091369629
    ],
    "tnr_1": [
        11.831788063049316,
        17.971534729003906
    ],
    "nar_0": [
        75.53834533691406,
        27.06259536743164
    ],
    "nar_1": [
        79.07423400878906,
        29.37118148803711
    ]
}