{
    "cov": [
        56.23999786376953,
        5.471745491027832
    ],
    "acc": [
        82.6934585571289,
        4.4077911376953125
    ],
    "pos_0": [
        0.6131199598312378,
        0.8817372918128967
    ],
    "pos_1": [
        1.5087018013000488,
        2.112104892730713
    ],
    "neg_0": [
        56.355003356933594,
        6.807851791381836
    ],
    "neg_1": [
        53.193885803222656,
        5.780370712280273
    ],
    "abs_0": [
        43.03187561035156,
        6.606869697570801
    ],
    "abs_1": [
        45.29740524291992,
        5.370116233825684
    ],
    "tpr_0": [
        1.324912428855896,
        2.358865737915039
    ],
    "tpr_1": [
        3.5701327323913574,
        4.356932163238525
    ],
    "fnr_0": [
        30.11739730834961,
        9.148911476135254
    ],
    "fnr_1": [
        29.153114318847656,
        7.623071670532227
    ],
    "par_0": [
        68.55768585205078,
        8.915535926818848
    ],
    "par_1": [
        67.27674865722656,
        7.804980754852295
    ],
    "fpr_0": [
        0.32075104117393494,
        0.7388614416122437
    ],
    "fpr_1": [
        0.3261324167251587,
        1.2237721681594849
    ],
    "tnr_0": [
        67.09317779541016,
        7.444149971008301
    ],
    "tnr_1": [
        67.1189193725586,
        7.6655473709106445
    ],
    "nar_0": [
        32.58606719970703,
        7.431128978729248
    ],
    "nar_1": [
        32.55495071411133,
        7.247722625732422
    ]
}