{
    "cov": [
        89.77999877929688,
        5.389186859130859
    ],
    "acc": [
        72.33702087402344,
        4.207879543304443
    ],
    "pos_0": [
        0.7688485383987427,
        1.752035140991211
    ],
    "pos_1": [
        1.9995237588882446,
        4.163815021514893
    ],
    "neg_0": [
        89.29568481445312,
        5.241706371307373
    ],
    "neg_1": [
        87.06106567382812,
        7.26065731048584
    ],
    "abs_0": [
        9.935464859008789,
        5.021141529083252
    ],
    "abs_1": [
        10.939413070678711,
        7.845729827880859
    ],
    "tpr_0": [
        1.758731484413147,
        3.975260019302368
    ],
    "tpr_1": [
        3.731354236602783,
        7.318345069885254
    ],
    "fnr_0": [
        78.08919525146484,
        9.67974853515625
    ],
    "fnr_1": [
        75.29591369628906,
        14.000581741333008
    ],
    "par_0": [
        20.152069091796875,
        9.236199378967285
    ],
    "par_1": [
        20.972728729248047,
        15.335972785949707
    ],
    "fpr_0": [
        0.40165573358535767,
        1.0426727533340454
    ],
    "fpr_1": [
        1.1295722723007202,
        2.806617021560669
    ],
    "tnr_0": [
        93.79129791259766,
        4.131594181060791
    ],
    "tnr_1": [
        93.85916137695312,
        4.753271102905273
    ],
    "nar_0": [
        5.807042121887207,
        3.954728603363037
    ],
    "nar_1": [
        5.01126766204834,
        4.666332721710205
    ]
}