{
    "cov": [
        39.439998626708984,
        13.143692970275879
    ],
    "acc": [
        84.23200225830078,
        6.243279933929443
    ],
    "pos_0": [
        0.0,
        0.0
    ],
    "pos_1": [
        0.0,
        0.0
    ],
    "neg_0": [
        40.03263473510742,
        13.36142349243164
    ],
    "neg_1": [
        38.34392166137695,
        14.254585266113281
    ],
    "abs_0": [
        59.96736526489258,
        13.36142349243164
    ],
    "abs_1": [
        61.65607833862305,
        14.254584312438965
    ],
    "tpr_0": [
        0.0,
        0.0
    ],
    "tpr_1": [
        0.0,
        0.0
    ],
    "fnr_0": [
        20.43320083618164,
        10.969182968139648
    ],
    "fnr_1": [
        20.335046768188477,
        12.930654525756836
    ],
    "par_0": [
        79.5667953491211,
        10.969183921813965
    ],
    "par_1": [
        79.66495513916016,
        12.93065357208252
    ],
    "fpr_0": [
        0.0,
        0.0
    ],
    "fpr_1": [
        0.0,
        0.0
    ],
    "tnr_0": [
        48.20497131347656,
        15.744588851928711
    ],
    "tnr_1": [
        48.66582107543945,
        16.94546890258789
    ],
    "nar_0": [
        51.79502868652344,
        15.744587898254395
    ],
    "nar_1": [
        51.33417892456055,
        16.945466995239258
    ]
}