{
    "cov": [
        54.91999816894531,
        6.48344087600708
    ],
    "acc": [
        83.56077575683594,
        5.140976428985596
    ],
    "pos_0": [
        0.7780784368515015,
        1.3643290996551514
    ],
    "pos_1": [
        1.2322423458099365,
        1.9981377124786377
    ],
    "neg_0": [
        54.86330032348633,
        6.378896713256836
    ],
    "neg_1": [
        52.08979415893555,
        7.356241226196289
    ],
    "abs_0": [
        44.35861587524414,
        6.721109867095947
    ],
    "abs_1": [
        46.67796325683594,
        8.247339248657227
    ],
    "tpr_0": [
        1.7443397045135498,
        3.429617404937744
    ],
    "tpr_1": [
        3.1257755756378174,
        5.0357184410095215
    ],
    "fnr_0": [
        28.481733322143555,
        9.816595077514648
    ],
    "fnr_1": [
        26.593069076538086,
        9.871973991394043
    ],
    "par_0": [
        69.77392578125,
        10.584582328796387
    ],
    "par_1": [
        70.28115844726562,
        11.475264549255371
    ],
    "fpr_0": [
        0.3758017122745514,
        0.8371467590332031
    ],
    "fpr_1": [
        0.19621749222278595,
        0.6855791807174683
    ],
    "tnr_0": [
        65.65572357177734,
        6.648848056793213
    ],
    "tnr_1": [
        66.78842163085938,
        7.89746618270874
    ],
    "nar_0": [
        33.96847152709961,
        6.792450904846191
    ],
    "nar_1": [
        33.01535415649414,
        7.973283767700195
    ]
}