{
    "cov": [
        23.959999084472656,
        3.7302815914154053
    ],
    "acc": [
        88.88874816894531,
        5.743448734283447
    ],
    "pos_0": [
        0.0,
        0.0
    ],
    "pos_1": [
        0.0,
        0.0
    ],
    "neg_0": [
        25.314281463623047,
        4.53129243850708
    ],
    "neg_1": [
        21.124176025390625,
        6.097449779510498
    ],
    "abs_0": [
        74.68571472167969,
        4.531292915344238
    ],
    "abs_1": [
        78.87582397460938,
        6.097448825836182
    ],
    "tpr_0": [
        0.0,
        0.0
    ],
    "tpr_1": [
        0.0,
        0.0
    ],
    "fnr_0": [
        8.5570650100708,
        5.294309616088867
    ],
    "fnr_1": [
        8.671919822692871,
        6.585383892059326
    ],
    "par_0": [
        91.44292449951172,
        5.294309139251709
    ],
    "par_1": [
        91.32807159423828,
        6.585383415222168
    ],
    "fpr_0": [
        0.0,
        0.0
    ],
    "fpr_1": [
        0.0,
        0.0
    ],
    "tnr_0": [
        32.37016677856445,
        6.046511173248291
    ],
    "tnr_1": [
        28.089067459106445,
        7.614527702331543
    ],
    "nar_0": [
        67.62982940673828,
        6.046510696411133
    ],
    "nar_1": [
        71.91093444824219,
        7.614528656005859
    ]
}