{
    "cov": [
        17.760000228881836,
        10.862895965576172
    ],
    "acc": [
        88.1127700805664,
        7.147144317626953
    ],
    "pos_0": [
        0.0,
        0.0
    ],
    "pos_1": [
        0.0,
        0.0
    ],
    "neg_0": [
        18.28318977355957,
        10.891047477722168
    ],
    "neg_1": [
        16.738990783691406,
        11.712760925292969
    ],
    "abs_0": [
        81.71680450439453,
        10.891047477722168
    ],
    "abs_1": [
        83.26100158691406,
        11.712760925292969
    ],
    "tpr_0": [
        0.0,
        0.0
    ],
    "tpr_1": [
        0.0,
        0.0
    ],
    "fnr_0": [
        6.282686233520508,
        4.582129001617432
    ],
    "fnr_1": [
        7.76545524597168,
        6.786121845245361
    ],
    "par_0": [
        93.71732330322266,
        4.58212947845459
    ],
    "par_1": [
        92.23453521728516,
        6.7861223220825195
    ],
    "fpr_0": [
        0.0,
        0.0
    ],
    "fpr_1": [
        0.0,
        0.0
    ],
    "tnr_0": [
        23.407100677490234,
        13.886698722839355
    ],
    "tnr_1": [
        21.973661422729492,
        15.8222017288208
    ],
    "nar_0": [
        76.5928955078125,
        13.886698722839355
    ],
    "nar_1": [
        78.02633666992188,
        15.822200775146484
    ]
}