{
    "cov": [
        7.139999866485596,
        6.467096328735352
    ],
    "acc": [
        85.9565200805664,
        19.70663833618164
    ],
    "pos_0": [
        0.0,
        0.0
    ],
    "pos_1": [
        0.0,
        0.0
    ],
    "neg_0": [
        7.4886651039123535,
        7.015236854553223
    ],
    "neg_1": [
        6.396993160247803,
        6.204157829284668
    ],
    "abs_0": [
        92.5113296508789,
        7.015238285064697
    ],
    "abs_1": [
        93.6030044555664,
        6.204158782958984
    ],
    "tpr_0": [
        0.0,
        0.0
    ],
    "tpr_1": [
        0.0,
        0.0
    ],
    "fnr_0": [
        2.041712522506714,
        2.895395517349243
    ],
    "fnr_1": [
        3.1872262954711914,
        3.6663761138916016
    ],
    "par_0": [
        97.95829010009766,
        2.8953945636749268
    ],
    "par_1": [
        96.81277465820312,
        3.6663761138916016
    ],
    "fpr_0": [
        0.0,
        0.0
    ],
    "fpr_1": [
        0.0,
        0.0
    ],
    "tnr_0": [
        9.852218627929688,
        9.404695510864258
    ],
    "tnr_1": [
        8.241264343261719,
        8.170763969421387
    ],
    "nar_0": [
        90.14778137207031,
        9.40469741821289
    ],
    "nar_1": [
        91.75872802734375,
        8.17076587677002
    ]
}