{
    "cov": [
        33.63999938964844,
        20.24409294128418
    ],
    "acc": [
        80.36869049072266,
        11.384934425354004
    ],
    "pos_0": [
        2.5427701473236084,
        11.503582954406738
    ],
    "pos_1": [
        3.8209145069122314,
        15.082198143005371
    ],
    "neg_0": [
        34.75729751586914,
        18.572460174560547
    ],
    "neg_1": [
        22.29914093017578,
        16.115095138549805
    ],
    "abs_0": [
        62.69993209838867,
        22.153100967407227
    ],
    "abs_1": [
        73.87993621826172,
        21.986724853515625
    ],
    "tpr_0": [
        2.594268321990967,
        11.804521560668945
    ],
    "tpr_1": [
        4.166666507720947,
        16.40418243408203
    ],
    "fnr_0": [
        19.683429718017578,
        15.116968154907227
    ],
    "fnr_1": [
        15.03518295288086,
        13.883088111877441
    ],
    "par_0": [
        77.72229766845703,
        21.586828231811523
    ],
    "par_1": [
        80.79814910888672,
        21.143896102905273
    ],
    "fpr_0": [
        2.5222973823547363,
        11.388400077819824
    ],
    "fpr_1": [
        3.5704431533813477,
        14.158920288085938
    ],
    "tnr_0": [
        41.162513732910156,
        21.033119201660156
    ],
    "tnr_1": [
        26.384977340698242,
        18.889516830444336
    ],
    "nar_0": [
        56.315185546875,
        23.47136116027832
    ],
    "nar_1": [
        70.0445785522461,
        23.820537567138672
    ]
}