{
    "cov": [
        31.399999618530273,
        14.823264122009277
    ],
    "acc": [
        79.64323425292969,
        11.80909252166748
    ],
    "pos_0": [
        1.8178256750106812,
        7.2003865242004395
    ],
    "pos_1": [
        2.535593271255493,
        11.990900039672852
    ],
    "neg_0": [
        32.892086029052734,
        17.041860580444336
    ],
    "neg_1": [
        21.689281463623047,
        15.579960823059082
    ],
    "abs_0": [
        65.29008483886719,
        16.46773910522461
    ],
    "abs_1": [
        75.7751235961914,
        17.825584411621094
    ],
    "tpr_0": [
        1.6582406759262085,
        7.820527076721191
    ],
    "tpr_1": [
        2.6014492511749268,
        12.167710304260254
    ],
    "fnr_0": [
        20.579015731811523,
        15.07145881652832
    ],
    "fnr_1": [
        14.719870567321777,
        14.536491394042969
    ],
    "par_0": [
        77.76274108886719,
        15.025945663452148
    ],
    "par_1": [
        82.67868041992188,
        17.31589698791504
    ],
    "fpr_0": [
        1.8639456033706665,
        6.935439586639404
    ],
    "fpr_1": [
        2.4972643852233887,
        11.90478229522705
    ],
    "tnr_0": [
        38.0043830871582,
        19.069183349609375
    ],
    "tnr_1": [
        25.68418312072754,
        18.186607360839844
    ],
    "nar_0": [
        60.13166809082031,
        18.304243087768555
    ],
    "nar_1": [
        71.81854248046875,
        19.90146827697754
    ]
}