{
    "cov": [
        0.4385000169277191,
        0.025391383096575737
    ],
    "acc": [
        0.8560004234313965,
        0.03323478251695633
    ],
    "neg_0": [
        0.01654428243637085,
        0.006076855584979057
    ],
    "neg_1": [
        0.03192732483148575,
        0.030389711260795593
    ],
    "pos_0": [
        0.4128938615322113,
        0.04765034839510918
    ],
    "pos_1": [
        0.43231457471847534,
        0.09278593212366104
    ],
    "abs_0": [
        0.5705618262290955,
        0.0468902513384819
    ],
    "abs_1": [
        0.5357581377029419,
        0.0708191767334938
    ],
    "tnr_0": [
        0.49816328287124634,
        0.05492544546723366
    ],
    "tnr_1": [
        0.5665310621261597,
        0.10798522084951401
    ],
    "fpr_0": [
        0.008206894621253014,
        0.008302423171699047
    ],
    "fpr_1": [
        0.007317072711884975,
        0.023138616234064102
    ],
    "nar_0": [
        0.4936298429965973,
        0.054295312613248825
    ],
    "nar_1": [
        0.426151841878891,
        0.09659061580896378
    ],
    "fnr_0": [
        0.20243379473686218,
        0.04994884133338928
    ],
    "fnr_1": [
        0.16859158873558044,
        0.09510240703821182
    ],
    "tpr_0": [
        0.037793468683958054,
        0.014536966569721699
    ],
    "tpr_1": [
        0.08147874474525452,
        0.0674179270863533
    ],
    "par_0": [
        0.759772777557373,
        0.04732602834701538
    ],
    "par_1": [
        0.7499296069145203,
        0.06315483152866364
    ]
}