{
    "cov": [
        46.849998474121094,
        3.6059365272521973
    ],
    "acc": [
        84.708984375,
        3.7882745265960693
    ],
    "pos_0": [
        1.9463822841644287,
        0.7237761616706848
    ],
    "pos_1": [
        3.5927326679229736,
        3.1265218257904053
    ],
    "neg_0": [
        43.90760040283203,
        5.346372127532959
    ],
    "neg_1": [
        45.97719955444336,
        7.906859397888184
    ],
    "abs_0": [
        54.14601516723633,
        5.3185296058654785
    ],
    "abs_1": [
        50.4300651550293,
        6.4304423332214355
    ],
    "tpr_0": [
        4.006619930267334,
        1.736860990524292
    ],
    "tpr_1": [
        9.25898551940918,
        7.1691460609436035
    ],
    "fnr_0": [
        22.441925048828125,
        5.358487606048584
    ],
    "fnr_1": [
        19.008188247680664,
        9.625319480895996
    ],
    "par_0": [
        73.55144500732422,
        5.093449115753174
    ],
    "par_1": [
        71.73282623291016,
        6.268134593963623
    ],
    "fpr_0": [
        1.1351516246795654,
        1.1704683303833008
    ],
    "fpr_1": [
        0.7317073345184326,
        2.313861846923828
    ],
    "tnr_0": [
        52.616050720214844,
        6.110159397125244
    ],
    "tnr_1": [
        59.64777755737305,
        8.85618782043457
    ],
    "nar_0": [
        46.2487907409668,
        6.104400157928467
    ],
    "nar_1": [
        39.62051010131836,
        7.627832412719727
    ]
}