{
    "cov": [
        0.5364999771118164,
        0.03837316483259201
    ],
    "acc": [
        0.8371692895889282,
        0.045706331729888916
    ],
    "neg_0": [
        0.026700327172875404,
        0.01066537480801344
    ],
    "neg_1": [
        0.04743677005171776,
        0.036075104027986526
    ],
    "pos_0": [
        0.4956890642642975,
        0.04992741346359253
    ],
    "pos_1": [
        0.5239141583442688,
        0.08696451038122177
    ],
    "abs_0": [
        0.47761064767837524,
        0.05060968175530434
    ],
    "abs_1": [
        0.42864903807640076,
        0.07911746948957443
    ],
    "tnr_0": [
        0.5870052576065063,
        0.05860796570777893
    ],
    "tnr_1": [
        0.668631374835968,
        0.0927092656493187
    ],
    "fpr_0": [
        0.014506042003631592,
        0.014605495147407055
    ],
    "fpr_1": [
        0.007317072711884975,
        0.023138616234064102
    ],
    "nar_0": [
        0.3984886407852173,
        0.0569055937230587
    ],
    "nar_1": [
        0.32405149936676025,
        0.08356622606515884
    ],
    "fnr_0": [
        0.2702217698097229,
        0.057029370218515396
    ],
    "fnr_1": [
        0.24103960394859314,
        0.13532127439975739
    ],
    "tpr_0": [
        0.057874202728271484,
        0.03085552714765072
    ],
    "tpr_1": [
        0.12833720445632935,
        0.09713586419820786
    ],
    "par_0": [
        0.6719040274620056,
        0.07034943997859955
    ],
    "par_1": [
        0.6306232213973999,
        0.10489308089017868
    ]
}