{
    "cov": [
        57.75,
        3.6457738876342773
    ],
    "acc": [
        82.6926040649414,
        4.3398847579956055
    ],
    "pos_0": [
        2.964702844619751,
        1.440253496170044
    ],
    "pos_1": [
        5.056252956390381,
        3.8846824169158936
    ],
    "neg_0": [
        53.61027145385742,
        5.435744285583496
    ],
    "neg_1": [
        55.624114990234375,
        8.638435363769531
    ],
    "abs_0": [
        43.42502212524414,
        4.867750644683838
    ],
    "abs_1": [
        39.31963348388672,
        7.042596340179443
    ],
    "tpr_0": [
        6.84683084487915,
        4.280578136444092
    ],
    "tpr_1": [
        13.2882661819458,
        9.860559463500977
    ],
    "fnr_0": [
        30.836227416992188,
        6.407369136810303
    ],
    "fnr_1": [
        28.18072509765625,
        14.44963550567627
    ],
    "par_0": [
        62.31694412231445,
        7.78824520111084
    ],
    "par_1": [
        58.531005859375,
        10.791733741760254
    ],
    "fpr_0": [
        1.4506040811538696,
        1.4605494737625122
    ],
    "fpr_1": [
        0.9817073941230774,
        2.3606042861938477
    ],
    "tnr_0": [
        62.88341522216797,
        6.184941291809082
    ],
    "tnr_1": [
        69.42063903808594,
        8.513934135437012
    ],
    "nar_0": [
        35.665977478027344,
        5.608912467956543
    ],
    "nar_1": [
        29.597652435302734,
        7.24921989440918
    ]
}