{
    "cov": [
        63.20000076293945,
        2.7304863929748535
    ],
    "acc": [
        81.71117401123047,
        3.466092824935913
    ],
    "pos_0": [
        3.914353847503662,
        1.9458379745483398
    ],
    "pos_1": [
        5.545585632324219,
        4.109163761138916
    ],
    "neg_0": [
        57.37645721435547,
        5.504064083099365
    ],
    "neg_1": [
        62.29143524169922,
        9.765299797058105
    ],
    "abs_0": [
        38.709190368652344,
        4.179754734039307
    ],
    "abs_1": [
        32.16297149658203,
        8.376444816589355
    ],
    "tpr_0": [
        8.931161880493164,
        5.199969291687012
    ],
    "tpr_1": [
        14.348048210144043,
        10.27481460571289
    ],
    "fnr_0": [
        33.829322814941406,
        6.514557361602783
    ],
    "fnr_1": [
        34.3070182800293,
        14.002375602722168
    ],
    "par_0": [
        57.23952102661133,
        8.002238273620605
    ],
    "par_1": [
        51.344932556152344,
        11.084955215454102
    ],
    "fpr_0": [
        1.9528249502182007,
        1.615427851676941
    ],
    "fpr_1": [
        1.2317073345184326,
        2.377405881881714
    ],
    "tnr_0": [
        67.04776763916016,
        7.684514045715332
    ],
    "tnr_1": [
        76.35713195800781,
        10.112042427062988
    ],
    "nar_0": [
        30.999401092529297,
        6.745561599731445
    ],
    "nar_1": [
        22.411155700683594,
        9.1522216796875
    ]
}