{
    "cov": [
        0.6929999589920044,
        0.03757954761385918
    ],
    "acc": [
        0.8095461130142212,
        0.0289636068046093
    ],
    "neg_0": [
        0.055425096303224564,
        0.025213120505213737
    ],
    "neg_1": [
        0.060384638607501984,
        0.041513849049806595
    ],
    "pos_0": [
        0.626083254814148,
        0.05568438395857811
    ],
    "pos_1": [
        0.6600379943847656,
        0.10096687823534012
    ],
    "abs_0": [
        0.3184916377067566,
        0.048326488584280014
    ],
    "abs_1": [
        0.27957743406295776,
        0.08453395217657089
    ],
    "tnr_0": [
        0.7265182733535767,
        0.06921108067035675
    ],
    "tnr_1": [
        0.7988651990890503,
        0.09575369954109192
    ],
    "fpr_0": [
        0.026294389739632607,
        0.016237223520874977
    ],
    "fpr_1": [
        0.014490986242890358,
        0.02351514622569084
    ],
    "nar_0": [
        0.2471873015165329,
        0.05747399106621742
    ],
    "nar_1": [
        0.18664388358592987,
        0.08166944235563278
    ],
    "fnr_0": [
        0.3823680281639099,
        0.08156951516866684
    ],
    "fnr_1": [
        0.3865399956703186,
        0.16683423519134521
    ],
    "tpr_0": [
        0.12826129794120789,
        0.0629216730594635
    ],
    "tpr_1": [
        0.15643593668937683,
        0.10140519589185715
    ],
    "par_0": [
        0.4893706738948822,
        0.10748355090618134
    ],
    "par_1": [
        0.4570240378379822,
        0.13373617827892303
    ]
}