{
    "cov": [
        72.1500015258789,
        4.466231346130371
    ],
    "acc": [
        80.29998016357422,
        3.349297046661377
    ],
    "pos_0": [
        6.050039768218994,
        2.655485153198242
    ],
    "pos_1": [
        7.161614418029785,
        4.797391414642334
    ],
    "neg_0": [
        64.68885803222656,
        6.139045715332031
    ],
    "neg_1": [
        68.30357360839844,
        9.781057357788086
    ],
    "abs_0": [
        29.261104583740234,
        5.977341651916504
    ],
    "abs_1": [
        24.53481674194336,
        6.054614067077637
    ],
    "tpr_0": [
        13.414365768432617,
        6.746018886566162
    ],
    "tpr_1": [
        17.79482650756836,
        11.078290939331055
    ],
    "fnr_0": [
        40.081642150878906,
        8.949090003967285
    ],
    "fnr_1": [
        41.09474182128906,
        16.450210571289062
    ],
    "par_0": [
        46.503990173339844,
        11.639222145080566
    ],
    "par_1": [
        41.11043167114258,
        9.634340286254883
    ],
    "fpr_0": [
        3.1177496910095215,
        1.6784212589263916
    ],
    "fpr_1": [
        1.9490985870361328,
        2.794351577758789
    ],
    "tnr_0": [
        74.78607177734375,
        7.134902477264404
    ],
    "tnr_1": [
        81.81153869628906,
        9.274660110473633
    ],
    "nar_0": [
        22.09617805480957,
        6.201401710510254
    ],
    "nar_1": [
        16.23936653137207,
        7.409236431121826
    ]
}