{
    "cov": [
        0.721500039100647,
        0.04466233402490616
    ],
    "acc": [
        0.8029996752738953,
        0.03349297121167183
    ],
    "neg_0": [
        0.06050040200352669,
        0.026554852724075317
    ],
    "neg_1": [
        0.07161614298820496,
        0.04797391593456268
    ],
    "pos_0": [
        0.6468885540962219,
        0.06139045208692551
    ],
    "pos_1": [
        0.6830357313156128,
        0.09781056642532349
    ],
    "abs_0": [
        0.2926110625267029,
        0.059773411601781845
    ],
    "abs_1": [
        0.24534817039966583,
        0.0605461411178112
    ],
    "tnr_0": [
        0.7478607296943665,
        0.07134902477264404
    ],
    "tnr_1": [
        0.8181153535842896,
        0.09274658560752869
    ],
    "fpr_0": [
        0.031177502125501633,
        0.01678421162068844
    ],
    "fpr_1": [
        0.019490985199809074,
        0.02794351428747177
    ],
    "nar_0": [
        0.2209617644548416,
        0.06201402097940445
    ],
    "nar_1": [
        0.16239365935325623,
        0.07409235835075378
    ],
    "fnr_0": [
        0.4008164405822754,
        0.08949089050292969
    ],
    "fnr_1": [
        0.41094741225242615,
        0.1645020991563797
    ],
    "tpr_0": [
        0.13414366543293,
        0.06746018677949905
    ],
    "tpr_1": [
        0.1779482662677765,
        0.11078289896249771
    ],
    "par_0": [
        0.4650399088859558,
        0.11639221012592316
    ],
    "par_1": [
        0.411104291677475,
        0.09634339809417725
    ]
}