{
    "cov": [
        76.5,
        4.1298370361328125
    ],
    "acc": [
        79.87606811523438,
        3.2410519123077393
    ],
    "pos_0": [
        7.003632545471191,
        2.8002469539642334
    ],
    "pos_1": [
        8.202463150024414,
        4.861214637756348
    ],
    "neg_0": [
        68.44206237792969,
        4.601317405700684
    ],
    "neg_1": [
        71.1217269897461,
        10.743803977966309
    ],
    "abs_0": [
        24.554306030273438,
        5.277951240539551
    ],
    "abs_1": [
        20.67581558227539,
        7.610047817230225
    ],
    "tpr_0": [
        16.06939697265625,
        6.459115505218506
    ],
    "tpr_1": [
        19.429927825927734,
        12.353243827819824
    ],
    "fnr_0": [
        42.62794876098633,
        8.26018238067627
    ],
    "fnr_1": [
        44.989280700683594,
        19.479169845581055
    ],
    "par_0": [
        41.30265426635742,
        11.784956932067871
    ],
    "par_1": [
        35.58079147338867,
        12.384587287902832
    ],
    "fpr_0": [
        3.4168782234191895,
        1.840787649154663
    ],
    "fpr_1": [
        2.691755771636963,
        2.4682071208953857
    ],
    "tnr_0": [
        79.02015686035156,
        4.751152038574219
    ],
    "tnr_1": [
        84.06432342529297,
        8.577787399291992
    ],
    "nar_0": [
        17.562959671020508,
        3.894261121749878
    ],
    "nar_1": [
        13.243924140930176,
        7.539828777313232
    ]
}