{
    "cov": [
        43.2310791015625,
        1.5773056745529175
    ],
    "acc": [
        94.92633056640625,
        0.5030619502067566
    ],
    "pos_0": [
        0.9579185843467712,
        0.17676155269145966
    ],
    "pos_1": [
        0.6350498795509338,
        0.19437959790229797
    ],
    "neg_0": [
        42.241058349609375,
        1.5406405925750732
    ],
    "neg_1": [
        42.662322998046875,
        1.6066259145736694
    ],
    "abs_0": [
        56.801025390625,
        1.5849860906600952
    ],
    "abs_1": [
        56.7026252746582,
        1.607875943183899
    ],
    "tpr_0": [
        3.060770034790039,
        0.5706648826599121
    ],
    "tpr_1": [
        5.565529823303223,
        1.6697555780410767
    ],
    "fnr_0": [
        9.729557991027832,
        1.110946774482727
    ],
    "fnr_1": [
        4.308797359466553,
        1.4750158786773682
    ],
    "par_0": [
        87.20967864990234,
        1.2287604808807373
    ],
    "par_1": [
        90.12567138671875,
        1.0234954357147217
    ],
    "fpr_0": [
        0.014277556911110878,
        0.0
    ],
    "fpr_1": [
        0.004591368138790131,
        0.010266611352562904
    ],
    "tnr_0": [
        56.83038330078125,
        1.7736263275146484
    ],
    "tnr_1": [
        47.56657791137695,
        1.7335840463638306
    ],
    "nar_0": [
        43.155338287353516,
        1.773626446723938
    ],
    "nar_1": [
        52.4288330078125,
        1.7308763265609741
    ],
    "l0d1": [
        0.1262916624546051,
        0.0016162022948265076
    ]
}