{
    "cov": [
        43.717132568359375,
        1.692063570022583
    ],
    "acc": [
        94.74162292480469,
        0.18387827277183533
    ],
    "pos_0": [
        0.9638317227363586,
        0.25928544998168945
    ],
    "pos_1": [
        0.5902706980705261,
        0.2534072995185852
    ],
    "neg_0": [
        42.62934875488281,
        1.2822962999343872
    ],
    "neg_1": [
        43.38286209106445,
        1.8649123907089233
    ],
    "abs_0": [
        56.40682601928711,
        1.5185949802398682
    ],
    "abs_1": [
        56.0268669128418,
        2.082927942276001
    ],
    "tpr_0": [
        3.079860210418701,
        0.8370885848999023
    ],
    "tpr_1": [
        5.170556545257568,
        2.181901216506958
    ],
    "fnr_0": [
        10.0731782913208,
        0.5118440389633179
    ],
    "fnr_1": [
        5.098743438720703,
        0.7136303782463074
    ],
    "par_0": [
        86.84696197509766,
        1.2840698957443237
    ],
    "par_1": [
        89.73070526123047,
        2.4066829681396484
    ],
    "fpr_0": [
        0.014277556911110878,
        0.0
    ],
    "fpr_1": [
        0.004591368138790131,
        0.010266611352562904
    ],
    "tnr_0": [
        57.23871994018555,
        1.667298674583435
    ],
    "tnr_1": [
        48.278236389160156,
        2.116703510284424
    ],
    "nar_0": [
        42.747005462646484,
        1.6672981977462769
    ],
    "nar_1": [
        51.71717071533203,
        2.122943878173828
    ],
    "l0d1": [
        0.13133256137371063,
        0.00248371297493577
    ]
}