{
    "cov": [
        50.68791961669922,
        2.8027679920196533
    ],
    "acc": [
        93.30401611328125,
        0.5623667240142822
    ],
    "pos_0": [
        1.3678920269012451,
        0.613532304763794
    ],
    "pos_1": [
        0.7612456679344177,
        0.27254825830459595
    ],
    "neg_0": [
        49.07460403442383,
        2.732276201248169
    ],
    "neg_1": [
        50.43354415893555,
        2.555903434753418
    ],
    "abs_0": [
        49.5575065612793,
        2.9491100311279297
    ],
    "abs_1": [
        48.805213928222656,
        2.7300162315368652
    ],
    "tpr_0": [
        4.384346008300781,
        1.9807546138763428
    ],
    "tpr_1": [
        6.64272928237915,
        2.3339316844940186
    ],
    "fnr_0": [
        14.947502136230469,
        1.907333254814148
    ],
    "fnr_1": [
        7.360861301422119,
        0.5533584356307983
    ],
    "par_0": [
        80.66815185546875,
        2.684661865234375
    ],
    "par_1": [
        85.99641418457031,
        2.576784372329712
    ],
    "fpr_0": [
        0.014277556911110878,
        0.0
    ],
    "fpr_1": [
        0.009182736277580261,
        0.012573979794979095
    ],
    "tnr_0": [
        64.38893127441406,
        3.1663596630096436
    ],
    "tnr_1": [
        55.94123077392578,
        2.8358616828918457
    ],
    "nar_0": [
        35.5968017578125,
        3.166358232498169
    ],
    "nar_1": [
        44.04958724975586,
        2.840132713317871
    ],
    "l0d1": [
        0.13756601512432098,
        0.003507437650114298
    ]
}