{
    "cov": [
        55.162017822265625,
        2.29824161529541
    ],
    "acc": [
        92.07025146484375,
        0.7454344034194946
    ],
    "pos_0": [
        1.428993821144104,
        0.41643026471138
    ],
    "pos_1": [
        0.8060248494148254,
        0.29587140679359436
    ],
    "neg_0": [
        53.464080810546875,
        2.2709059715270996
    ],
    "neg_1": [
        54.91145706176758,
        2.5038270950317383
    ],
    "abs_0": [
        45.106929779052734,
        2.209099054336548
    ],
    "abs_1": [
        44.28251647949219,
        2.659963607788086
    ],
    "tpr_0": [
        4.581610202789307,
        1.3444217443466187
    ],
    "tpr_1": [
        7.0736083984375,
        2.5911314487457275
    ],
    "fnr_0": [
        19.217309951782227,
        2.3564794063568115
    ],
    "fnr_1": [
        9.80251407623291,
        1.1607345342636108
    ],
    "par_0": [
        76.20108795166016,
        1.9244517087936401
    ],
    "par_1": [
        83.1238784790039,
        2.6779961585998535
    ],
    "fpr_0": [
        0.014277556911110878,
        0.0
    ],
    "fpr_1": [
        0.004591368138790131,
        0.010266611352562904
    ],
    "tnr_0": [
        68.83209991455078,
        2.3531742095947266
    ],
    "tnr_1": [
        60.67951583862305,
        2.7280704975128174
    ],
    "nar_0": [
        31.15362548828125,
        2.353177309036255
    ],
    "nar_1": [
        39.315887451171875,
        2.7280328273773193
    ],
    "l0d1": [
        0.1458178460597992,
        0.0037131269928067923
    ]
}