{
    "cov": [
        0.4279150068759918,
        0.00918743759393692
    ],
    "acc": [
        0.9535665512084961,
        0.001652398961596191
    ],
    "neg_0": [
        0.013462106697261333,
        0.002768747741356492
    ],
    "neg_1": [
        0.0063504986464977264,
        0.0019061320926994085
    ],
    "pos_0": [
        0.41679316759109497,
        0.010361110791563988
    ],
    "pos_1": [
        0.4167311191558838,
        0.006472809240221977
    ],
    "abs_0": [
        0.5697447657585144,
        0.011191830970346928
    ],
    "abs_1": [
        0.5769184231758118,
        0.005340016447007656
    ],
    "tnr_0": [
        0.5647344589233398,
        0.012593668885529041
    ],
    "tnr_1": [
        0.4643709659576416,
        0.007536353077739477
    ],
    "fpr_0": [
        0.00014277557784225792,
        0.0
    ],
    "fpr_1": [
        0.0,
        0.0
    ],
    "nar_0": [
        0.4351227879524231,
        0.012593666091561317
    ],
    "nar_1": [
        0.5356289744377136,
        0.007536336779594421
    ],
    "fnr_0": [
        0.08711422234773636,
        0.005443360190838575
    ],
    "fnr_1": [
        0.044165171682834625,
        0.009030359797179699
    ],
    "tpr_0": [
        0.04314349219202995,
        0.008938748389482498
    ],
    "tpr_1": [
        0.05601435899734497,
        0.016812974587082863
    ],
    "par_0": [
        0.8697423338890076,
        0.010786319151520729
    ],
    "par_1": [
        0.8998204469680786,
        0.021143797785043716
    ],
    "l0d1": [
        0.1491362303495407,
        0.0010673445649445057
    ]
}