{
    "cov": [
        56.65338897705078,
        1.8030927181243896
    ],
    "acc": [
        91.7320785522461,
        0.4602448344230652
    ],
    "pos_0": [
        1.2378042936325073,
        0.3747282326221466
    ],
    "pos_1": [
        0.7571749091148376,
        0.26002392172813416
    ],
    "neg_0": [
        55.1749267578125,
        1.9777711629867554
    ],
    "neg_1": [
        56.39323806762695,
        2.0474207401275635
    ],
    "abs_0": [
        43.5872688293457,
        1.803076148033142
    ],
    "abs_1": [
        42.84958267211914,
        2.1157279014587402
    ],
    "tpr_0": [
        3.964365005493164,
        1.2097892761230469
    ],
    "tpr_1": [
        6.606822490692139,
        2.23661208152771
    ],
    "fnr_0": [
        20.66815185546875,
        1.696550726890564
    ],
    "fnr_1": [
        9.910233497619629,
        1.2136764526367188
    ],
    "par_0": [
        75.36748504638672,
        1.373915672302246
    ],
    "par_1": [
        83.48294830322266,
        2.792879819869995
    ],
    "fpr_0": [
        0.014277556911110878,
        0.0
    ],
    "fpr_1": [
        0.009182736277580261,
        0.012573979794979095
    ],
    "tnr_0": [
        70.65962982177734,
        2.1130528450012207
    ],
    "tnr_1": [
        62.337005615234375,
        2.2044899463653564
    ],
    "nar_0": [
        29.326099395751953,
        2.113053798675537
    ],
    "nar_1": [
        37.65380859375,
        2.209315061569214
    ],
    "l0d1": [
        0.14550597965717316,
        0.0016911386046558619
    ]
}