{
    "cov": [
        0.4404914081096649,
        0.015348301269114017
    ],
    "acc": [
        0.9528701901435852,
        0.002078321296721697
    ],
    "neg_0": [
        0.015295161865651608,
        0.0031019398011267185
    ],
    "neg_1": [
        0.0069204154424369335,
        0.0019994794856756926
    ],
    "pos_0": [
        0.4230807423591614,
        0.011824719607830048
    ],
    "pos_1": [
        0.4379401206970215,
        0.017529763281345367
    ],
    "abs_0": [
        0.5616241097450256,
        0.014637350104749203
    ],
    "abs_1": [
        0.5551394820213318,
        0.01786395162343979
    ],
    "tnr_0": [
        0.5726156234741211,
        0.013476832769811153
    ],
    "tnr_1": [
        0.48714420199394226,
        0.01963850110769272
    ],
    "fpr_0": [
        0.00014277557784225792,
        0.0
    ],
    "fpr_1": [
        0.0,
        0.0
    ],
    "nar_0": [
        0.42724162340164185,
        0.013476838357746601
    ],
    "nar_1": [
        0.5128558278083801,
        0.01963849365711212
    ],
    "fnr_0": [
        0.08985046297311783,
        0.008277243934571743
    ],
    "fnr_1": [
        0.05314183235168457,
        0.0072483401745557785
    ],
    "tpr_0": [
        0.049061406403779984,
        0.01001444086432457
    ],
    "tpr_1": [
        0.061041295528411865,
        0.017636341974139214
    ],
    "par_0": [
        0.861088216304779,
        0.01751743257045746
    ],
    "par_1": [
        0.8858168721199036,
        0.01889796555042267
    ],
    "l0d1": [
        0.15121899545192719,
        0.002019575098529458
    ]
}