{
    "cov": [
        57.3173942565918,
        2.6089842319488525
    ],
    "acc": [
        91.6633071899414,
        0.7767390012741089
    ],
    "pos_0": [
        1.5689367055892944,
        0.6947481036186218
    ],
    "pos_1": [
        0.8467332124710083,
        0.27893370389938354
    ],
    "neg_0": [
        55.675567626953125,
        2.716440200805664
    ],
    "neg_1": [
        56.621212005615234,
        1.9524301290512085
    ],
    "abs_0": [
        42.7554931640625,
        2.9155075550079346
    ],
    "abs_1": [
        42.53205871582031,
        2.0646488666534424
    ],
    "tpr_0": [
        5.033407688140869,
        2.2429559230804443
    ],
    "tpr_1": [
        7.396768093109131,
        2.37296462059021
    ],
    "fnr_0": [
        21.151765823364258,
        2.7854087352752686
    ],
    "fnr_1": [
        9.946139335632324,
        1.7800066471099854
    ],
    "par_0": [
        73.81482696533203,
        3.5398871898651123
    ],
    "par_1": [
        82.65709686279297,
        2.7859506607055664
    ],
    "fpr_0": [
        0.014277556911110878,
        0.0
    ],
    "fpr_1": [
        0.009182736277580261,
        0.012573979794979095
    ],
    "tnr_0": [
        71.16790771484375,
        2.7308151721954346
    ],
    "tnr_1": [
        62.58952713012695,
        2.006169080734253
    ],
    "nar_0": [
        28.817819595336914,
        2.7308156490325928
    ],
    "nar_1": [
        37.40128707885742,
        2.00681471824646
    ],
    "l0d1": [
        0.14875267446041107,
        0.002830585464835167
    ]
}