{
    "cov": [
        62.44621658325195,
        0.943578839302063
    ],
    "acc": [
        90.35469818115234,
        0.23359106481075287
    ],
    "pos_0": [
        1.7601261138916016,
        0.6108034253120422
    ],
    "pos_1": [
        0.993283212184906,
        0.3324028551578522
    ],
    "neg_0": [
        60.69379806518555,
        0.7134456038475037
    ],
    "neg_1": [
        61.4370002746582,
        0.6969035863876343
    ],
    "abs_0": [
        37.54607391357422,
        1.0210500955581665
    ],
    "abs_1": [
        37.5697135925293,
        0.8455453515052795
    ],
    "tpr_0": [
        5.6506524085998535,
        1.9719445705413818
    ],
    "tpr_1": [
        8.617594718933105,
        2.852827310562134
    ],
    "fnr_0": [
        26.579700469970703,
        0.6436893343925476
    ],
    "fnr_1": [
        12.531418800354004,
        0.5872687101364136
    ],
    "par_0": [
        67.76964569091797,
        1.7913693189620972
    ],
    "par_1": [
        78.85099029541016,
        2.5936169624328613
    ],
    "fpr_0": [
        0.014277556911110878,
        0.0
    ],
    "fpr_1": [
        0.018365472555160522,
        0.010266611352562904
    ],
    "tnr_0": [
        76.00228118896484,
        0.8283668160438538
    ],
    "tnr_1": [
        67.69054412841797,
        0.7541944980621338
    ],
    "nar_0": [
        23.98343849182129,
        0.8283690810203552
    ],
    "nar_1": [
        32.29109191894531,
        0.7582010626792908
    ],
    "l0d1": [
        0.15551850199699402,
        0.002364559331908822
    ]
}