{
    "cov": [
        0.5416733622550964,
        0.040255822241306305
    ],
    "acc": [
        0.9313745498657227,
        0.00841284915804863
    ],
    "neg_0": [
        0.02026214636862278,
        0.0024276450276374817
    ],
    "neg_1": [
        0.009729290381073952,
        0.0009697642526589334
    ],
    "pos_0": [
        0.5152655839920044,
        0.03865683078765869
    ],
    "pos_1": [
        0.5446366667747498,
        0.03911055624485016
    ],
    "abs_0": [
        0.4644722640514374,
        0.0405392125248909
    ],
    "abs_1": [
        0.44563403725624084,
        0.039897430688142776
    ],
    "tnr_0": [
        0.6729869246482849,
        0.042001932859420776
    ],
    "tnr_1": [
        0.6033517122268677,
        0.04291713237762451
    ],
    "fpr_0": [
        0.00014277557784225792,
        0.0
    ],
    "fpr_1": [
        9.182736539514735e-05,
        0.00012573979620356113
    ],
    "nar_0": [
        0.3268703818321228,
        0.04200194031000137
    ],
    "nar_1": [
        0.39655646681785583,
        0.04295341297984123
    ],
    "fnr_0": [
        0.16379255056381226,
        0.03136603906750679
    ],
    "fnr_1": [
        0.08545781672000885,
        0.01028209738433361
    ],
    "tpr_0": [
        0.06509704142808914,
        0.007837514393031597
    ],
    "tpr_1": [
        0.0850987434387207,
        0.007887212559580803
    ],
    "par_0": [
        0.7711104154586792,
        0.037329189479351044
    ],
    "par_1": [
        0.8294434547424316,
        0.01605796627700329
    ],
    "l0d1": [
        0.1607552319765091,
        0.004130728077143431
    ]
}