{
    "cov": [
        60.90571212768555,
        2.830915927886963
    ],
    "acc": [
        90.49221801757812,
        0.5011206865310669
    ],
    "pos_0": [
        1.3442397117614746,
        0.5483828186988831
    ],
    "pos_1": [
        0.8182373046875,
        0.3311541676521301
    ],
    "neg_0": [
        59.426429748535156,
        2.4756476879119873
    ],
    "neg_1": [
        60.366371154785156,
        2.818753242492676
    ],
    "abs_0": [
        39.22932815551758,
        2.739607334136963
    ],
    "abs_1": [
        38.81538772583008,
        3.0318493843078613
    ],
    "tpr_0": [
        4.307985782623291,
        1.770423412322998
    ],
    "tpr_1": [
        7.145422458648682,
        2.8426408767700195
    ],
    "fnr_0": [
        25.523386001586914,
        2.371297597885132
    ],
    "fnr_1": [
        12.495512962341309,
        0.9030357599258423
    ],
    "par_0": [
        70.16863250732422,
        3.277322292327881
    ],
    "par_1": [
        80.35906982421875,
        2.5942375659942627
    ],
    "fpr_0": [
        0.014277556911110878,
        0.0
    ],
    "fpr_1": [
        0.009182736277580261,
        0.012573979794979095
    ],
    "tnr_0": [
        74.64021301269531,
        2.5596563816070557
    ],
    "tnr_1": [
        66.48760223388672,
        3.127080202102661
    ],
    "nar_0": [
        25.345518112182617,
        2.5596554279327393
    ],
    "nar_1": [
        33.50321578979492,
        3.1361773014068604
    ],
    "l0d1": [
        0.16060392558574677,
        0.0035377878230065107
    ]
}