{
    "cov": [
        68.24568939208984,
        1.3413456678390503
    ],
    "acc": [
        88.96866607666016,
        0.40436118841171265
    ],
    "pos_0": [
        1.9375184774398804,
        0.5782954096794128
    ],
    "pos_1": [
        1.131691336631775,
        0.27819016575813293
    ],
    "neg_0": [
        66.31517028808594,
        1.246703863143921
    ],
    "neg_1": [
        67.09953308105469,
        1.1985304355621338
    ],
    "abs_0": [
        31.747314453125,
        1.3720346689224243
    ],
    "abs_1": [
        31.768774032592773,
        1.2991950511932373
    ],
    "tpr_0": [
        6.223353862762451,
        1.8669943809509277
    ],
    "tpr_1": [
        9.874327659606934,
        2.418706178665161
    ],
    "fnr_0": [
        33.36302947998047,
        1.468506097793579
    ],
    "fnr_1": [
        15.044882774353027,
        1.6227655410766602
    ],
    "par_0": [
        60.41361618041992,
        2.055001735687256
    ],
    "par_1": [
        75.08079528808594,
        1.7926383018493652
    ],
    "fpr_0": [
        0.014277556911110878,
        0.0
    ],
    "fpr_1": [
        0.013774104416370392,
        0.012573979794979095
    ],
    "tnr_0": [
        81.10222625732422,
        1.1881572008132935
    ],
    "tnr_1": [
        73.7557373046875,
        1.3054554462432861
    ],
    "nar_0": [
        18.883495330810547,
        1.1881552934646606
    ],
    "nar_1": [
        26.230487823486328,
        1.2997103929519653
    ],
    "l0d1": [
        0.16698940098285675,
        0.0029624649323523045
    ]
}