{
    "cov": [
        0.5534396171569824,
        0.03695104271173477
    ],
    "acc": [
        0.9282965660095215,
        0.008671853691339493
    ],
    "neg_0": [
        0.01996649242937565,
        0.0039461152628064156
    ],
    "neg_1": [
        0.009240790270268917,
        0.002648388734087348
    ],
    "pos_0": [
        0.5264610648155212,
        0.03702440485358238
    ],
    "pos_1": [
        0.5586811304092407,
        0.03404363617300987
    ],
    "abs_0": [
        0.45357248187065125,
        0.038453299552202225
    ],
    "abs_1": [
        0.43207818269729614,
        0.03510410711169243
    ],
    "tnr_0": [
        0.6844375133514404,
        0.038080595433712006
    ],
    "tnr_1": [
        0.6182277202606201,
        0.03684697672724724
    ],
    "fpr_0": [
        0.00014277557784225792,
        0.0
    ],
    "fpr_1": [
        9.182736539514735e-05,
        0.00012573979620356113
    ],
    "nar_0": [
        0.3154197633266449,
        0.0380806066095829
    ],
    "nar_1": [
        0.3816804587841034,
        0.03692612797021866
    ],
    "fnr_0": [
        0.1744193434715271,
        0.0347767248749733
    ],
    "fnr_1": [
        0.092998206615448,
        0.012720277532935143
    ],
    "tpr_0": [
        0.06414254009723663,
        0.012739810161292553
    ],
    "tpr_1": [
        0.0807899460196495,
        0.022744810208678246
    ],
    "par_0": [
        0.7614380717277527,
        0.04090859740972519
    ],
    "par_1": [
        0.8262118697166443,
        0.027592087164521217
    ],
    "l0d1": [
        0.16650579869747162,
        0.003056132700294256
    ]
}