{
    "cov": [
        0.6258034706115723,
        0.027827002108097076
    ],
    "acc": [
        0.9115303158760071,
        0.006126417778432369
    ],
    "neg_0": [
        0.02459840476512909,
        0.0017623880412429571
    ],
    "neg_1": [
        0.012008956633508205,
        0.0008754653972573578
    ],
    "pos_0": [
        0.5953483581542969,
        0.027474772185087204
    ],
    "pos_1": [
        0.6258904933929443,
        0.026635944843292236
    ],
    "abs_0": [
        0.38005325198173523,
        0.02865671180188656
    ],
    "abs_1": [
        0.3621005713939667,
        0.027139050886034966
    ],
    "tnr_0": [
        0.752741277217865,
        0.027187654748558998
    ],
    "tnr_1": [
        0.6910009384155273,
        0.02868778631091118
    ],
    "fpr_0": [
        0.00014277557784225792,
        0.0
    ],
    "fpr_1": [
        0.00022956840984988958,
        0.0
    ],
    "nar_0": [
        0.24711595475673676,
        0.027187665924429893
    ],
    "nar_1": [
        0.3087695240974426,
        0.02868778072297573
    ],
    "fnr_0": [
        0.244607076048851,
        0.028267163783311844
    ],
    "fnr_1": [
        0.11669659614562988,
        0.01128348894417286
    ],
    "tpr_0": [
        0.07909640669822693,
        0.005689771380275488
    ],
    "tpr_1": [
        0.10412926971912384,
        0.007722011301666498
    ],
    "par_0": [
        0.6762965321540833,
        0.03201386705040932
    ],
    "par_1": [
        0.7791741490364075,
        0.016007674857974052
    ],
    "l0d1": [
        0.16424889862537384,
        0.0020747878588736057
    ]
}