{
    "cov": [
        72.7715835571289,
        0.9124013781547546
    ],
    "acc": [
        87.9413070678711,
        0.2413000911474228
    ],
    "pos_0": [
        2.158273458480835,
        0.2339426577091217
    ],
    "pos_1": [
        1.2253206968307495,
        0.09260585159063339
    ],
    "neg_0": [
        70.64945983886719,
        0.9529305696487427
    ],
    "neg_1": [
        71.47161102294922,
        0.9391207098960876
    ],
    "abs_0": [
        27.19227409362793,
        0.9673699736595154
    ],
    "abs_1": [
        27.30307388305664,
        0.9255666732788086
    ],
    "tpr_0": [
        6.929684638977051,
        0.7627395987510681
    ],
    "tpr_1": [
        10.592459678649902,
        0.7722013592720032
    ],
    "fnr_0": [
        38.810054779052734,
        1.1729973554611206
    ],
    "fnr_1": [
        17.881507873535156,
        1.1183059215545654
    ],
    "par_0": [
        54.26026153564453,
        1.3356586694717407
    ],
    "par_1": [
        71.52603149414062,
        1.3107143640518188
    ],
    "fpr_0": [
        0.017133068293333054,
        0.006385117303580046
    ],
    "fpr_1": [
        0.027548208832740784,
        0.019207071512937546
    ],
    "tnr_0": [
        84.93718719482422,
        0.8706963062286377
    ],
    "tnr_1": [
        78.32415008544922,
        0.9293119311332703
    ],
    "nar_0": [
        15.045687675476074,
        0.8704276084899902
    ],
    "nar_1": [
        21.648300170898438,
        0.930813729763031
    ],
    "l0d1": [
        0.17115597426891327,
        0.0007476953323930502
    ]
}