{
    "cov": [
        73.52722930908203,
        0.7775087952613831
    ],
    "acc": [
        87.70984649658203,
        0.22005149722099304
    ],
    "pos_0": [
        2.2292304039001465,
        0.48956289887428284
    ],
    "pos_1": [
        1.5672705173492432,
        0.3149966895580292
    ],
    "neg_0": [
        71.20528411865234,
        0.6937015652656555
    ],
    "neg_1": [
        72.15144348144531,
        1.1047104597091675
    ],
    "abs_0": [
        26.565488815307617,
        0.7924836874008179
    ],
    "abs_1": [
        26.281295776367188,
        1.141049861907959
    ],
    "tpr_0": [
        7.1587653160095215,
        1.5745266675949097
    ],
    "tpr_1": [
        13.500897407531738,
        2.6121928691864014
    ],
    "fnr_0": [
        39.9045524597168,
        1.0059837102890015
    ],
    "fnr_1": [
        18.635547637939453,
        2.121988296508789
    ],
    "par_0": [
        52.936683654785156,
        1.6517772674560547
    ],
    "par_1": [
        67.86355590820312,
        3.3683419227600098
    ],
    "fpr_0": [
        0.017133068293333054,
        0.006385117303580046
    ],
    "fpr_1": [
        0.041322316974401474,
        0.029932059347629547
    ],
    "tnr_0": [
        85.25128936767578,
        0.5858121514320374
    ],
    "tnr_1": [
        78.99449157714844,
        1.0302488803863525
    ],
    "nar_0": [
        14.731582641601562,
        0.5889734625816345
    ],
    "nar_1": [
        20.964187622070312,
        1.0421240329742432
    ],
    "l0d1": [
        0.1760774701833725,
        0.001705342554487288
    ]
}