{
    "cov": [
        76.04914093017578,
        1.4374322891235352
    ],
    "acc": [
        87.07744598388672,
        0.3675035834312439
    ],
    "pos_0": [
        2.426332950592041,
        0.1927930861711502
    ],
    "pos_1": [
        1.5387747287750244,
        0.2972683310508728
    ],
    "neg_0": [
        73.47393035888672,
        1.4286648035049438
    ],
    "neg_1": [
        74.81783294677734,
        1.3656582832336426
    ],
    "abs_0": [
        24.099735260009766,
        1.4884122610092163
    ],
    "abs_1": [
        23.643394470214844,
        1.5297200679779053
    ],
    "tpr_0": [
        7.795100688934326,
        0.6086900234222412
    ],
    "tpr_1": [
        13.321365356445312,
        2.5051159858703613
    ],
    "fnr_0": [
        43.26439666748047,
        2.0352017879486084
    ],
    "fnr_1": [
        21.220827102661133,
        1.1383025646209717
    ],
    "par_0": [
        48.94050216674805,
        2.2888598442077637
    ],
    "par_1": [
        65.45780944824219,
        2.957124710083008
    ],
    "fpr_0": [
        0.017133068293333054,
        0.006385117303580046
    ],
    "fpr_1": [
        0.032139576971530914,
        0.02053322270512581
    ],
    "tnr_0": [
        87.03026580810547,
        1.1698261499404907
    ],
    "tnr_1": [
        81.67125701904297,
        1.4186511039733887
    ],
    "nar_0": [
        12.952598571777344,
        1.1699494123458862
    ],
    "nar_1": [
        18.29660415649414,
        1.4299739599227905
    ],
    "l0d1": [
        0.17795005440711975,
        0.0012254322646185756
    ]
}