{
    "cov": [
        74.85392761230469,
        1.1568156480789185
    ],
    "acc": [
        87.47333526611328,
        0.2881598174571991
    ],
    "pos_0": [
        2.4460432529449463,
        0.35719913244247437
    ],
    "pos_1": [
        1.6283329725265503,
        0.3015578091144562
    ],
    "neg_0": [
        72.08830261230469,
        0.9550181031227112
    ],
    "neg_1": [
        73.88561248779297,
        1.2250621318817139
    ],
    "abs_0": [
        25.465656280517578,
        1.0996532440185547
    ],
    "abs_1": [
        24.486059188842773,
        1.3843077421188354
    ],
    "tpr_0": [
        7.826916694641113,
        1.1434122323989868
    ],
    "tpr_1": [
        13.931777954101562,
        2.457048177719116
    ],
    "fnr_0": [
        41.202674865722656,
        1.42945396900177
    ],
    "fnr_1": [
        20.251346588134766,
        1.2334338426589966
    ],
    "par_0": [
        50.97040939331055,
        1.9540752172470093
    ],
    "par_1": [
        65.81687927246094,
        2.848870038986206
    ],
    "fpr_0": [
        0.03141062334179878,
        0.01564027927815914
    ],
    "fpr_1": [
        0.05509641766548157,
        0.034815773367881775
    ],
    "tnr_0": [
        85.94802856445312,
        0.7716727256774902
    ],
    "tnr_1": [
        80.7437973022461,
        1.2391818761825562
    ],
    "nar_0": [
        14.020560264587402,
        0.7693337202072144
    ],
    "nar_1": [
        19.201101303100586,
        1.2442951202392578
    ],
    "l0d1": [
        0.17739559710025787,
        0.0018734734039753675
    ]
}