{
    "cov": [
        0.7679681777954102,
        0.04422720521688461
    ],
    "acc": [
        0.8756603598594666,
        0.012299121357500553
    ],
    "neg_0": [
        0.032108012586832047,
        0.0033935150131583214
    ],
    "neg_1": [
        0.019295746460556984,
        0.0022408077493309975
    ],
    "pos_0": [
        0.7288262248039246,
        0.043517641723155975
    ],
    "pos_1": [
        0.7631997466087341,
        0.03816897049546242
    ],
    "abs_0": [
        0.2390657514333725,
        0.046571675688028336
    ],
    "abs_1": [
        0.2175046056509018,
        0.03983897715806961
    ],
    "tnr_0": [
        0.8681610226631165,
        0.03389538452029228
    ],
    "tnr_1": [
        0.8322314620018005,
        0.03810640797019005
    ],
    "fpr_0": [
        0.00034266134025529027,
        0.00016278919065371156
    ],
    "fpr_1": [
        0.0006887053023092449,
        0.00045913687790744007
    ],
    "nar_0": [
        0.13149629533290863,
        0.034028541296720505
    ],
    "nar_1": [
        0.167079895734787,
        0.038498904556035995
    ],
    "fnr_0": [
        0.4183264672756195,
        0.06500175595283508
    ],
    "fnr_1": [
        0.22333931922912598,
        0.039915360510349274
    ],
    "tpr_0": [
        0.1028953343629837,
        0.01061602309346199
    ],
    "tpr_1": [
        0.16481149196624756,
        0.016522904857993126
    ],
    "par_0": [
        0.47877827286720276,
        0.07460037618875504
    ],
    "par_1": [
        0.6118492484092712,
        0.050355780869722366
    ],
    "l0d1": [
        0.17669908702373505,
        0.0007068834966048598
    ]
}