{
    "cov": [
        77.462158203125,
        1.1204421520233154
    ],
    "acc": [
        86.79715728759766,
        0.4894930422306061
    ],
    "pos_0": [
        2.4499852657318115,
        0.4450439214706421
    ],
    "pos_1": [
        1.7301037311553955,
        0.33134177327156067
    ],
    "neg_0": [
        74.74524688720703,
        1.3148492574691772
    ],
    "neg_1": [
        76.28333282470703,
        1.04615318775177
    ],
    "abs_0": [
        22.804771423339844,
        1.3206794261932373
    ],
    "abs_1": [
        21.9865665435791,
        0.9842237830162048
    ],
    "tpr_0": [
        7.858733654022217,
        1.4315763711929321
    ],
    "tpr_1": [
        14.865350723266602,
        2.709108352661133
    ],
    "fnr_0": [
        44.93159484863281,
        2.2575764656066895
    ],
    "fnr_1": [
        22.405744552612305,
        1.5620421171188354
    ],
    "par_0": [
        47.20967483520508,
        2.45601749420166
    ],
    "par_1": [
        62.72890853881836,
        1.9732333421707153
    ],
    "fpr_0": [
        0.022844089195132256,
        0.007820138707756996
    ],
    "fpr_1": [
        0.05050504952669144,
        0.03405049815773964
    ],
    "tnr_0": [
        88.1239242553711,
        0.8995108604431152
    ],
    "tnr_1": [
        83.1726303100586,
        1.0034288167953491
    ],
    "nar_0": [
        11.853226661682129,
        0.8978641629219055
    ],
    "nar_1": [
        16.776859283447266,
        1.0137988328933716
    ],
    "l0d1": [
        0.17922118306159973,
        0.0020339929033070803
    ]
}