{
    "cov": [
        76.9017333984375,
        2.662245988845825
    ],
    "acc": [
        86.82203674316406,
        0.5877300500869751
    ],
    "pos_0": [
        2.4085938930511475,
        0.421679824590683
    ],
    "pos_1": [
        1.689395546913147,
        0.432735413312912
    ],
    "neg_0": [
        74.33330535888672,
        2.3292062282562256
    ],
    "neg_1": [
        75.54244232177734,
        2.2896664142608643
    ],
    "abs_0": [
        23.258106231689453,
        2.6860969066619873
    ],
    "abs_1": [
        22.768165588378906,
        2.6467294692993164
    ],
    "tpr_0": [
        7.7060136795043945,
        1.375388741493225
    ],
    "tpr_1": [
        14.398564338684082,
        3.5327465534210205
    ],
    "fnr_0": [
        44.5052490234375,
        3.3789777755737305
    ],
    "fnr_1": [
        22.298025131225586,
        2.181900978088379
    ],
    "par_0": [
        47.78873825073242,
        4.546065330505371
    ],
    "par_1": [
        63.30341339111328,
        5.011839866638184
    ],
    "fpr_0": [
        0.03141062334179878,
        0.018615655601024628
    ],
    "fpr_1": [
        0.06427915394306183,
        0.04106644168496132
    ],
    "tnr_0": [
        87.71845245361328,
        1.8654851913452148
    ],
    "tnr_1": [
        82.35078430175781,
        2.3338422775268555
    ],
    "nar_0": [
        12.250143051147461,
        1.8683974742889404
    ],
    "nar_1": [
        17.58493995666504,
        2.354895830154419
    ],
    "l0d1": [
        0.18028369545936584,
        0.0018271751469001174
    ]
}