{
    "cov": [
        0.7886454463005066,
        0.022027095779776573
    ],
    "acc": [
        0.8688883781433105,
        0.0060297343879938126
    ],
    "neg_0": [
        0.03208830580115318,
        0.002998616546392441
    ],
    "neg_1": [
        0.020516997203230858,
        0.002879952546209097
    ],
    "pos_0": [
        0.7532275915145874,
        0.020290551707148552
    ],
    "pos_1": [
        0.7750051021575928,
        0.02017609216272831
    ],
    "abs_0": [
        0.2146841585636139,
        0.022304687649011612
    ],
    "abs_1": [
        0.2044779360294342,
        0.021935613825917244
    ],
    "tnr_0": [
        0.8877784609794617,
        0.015066375024616718
    ],
    "tnr_1": [
        0.844811737537384,
        0.02016676776111126
    ],
    "fpr_0": [
        0.0003426613693591207,
        0.00019155351037625223
    ],
    "fpr_1": [
        0.0008723600185476243,
        0.0004704752063844353
    ],
    "nar_0": [
        0.11187892407178879,
        0.015145521610975266
    ],
    "nar_1": [
        0.15431587398052216,
        0.02036920189857483
    ],
    "fnr_0": [
        0.453388512134552,
        0.031965915113687515
    ],
    "fnr_1": [
        0.22908440232276917,
        0.021189473569393158
    ],
    "tpr_0": [
        0.10283169895410538,
        0.009307143278419971
    ],
    "tpr_1": [
        0.17414723336696625,
        0.022170716896653175
    ],
    "par_0": [
        0.443779855966568,
        0.03843799978494644
    ],
    "par_1": [
        0.5967684388160706,
        0.03722013905644417
    ],
    "l0d1": [
        0.17860279977321625,
        0.0007540453225374222
    ]
}