{
    "cov": [
        0.7983533143997192,
        0.029000047594308853
    ],
    "acc": [
        0.8668066263198853,
        0.008793244138360023
    ],
    "neg_0": [
        0.034000199288129807,
        0.002983517711982131
    ],
    "neg_1": [
        0.020964788272976875,
        0.0031989077106118202
    ],
    "pos_0": [
        0.7597910761833191,
        0.029808349907398224
    ],
    "pos_1": [
        0.7868105173110962,
        0.023428773507475853
    ],
    "abs_0": [
        0.206208735704422,
        0.030778195708990097
    ],
    "abs_1": [
        0.19222472608089447,
        0.025709807872772217
    ],
    "tnr_0": [
        0.8920331001281738,
        0.022337494418025017
    ],
    "tnr_1": [
        0.8566115498542786,
        0.023519616574048996
    ],
    "fpr_0": [
        0.0005425470881164074,
        0.0002746342506725341
    ],
    "fpr_1": [
        0.0010560147929936647,
        0.0007186628063209355
    ],
    "nar_0": [
        0.10742433369159698,
        0.022477198392152786
    ],
    "nar_1": [
        0.14233241975307465,
        0.024002254009246826
    ],
    "fnr_0": [
        0.465097039937973,
        0.04652015119791031
    ],
    "fnr_1": [
        0.24093356728553772,
        0.023214703425765038
    ],
    "tpr_0": [
        0.10855870693922043,
        0.009219719097018242
    ],
    "tpr_1": [
        0.1766606867313385,
        0.022624032571911812
    ],
    "par_0": [
        0.42634424567222595,
        0.04969169199466705
    ],
    "par_1": [
        0.5824057459831238,
        0.040695060044527054
    ],
    "l0d1": [
        0.1796308308839798,
        0.0013774336548522115
    ]
}