{
    "cov": [
        42.272247314453125,
        1.8773863315582275
    ],
    "acc": [
        94.91289520263672,
        0.34378981590270996
    ],
    "pos_0": [
        0.5341480374336243,
        0.2986282706260681
    ],
    "pos_1": [
        0.20354163646697998,
        0.1142374575138092
    ],
    "neg_0": [
        41.501922607421875,
        1.704158067703247
    ],
    "neg_1": [
        42.55648422241211,
        1.7904369831085205
    ],
    "abs_0": [
        57.96392822265625,
        1.9457772970199585
    ],
    "abs_1": [
        57.2399787902832,
        1.85683012008667
    ],
    "tpr_0": [
        1.724467158317566,
        0.9641048908233643
    ],
    "tpr_1": [
        1.7953321933746338,
        1.0076276063919067
    ],
    "fnr_0": [
        9.328666687011719,
        1.1321570873260498
    ],
    "fnr_1": [
        5.637342929840088,
        0.6547425985336304
    ],
    "par_0": [
        88.94686889648438,
        1.9435054063796997
    ],
    "par_1": [
        92.56732177734375,
        0.9294198155403137
    ],
    "fpr_0": [
        0.0,
        0.0
    ],
    "fpr_1": [
        0.0,
        0.0
    ],
    "tnr_0": [
        55.9394645690918,
        1.977530598640442
    ],
    "tnr_1": [
        47.27731704711914,
        1.9935877323150635
    ],
    "nar_0": [
        44.06053924560547,
        1.977530598640442
    ],
    "nar_1": [
        52.72268295288086,
        1.9935877323150635
    ],
    "l0d1": [
        0.13700930774211884,
        0.0014794286107644439
    ]
}