{
    "cov": [
        59.69588851928711,
        3.235525369644165
    ],
    "acc": [
        90.65544891357422,
        0.9165624976158142
    ],
    "pos_0": [
        0.6642357110977173,
        0.013222056441009045
    ],
    "pos_1": [
        0.21982498466968536,
        0.10012923926115036
    ],
    "neg_0": [
        58.7621955871582,
        3.2558915615081787
    ],
    "neg_1": [
        60.032569885253906,
        3.3154988288879395
    ],
    "abs_0": [
        40.573570251464844,
        3.2499284744262695
    ],
    "abs_1": [
        39.74760818481445,
        3.2652227878570557
    ],
    "tpr_0": [
        2.1444480419158936,
        0.04268663376569748
    ],
    "tpr_1": [
        1.938958764076233,
        0.8831865787506104
    ],
    "fnr_0": [
        24.77887535095215,
        3.8926703929901123
    ],
    "fnr_1": [
        11.633752822875977,
        1.2528793811798096
    ],
    "par_0": [
        73.07667541503906,
        3.8756656646728516
    ],
    "par_1": [
        86.42729949951172,
        1.399898886680603
    ],
    "fpr_0": [
        0.0,
        0.0
    ],
    "fpr_1": [
        0.0,
        0.0
    ],
    "tnr_0": [
        74.01199340820312,
        2.978050470352173
    ],
    "tnr_1": [
        66.22130584716797,
        3.5922718048095703
    ],
    "nar_0": [
        25.988006591796875,
        2.9780499935150146
    ],
    "nar_1": [
        33.77869415283203,
        3.5922727584838867
    ],
    "l0d1": [
        0.1577838510274887,
        0.0011658447328954935
    ]
}