{
    "cov": [
        65.97212219238281,
        2.0467302799224854
    ],
    "acc": [
        88.94613647460938,
        0.5716740489006042
    ],
    "pos_0": [
        0.6938011050224304,
        0.11610663682222366
    ],
    "pos_1": [
        0.256462424993515,
        0.07282126694917679
    ],
    "neg_0": [
        64.87237548828125,
        2.6745083332061768
    ],
    "neg_1": [
        66.55403900146484,
        1.3772120475769043
    ],
    "abs_0": [
        34.43382263183594,
        2.6395280361175537
    ],
    "abs_1": [
        33.18949508666992,
        1.396419882774353
    ],
    "tpr_0": [
        2.233534812927246,
        0.36164864897727966
    ],
    "tpr_1": [
        2.2621185779571533,
        0.642317533493042
    ],
    "fnr_0": [
        32.06490707397461,
        3.0429012775421143
    ],
    "fnr_1": [
        16.445241928100586,
        1.7060385942459106
    ],
    "par_0": [
        65.7015609741211,
        2.9959301948547363
    ],
    "par_1": [
        81.29264068603516,
        2.052497148513794
    ],
    "fpr_0": [
        0.002855511149391532,
        0.006385117303580046
    ],
    "fpr_1": [
        0.0,
        0.0
    ],
    "tnr_0": [
        79.59452056884766,
        2.5340640544891357
    ],
    "tnr_1": [
        72.96144104003906,
        1.6328768730163574
    ],
    "nar_0": [
        20.40262794494629,
        2.531278371810913
    ],
    "nar_1": [
        27.0385684967041,
        1.6328749656677246
    ],
    "l0d1": [
        0.1640392243862152,
        0.0011251564137637615
    ]
}