{
    "cov": [
        63.54316329956055,
        1.4460471868515015
    ],
    "acc": [
        89.63854217529297,
        0.49021589756011963
    ],
    "pos_0": [
        0.6740908622741699,
        0.008814714848995209
    ],
    "pos_1": [
        0.26867493987083435,
        0.009102653712034225
    ],
    "neg_0": [
        62.7003059387207,
        1.5905485153198242
    ],
    "neg_1": [
        63.623043060302734,
        1.188534140586853
    ],
    "abs_0": [
        36.625606536865234,
        1.5847867727279663
    ],
    "abs_1": [
        36.10828399658203,
        1.1814180612564087
    ],
    "tpr_0": [
        2.1699013710021973,
        0.014228830114006996
    ],
    "tpr_1": [
        2.3698384761810303,
        0.08028974384069443
    ],
    "fnr_0": [
        29.315942764282227,
        1.9880504608154297
    ],
    "fnr_1": [
        12.710951805114746,
        1.381355881690979
    ],
    "par_0": [
        68.51415252685547,
        1.9783517122268677
    ],
    "par_1": [
        84.9192123413086,
        1.3131718635559082
    ],
    "fpr_0": [
        0.002855511149391532,
        0.006385116837918758
    ],
    "fpr_1": [
        0.0,
        0.0
    ],
    "tnr_0": [
        77.68132781982422,
        1.4163739681243896
    ],
    "tnr_1": [
        70.13314819335938,
        1.1686590909957886
    ],
    "nar_0": [
        22.315820693969727,
        1.4123237133026123
    ],
    "nar_1": [
        29.866849899291992,
        1.1686592102050781
    ],
    "l0d1": [
        0.1661527454853058,
        0.0007076218607835472
    ]
}