{
    "cov": [
        75.3718490600586,
        2.6239585876464844
    ],
    "acc": [
        86.59334564208984,
        0.6414197087287903
    ],
    "pos_0": [
        0.8376860022544861,
        0.14433643221855164
    ],
    "pos_1": [
        0.32973742485046387,
        0.06173722445964813
    ],
    "neg_0": [
        73.8405532836914,
        2.3697705268859863
    ],
    "neg_1": [
        76.47466278076172,
        3.155073642730713
    ],
    "abs_0": [
        25.32176971435547,
        2.442378520965576
    ],
    "abs_1": [
        23.19560432434082,
        3.1663198471069336
    ],
    "tpr_0": [
        2.678969144821167,
        0.4568776786327362
    ],
    "tpr_1": [
        2.908438205718994,
        0.5445511341094971
    ],
    "fnr_0": [
        44.346168518066406,
        3.4274606704711914
    ],
    "fnr_1": [
        23.19569206237793,
        3.3692986965179443
    ],
    "par_0": [
        52.9748649597168,
        3.6782402992248535
    ],
    "par_1": [
        73.8958740234375,
        3.51491117477417
    ],
    "fpr_0": [
        0.011422044597566128,
        0.006385116837918758
    ],
    "fpr_1": [
        0.0,
        0.0
    ],
    "tnr_0": [
        87.0759506225586,
        1.9114460945129395
    ],
    "tnr_1": [
        83.28742218017578,
        3.1323678493499756
    ],
    "nar_0": [
        12.912622451782227,
        1.9129687547683716
    ],
    "nar_1": [
        16.71257972717285,
        3.132368326187134
    ],
    "l0d1": [
        0.17999203503131866,
        0.0005141178262419999
    ]
}