{
    "cov": [
        77.43161010742188,
        3.0132575035095215
    ],
    "acc": [
        85.96092987060547,
        1.0135619640350342
    ],
    "pos_0": [
        1.0702670812606812,
        0.46905654668807983
    ],
    "pos_1": [
        0.3826582431793213,
        0.088018499314785
    ],
    "neg_0": [
        76.10131072998047,
        3.47164249420166
    ],
    "neg_1": [
        77.58599853515625,
        3.0543246269226074
    ],
    "abs_0": [
        22.82842254638672,
        3.2484467029571533
    ],
    "abs_1": [
        22.031347274780273,
        2.9902820587158203
    ],
    "tpr_0": [
        3.410754442214966,
        1.4867985248565674
    ],
    "tpr_1": [
        3.3752243518829346,
        0.7763644456863403
    ],
    "fnr_0": [
        47.80782699584961,
        5.317804336547852
    ],
    "fnr_1": [
        24.560144424438477,
        3.1594789028167725
    ],
    "par_0": [
        48.78142166137695,
        4.707233428955078
    ],
    "par_1": [
        72.06463623046875,
        2.622044563293457
    ],
    "fpr_0": [
        0.01998857967555523,
        0.012770235538482666
    ],
    "fpr_1": [
        0.0,
        0.0
    ],
    "tnr_0": [
        88.79783630371094,
        2.6552703380584717
    ],
    "tnr_1": [
        84.36639404296875,
        3.043881416320801
    ],
    "nar_0": [
        11.182181358337402,
        2.650869607925415
    ],
    "nar_1": [
        15.6336088180542,
        3.043881416320801
    ],
    "l0d1": [
        0.18455499410629272,
        0.001953031518496573
    ]
}