{
    "cov": [
        81.35458374023438,
        1.6766588687896729
    ],
    "acc": [
        84.80340576171875,
        0.5637392997741699
    ],
    "pos_0": [
        0.8731644749641418,
        0.1881013661623001
    ],
    "pos_1": [
        0.3338082730770111,
        0.05684608221054077
    ],
    "neg_0": [
        79.86400604248047,
        1.854235053062439
    ],
    "neg_1": [
        82.29595184326172,
        1.1966989040374756
    ],
    "abs_0": [
        19.262836456298828,
        1.920063853263855
    ],
    "abs_1": [
        17.370243072509766,
        1.2272230386734009
    ],
    "tpr_0": [
        2.7935094833374023,
        0.5987974405288696
    ],
    "tpr_1": [
        2.9443447589874268,
        0.5014090538024902
    ],
    "fnr_0": [
        53.93572998046875,
        3.1859989166259766
    ],
    "fnr_1": [
        29.9820499420166,
        1.6649233102798462
    ],
    "par_0": [
        43.2707633972168,
        3.4373130798339844
    ],
    "par_1": [
        67.0736083984375,
        2.029599189758301
    ],
    "fpr_0": [
        0.011422044597566128,
        0.006385116837918758
    ],
    "fpr_1": [
        0.0,
        0.0
    ],
    "tnr_0": [
        91.49913787841797,
        1.265260100364685
    ],
    "tnr_1": [
        88.98530578613281,
        1.155324101448059
    ],
    "nar_0": [
        8.489435195922852,
        1.2633259296417236
    ],
    "nar_1": [
        11.014692306518555,
        1.1553244590759277
    ],
    "l0d1": [
        0.18756574392318726,
        0.0016537258634343743
    ]
}