{
    "cov": [
        81.21248626708984,
        2.5058834552764893
    ],
    "acc": [
        84.7929458618164,
        0.7762992978096008
    ],
    "pos_0": [
        0.8317729830741882,
        0.10650838911533356
    ],
    "pos_1": [
        0.3500916063785553,
        0.05828544497489929
    ],
    "neg_0": [
        80.08869934082031,
        2.459963321685791
    ],
    "neg_1": [
        81.46549987792969,
        2.5916848182678223
    ],
    "abs_0": [
        19.079530715942383,
        2.5338993072509766
    ],
    "abs_1": [
        18.18440818786621,
        2.617572069168091
    ],
    "tpr_0": [
        2.653515577316284,
        0.3438563644886017
    ],
    "tpr_1": [
        3.0879714488983154,
        0.5141049027442932
    ],
    "fnr_0": [
        54.050270080566406,
        4.1438422203063965
    ],
    "fnr_1": [
        29.15619468688965,
        4.075442790985107
    ],
    "par_0": [
        43.29621505737305,
        4.376819133758545
    ],
    "par_1": [
        67.7558364868164,
        4.261031627655029
    ],
    "fpr_0": [
        0.014277556911110878,
        0.0
    ],
    "fpr_1": [
        0.0,
        0.0
    ],
    "tnr_0": [
        91.77327728271484,
        1.7184292078018188
    ],
    "tnr_1": [
        88.1542739868164,
        2.410466194152832
    ],
    "nar_0": [
        8.21245002746582,
        1.718427062034607
    ],
    "nar_1": [
        11.84572982788086,
        2.410468578338623
    ],
    "l0d1": [
        0.18940837681293488,
        0.0019124670652672648
    ]
}