{
    "cov": [
        40.41145706176758,
        0.8022168874740601
    ],
    "acc": [
        99.32501220703125,
        0.1268506795167923
    ],
    "pos_0": [
        0.362589567899704,
        0.07421550154685974
    ],
    "pos_1": [
        0.34366554021835327,
        0.2851901352405548
    ],
    "neg_0": [
        40.032737731933594,
        0.8433790802955627
    ],
    "neg_1": [
        40.279640197753906,
        3.61179256439209
    ],
    "abs_0": [
        59.60466766357422,
        0.8532671332359314
    ],
    "abs_1": [
        59.3766975402832,
        3.6141326427459717
    ],
    "tpr_0": [
        2.5438876152038574,
        0.4888003170490265
    ],
    "tpr_1": [
        0.7408280372619629,
        0.5629860758781433
    ],
    "fnr_0": [
        0.6909233331680298,
        0.21975959837436676
    ],
    "fnr_1": [
        4.871591091156006,
        2.2912981510162354
    ],
    "par_0": [
        96.76518249511719,
        0.5251500606536865
    ],
    "par_1": [
        94.3875732421875,
        2.206528663635254
    ],
    "fpr_0": [
        0.1257959008216858,
        0.0401436947286129
    ],
    "fpr_1": [
        0.1909695714712143,
        0.2176167219877243
    ],
    "tnr_0": [
        44.3126106262207,
        0.9395511150360107
    ],
    "tnr_1": [
        54.19384765625,
        3.8684680461883545
    ],
    "nar_0": [
        55.56159210205078,
        0.9499967694282532
    ],
    "nar_1": [
        45.61518096923828,
        3.895190715789795
    ]
}