{
    "cov": [
        42.341304779052734,
        0.7530022263526917
    ],
    "acc": [
        99.27825927734375,
        0.0988171398639679
    ],
    "pos_0": [
        0.3834564983844757,
        0.07624483108520508
    ],
    "pos_1": [
        0.3790012300014496,
        0.2585219740867615
    ],
    "neg_0": [
        41.935020446777344,
        0.8123235106468201
    ],
    "neg_1": [
        42.25657653808594,
        3.651651620864868
    ],
    "abs_0": [
        57.6815299987793,
        0.8254442811012268
    ],
    "abs_1": [
        57.36442184448242,
        3.69982647895813
    ],
    "tpr_0": [
        2.677396059036255,
        0.5002771615982056
    ],
    "tpr_1": [
        0.8037211298942566,
        0.5029600262641907
    ],
    "fnr_0": [
        0.7307831048965454,
        0.2050994336605072
    ],
    "fnr_1": [
        5.919531345367432,
        2.3636021614074707
    ],
    "par_0": [
        96.5918197631836,
        0.5324795842170715
    ],
    "par_1": [
        93.27674102783203,
        2.3526079654693604
    ],
    "fpr_0": [
        0.1344682276248932,
        0.03831445053219795
    ],
    "fpr_1": [
        0.2155396193265915,
        0.20728471875190735
    ],
    "tnr_0": [
        46.4177360534668,
        0.9198271632194519
    ],
    "tnr_1": [
        56.525474548339844,
        3.8745222091674805
    ],
    "nar_0": [
        53.44779586791992,
        0.9273059964179993
    ],
    "nar_1": [
        43.25898361206055,
        3.926959753036499
    ]
}