{
    "cov": [
        0.42341309785842896,
        0.007530020084232092
    ],
    "acc": [
        0.9927825927734375,
        0.0009881682926788926
    ],
    "neg_0": [
        0.0038345649372786283,
        0.0007624482968822122
    ],
    "neg_1": [
        0.003790012327954173,
        0.0025852196849882603
    ],
    "pos_0": [
        0.41935020685195923,
        0.008123228326439857
    ],
    "pos_1": [
        0.4225657880306244,
        0.03651651367545128
    ],
    "abs_0": [
        0.5768152475357056,
        0.008254450745880604
    ],
    "abs_1": [
        0.5736442804336548,
        0.03699825704097748
    ],
    "tnr_0": [
        0.46417737007141113,
        0.009198270738124847
    ],
    "tnr_1": [
        0.565254807472229,
        0.0387452207505703
    ],
    "fpr_0": [
        0.0013446822995319963,
        0.00038314450648613274
    ],
    "fpr_1": [
        0.002155396156013012,
        0.0020728472154587507
    ],
    "nar_0": [
        0.534477949142456,
        0.009273058734834194
    ],
    "nar_1": [
        0.4325898587703705,
        0.039269596338272095
    ],
    "fnr_0": [
        0.007307831197977066,
        0.0020509944297373295
    ],
    "fnr_1": [
        0.059195321053266525,
        0.023636022582650185
    ],
    "tpr_0": [
        0.026773959398269653,
        0.005002771969884634
    ],
    "tpr_1": [
        0.008037211373448372,
        0.0050295996479690075
    ],
    "par_0": [
        0.965918242931366,
        0.0053247977048158646
    ],
    "par_1": [
        0.932767391204834,
        0.02352607063949108
    ]
}