{
    "cov": [
        0.4427843689918518,
        0.010424892418086529
    ],
    "acc": [
        0.9921395182609558,
        0.0006712465547025204
    ],
    "neg_0": [
        0.004030392039567232,
        0.0007176490616984665
    ],
    "neg_1": [
        0.0039794063195586205,
        0.0024988099467009306
    ],
    "pos_0": [
        0.43855395913124084,
        0.011102624237537384
    ],
    "pos_1": [
        0.44154495000839233,
        0.036996278911828995
    ],
    "abs_0": [
        0.5574156045913696,
        0.011123319156467915
    ],
    "abs_1": [
        0.5544756054878235,
        0.037097636610269547
    ],
    "tnr_0": [
        0.4853253960609436,
        0.012392939999699593
    ],
    "tnr_1": [
        0.5864090323448181,
        0.03880066052079201
    ],
    "fpr_0": [
        0.001373686594888568,
        0.000372339942259714
    ],
    "fpr_1": [
        0.0024234927259385586,
        0.0019316656980663538
    ],
    "nar_0": [
        0.5133009552955627,
        0.012486038729548454
    ],
    "nar_1": [
        0.4111674726009369,
        0.03917980566620827
    ],
    "fnr_0": [
        0.008630488067865372,
        0.0029492382891476154
    ],
    "fnr_1": [
        0.07320844382047653,
        0.023443350568413734
    ],
    "tpr_0": [
        0.028508255258202553,
        0.005006459541618824
    ],
    "tpr_1": [
        0.008037211373448372,
        0.0050295996479690075
    ],
    "par_0": [
        0.9628612399101257,
        0.005189111921936274
    ],
    "par_1": [
        0.9187542796134949,
        0.023092633113265038
    ]
}