{
    "cov": [
        44.27843475341797,
        1.0424895286560059
    ],
    "acc": [
        99.21394348144531,
        0.06712477654218674
    ],
    "pos_0": [
        0.40303921699523926,
        0.07176490873098373
    ],
    "pos_1": [
        0.39794063568115234,
        0.24988099932670593
    ],
    "neg_0": [
        43.85540008544922,
        1.1102625131607056
    ],
    "neg_1": [
        44.15449523925781,
        3.6996288299560547
    ],
    "abs_0": [
        55.74155807495117,
        1.1123321056365967
    ],
    "abs_1": [
        55.44756317138672,
        3.709763765335083
    ],
    "tpr_0": [
        2.850825548171997,
        0.5006458759307861
    ],
    "tpr_1": [
        0.8037211298942566,
        0.5029600262641907
    ],
    "fnr_0": [
        0.8630488514900208,
        0.2949238419532776
    ],
    "fnr_1": [
        7.3208441734313965,
        2.344334840774536
    ],
    "par_0": [
        96.28611755371094,
        0.5189117193222046
    ],
    "par_1": [
        91.87544250488281,
        2.30926513671875
    ],
    "fpr_0": [
        0.13736864924430847,
        0.03723399341106415
    ],
    "fpr_1": [
        0.2423492670059204,
        0.1931665688753128
    ],
    "tnr_0": [
        48.53253936767578,
        1.239294171333313
    ],
    "tnr_1": [
        58.640907287597656,
        3.8800671100616455
    ],
    "nar_0": [
        51.33009719848633,
        1.2486039400100708
    ],
    "nar_1": [
        41.11674880981445,
        3.917980670928955
    ]
}