{
    "cov": [
        0.46207064390182495,
        0.00976505596190691
    ],
    "acc": [
        0.9916823506355286,
        0.0008859771187417209
    ],
    "neg_0": [
        0.004160840529948473,
        0.0007431978010572493
    ],
    "neg_1": [
        0.0039794063195586205,
        0.0024988099467009306
    ],
    "pos_0": [
        0.4577585756778717,
        0.010661793872714043
    ],
    "pos_1": [
        0.4601272940635681,
        0.03931634500622749
    ],
    "abs_0": [
        0.5380805730819702,
        0.01059213001281023
    ],
    "abs_1": [
        0.5358933210372925,
        0.03941208869218826
    ],
    "tnr_0": [
        0.5064900517463684,
        0.011976199224591255
    ],
    "tnr_1": [
        0.6075849533081055,
        0.039876338094472885
    ],
    "fpr_0": [
        0.0014025948476046324,
        0.00040672579780220985
    ],
    "fpr_1": [
        0.0024234927259385586,
        0.0019316656980663538
    ],
    "nar_0": [
        0.4921073913574219,
        0.012062285095453262
    ],
    "nar_1": [
        0.38999149203300476,
        0.040188729763031006
    ],
    "fnr_0": [
        0.009831453673541546,
        0.0028161262162029743
    ],
    "fnr_1": [
        0.08498143404722214,
        0.025259388610720634
    ],
    "tpr_0": [
        0.02957364358007908,
        0.005080403294414282
    ],
    "tpr_1": [
        0.008037211373448372,
        0.0050295996479690075
    ],
    "par_0": [
        0.9605948328971863,
        0.004922792781144381
    ],
    "par_1": [
        0.906981348991394,
        0.0248886551707983
    ]
}