{
    "cov": [
        0.4835052490234375,
        0.00885210931301117
    ],
    "acc": [
        0.9909192323684692,
        0.0009186999523080885
    ],
    "neg_0": [
        0.004487010650336742,
        0.0007526587578468025
    ],
    "neg_1": [
        0.0039794063195586205,
        0.0024988099467009306
    ],
    "pos_0": [
        0.478607177734375,
        0.009680881164968014
    ],
    "pos_1": [
        0.48485755920410156,
        0.03819219022989273
    ],
    "abs_0": [
        0.5169058442115784,
        0.00951699074357748
    ],
    "abs_1": [
        0.511163055896759,
        0.03839878365397453
    ],
    "tnr_0": [
        0.5295063853263855,
        0.010888316668570042
    ],
    "tnr_1": [
        0.6344437599182129,
        0.040811438113451004
    ],
    "fpr_0": [
        0.0014893157640472054,
        0.00043411378283053637
    ],
    "fpr_1": [
        0.0024234927259385586,
        0.0019316656980663538
    ],
    "nar_0": [
        0.4690043032169342,
        0.010917982086539268
    ],
    "nar_1": [
        0.3631327748298645,
        0.041228342801332474
    ],
    "fnr_0": [
        0.010759902186691761,
        0.0031901916954666376
    ],
    "fnr_1": [
        0.10455020517110825,
        0.02529013715684414
    ],
    "tpr_0": [
        0.032099317759275436,
        0.005086417775601149
    ],
    "tpr_1": [
        0.008037211373448372,
        0.0050295996479690075
    ],
    "par_0": [
        0.9571408033370972,
        0.004868714604526758
    ],
    "par_1": [
        0.8874125480651855,
        0.024993540719151497
    ]
}