{
    "cov": [
        0.6034833788871765,
        0.011191506870090961
    ],
    "acc": [
        0.9863549470901489,
        0.001729824231006205
    ],
    "neg_0": [
        0.006365600973367691,
        0.0012502942699939013
    ],
    "neg_1": [
        0.004320802632719278,
        0.002865451853722334
    ],
    "pos_0": [
        0.5965267419815063,
        0.01133573055267334
    ],
    "pos_1": [
        0.6071070432662964,
        0.034951914101839066
    ],
    "abs_0": [
        0.3971076011657715,
        0.011372099630534649
    ],
    "abs_1": [
        0.3885721266269684,
        0.03534749895334244
    ],
    "tnr_0": [
        0.6589576005935669,
        0.012383999302983284
    ],
    "tnr_1": [
        0.7589062452316284,
        0.039946336299180984
    ],
    "fpr_0": [
        0.002038563834503293,
        0.0006185271195136011
    ],
    "fpr_1": [
        0.0024234927259385586,
        0.0019316656980663538
    ],
    "nar_0": [
        0.33900386095046997,
        0.012516648508608341
    ],
    "nar_1": [
        0.2386702597141266,
        0.04075685143470764
    ],
    "fnr_0": [
        0.022602412849664688,
        0.005329520907253027
    ],
    "fnr_1": [
        0.22086846828460693,
        0.030773352831602097
    ],
    "tpr_0": [
        0.0462179034948349,
        0.00846205186098814
    ],
    "tpr_1": [
        0.009225678630173206,
        0.0066290986724197865
    ],
    "par_0": [
        0.9311798214912415,
        0.007723295129835606
    ],
    "par_1": [
        0.7699058651924133,
        0.028706351295113564
    ]
}