{
    "cov": [
        0.6224299669265747,
        0.01143664214760065
    ],
    "acc": [
        0.9850858449935913,
        0.0016234720824286342
    ],
    "neg_0": [
        0.006717683281749487,
        0.0012467337073758245
    ],
    "neg_1": [
        0.004320802632719278,
        0.002865451853722334
    ],
    "pos_0": [
        0.6149088144302368,
        0.011546998284757137
    ],
    "pos_1": [
        0.62871915102005,
        0.0267964955419302
    ],
    "abs_0": [
        0.37837350368499756,
        0.011472278274595737
    ],
    "abs_1": [
        0.3669601082801819,
        0.027098095044493675
    ],
    "tnr_0": [
        0.6788150072097778,
        0.0125723360106349
    ],
    "tnr_1": [
        0.7794596552848816,
        0.03377707302570343
    ],
    "fpr_0": [
        0.002183087868615985,
        0.0006139822071418166
    ],
    "fpr_1": [
        0.0024234927259385586,
        0.0019316656980663538
    ],
    "nar_0": [
        0.31900185346603394,
        0.012611274607479572
    ],
    "nar_1": [
        0.21811683475971222,
        0.03459411859512329
    ],
    "fnr_0": [
        0.027381112799048424,
        0.0044511728920042515
    ],
    "fnr_1": [
        0.24525086581707,
        0.02692488767206669
    ],
    "tpr_0": [
        0.04847326874732971,
        0.008673966862261295
    ],
    "tpr_1": [
        0.009225678630173206,
        0.0066290986724197865
    ],
    "par_0": [
        0.9241455793380737,
        0.007076968438923359
    ],
    "par_1": [
        0.7455235123634338,
        0.023984109982848167
    ]
}