{
    "cov": [
        70.14079284667969,
        1.1539313793182373
    ],
    "acc": [
        98.04179382324219,
        0.14114214479923248
    ],
    "pos_0": [
        0.8308759927749634,
        0.14936710894107819
    ],
    "pos_1": [
        0.5378629565238953,
        0.24109920859336853
    ],
    "neg_0": [
        69.26016235351562,
        1.0550719499588013
    ],
    "neg_1": [
        70.25784301757812,
        2.7985265254974365
    ],
    "abs_0": [
        29.90895652770996,
        1.0771877765655518
    ],
    "abs_1": [
        29.204294204711914,
        2.8007445335388184
    ],
    "tpr_0": [
        6.137005805969238,
        1.1108593940734863
    ],
    "tpr_1": [
        1.2870516777038574,
        0.5995202660560608
    ],
    "fnr_0": [
        5.22763729095459,
        0.48738643527030945
    ],
    "fnr_1": [
        34.12051010131836,
        3.755716323852539
    ],
    "par_0": [
        88.63536071777344,
        1.0329933166503906
    ],
    "par_1": [
        64.59243774414062,
        3.4956581592559814
    ],
    "fpr_0": [
        0.2544099688529968,
        0.08554458618164062
    ],
    "fpr_1": [
        0.2423492670059204,
        0.1931665688753128
    ],
    "tnr_0": [
        76.22468566894531,
        1.0851457118988037
    ],
    "tnr_1": [
        84.46109008789062,
        2.748612880706787
    ],
    "nar_0": [
        23.52090835571289,
        1.0883681774139404
    ],
    "nar_1": [
        15.296565055847168,
        2.836362600326538
    ]
}