{
    "cov": [
        0.7215560674667358,
        0.009671476669609547
    ],
    "acc": [
        0.9789143800735474,
        0.0015464168973267078
    ],
    "neg_0": [
        0.008713181130588055,
        0.0014408071292564273
    ],
    "neg_1": [
        0.006432347930967808,
        0.002896432066336274
    ],
    "pos_0": [
        0.7124450206756592,
        0.008824341930449009
    ],
    "pos_1": [
        0.7202720642089844,
        0.02655656449496746
    ],
    "abs_0": [
        0.2788417637348175,
        0.008905741386115551
    ],
    "abs_1": [
        0.27329564094543457,
        0.02639634534716606
    ],
    "tnr_0": [
        0.7832252383232117,
        0.0089148273691535
    ],
    "tnr_1": [
        0.8593394160270691,
        0.027953632175922394
    ],
    "fpr_0": [
        0.0026885513216257095,
        0.0008838179637677968
    ],
    "fpr_1": [
        0.0024234927259385586,
        0.0019316656980663538
    ],
    "nar_0": [
        0.2140861451625824,
        0.009000665508210659
    ],
    "nar_1": [
        0.1382371038198471,
        0.02875617705285549
    ],
    "fnr_0": [
        0.061722707003355026,
        0.0063805473037064075
    ],
    "fnr_1": [
        0.36654239892959595,
        0.035685811191797256
    ],
    "tpr_0": [
        0.06417572498321533,
        0.010394813492894173
    ],
    "tpr_1": [
        0.016431264579296112,
        0.008441494777798653
    ],
    "par_0": [
        0.8741015195846558,
        0.009067023172974586
    ],
    "par_1": [
        0.6170263290405273,
        0.03485909104347229
    ]
}