{
    "cov": [
        78.19031524658203,
        0.6814126372337341
    ],
    "acc": [
        97.12553405761719,
        0.2231680005788803
    ],
    "pos_0": [
        1.1608816385269165,
        0.15524671971797943
    ],
    "pos_1": [
        0.8360002636909485,
        0.31024131178855896
    ],
    "neg_0": [
        77.01683044433594,
        0.6830831170082092
    ],
    "neg_1": [
        77.49830627441406,
        2.259559154510498
    ],
    "abs_0": [
        21.82227897644043,
        0.6683753132820129
    ],
    "abs_1": [
        21.665699005126953,
        2.1443347930908203
    ],
    "tpr_0": [
        8.425416946411133,
        0.9839582443237305
    ],
    "tpr_1": [
        2.0781617164611816,
        1.021393060684204
    ],
    "fnr_0": [
        11.153594017028809,
        1.4963024854660034
    ],
    "fnr_1": [
        45.753292083740234,
        4.254522800445557
    ],
    "par_0": [
        80.42100524902344,
        1.5084137916564941
    ],
    "par_1": [
        52.168540954589844,
        3.828395128250122
    ],
    "fpr_0": [
        0.3715441823005676,
        0.10314030200242996
    ],
    "fpr_1": [
        0.34180158376693726,
        0.28556036949157715
    ],
    "tnr_0": [
        84.18175506591797,
        0.6120536923408508
    ],
    "tnr_1": [
        89.96988677978516,
        1.9940217733383179
    ],
    "nar_0": [
        15.44670295715332,
        0.6041470170021057
    ],
    "nar_1": [
        9.688312530517578,
        1.9406704902648926
    ]
}