{
    "cov": [
        0.8019176721572876,
        0.005993233993649483
    ],
    "acc": [
        0.9677979350090027,
        0.0020836847834289074
    ],
    "neg_0": [
        0.01297839917242527,
        0.001740543288178742
    ],
    "neg_1": [
        0.009275829419493675,
        0.003380675334483385
    ],
    "pos_0": [
        0.788916289806366,
        0.006155854091048241
    ],
    "pos_1": [
        0.7928173542022705,
        0.02133244462311268
    ],
    "abs_0": [
        0.1981053203344345,
        0.0056247226893901825
    ],
    "abs_1": [
        0.1979067623615265,
        0.02024260349571705
    ],
    "tnr_0": [
        0.8598440289497375,
        0.005153074860572815
    ],
    "tnr_1": [
        0.9119922518730164,
        0.017518406733870506
    ],
    "fpr_0": [
        0.0041783759370446205,
        0.001109425094909966
    ],
    "fpr_1": [
        0.003930610604584217,
        0.0035512936301529408
    ],
    "nar_0": [
        0.13597765564918518,
        0.00496258120983839
    ],
    "nar_1": [
        0.08407716453075409,
        0.016592001542448997
    ],
    "fnr_0": [
        0.13696739077568054,
        0.016958532854914665
    ],
    "fnr_1": [
        0.48928141593933105,
        0.04070752486586571
    ],
    "tpr_0": [
        0.09395939111709595,
        0.012069075368344784
    ],
    "tpr_1": [
        0.022740641608834267,
        0.009462663903832436
    ],
    "par_0": [
        0.7690732479095459,
        0.016189416870474815
    ],
    "par_1": [
        0.48797789216041565,
        0.03744953125715256
    ]
}