{
    "cov": [
        39.34000015258789,
        1.2381433248519897
    ],
    "acc": [
        88.4361343383789,
        1.8328088521957397
    ],
    "pos_0": [
        0.823947548866272,
        0.23643529415130615
    ],
    "pos_1": [
        1.8837511539459229,
        1.1124625205993652
    ],
    "neg_0": [
        41.80730056762695,
        1.6011841297149658
    ],
    "neg_1": [
        30.241043090820312,
        2.697678565979004
    ],
    "abs_0": [
        57.36875534057617,
        1.6538175344467163
    ],
    "abs_1": [
        67.87520599365234,
        3.651409149169922
    ],
    "tpr_0": [
        2.6239898204803467,
        0.6779525876045227
    ],
    "tpr_1": [
        4.83090877532959,
        3.06990385055542
    ],
    "fnr_0": [
        16.606855392456055,
        2.8199918270111084
    ],
    "fnr_1": [
        12.050909996032715,
        2.3557379245758057
    ],
    "par_0": [
        80.76915740966797,
        3.339919328689575
    ],
    "par_1": [
        83.1181869506836,
        4.4914140701293945
    ],
    "fpr_0": [
        0.07960396260023117,
        0.17799986898899078
    ],
    "fpr_1": [
        0.21067224442958832,
        0.2886412441730499
    ],
    "tnr_0": [
        51.35287094116211,
        2.5582761764526367
    ],
    "tnr_1": [
        39.83877182006836,
        3.490168571472168
    ],
    "nar_0": [
        48.567527770996094,
        2.5274007320404053
    ],
    "nar_1": [
        59.9505615234375,
        3.3775064945220947
    ],
    "l0d1": [
        0.17071124911308289,
        0.008142942562699318
    ]
}