{
    "cov": [
        0.4291999936103821,
        0.025440124794840813
    ],
    "acc": [
        0.8745714426040649,
        0.009375456720590591
    ],
    "neg_0": [
        0.003500140504911542,
        0.002639418002218008
    ],
    "neg_1": [
        0.008022247813642025,
        0.01128990389406681
    ],
    "pos_0": [
        0.46337994933128357,
        0.029596077278256416
    ],
    "pos_1": [
        0.3393639028072357,
        0.024146994575858116
    ],
    "abs_0": [
        0.5331199765205383,
        0.03164258599281311
    ],
    "abs_1": [
        0.6526138782501221,
        0.02634578011929989
    ],
    "tnr_0": [
        0.5633780360221863,
        0.03636481985449791
    ],
    "tnr_1": [
        0.4433257579803467,
        0.04031524807214737
    ],
    "fpr_0": [
        0.001169004593975842,
        0.001744497218169272
    ],
    "fpr_1": [
        0.0010810811072587967,
        0.0024173709098249674
    ],
    "nar_0": [
        0.435452938079834,
        0.03752358257770538
    ],
    "nar_1": [
        0.5555931925773621,
        0.04015352576971054
    ],
    "fnr_0": [
        0.19898702204227448,
        0.013832525350153446
    ],
    "fnr_1": [
        0.14630000293254852,
        0.022220611572265625
    ],
    "tpr_0": [
        0.009584416635334492,
        0.006186509504914284
    ],
    "tpr_1": [
        0.019154546782374382,
        0.0252266526222229
    ],
    "par_0": [
        0.7914285659790039,
        0.019706130027770996
    ],
    "par_1": [
        0.8345455527305603,
        0.04557044059038162
    ],
    "l0d1": [
        0.18367834389209747,
        0.0036735727917402983
    ]
}