{
    "cov": [
        42.52000045776367,
        3.737914562225342
    ],
    "acc": [
        87.11346435546875,
        1.2103297710418701
    ],
    "pos_0": [
        1.1256468296051025,
        0.4797402322292328
    ],
    "pos_1": [
        1.3723245859146118,
        0.4828190505504608
    ],
    "neg_0": [
        44.63119125366211,
        3.0621190071105957
    ],
    "neg_1": [
        34.09304428100586,
        4.319321155548096
    ],
    "abs_0": [
        54.2431640625,
        3.41141414642334
    ],
    "abs_1": [
        64.53462982177734,
        4.583056449890137
    ],
    "tpr_0": [
        3.004978656768799,
        0.8781684041023254
    ],
    "tpr_1": [
        3.256969451904297,
        1.2695292234420776
    ],
    "fnr_0": [
        19.88593101501465,
        2.7258384227752686
    ],
    "fnr_1": [
        13.869999885559082,
        2.0839030742645264
    ],
    "par_0": [
        77.10909271240234,
        2.711068868637085
    ],
    "par_1": [
        82.87303924560547,
        2.6896657943725586
    ],
    "fpr_0": [
        0.35415083169937134,
        0.42772436141967773
    ],
    "fpr_1": [
        0.20512822270393372,
        0.2808833718299866
    ],
    "tnr_0": [
        53.994667053222656,
        3.589519739151001
    ],
    "tnr_1": [
        45.108028411865234,
        5.469134330749512
    ],
    "nar_0": [
        45.65118408203125,
        3.969775438308716
    ],
    "nar_1": [
        54.68684768676758,
        5.240799903869629
    ],
    "l0d1": [
        0.18812249600887299,
        0.005570011213421822
    ]
}