{
    "cov": [
        0.5298000574111938,
        0.020765380933880806
    ],
    "acc": [
        0.8617078065872192,
        0.006614325568079948
    ],
    "neg_0": [
        0.009522044099867344,
        0.008910943754017353
    ],
    "neg_1": [
        0.020168760791420937,
        0.012305392883718014
    ],
    "pos_0": [
        0.5471333861351013,
        0.015529332682490349
    ],
    "pos_1": [
        0.4517986476421356,
        0.016064031049609184
    ],
    "abs_0": [
        0.4433445632457733,
        0.023432526737451553
    ],
    "abs_1": [
        0.5280326008796692,
        0.024892957881093025
    ],
    "tnr_0": [
        0.6604419946670532,
        0.01712086610496044
    ],
    "tnr_1": [
        0.5763636231422424,
        0.025450019165873528
    ],
    "fpr_0": [
        0.0019268110627308488,
        0.001923095085658133
    ],
    "fpr_1": [
        0.006132363807410002,
        0.005507951136678457
    ],
    "nar_0": [
        0.3376312255859375,
        0.01818806864321232
    ],
    "nar_1": [
        0.41750404238700867,
        0.02977626770734787
    ],
    "fnr_0": [
        0.25154799222946167,
        0.02244531363248825
    ],
    "fnr_1": [
        0.21932728588581085,
        0.012582662515342236
    ],
    "tpr_0": [
        0.02920094132423401,
        0.027763905003666878
    ],
    "tpr_1": [
        0.04447576031088829,
        0.025206664577126503
    ],
    "par_0": [
        0.7192511558532715,
        0.044366881251335144
    ],
    "par_1": [
        0.7361969947814941,
        0.030422883108258247
    ],
    "l0d1": [
        0.1998601257801056,
        0.00446167029440403
    ]
}