{
    "cov": [
        0.6517999768257141,
        0.019044706597924232
    ],
    "acc": [
        0.8293165564537048,
        0.005353466607630253
    ],
    "neg_0": [
        0.03048880212008953,
        0.004624506924301386
    ],
    "neg_1": [
        0.050936777144670486,
        0.01471121609210968
    ],
    "pos_0": [
        0.6498757004737854,
        0.013888145796954632
    ],
    "pos_1": [
        0.53855961561203,
        0.021869176998734474
    ],
    "abs_0": [
        0.3196354806423187,
        0.016374152153730392
    ],
    "abs_1": [
        0.410503625869751,
        0.035219457000494
    ],
    "tnr_0": [
        0.7491268515586853,
        0.017443660646677017
    ],
    "tnr_1": [
        0.680440366268158,
        0.018932385370135307
    ],
    "fpr_0": [
        0.007368326187133789,
        0.0029463209211826324
    ],
    "fpr_1": [
        0.017106421291828156,
        0.009644083678722382
    ],
    "nar_0": [
        0.24350488185882568,
        0.01896563172340393
    ],
    "nar_1": [
        0.30245330929756165,
        0.02854815125465393
    ],
    "fnr_0": [
        0.3975653350353241,
        0.024538055062294006
    ],
    "fnr_1": [
        0.2766060531139374,
        0.024631530046463013
    ],
    "tpr_0": [
        0.08933982998132706,
        0.019398150965571404
    ],
    "tpr_1": [
        0.11697576195001602,
        0.029611872509121895
    ],
    "par_0": [
        0.5130949020385742,
        0.025380060076713562
    ],
    "par_1": [
        0.6064181923866272,
        0.04773877561092377
    ],
    "l0d1": [
        0.2257617712020874,
        0.003234715200960636
    ]
}