{
    "cov": [
        0.635200023651123,
        0.01032953429967165
    ],
    "acc": [
        0.8355024456977844,
        0.0059631820768117905
    ],
    "neg_0": [
        0.02559431828558445,
        0.00581551156938076
    ],
    "neg_1": [
        0.050110187381505966,
        0.010064169764518738
    ],
    "pos_0": [
        0.6382855176925659,
        0.00903280172497034
    ],
    "pos_1": [
        0.5228747725486755,
        0.001392071251757443
    ],
    "abs_0": [
        0.33612021803855896,
        0.01246672123670578
    ],
    "abs_1": [
        0.42701512575149536,
        0.010574658401310444
    ],
    "tnr_0": [
        0.7440640330314636,
        0.00988757237792015
    ],
    "tnr_1": [
        0.661145806312561,
        0.006094282027333975
    ],
    "fpr_0": [
        0.006260402500629425,
        0.0021608383394777775
    ],
    "fpr_1": [
        0.018475940451025963,
        0.007049441337585449
    ],
    "nar_0": [
        0.24967561662197113,
        0.010874977335333824
    ],
    "nar_1": [
        0.32037830352783203,
        0.008002102375030518
    ],
    "fnr_0": [
        0.36338311433792114,
        0.026065684854984283
    ],
    "fnr_1": [
        0.26538488268852234,
        0.009246382862329483
    ],
    "tpr_0": [
        0.07322006672620773,
        0.02349630743265152
    ],
    "tpr_1": [
        0.11226363480091095,
        0.015143784694373608
    ],
    "par_0": [
        0.5633968710899353,
        0.04795162379741669
    ],
    "par_1": [
        0.6223515868186951,
        0.021885542199015617
    ],
    "l0d1": [
        0.2213360071182251,
        0.0027499201241880655
    ]
}