{
    "cov": [
        0.6678000688552856,
        0.018592996522784233
    ],
    "acc": [
        0.8252736330032349,
        0.007827180437743664
    ],
    "neg_0": [
        0.027781879529356956,
        0.009256673976778984
    ],
    "neg_1": [
        0.047865431755781174,
        0.01885921321809292
    ],
    "pos_0": [
        0.6684743165969849,
        0.010137485340237617
    ],
    "pos_1": [
        0.5594736933708191,
        0.021283751353621483
    ],
    "abs_0": [
        0.3037438988685608,
        0.017290432006120682
    ],
    "abs_1": [
        0.39266088604927063,
        0.03300294652581215
    ],
    "tnr_0": [
        0.7682681679725647,
        0.010871575213968754
    ],
    "tnr_1": [
        0.7032281756401062,
        0.020513370633125305
    ],
    "fpr_0": [
        0.005854497198015451,
        0.0030765202827751637
    ],
    "fpr_1": [
        0.023074394091963768,
        0.011184383183717728
    ],
    "nar_0": [
        0.22587743401527405,
        0.013851452618837357
    ],
    "nar_1": [
        0.27369746565818787,
        0.027036961168050766
    ],
    "fnr_0": [
        0.4107738435268402,
        0.024126606062054634
    ],
    "fnr_1": [
        0.29361212253570557,
        0.02527611516416073
    ],
    "tpr_0": [
        0.0826493501663208,
        0.030538972467184067
    ],
    "tpr_1": [
        0.10344848781824112,
        0.04106634110212326
    ],
    "par_0": [
        0.5065768361091614,
        0.05251523107290268
    ],
    "par_1": [
        0.6029394268989563,
        0.05916924402117729
    ],
    "l0d1": [
        0.2287098914384842,
        0.0029060826636850834
    ]
}