{
    "cov": [
        65.15999603271484,
        1.4604790210723877
    ],
    "acc": [
        82.62777709960938,
        0.6639192700386047
    ],
    "pos_0": [
        3.2627625465393066,
        0.454823762178421
    ],
    "pos_1": [
        5.520831108093262,
        0.746135950088501
    ],
    "neg_0": [
        64.77363586425781,
        1.613844394683838
    ],
    "neg_1": [
        53.272560119628906,
        1.9099727869033813
    ],
    "abs_0": [
        31.96360206604004,
        1.422251582145691
    ],
    "abs_1": [
        41.20661544799805,
        2.2275547981262207
    ],
    "tpr_0": [
        8.676695823669434,
        1.7046833038330078
    ],
    "tpr_1": [
        11.710000038146973,
        1.4438320398330688
    ],
    "fnr_0": [
        39.002708435058594,
        1.8798041343688965
    ],
    "fnr_1": [
        26.97273063659668,
        1.8587034940719604
    ],
    "par_0": [
        52.32059860229492,
        1.5490771532058716
    ],
    "par_1": [
        61.3172721862793,
        1.305734634399414
    ],
    "fpr_0": [
        1.1355308294296265,
        0.3546168804168701
    ],
    "fpr_1": [
        2.1780710220336914,
        1.12135910987854
    ],
    "tnr_0": [
        74.65966796875,
        1.898569107055664
    ],
    "tnr_1": [
        67.29521179199219,
        3.4589169025421143
    ],
    "nar_0": [
        24.204801559448242,
        2.111970901489258
    ],
    "nar_1": [
        30.526721954345703,
        2.970261335372925
    ],
    "l0d1": [
        0.23158498108386993,
        0.006106555461883545
    ]
}