{
    "cov": [
        0.724399983882904,
        0.005458931904286146
    ],
    "acc": [
        0.8102962374687195,
        0.005955626256763935
    ],
    "neg_0": [
        0.042984336614608765,
        0.0065140253864228725
    ],
    "neg_1": [
        0.07438568025827408,
        0.011924146674573421
    ],
    "pos_0": [
        0.7046402096748352,
        0.006504188757389784
    ],
    "pos_1": [
        0.6009629964828491,
        0.01620747521519661
    ],
    "abs_0": [
        0.25237545371055603,
        0.005452671553939581
    ],
    "abs_1": [
        0.3246513903141022,
        0.018778368830680847
    ],
    "tnr_0": [
        0.7985751032829285,
        0.005134418606758118
    ],
    "tnr_1": [
        0.740504264831543,
        0.019475694745779037
    ],
    "fpr_0": [
        0.010620186105370522,
        0.00626097247004509
    ],
    "fpr_1": [
        0.03960384801030159,
        0.01152703445404768
    ],
    "nar_0": [
        0.19080474972724915,
        0.007249499671161175
    ],
    "nar_1": [
        0.21989189088344574,
        0.02855462208390236
    ],
    "fnr_0": [
        0.46217894554138184,
        0.02053857408463955
    ],
    "fnr_1": [
        0.3371182084083557,
        0.022303476929664612
    ],
    "tpr_0": [
        0.12332649528980255,
        0.017863932996988297
    ],
    "tpr_1": [
        0.14635153114795685,
        0.02385694347321987
    ],
    "par_0": [
        0.4144946038722992,
        0.026168739423155785
    ],
    "par_1": [
        0.5165303349494934,
        0.020222121849656105
    ],
    "l0d1": [
        0.23509350419044495,
        0.0034772686194628477
    ]
}