{
    "cov": [
        0.745199978351593,
        0.013827506452798843
    ],
    "acc": [
        0.8052447438240051,
        0.007749601267278194
    ],
    "neg_0": [
        0.04970131069421768,
        0.014837807975709438
    ],
    "neg_1": [
        0.07886508107185364,
        0.01464888360351324
    ],
    "pos_0": [
        0.7238907217979431,
        0.010441255755722523
    ],
    "pos_1": [
        0.6051014065742493,
        0.016582589596509933
    ],
    "abs_0": [
        0.22640804946422577,
        0.020032472908496857
    ],
    "abs_1": [
        0.3160335123538971,
        0.01721007749438286
    ],
    "tnr_0": [
        0.8159446716308594,
        0.013658082112669945
    ],
    "tnr_1": [
        0.7369747757911682,
        0.01765580289065838
    ],
    "fpr_0": [
        0.013726094737648964,
        0.010515800677239895
    ],
    "fpr_1": [
        0.036497123539447784,
        0.008644238114356995
    ],
    "nar_0": [
        0.1703292429447174,
        0.018228325992822647
    ],
    "nar_1": [
        0.22652816772460938,
        0.02240050584077835
    ],
    "fnr_0": [
        0.48526477813720703,
        0.011766783893108368
    ],
    "fnr_1": [
        0.35822123289108276,
        0.028443967923521996
    ],
    "tpr_0": [
        0.14015622437000275,
        0.031003324314951897
    ],
    "tpr_1": [
        0.16040606796741486,
        0.031800732016563416
    ],
    "par_0": [
        0.3745790421962738,
        0.0291223656386137
    ],
    "par_1": [
        0.48137274384498596,
        0.03988023102283478
    ],
    "l0d1": [
        0.23768523335456848,
        0.005665147677063942
    ]
}