{
    "cov": [
        0.7578000426292419,
        0.016783926635980606
    ],
    "acc": [
        0.8016662001609802,
        0.006663231644779444
    ],
    "neg_0": [
        0.053809624165296555,
        0.014968791976571083
    ],
    "neg_1": [
        0.09046357125043869,
        0.019312342628836632
    ],
    "pos_0": [
        0.7294203639030457,
        0.008989587426185608
    ],
    "pos_1": [
        0.6127409934997559,
        0.017923573032021523
    ],
    "abs_0": [
        0.21677008271217346,
        0.021444667130708694
    ],
    "abs_1": [
        0.29679548740386963,
        0.021793873980641365
    ],
    "tnr_0": [
        0.8200303912162781,
        0.011886087246239185
    ],
    "tnr_1": [
        0.7471839785575867,
        0.0131851090118289
    ],
    "fpr_0": [
        0.017282765358686447,
        0.009578119963407516
    ],
    "fpr_1": [
        0.042394258081912994,
        0.008826225064694881
    ],
    "nar_0": [
        0.16268685460090637,
        0.018313724547624588
    ],
    "nar_1": [
        0.21042175590991974,
        0.017756005749106407
    ],
    "fnr_0": [
        0.4945952594280243,
        0.008243304677307606
    ],
    "fnr_1": [
        0.36073943972587585,
        0.02916697785258293
    ],
    "tpr_0": [
        0.1448553502559662,
        0.03079577349126339
    ],
    "tpr_1": [
        0.1795121282339096,
        0.03661086782813072
    ],
    "par_0": [
        0.3605494499206543,
        0.03316482529044151
    ],
    "par_1": [
        0.4597485065460205,
        0.034979235380887985
    ],
    "l0d1": [
        0.24036537110805511,
        0.0044411602430045605
    ]
}