{
    "cov": [
        0.7735999822616577,
        0.018836112692952156
    ],
    "acc": [
        0.7925419807434082,
        0.007662846241146326
    ],
    "neg_0": [
        0.048214446753263474,
        0.017540525645017624
    ],
    "neg_1": [
        0.10225137323141098,
        0.02260994166135788
    ],
    "pos_0": [
        0.7427623271942139,
        0.006677716504782438
    ],
    "pos_1": [
        0.6351961493492126,
        0.011692182160913944
    ],
    "abs_0": [
        0.20902326703071594,
        0.01776219718158245
    ],
    "abs_1": [
        0.2625524699687958,
        0.024585312232375145
    ],
    "tnr_0": [
        0.8259464502334595,
        0.003993782680481672
    ],
    "tnr_1": [
        0.7608417868614197,
        0.014762265607714653
    ],
    "fpr_0": [
        0.013811582699418068,
        0.011867694556713104
    ],
    "fpr_1": [
        0.05102049186825752,
        0.008810843341052532
    ],
    "nar_0": [
        0.1602420061826706,
        0.013479141518473625
    ],
    "nar_1": [
        0.18813775479793549,
        0.01910938322544098
    ],
    "fnr_0": [
        0.5292709469795227,
        0.020120611414313316
    ],
    "fnr_1": [
        0.3964121341705322,
        0.022411325946450233
    ],
    "tpr_0": [
        0.13289105892181396,
        0.03426644578576088
    ],
    "tpr_1": [
        0.1998242437839508,
        0.05285792052745819
    ],
    "par_0": [
        0.3378380239009857,
        0.03097911924123764
    ],
    "par_1": [
        0.40376362204551697,
        0.03697504475712776
    ],
    "l0d1": [
        0.24661985039710999,
        0.005911646876484156
    ]
}