{
    "cov": [
        0.7964000105857849,
        0.016087254509329796
    ],
    "acc": [
        0.7895202040672302,
        0.0077788615599274635
    ],
    "neg_0": [
        0.053137458860874176,
        0.01714041642844677
    ],
    "neg_1": [
        0.10848034918308258,
        0.020024199038743973
    ],
    "pos_0": [
        0.7586686015129089,
        0.009438460692763329
    ],
    "pos_1": [
        0.655531108379364,
        0.013153104111552238
    ],
    "abs_0": [
        0.18819396197795868,
        0.015584166161715984
    ],
    "abs_1": [
        0.23598860204219818,
        0.01922103948891163
    ],
    "tnr_0": [
        0.8411998748779297,
        0.00670011667534709
    ],
    "tnr_1": [
        0.784112274646759,
        0.012201354838907719
    ],
    "fpr_0": [
        0.017707398161292076,
        0.01249039638787508
    ],
    "fpr_1": [
        0.05102049186825752,
        0.00942358560860157
    ],
    "nar_0": [
        0.14109282195568085,
        0.012536201626062393
    ],
    "nar_1": [
        0.16486726701259613,
        0.02015424519777298
    ],
    "fnr_0": [
        0.5462009310722351,
        0.020006129518151283
    ],
    "fnr_1": [
        0.41130000352859497,
        0.03332698717713356
    ],
    "tpr_0": [
        0.14101842045783997,
        0.032214656472206116
    ],
    "tpr_1": [
        0.21543335914611816,
        0.039232250303030014
    ],
    "par_0": [
        0.3127806782722473,
        0.02635836973786354
    ],
    "par_1": [
        0.37326666712760925,
        0.015064732171595097
    ],
    "l0d1": [
        0.24689500033855438,
        0.005464490037411451
    ]
}