{
    "cov": [
        47.71586990356445,
        0.8129430413246155
    ],
    "acc": [
        88.29863739013672,
        0.6355921030044556
    ],
    "pos_0": [
        2.0733602046966553,
        0.4340657591819763
    ],
    "pos_1": [
        2.164804458618164,
        0.3174860179424286
    ],
    "neg_0": [
        45.53311538696289,
        1.0120453834533691
    ],
    "neg_1": [
        45.77158737182617,
        1.2361533641815186
    ],
    "abs_0": [
        52.393524169921875,
        0.8712691068649292
    ],
    "abs_1": [
        52.0636100769043,
        1.2082734107971191
    ],
    "tpr_0": [
        6.572098731994629,
        1.4108850955963135
    ],
    "tpr_1": [
        15.86268138885498,
        2.4348433017730713
    ],
    "fnr_0": [
        23.037464141845703,
        1.3786687850952148
    ],
    "fnr_1": [
        16.524730682373047,
        2.4945931434631348
    ],
    "par_0": [
        70.39044189453125,
        1.5149531364440918
    ],
    "par_1": [
        67.61258697509766,
        3.820800542831421
    ],
    "fpr_0": [
        0.045087799429893494,
        0.028327111154794693
    ],
    "fpr_1": [
        0.4369080662727356,
        0.15470555424690247
    ],
    "tnr_0": [
        55.681312561035156,
        1.145692229270935
    ],
    "tnr_1": [
        49.460750579833984,
        1.242441177368164
    ],
    "nar_0": [
        44.273597717285156,
        1.146639108657837
    ],
    "nar_1": [
        50.10234069824219,
        1.1734308004379272
    ]
}