{
    "cov": [
        0.49547815322875977,
        0.00393969751894474
    ],
    "acc": [
        0.8786696195602417,
        0.005793571937829256
    ],
    "neg_0": [
        0.021600214764475822,
        0.004715887829661369
    ],
    "neg_1": [
        0.02222694456577301,
        0.0028937640599906445
    ],
    "pos_0": [
        0.4726514220237732,
        0.00561697781085968
    ],
    "pos_1": [
        0.47575679421424866,
        0.009609673172235489
    ],
    "abs_0": [
        0.5057483911514282,
        0.00450243940576911
    ],
    "abs_1": [
        0.5020163059234619,
        0.009189462289214134
    ],
    "tnr_0": [
        0.5738834142684937,
        0.005402354057878256
    ],
    "tnr_1": [
        0.5135688185691833,
        0.009904133155941963
    ],
    "fpr_0": [
        0.00047476147301495075,
        0.0002732995490077883
    ],
    "fpr_1": [
        0.004753439221531153,
        0.0013603565748780966
    ],
    "nar_0": [
        0.42564186453819275,
        0.005340964067727327
    ],
    "nar_1": [
        0.481677770614624,
        0.00933118723332882
    ],
    "fnr_0": [
        0.24823227524757385,
        0.012807405553758144
    ],
    "fnr_1": [
        0.17593875527381897,
        0.023886296898126602
    ],
    "tpr_0": [
        0.06847170740365982,
        0.015480415895581245
    ],
    "tpr_1": [
        0.16074413061141968,
        0.024468420073390007
    ],
    "par_0": [
        0.6832959651947021,
        0.014689294621348381
    ],
    "par_1": [
        0.663317084312439,
        0.038277532905340195
    ]
}