{
    "cov": [
        0.5033720135688782,
        0.0042221699841320515
    ],
    "acc": [
        0.8789451718330383,
        0.006034826394170523
    ],
    "neg_0": [
        0.021861271932721138,
        0.005028760991990566
    ],
    "neg_1": [
        0.02232842706143856,
        0.002828128868713975
    ],
    "pos_0": [
        0.47412434220314026,
        0.0043744235299527645
    ],
    "pos_1": [
        0.49636244773864746,
        0.012243001721799374
    ],
    "abs_0": [
        0.5040143728256226,
        0.00515133049339056
    ],
    "abs_1": [
        0.48130908608436584,
        0.012409355491399765
    ],
    "tnr_0": [
        0.5750635862350464,
        0.004434320610016584
    ],
    "tnr_1": [
        0.535556972026825,
        0.012660038657486439
    ],
    "fpr_0": [
        0.00047476147301495075,
        0.0002732995490077883
    ],
    "fpr_1": [
        0.004829102195799351,
        0.0014262661570683122
    ],
    "nar_0": [
        0.42446160316467285,
        0.00434204051271081
    ],
    "nar_1": [
        0.4596138894557953,
        0.01217637863010168
    ],
    "fnr_0": [
        0.2503494918346405,
        0.013137885369360447
    ],
    "fnr_1": [
        0.18549124896526337,
        0.026427332311868668
    ],
    "tpr_0": [
        0.06931690871715546,
        0.01641704887151718
    ],
    "tpr_1": [
        0.16103148460388184,
        0.024033762514591217
    ],
    "par_0": [
        0.6803335547447205,
        0.01892678625881672
    ],
    "par_1": [
        0.6534772515296936,
        0.03950810059905052
    ]
}