{
    "cov": [
        0.5964400172233582,
        0.008657000958919525
    ],
    "acc": [
        0.8509354591369629,
        0.005805143620818853
    ],
    "neg_0": [
        0.023368898779153824,
        0.004605056252330542
    ],
    "neg_1": [
        0.02375459298491478,
        0.002999271033331752
    ],
    "pos_0": [
        0.5755167603492737,
        0.01533594448119402
    ],
    "pos_1": [
        0.5675897598266602,
        0.018071109429001808
    ],
    "abs_0": [
        0.4011143743991852,
        0.012083389796316624
    ],
    "abs_1": [
        0.40865570306777954,
        0.01887008734047413
    ],
    "tnr_0": [
        0.6667104959487915,
        0.017743539065122604
    ],
    "tnr_1": [
        0.6095773577690125,
        0.018853764981031418
    ],
    "fpr_0": [
        0.0005465070134960115,
        0.00029635033570230007
    ],
    "fpr_1": [
        0.005937954410910606,
        0.001759562292136252
    ],
    "nar_0": [
        0.33274292945861816,
        0.017640264704823494
    ],
    "nar_1": [
        0.3844847083091736,
        0.018618810921907425
    ],
    "fnr_0": [
        0.3733789920806885,
        0.01658639684319496
    ],
    "fnr_1": [
        0.23453526198863983,
        0.0178445503115654
    ],
    "tpr_0": [
        0.0740048885345459,
        0.01512516662478447
    ],
    "tpr_1": [
        0.164922833442688,
        0.02372865192592144
    ],
    "par_0": [
        0.5526161789894104,
        0.013105356134474277
    ],
    "par_1": [
        0.6005419492721558,
        0.03381948545575142
    ]
}