{
    "cov": [
        0.6130458116531372,
        0.012124618515372276
    ],
    "acc": [
        0.850813090801239,
        0.005116509273648262
    ],
    "neg_0": [
        0.02399125136435032,
        0.004390054848045111
    ],
    "neg_1": [
        0.02423236146569252,
        0.0033040461130440235
    ],
    "pos_0": [
        0.5868985056877136,
        0.014628726989030838
    ],
    "pos_1": [
        0.5932896137237549,
        0.01094775553792715
    ],
    "abs_0": [
        0.3891102373600006,
        0.013756073080003262
    ],
    "abs_1": [
        0.3824780285358429,
        0.012513114139437675
    ],
    "tnr_0": [
        0.6800065636634827,
        0.016891006380319595
    ],
    "tnr_1": [
        0.6351296901702881,
        0.009615459479391575
    ],
    "fpr_0": [
        0.0005465070134960115,
        0.00029635033570230007
    ],
    "fpr_1": [
        0.0062456498853862286,
        0.0016746801557019353
    ],
    "nar_0": [
        0.31944695115089417,
        0.01697949506342411
    ],
    "nar_1": [
        0.3586246967315674,
        0.009703272953629494
    ],
    "fnr_0": [
        0.3804786205291748,
        0.015562460757791996
    ],
    "fnr_1": [
        0.26165226101875305,
        0.02197868376970291
    ],
    "tpr_0": [
        0.07601103186607361,
        0.01445175800472498
    ],
    "tpr_1": [
        0.16673627495765686,
        0.024143559858202934
    ],
    "par_0": [
        0.543510377407074,
        0.014514201320707798
    ],
    "par_1": [
        0.5716114640235901,
        0.040783338248729706
    ]
}