{
    "cov": [
        65.77777862548828,
        0.5965175628662109
    ],
    "acc": [
        84.45799255371094,
        0.49591800570487976
    ],
    "pos_0": [
        2.7278053760528564,
        0.4161331057548523
    ],
    "pos_1": [
        2.7881879806518555,
        0.5009573101997375
    ],
    "neg_0": [
        63.13323974609375,
        0.8565340042114258
    ],
    "neg_1": [
        62.816802978515625,
        0.6323131322860718
    ],
    "abs_0": [
        34.138954162597656,
        0.7244043946266174
    ],
    "abs_1": [
        34.3950080871582,
        0.832291841506958
    ],
    "tpr_0": [
        8.644347190856934,
        1.3748568296432495
    ],
    "tpr_1": [
        17.908798217773438,
        2.862030267715454
    ],
    "fnr_0": [
        41.38129425048828,
        1.3923795223236084
    ],
    "fnr_1": [
        34.38262176513672,
        1.8686603307724
    ],
    "par_0": [
        49.97435760498047,
        1.3158036470413208
    ],
    "par_1": [
        47.708580017089844,
        2.58396577835083
    ],
    "fpr_0": [
        0.061816535890102386,
        0.0339379645884037
    ],
    "fpr_1": [
        0.881489098072052,
        0.30246564745903015
    ],
    "tnr_0": [
        72.94474029541016,
        0.8220112919807434
    ],
    "tnr_1": [
        66.40218353271484,
        0.7553241848945618
    ],
    "nar_0": [
        26.99344825744629,
        0.809467077255249
    ],
    "nar_1": [
        32.71632766723633,
        0.7952826023101807
    ]
}