{
    "cov": [
        72.41680145263672,
        1.2690038681030273
    ],
    "acc": [
        83.23316955566406,
        0.7530813217163086
    ],
    "pos_0": [
        3.004417657852173,
        0.36015430092811584
    ],
    "pos_1": [
        3.1254384517669678,
        0.5625442862510681
    ],
    "neg_0": [
        69.56798553466797,
        1.8005638122558594
    ],
    "neg_1": [
        68.96427917480469,
        1.166831374168396
    ],
    "abs_0": [
        27.427593231201172,
        1.7141438722610474
    ],
    "abs_1": [
        27.9102725982666,
        1.1716232299804688
    ],
    "tpr_0": [
        9.501964569091797,
        1.174087405204773
    ],
    "tpr_1": [
        18.759790420532227,
        2.8043994903564453
    ],
    "fnr_0": [
        49.31525802612305,
        3.352158308029175
    ],
    "fnr_1": [
        39.14641571044922,
        2.979830026626587
    ],
    "par_0": [
        41.182777404785156,
        3.123309850692749
    ],
    "par_1": [
        42.09379577636719,
        2.84389591217041
    ],
    "fpr_0": [
        0.07609023153781891,
        0.05341020226478577
    ],
    "fpr_1": [
        1.153886079788208,
        0.39553630352020264
    ],
    "tnr_0": [
        78.70462799072266,
        1.1691540479660034
    ],
    "tnr_1": [
        72.72572326660156,
        1.2783842086791992
    ],
    "nar_0": [
        21.219284057617188,
        1.159131646156311
    ],
    "nar_1": [
        26.12038803100586,
        1.205786943435669
    ]
}