{
    "cov": [
        0.7722940444946289,
        0.0028783909510821104
    ],
    "acc": [
        0.8198391199111938,
        0.004996500443667173
    ],
    "neg_0": [
        0.03163222596049309,
        0.0033141279127448797
    ],
    "neg_1": [
        0.03291768580675125,
        0.005864712875336409
    ],
    "pos_0": [
        0.7438405752182007,
        0.0059480685740709305
    ],
    "pos_1": [
        0.7327367067337036,
        0.0061989095993340015
    ],
    "abs_0": [
        0.22452720999717712,
        0.005375546403229237
    ],
    "abs_1": [
        0.2343457192182541,
        0.0085910614579916
    ],
    "tnr_0": [
        0.8236014246940613,
        0.005650117993354797
    ],
    "tnr_1": [
        0.7697106003761292,
        0.006647172383964062
    ],
    "fpr_0": [
        0.0008793928427621722,
        0.0005370902945287526
    ],
    "fpr_1": [
        0.012723708525300026,
        0.004071223549544811
    ],
    "nar_0": [
        0.1755191832780838,
        0.005639518611133099
    ],
    "nar_1": [
        0.217565655708313,
        0.007260806858539581
    ],
    "fnr_0": [
        0.566972553730011,
        0.013551493175327778
    ],
    "fnr_1": [
        0.4397061765193939,
        0.023175055161118507
    ],
    "tpr_0": [
        0.09987479448318481,
        0.010963484644889832
    ],
    "tpr_1": [
        0.19301573932170868,
        0.028321681544184685
    ],
    "par_0": [
        0.3331525921821594,
        0.010008906945586205
    ],
    "par_1": [
        0.367278128862381,
        0.027989495545625687
    ]
}