{
    "cov": [
        0.4031999707221985,
        0.01800556853413582
    ],
    "acc": [
        0.8726168870925903,
        0.012361525557935238
    ],
    "neg_0": [
        0.0033911073114722967,
        0.0021388705354183912
    ],
    "neg_1": [
        0.0025806452613323927,
        0.002698903437703848
    ],
    "pos_0": [
        0.4031684100627899,
        0.015945808961987495
    ],
    "pos_1": [
        0.39548182487487793,
        0.025244640186429024
    ],
    "abs_0": [
        0.5934405326843262,
        0.017110537737607956
    ],
    "abs_1": [
        0.6019375920295715,
        0.024080757051706314
    ],
    "tnr_0": [
        0.492774099111557,
        0.015672847628593445
    ],
    "tnr_1": [
        0.5124630928039551,
        0.02815336175262928
    ],
    "fpr_0": [
        0.0011729649268090725,
        0.0010711414506658912
    ],
    "fpr_1": [
        0.0,
        0.0
    ],
    "nar_0": [
        0.5060529708862305,
        0.016249103471636772
    ],
    "nar_1": [
        0.4875369071960449,
        0.028153391554951668
    ],
    "fnr_0": [
        0.1647121161222458,
        0.026113752275705338
    ],
    "fnr_1": [
        0.17896060645580292,
        0.01873338595032692
    ],
    "tpr_0": [
        0.008294372819364071,
        0.005242102779448032
    ],
    "tpr_1": [
        0.010000000707805157,
        0.01045825146138668
    ],
    "par_0": [
        0.8269935846328735,
        0.02582813985645771
    ],
    "par_1": [
        0.8110394477844238,
        0.016695011407136917
    ],
    "l0d1": [
        0.16329999268054962,
        0.003911213483661413
    ]
}