{
    "cov": [
        0.443200021982193,
        0.0198670644313097
    ],
    "acc": [
        0.8701314330101013,
        0.005921871867030859
    ],
    "neg_0": [
        0.004630527924746275,
        0.001593488035723567
    ],
    "neg_1": [
        0.0019354838877916336,
        0.002885248977690935
    ],
    "pos_0": [
        0.44226107001304626,
        0.021386517211794853
    ],
    "pos_1": [
        0.4345479905605316,
        0.023367969319224358
    ],
    "abs_0": [
        0.5531083941459656,
        0.020682858303189278
    ],
    "abs_1": [
        0.5635165572166443,
        0.022771896794438362
    ],
    "tnr_0": [
        0.5389764308929443,
        0.02665472961962223
    ],
    "tnr_1": [
        0.5650483965873718,
        0.023859631270170212
    ],
    "fpr_0": [
        0.0019610838498920202,
        0.0024253875017166138
    ],
    "fpr_1": [
        0.0,
        0.0
    ],
    "nar_0": [
        0.4590625464916229,
        0.02713228389620781
    ],
    "nar_1": [
        0.43495169281959534,
        0.023859629407525063
    ],
    "fnr_0": [
        0.18716956675052643,
        0.013890702277421951
    ],
    "fnr_1": [
        0.19571515917778015,
        0.02788805589079857
    ],
    "tpr_0": [
        0.010132757015526295,
        0.006027079652994871
    ],
    "tpr_1": [
        0.007500000298023224,
        0.011180340312421322
    ],
    "par_0": [
        0.8026977777481079,
        0.013038774020969868
    ],
    "par_1": [
        0.7967848777770996,
        0.028946775943040848
    ],
    "l0d1": [
        0.1709262877702713,
        0.0014787536347284913
    ]
}