{
    "cov": [
        0.5283999443054199,
        0.02170947566628456
    ],
    "acc": [
        0.8502722978591919,
        0.006473930086940527
    ],
    "neg_0": [
        0.006987389177083969,
        0.0045191338285803795
    ],
    "neg_1": [
        0.0038921204395592213,
        0.0027242223732173443
    ],
    "pos_0": [
        0.5296207070350647,
        0.02014373242855072
    ],
    "pos_1": [
        0.5085492134094238,
        0.027639053761959076
    ],
    "abs_0": [
        0.4633919894695282,
        0.021997949108481407
    ],
    "abs_1": [
        0.48755866289138794,
        0.027277080342173576
    ],
    "tnr_0": [
        0.6294214129447937,
        0.0230658408254385
    ],
    "tnr_1": [
        0.6446696519851685,
        0.032618969678878784
    ],
    "fpr_0": [
        0.002380198100581765,
        0.0035500372759997845
    ],
    "fpr_1": [
        0.0,
        0.0
    ],
    "nar_0": [
        0.3681984841823578,
        0.023366237059235573
    ],
    "nar_1": [
        0.3553304076194763,
        0.03261897712945938
    ],
    "fnr_0": [
        0.2688351571559906,
        0.017039060592651367
    ],
    "fnr_1": [
        0.2559545636177063,
        0.03402477130293846
    ],
    "tpr_0": [
        0.01753860153257847,
        0.011477775871753693
    ],
    "tpr_1": [
        0.013636364601552486,
        0.008875283412635326
    ],
    "par_0": [
        0.7136263251304626,
        0.02744867280125618
    ],
    "par_1": [
        0.7304090857505798,
        0.0329316183924675
    ],
    "l0d1": [
        0.20473162829875946,
        0.0019899411126971245
    ]
}