{
    "cov": [
        0.6389999985694885,
        0.0187350045889616
    ],
    "acc": [
        0.8293690085411072,
        0.006742145400494337
    ],
    "neg_0": [
        0.013988050632178783,
        0.005606357008218765
    ],
    "neg_1": [
        0.009575285017490387,
        0.005878378637135029
    ],
    "pos_0": [
        0.6379501223564148,
        0.018997102975845337
    ],
    "pos_1": [
        0.6018358469009399,
        0.014665735885500908
    ],
    "abs_0": [
        0.34806182980537415,
        0.02191183529794216
    ],
    "abs_1": [
        0.38858890533447266,
        0.01491197757422924
    ],
    "tnr_0": [
        0.7416710257530212,
        0.01884196512401104
    ],
    "tnr_1": [
        0.7447389960289001,
        0.013345366343855858
    ],
    "fpr_0": [
        0.0043107434175908566,
        0.003501118393614888
    ],
    "fpr_1": [
        0.0021621622145175934,
        0.00296066259033978
    ],
    "nar_0": [
        0.25401827692985535,
        0.01864868588745594
    ],
    "nar_1": [
        0.25309884548187256,
        0.011736860498785973
    ],
    "fnr_0": [
        0.3690985143184662,
        0.024818938225507736
    ],
    "fnr_1": [
        0.3362060487270355,
        0.02684006653726101
    ],
    "tpr_0": [
        0.037053752690553665,
        0.013589389622211456
    ],
    "tpr_1": [
        0.02860606275498867,
        0.013055010698735714
    ],
    "par_0": [
        0.5938477516174316,
        0.03508464992046356
    ],
    "par_1": [
        0.6351879239082336,
        0.03161481022834778
    ],
    "l0d1": [
        0.24894924461841583,
        0.00352014834061265
    ]
}