{
    "cov": [
        74.02000427246094,
        3.4455769062042236
    ],
    "acc": [
        79.58271026611328,
        0.7709547281265259
    ],
    "pos_0": [
        1.5468124151229858,
        1.2712746858596802
    ],
    "pos_1": [
        0.963263988494873,
        1.1816675662994385
    ],
    "neg_0": [
        73.97688293457031,
        2.7063252925872803
    ],
    "neg_1": [
        69.82763671875,
        2.1144943237304688
    ],
    "abs_0": [
        24.47631072998047,
        3.6875293254852295
    ],
    "abs_1": [
        29.2091007232666,
        3.0996036529541016
    ],
    "tpr_0": [
        4.21533203125,
        3.218324661254883
    ],
    "tpr_1": [
        2.3121211528778076,
        2.8054628372192383
    ],
    "fnr_0": [
        51.44336700439453,
        3.6229605674743652
    ],
    "fnr_1": [
        46.426063537597656,
        3.353877305984497
    ],
    "par_0": [
        44.34130859375,
        6.441046714782715
    ],
    "par_1": [
        51.261817932128906,
        5.542396068572998
    ],
    "fpr_0": [
        0.46799784898757935,
        0.5616753101348877
    ],
    "fpr_1": [
        0.42688846588134766,
        0.7038240432739258
    ],
    "tnr_0": [
        82.61583709716797,
        2.5553321838378906
    ],
    "tnr_1": [
        82.18611145019531,
        1.7427785396575928
    ],
    "nar_0": [
        16.916175842285156,
        3.00024676322937
    ],
    "nar_1": [
        17.387008666992188,
        2.1104040145874023
    ],
    "l0d1": [
        0.2808762490749359,
        0.00553703960031271
    ]
}