{
    "cov": [
        0.7915999889373779,
        0.007700675632804632
    ],
    "acc": [
        0.7849311828613281,
        0.0048533291555941105
    ],
    "neg_0": [
        0.02646721340715885,
        0.004932371433824301
    ],
    "neg_1": [
        0.01875399425625801,
        0.005630755331367254
    ],
    "pos_0": [
        0.7761234045028687,
        0.008448158390820026
    ],
    "pos_1": [
        0.7488457560539246,
        0.013478830456733704
    ],
    "abs_0": [
        0.19740943610668182,
        0.007091593462973833
    ],
    "abs_1": [
        0.23240022361278534,
        0.009000617079436779
    ],
    "tnr_0": [
        0.8601837158203125,
        0.004289962816983461
    ],
    "tnr_1": [
        0.8579495549201965,
        0.015270207077264786
    ],
    "fpr_0": [
        0.008583026938140392,
        0.004314048681408167
    ],
    "fpr_1": [
        0.0021621622145175934,
        0.004834741819649935
    ],
    "nar_0": [
        0.13123328983783722,
        0.004100053571164608
    ],
    "nar_1": [
        0.13988831639289856,
        0.01249665580689907
    ],
    "fnr_0": [
        0.5547626614570618,
        0.01813569664955139
    ],
    "fnr_1": [
        0.5494909286499023,
        0.02639862708747387
    ],
    "tpr_0": [
        0.07148773968219757,
        0.013870598748326302
    ],
    "tpr_1": [
        0.04991212487220764,
        0.013962524943053722
    ],
    "par_0": [
        0.37374964356422424,
        0.020406536757946014
    ],
    "par_1": [
        0.4005970060825348,
        0.02482212521135807
    ],
    "l0d1": [
        0.27369752526283264,
        0.002971084788441658
    ]
}