{
    "cov": 67.80213165283203,
    "acc": 88.44383239746094,
    "pos_0": 0.768700122833252,
    "pos_1": 0.427437424659729,
    "neg_0": 66.02936553955078,
    "neg_1": 69.44840240478516,
    "abs_0": 33.20193099975586,
    "abs_1": 30.124160766601562,
    "tpr_0": 2.4498887062072754,
    "tpr_1": 3.7701973915100098,
    "fnr_0": 33.948455810546875,
    "fnr_1": 20.10771942138672,
    "par_0": 63.601654052734375,
    "par_1": 76.12208557128906,
    "fpr_0": 0.014277555979788303,
    "fpr_1": 0.0,
    "tnr_0": 80.42546844482422,
    "tnr_1": 75.75757598876953,
    "nar_0": 19.560251235961914,
    "nar_1": 24.24242401123047,
    "l0d1": 0.17494690418243408
}