{
    "cov": 72.63612365722656,
    "acc": 87.28402709960938,
    "pos_0": 1.0742090940475464,
    "pos_1": 0.875229001045227,
    "neg_0": 71.1934585571289,
    "neg_1": 72.52188110351562,
    "abs_0": 27.73233413696289,
    "abs_1": 26.602890014648438,
    "tpr_0": 3.4362075328826904,
    "tpr_1": 7.5403947830200195,
    "fnr_0": 40.56633758544922,
    "fnr_1": 20.466785430908203,
    "par_0": 55.99745559692383,
    "par_1": 71.9928207397461,
    "fpr_0": 0.014277555979788303,
    "fpr_1": 0.022956840693950653,
    "tnr_0": 84.93717956542969,
    "tnr_1": 79.17814636230469,
    "nar_0": 15.048543930053711,
    "nar_1": 20.798898696899414,
    "l0d1": 0.17445552349090576
}