{
    "cov": 68.91102600097656,
    "acc": 88.50453186035156,
    "pos_0": 1.5669655799865723,
    "pos_1": 0.9566456079483032,
    "neg_0": 66.93604278564453,
    "neg_1": 68.79706573486328,
    "abs_0": 31.496994018554688,
    "abs_1": 30.24628448486328,
    "tpr_0": 5.027044296264648,
    "tpr_1": 8.438060760498047,
    "fnr_0": 34.521156311035156,
    "fnr_1": 19.210054397583008,
    "par_0": 60.45179748535156,
    "par_1": 72.35188293457031,
    "fpr_0": 0.014277555979788303,
    "fpr_1": 0.0,
    "tnr_0": 81.48200988769531,
    "tnr_1": 75.13774108886719,
    "nar_0": 18.503711700439453,
    "nar_1": 24.862258911132812,
    "l0d1": 0.1724834144115448
}