{
    "cov": [
        0.41216421127319336,
        0.13113456964492798
    ],
    "acc": [
        0.38716456294059753,
        0.11445286870002747
    ],
    "neg_0": [
        0.09525153040885925,
        0.03173338621854782
    ],
    "neg_1": [
        0.12955813109874725,
        0.03999567776918411
    ],
    "pos_0": [
        0.31360161304473877,
        0.10437135398387909
    ],
    "pos_1": [
        0.28437182307243347,
        0.092586949467659
    ],
    "abs_0": [
        0.5911468863487244,
        0.13236121833324432
    ],
    "abs_1": [
        0.5860701203346252,
        0.13073015213012695
    ],
    "tnr_0": [
        0.3649860918521881,
        0.11887646466493607
    ],
    "tnr_1": [
        0.3685300052165985,
        0.11781420558691025
    ],
    "fpr_0": [
        0.05725580081343651,
        0.02249961532652378
    ],
    "fpr_1": [
        0.06468550115823746,
        0.02024841122329235
    ],
    "nar_0": [
        0.5777581334114075,
        0.13637705147266388
    ],
    "nar_1": [
        0.5667845010757446,
        0.1363825500011444
    ],
    "fnr_0": [
        0.23179475963115692,
        0.08330392092466354
    ],
    "fnr_1": [
        0.19569432735443115,
        0.06630203872919083
    ],
    "tpr_0": [
        0.15530017018318176,
        0.045739516615867615
    ],
    "tpr_1": [
        0.1979329138994217,
        0.06177711486816406
    ],
    "par_0": [
        0.6129051446914673,
        0.126821830868721
    ],
    "par_1": [
        0.6063727736473083,
        0.12484290450811386
    ],
    "l0d1": [
        0.2677779495716095,
        0.011268159374594688
    ]
}