{
    "cov": [
        0.6825052499771118,
        0.12908045947551727
    ],
    "acc": [
        0.6415746808052063,
        0.1291043609380722
    ],
    "neg_0": [
        0.1735314428806305,
        0.04692098870873451
    ],
    "neg_1": [
        0.21741104125976562,
        0.05927080288529396
    ],
    "pos_0": [
        0.5008024573326111,
        0.08560062199831009
    ],
    "pos_1": [
        0.46926388144493103,
        0.0740724578499794
    ],
    "abs_0": [
        0.3256661295890808,
        0.1270202249288559
    ],
    "abs_1": [
        0.31332510709762573,
        0.13031794130802155
    ],
    "tnr_0": [
        0.5862467288970947,
        0.10101231187582016
    ],
    "tnr_1": [
        0.614475429058075,
        0.10498079657554626
    ],
    "fpr_0": [
        0.10251126438379288,
        0.03000156581401825
    ],
    "fpr_1": [
        0.11061408370733261,
        0.031481582671403885
    ],
    "nar_0": [
        0.311242014169693,
        0.12687499821186066
    ],
    "nar_1": [
        0.27491044998168945,
        0.13461802899837494
    ],
    "fnr_0": [
        0.3667738437652588,
        0.06413645297288895
    ],
    "fnr_1": [
        0.31191858649253845,
        0.04058536887168884
    ],
    "tpr_0": [
        0.28473740816116333,
        0.07255186140537262
    ],
    "tpr_1": [
        0.3326731324195862,
        0.09037564694881439
    ],
    "par_0": [
        0.34848877787590027,
        0.12879151105880737
    ],
    "par_1": [
        0.35540831089019775,
        0.12524841725826263
    ],
    "l0d1": [
        0.292118638753891,
        0.0036052160430699587
    ]
}