{
    "cov": [
        0.7816006541252136,
        0.014630144461989403
    ],
    "acc": [
        0.6874414086341858,
        0.006241722963750362
    ],
    "neg_0": [
        0.1763908565044403,
        0.03467215225100517
    ],
    "neg_1": [
        0.22530238330364227,
        0.01898813247680664
    ],
    "pos_0": [
        0.6064700484275818,
        0.04735567048192024
    ],
    "pos_1": [
        0.555566132068634,
        0.025626342743635178
    ],
    "abs_0": [
        0.21713916957378387,
        0.013256940059363842
    ],
    "abs_1": [
        0.21913151443004608,
        0.01685217395424843
    ],
    "tnr_0": [
        0.7025260925292969,
        0.04669720679521561
    ],
    "tnr_1": [
        0.7086948752403259,
        0.02393336594104767
    ],
    "fpr_0": [
        0.1053890511393547,
        0.03251264989376068
    ],
    "fpr_1": [
        0.11210884898900986,
        0.014026928693056107
    ],
    "nar_0": [
        0.19208484888076782,
        0.015724776312708855
    ],
    "nar_1": [
        0.1791962832212448,
        0.01758190616965294
    ],
    "fnr_0": [
        0.4561305046081543,
        0.04980616271495819
    ],
    "fnr_1": [
        0.38906988501548767,
        0.02833453007042408
    ],
    "tpr_0": [
        0.28776028752326965,
        0.03968559950590134
    ],
    "tpr_1": [
        0.34814849495887756,
        0.025717323645949364
    ],
    "par_0": [
        0.2561092972755432,
        0.013690209947526455
    ],
    "par_1": [
        0.26278162002563477,
        0.0180527176707983
    ],
    "l0d1": [
        0.3164474070072174,
        0.0044205025769770145
    ]
}