{
    "cov": [
        0.7877522706985474,
        0.007956952787935734
    ],
    "acc": [
        0.6851380467414856,
        0.003237520344555378
    ],
    "neg_0": [
        0.18548235297203064,
        0.017553817480802536
    ],
    "neg_1": [
        0.23454812169075012,
        0.016997957602143288
    ],
    "pos_0": [
        0.6062728762626648,
        0.02260109782218933
    ],
    "pos_1": [
        0.5513005256652832,
        0.02060161903500557
    ],
    "abs_0": [
        0.20824484527111053,
        0.00867275521159172
    ],
    "abs_1": [
        0.21415138244628906,
        0.011156544089317322
    ],
    "tnr_0": [
        0.703179121017456,
        0.01932371035218239
    ],
    "tnr_1": [
        0.7037878036499023,
        0.018296733498573303
    ],
    "fpr_0": [
        0.11507933586835861,
        0.013329893350601196
    ],
    "fpr_1": [
        0.1206747442483902,
        0.014651241712272167
    ],
    "nar_0": [
        0.18174158036708832,
        0.009007008746266365
    ],
    "nar_1": [
        0.17553746700286865,
        0.0117862643674016
    ],
    "fnr_0": [
        0.4545278549194336,
        0.03000626713037491
    ],
    "fnr_1": [
        0.3855467736721039,
        0.023593278601765633
    ],
    "tpr_0": [
        0.2952043116092682,
        0.02541893906891346
    ],
    "tpr_1": [
        0.3580184876918793,
        0.02057272382080555
    ],
    "par_0": [
        0.2502678334712982,
        0.016639450564980507
    ],
    "par_1": [
        0.2564347982406616,
        0.010361486114561558
    ],
    "l0d1": [
        0.31941285729408264,
        0.0024357254151254892
    ]
}