{
    "cov": [
        0.7905915379524231,
        0.02217676490545273
    ],
    "acc": [
        0.6854060292243958,
        0.007928931154310703
    ],
    "neg_0": [
        0.18280161917209625,
        0.02467656508088112
    ],
    "neg_1": [
        0.23300567269325256,
        0.008364211767911911
    ],
    "pos_0": [
        0.5976046323776245,
        0.0128297358751297
    ],
    "pos_1": [
        0.5629159212112427,
        0.024476615712046623
    ],
    "abs_0": [
        0.219593808054924,
        0.021222276613116264
    ],
    "abs_1": [
        0.20407846570014954,
        0.025042789056897163
    ],
    "tnr_0": [
        0.6915209889411926,
        0.01245260238647461
    ],
    "tnr_1": [
        0.7160534858703613,
        0.018088923767209053
    ],
    "fpr_0": [
        0.10913654416799545,
        0.019478056579828262
    ],
    "fpr_1": [
        0.11733300983905792,
        0.00794225838035345
    ],
    "nar_0": [
        0.19934256374835968,
        0.01877167448401451
    ],
    "nar_1": [
        0.16661353409290314,
        0.02081015147268772
    ],
    "fnr_0": [
        0.45082783699035645,
        0.01560619380325079
    ],
    "fnr_1": [
        0.3964684307575226,
        0.03183433786034584
    ],
    "tpr_0": [
        0.2980136573314667,
        0.03297707438468933
    ],
    "tpr_1": [
        0.3584609925746918,
        0.010997449979186058
    ],
    "par_0": [
        0.25115853548049927,
        0.027259210124611855
    ],
    "par_1": [
        0.24507062137126923,
        0.029843099415302277
    ],
    "l0d1": [
        0.32254570722579956,
        0.005470219533890486
    ]
}