{
    "cov": [
        0.8065971732139587,
        0.00555026950314641
    ],
    "acc": [
        0.682515561580658,
        0.0037844725884497166
    ],
    "neg_0": [
        0.21844995021820068,
        0.030769187957048416
    ],
    "neg_1": [
        0.25882795453071594,
        0.03415540233254433
    ],
    "pos_0": [
        0.5819985866546631,
        0.04184809327125549
    ],
    "pos_1": [
        0.5509793162345886,
        0.025928150862455368
    ],
    "abs_0": [
        0.19955149292945862,
        0.01745791733264923
    ],
    "abs_1": [
        0.19019277393817902,
        0.011297343298792839
    ],
    "tnr_0": [
        0.6779559254646301,
        0.04266712814569473
    ],
    "tnr_1": [
        0.7031658291816711,
        0.023681912571191788
    ],
    "fpr_0": [
        0.1369689553976059,
        0.02600497379899025
    ],
    "fpr_1": [
        0.13900499045848846,
        0.02511550486087799
    ],
    "nar_0": [
        0.18507516384124756,
        0.022409901022911072
    ],
    "nar_1": [
        0.15782921016216278,
        0.009430726990103722
    ],
    "fnr_0": [
        0.4318111538887024,
        0.04240519925951958
    ],
    "fnr_1": [
        0.38554829359054565,
        0.02891436219215393
    ],
    "tpr_0": [
        0.34585729241371155,
        0.039951011538505554
    ],
    "tpr_1": [
        0.3888363540172577,
        0.04421587288379669
    ],
    "par_0": [
        0.22233156859874725,
        0.016362909227609634
    ],
    "par_1": [
        0.22561541199684143,
        0.0172454621642828
    ],
    "l0d1": [
        0.32987961173057556,
        0.0033760187216103077
    ]
}