{
    "cov": [
        4.359081745147705,
        3.0388104915618896
    ],
    "acc": [
        47.267723083496094,
        21.294397354125977
    ],
    "pos_0": [
        0.0,
        0.0
    ],
    "pos_1": [
        0.0,
        0.0
    ],
    "neg_0": [
        6.996685028076172,
        4.9209442138671875
    ],
    "neg_1": [
        3.0008625984191895,
        2.0760104656219482
    ],
    "abs_0": [
        93.0033187866211,
        4.920945644378662
    ],
    "abs_1": [
        96.99913787841797,
        2.0760080814361572
    ],
    "tpr_0": [
        0.0,
        0.0
    ],
    "tpr_1": [
        0.0,
        0.0
    ],
    "fnr_0": [
        2.9482650756835938,
        2.232729434967041
    ],
    "fnr_1": [
        1.1055189371109009,
        0.6983872056007385
    ],
    "par_0": [
        97.0517349243164,
        2.23272705078125
    ],
    "par_1": [
        98.89448547363281,
        0.6983884572982788
    ],
    "fpr_0": [
        0.0,
        0.0
    ],
    "fpr_1": [
        0.0,
        0.0
    ],
    "tnr_0": [
        9.543402671813965,
        6.645913124084473
    ],
    "tnr_1": [
        4.777662754058838,
        3.363676071166992
    ],
    "nar_0": [
        90.45659637451172,
        6.645911693572998
    ],
    "nar_1": [
        95.22234344482422,
        3.3636748790740967
    ],
    "l0d1": [
        0.24659013748168945,
        0.0023651528172194958
    ]
}