{
    "cov": [
        0.4224356710910797,
        0.019432123750448227
    ],
    "acc": [
        0.7707525491714478,
        0.009845782071352005
    ],
    "neg_0": [
        0.03243287280201912,
        0.00797543115913868
    ],
    "neg_1": [
        0.11985006183385849,
        0.02420460619032383
    ],
    "pos_0": [
        0.4285259246826172,
        0.06252380460500717
    ],
    "pos_1": [
        0.283016175031662,
        0.020715679973363876
    ],
    "abs_0": [
        0.5390412211418152,
        0.06524237245321274
    ],
    "abs_1": [
        0.5971338152885437,
        0.02124750055372715
    ],
    "tnr_0": [
        0.5307440757751465,
        0.06686371564865112
    ],
    "tnr_1": [
        0.4158361852169037,
        0.02453860081732273
    ],
    "fpr_0": [
        0.012171017937362194,
        0.003645313438028097
    ],
    "fpr_1": [
        0.043359629809856415,
        0.011336426250636578
    ],
    "nar_0": [
        0.4570849537849426,
        0.06811076402664185
    ],
    "nar_1": [
        0.5408042073249817,
        0.02210596390068531
    ],
    "fnr_0": [
        0.26951727271080017,
        0.056111063808202744
    ],
    "fnr_1": [
        0.13855350017547607,
        0.017766108736395836
    ],
    "tpr_0": [
        0.06308532506227493,
        0.015630336478352547
    ],
    "tpr_1": [
        0.2026008665561676,
        0.03848068416118622
    ],
    "par_0": [
        0.6673974394798279,
        0.062486112117767334
    ],
    "par_1": [
        0.6588456034660339,
        0.03286885470151901
    ],
    "l0d1": [
        0.3199814558029175,
        0.0025721497368067503
    ]
}