{
    "cov": [
        0.4515518844127655,
        0.010706181637942791
    ],
    "acc": [
        0.7662255764007568,
        0.004171263426542282
    ],
    "neg_0": [
        0.03679836541414261,
        0.008718007244169712
    ],
    "neg_1": [
        0.1452970951795578,
        0.02163364365696907
    ],
    "pos_0": [
        0.43822818994522095,
        0.032877177000045776
    ],
    "pos_1": [
        0.29380306601524353,
        0.029634395614266396
    ],
    "abs_0": [
        0.5249733924865723,
        0.03000292368233204
    ],
    "abs_1": [
        0.5608998537063599,
        0.01988532580435276
    ],
    "tnr_0": [
        0.5415865778923035,
        0.03504426032304764
    ],
    "tnr_1": [
        0.4291263520717621,
        0.04116456210613251
    ],
    "fpr_0": [
        0.013614214025437832,
        0.003427824005484581
    ],
    "fpr_1": [
        0.056549739092588425,
        0.01262790709733963
    ],
    "nar_0": [
        0.4447992444038391,
        0.03436154127120972
    ],
    "nar_1": [
        0.514323890209198,
        0.0352078415453434
    ],
    "fnr_0": [
        0.27796033024787903,
        0.030386710539460182
    ],
    "fnr_1": [
        0.14644519984722137,
        0.017823105677962303
    ],
    "tpr_0": [
        0.07206916809082031,
        0.01778452657163143
    ],
    "tpr_1": [
        0.24159526824951172,
        0.03118397295475006
    ],
    "par_0": [
        0.6499705910682678,
        0.026735393330454826
    ],
    "par_1": [
        0.6119595766067505,
        0.01940211094915867
    ],
    "l0d1": [
        0.3221537172794342,
        0.0025928199756890535
    ]
}