{
    "cov": [
        0.4458455741405487,
        0.01123760361224413
    ],
    "acc": [
        0.7660403251647949,
        0.005729219876229763
    ],
    "neg_0": [
        0.038878172636032104,
        0.008702768012881279
    ],
    "neg_1": [
        0.1282178908586502,
        0.015340394340455532
    ],
    "pos_0": [
        0.44514551758766174,
        0.02203826978802681
    ],
    "pos_1": [
        0.2982731759548187,
        0.014907226897776127
    ],
    "abs_0": [
        0.5159763693809509,
        0.026694292202591896
    ],
    "abs_1": [
        0.5735089778900146,
        0.021119633689522743
    ],
    "tnr_0": [
        0.5499014258384705,
        0.022564735263586044
    ],
    "tnr_1": [
        0.43282613158226013,
        0.02043009176850319
    ],
    "fpr_0": [
        0.015231296420097351,
        0.004069515038281679
    ],
    "fpr_1": [
        0.04675787687301636,
        0.00915731955319643
    ],
    "nar_0": [
        0.43486735224723816,
        0.024963445961475372
    ],
    "nar_1": [
        0.5204160213470459,
        0.0225524865090847
    ],
    "fnr_0": [
        0.2823145389556885,
        0.022425781935453415
    ],
    "fnr_1": [
        0.15177132189273834,
        0.01087157428264618
    ],
    "tpr_0": [
        0.0746496319770813,
        0.016324203461408615
    ],
    "tpr_1": [
        0.21619077026844025,
        0.022945525124669075
    ],
    "par_0": [
        0.643035888671875,
        0.032325588166713715
    ],
    "par_1": [
        0.6320379376411438,
        0.02168855257332325
    ],
    "l0d1": [
        0.3208940923213959,
        0.0024670788552612066
    ]
}