{
    "cov": [
        0.5134865045547485,
        0.00974677037447691
    ],
    "acc": [
        0.7536765933036804,
        0.004603596404194832
    ],
    "neg_0": [
        0.0462760254740715,
        0.006328482646495104
    ],
    "neg_1": [
        0.16542556881904602,
        0.012526166625320911
    ],
    "pos_0": [
        0.5190621614456177,
        0.03876422718167305
    ],
    "pos_1": [
        0.32133007049560547,
        0.012363550253212452
    ],
    "abs_0": [
        0.4346618354320526,
        0.03558368980884552
    ],
    "abs_1": [
        0.5132443904876709,
        0.014797871001064777
    ],
    "tnr_0": [
        0.6252416372299194,
        0.04206082597374916
    ],
    "tnr_1": [
        0.46453332901000977,
        0.015313512645661831
    ],
    "fpr_0": [
        0.018293900415301323,
        0.003626073244959116
    ],
    "fpr_1": [
        0.0676715299487114,
        0.01011932548135519
    ],
    "nar_0": [
        0.35646453499794006,
        0.03904369845986366
    ],
    "nar_1": [
        0.46779513359069824,
        0.01459403708577156
    ],
    "fnr_0": [
        0.35412341356277466,
        0.03459326922893524
    ],
    "fnr_1": [
        0.16543804109096527,
        0.009824390523135662
    ],
    "tpr_0": [
        0.0888218805193901,
        0.010924551635980606
    ],
    "tpr_1": [
        0.2713157832622528,
        0.016236968338489532
    ],
    "par_0": [
        0.5570546984672546,
        0.03346516191959381
    ],
    "par_1": [
        0.5632462501525879,
        0.016771085560321808
    ],
    "l0d1": [
        0.32504624128341675,
        0.002092564245685935
    ]
}