{
    "cov": [
        0.5507585406303406,
        0.02694459818303585
    ],
    "acc": [
        0.7519558668136597,
        0.006262520328164101
    ],
    "neg_0": [
        0.05146254971623421,
        0.010062482208013535
    ],
    "neg_1": [
        0.18389277160167694,
        0.017383798956871033
    ],
    "pos_0": [
        0.5287036895751953,
        0.03823108598589897
    ],
    "pos_1": [
        0.351732075214386,
        0.01860872656106949
    ],
    "abs_0": [
        0.41983386874198914,
        0.039930541068315506
    ],
    "abs_1": [
        0.46437516808509827,
        0.024492649361491203
    ],
    "tnr_0": [
        0.635692298412323,
        0.04208224639296532
    ],
    "tnr_1": [
        0.5051211714744568,
        0.02288217656314373
    ],
    "fpr_0": [
        0.01817924901843071,
        0.00486609386280179
    ],
    "fpr_1": [
        0.07551049441099167,
        0.01137872226536274
    ],
    "nar_0": [
        0.3461284637451172,
        0.04363873973488808
    ],
    "nar_1": [
        0.41936835646629333,
        0.023885486647486687
    ],
    "fnr_0": [
        0.36208468675613403,
        0.033402834087610245
    ],
    "fnr_1": [
        0.18498443067073822,
        0.014197293668985367
    ],
    "tpr_0": [
        0.10259425640106201,
        0.019463280215859413
    ],
    "tpr_1": [
        0.3013073205947876,
        0.023771237581968307
    ],
    "par_0": [
        0.5353211760520935,
        0.040637169033288956
    ],
    "par_1": [
        0.5137082934379578,
        0.027729317545890808
    ],
    "l0d1": [
        0.32383742928504944,
        0.0015199159970507026
    ]
}