{
    "cov": [
        0.6129158139228821,
        0.014753744006156921
    ],
    "acc": [
        0.7407130599021912,
        0.0023263655602931976
    ],
    "neg_0": [
        0.07182424515485764,
        0.01586068607866764
    ],
    "neg_1": [
        0.21046192944049835,
        0.022853774949908257
    ],
    "pos_0": [
        0.5851078033447266,
        0.01808958873152733
    ],
    "pos_1": [
        0.3798047602176666,
        0.01410356443375349
    ],
    "abs_0": [
        0.3430679142475128,
        0.014950312674045563
    ],
    "abs_1": [
        0.409733384847641,
        0.01679949276149273
    ],
    "tnr_0": [
        0.6950425505638123,
        0.01982172392308712
    ],
    "tnr_1": [
        0.5381177067756653,
        0.01589294523000717
    ],
    "fpr_0": [
        0.028601963073015213,
        0.008987434208393097
    ],
    "fpr_1": [
        0.09289119392633438,
        0.01207787450402975
    ],
    "nar_0": [
        0.2763555645942688,
        0.01586652174592018
    ],
    "nar_1": [
        0.3689911365509033,
        0.00919300690293312
    ],
    "fnr_0": [
        0.4139329493045807,
        0.015841996297240257
    ],
    "fnr_1": [
        0.20765607059001923,
        0.012292441911995411
    ],
    "tpr_0": [
        0.13829410076141357,
        0.02693117782473564
    ],
    "tpr_1": [
        0.3378509283065796,
        0.034742098301649094
    ],
    "par_0": [
        0.4477729797363281,
        0.023300938308238983
    ],
    "par_1": [
        0.45449304580688477,
        0.029662998393177986
    ],
    "l0d1": [
        0.3253413736820221,
        0.001970345387235284
    ]
}