{
    "cov": [
        0.6333751082420349,
        0.017146822065114975
    ],
    "acc": [
        0.7367143034934998,
        0.002279162872582674
    ],
    "neg_0": [
        0.0770002156496048,
        0.016671108081936836
    ],
    "neg_1": [
        0.22812023758888245,
        0.019843069836497307
    ],
    "pos_0": [
        0.5917851328849792,
        0.02491401694715023
    ],
    "pos_1": [
        0.38696053624153137,
        0.014251293614506721
    ],
    "abs_0": [
        0.33121466636657715,
        0.024590980261564255
    ],
    "abs_1": [
        0.38491925597190857,
        0.01667623408138752
    ],
    "tnr_0": [
        0.6997472047805786,
        0.027523566037416458
    ],
    "tnr_1": [
        0.5458888411521912,
        0.016665158793330193
    ],
    "fpr_0": [
        0.03160300478339195,
        0.008565856143832207
    ],
    "fpr_1": [
        0.1045370101928711,
        0.01150501612573862
    ],
    "nar_0": [
        0.2686498165130615,
        0.025767305865883827
    ],
    "nar_1": [
        0.34957417845726013,
        0.010850370861589909
    ],
    "fnr_0": [
        0.42360907793045044,
        0.02168130874633789
    ],
    "fnr_1": [
        0.21414776146411896,
        0.01192270778119564
    ],
    "tpr_0": [
        0.14691682159900665,
        0.0300725307315588
    ],
    "tpr_1": [
        0.36197027564048767,
        0.028962815180420876
    ],
    "par_0": [
        0.4294741749763489,
        0.031808771193027496
    ],
    "par_1": [
        0.42388197779655457,
        0.02654332108795643
    ],
    "l0d1": [
        0.326093852519989,
        0.0024701212532818317
    ]
}