{
    "cov": [
        0.7176061868667603,
        0.014271064661443233
    ],
    "acc": [
        0.7231914401054382,
        0.004058880265802145
    ],
    "neg_0": [
        0.10185692459344864,
        0.013266823254525661
    ],
    "neg_1": [
        0.27429792284965515,
        0.014687348157167435
    ],
    "pos_0": [
        0.6495296359062195,
        0.014029476791620255
    ],
    "pos_1": [
        0.4259471893310547,
        0.011062542907893658
    ],
    "abs_0": [
        0.24861346185207367,
        0.023956049233675003
    ],
    "abs_1": [
        0.29975491762161255,
        0.009996991604566574
    ],
    "tnr_0": [
        0.7573954463005066,
        0.013919483870267868
    ],
    "tnr_1": [
        0.5885288119316101,
        0.013168408535420895
    ],
    "fpr_0": [
        0.04501589760184288,
        0.0059801191091537476
    ],
    "fpr_1": [
        0.13550561666488647,
        0.009180363267660141
    ],
    "nar_0": [
        0.1975887268781662,
        0.017453040927648544
    ],
    "nar_1": [
        0.2759656012058258,
        0.008829840458929539
    ],
    "fnr_0": [
        0.48140907287597656,
        0.01668444648385048
    ],
    "fnr_1": [
        0.24918098747730255,
        0.008901609107851982
    ],
    "tpr_0": [
        0.18982593715190887,
        0.02644425258040428
    ],
    "tpr_1": [
        0.42475733160972595,
        0.02166692353785038
    ],
    "par_0": [
        0.32876497507095337,
        0.03707560524344444
    ],
    "par_1": [
        0.3260617256164551,
        0.01774834841489792
    ],
    "l0d1": [
        0.3265673518180847,
        0.0032053454779088497
    ]
}