{
    "cov": [
        0.7532637715339661,
        0.011977209709584713
    ],
    "acc": [
        0.7159635424613953,
        0.0019475161097943783
    ],
    "neg_0": [
        0.11523852497339249,
        0.015955263748764992
    ],
    "neg_1": [
        0.2858193814754486,
        0.006672549992799759
    ],
    "pos_0": [
        0.6883506774902344,
        0.028033198788762093
    ],
    "pos_1": [
        0.441748708486557,
        0.023665567860007286
    ],
    "abs_0": [
        0.19641081988811493,
        0.029560262337327003
    ],
    "abs_1": [
        0.2724319100379944,
        0.018361574038863182
    ],
    "tnr_0": [
        0.7930871844291687,
        0.028834635391831398
    ],
    "tnr_1": [
        0.6038869023323059,
        0.02666887454688549
    ],
    "fpr_0": [
        0.05200276896357536,
        0.008971299044787884
    ],
    "fpr_1": [
        0.1437724083662033,
        0.00820140540599823
    ],
    "nar_0": [
        0.15491002798080444,
        0.028867585584521294
    ],
    "nar_1": [
        0.25234076380729675,
        0.020431609824299812
    ],
    "fnr_0": [
        0.5251757502555847,
        0.027998505160212517
    ],
    "fnr_1": [
        0.2655556797981262,
        0.02130679413676262
    ],
    "tpr_0": [
        0.21315507590770721,
        0.02642550878226757
    ],
    "tpr_1": [
        0.4395047128200531,
        0.005237106699496508
    ],
    "par_0": [
        0.26166921854019165,
        0.034231916069984436
    ],
    "par_1": [
        0.2949396073818207,
        0.017279570922255516
    ],
    "l0d1": [
        0.32658764719963074,
        0.002514488296583295
    ]
}