{
    "cov": [
        0.7730271816253662,
        0.012826905585825443
    ],
    "acc": [
        0.7139994502067566,
        0.004024495370686054
    ],
    "neg_0": [
        0.12450145930051804,
        0.016063136979937553
    ],
    "neg_1": [
        0.29455068707466125,
        0.02626970037817955
    ],
    "pos_0": [
        0.6780441403388977,
        0.024083212018013
    ],
    "pos_1": [
        0.46318015456199646,
        0.02585318125784397
    ],
    "abs_0": [
        0.19745443761348724,
        0.022669868543744087
    ],
    "abs_1": [
        0.24226920306682587,
        0.021776491776108742
    ],
    "tnr_0": [
        0.784294605255127,
        0.022692544385790825
    ],
    "tnr_1": [
        0.6280290484428406,
        0.029435910284519196
    ],
    "fpr_0": [
        0.057041268795728683,
        0.00805812980979681
    ],
    "fpr_1": [
        0.14981429278850555,
        0.020483100786805153
    ],
    "nar_0": [
        0.15866418182849884,
        0.02078671008348465
    ],
    "nar_1": [
        0.22215674817562103,
        0.025366438552737236
    ],
    "fnr_0": [
        0.512631356716156,
        0.02664829231798649
    ],
    "fnr_1": [
        0.28386133909225464,
        0.021963927894830704
    ],
    "tpr_0": [
        0.22869525849819183,
        0.030140666291117668
    ],
    "tpr_1": [
        0.45143982768058777,
        0.03293241560459137
    ],
    "par_0": [
        0.25867342948913574,
        0.03208533674478531
    ],
    "par_1": [
        0.26469889283180237,
        0.02282489463686943
    ],
    "l0d1": [
        0.32603591680526733,
        0.0014665322378277779
    ]
}